total_removed_points: 0     
pick_probability: 0      
stamp: 9000000
0.460221, -0.0224544, 0.0362058
0.00862831, -0.0395723, 0.034404
-0.0244208, -0.0179002, 0.0361088
0.0158189, -0.0130182, 0.0343796
0.0231825, -0.495112, 0.0307369
-0.00748097, -0.519547, 0.0328872
-0.00615513, -0.464571, 0.0351714
-0.0168749, -0.494454, 0.0347369
stamp: 19000000
0.460216, -0.0224573, 0.0361852
0.00862518, -0.0395675, 0.034395
-0.0244707, -0.0179248, 0.0362098
0.0158107, -0.013017, 0.0343662
0.0231954, -0.495115, 0.0307496
-0.0074781, -0.519539, 0.0328757
-0.00615594, -0.464569, 0.0351659
-0.0168757, -0.494461, 0.0347355
stamp: 29000000
0.460222, -0.0224551, 0.0361995
0.00862566, -0.0395628, 0.0344066
-0.0244351, -0.0178897, 0.0361408
0.0158122, -0.0130214, 0.0343671
0.0231888, -0.49511, 0.0307517
-0.00748108, -0.519534, 0.0328949
-0.00615743, -0.464567, 0.0351699
-0.016872, -0.494467, 0.0347357
stamp: 39000000
0.460214, -0.0224538, 0.0362071
0.00862682, -0.0395764, 0.0344132
-0.0244277, -0.0178901, 0.0361437
0.0157971, -0.0129512, 0.0344242
0.0231884, -0.495109, 0.0307362
-0.00747994, -0.519548, 0.032895
-0.00615485, -0.464574, 0.0351706
-0.0168701, -0.494464, 0.0347299
stamp: 50000000
0.460216, -0.0224617, 0.0362009
0.0086205, -0.0395719, 0.034396
-0.0244773, -0.0179403, 0.0362175
0.0158105, -0.0130099, 0.0343785
0.0231918, -0.495108, 0.0307382
-0.00748042, -0.519542, 0.0328914
-0.00616199, -0.464575, 0.0351677
-0.0168768, -0.49446, 0.03473
stamp: 59000000
0.460174, -0.0224695, 0.0362484
0.00862301, -0.0395654, 0.0343963
-0.0244774, -0.0179362, 0.036219
0.0158156, -0.0130185, 0.0343738
0.0231939, -0.495111, 0.0307424
-0.00750656, -0.519524, 0.0329349
-0.00616554, -0.464566, 0.0351669
-0.0168824, -0.49446, 0.0347255
stamp: 69000000
0.460203, -0.0224569, 0.0362066
0.00862222, -0.0395722, 0.0344019
-0.0244728, -0.0179413, 0.0362162
0.0158169, -0.0130152, 0.0343675
0.023189, -0.495118, 0.0307471
-0.00748166, -0.51954, 0.0328921
-0.00616535, -0.464565, 0.0351638
-0.0168804, -0.494462, 0.0347282
stamp: 79000000
0.460222, -0.0224641, 0.0361987
0.00862742, -0.0395657, 0.0344007
-0.0244877, -0.0179374, 0.0362089
0.0158154, -0.0130208, 0.0343705
0.0231857, -0.495112, 0.0307381
-0.00748786, -0.519544, 0.0328884
-0.00616738, -0.464571, 0.0351749
-0.0168686, -0.494457, 0.0347291
stamp: 89000000
0.460219, -0.0224619, 0.0361974
0.00861917, -0.0395717, 0.0344048
-0.024475, -0.0179371, 0.036214
0.0158137, -0.013017, 0.0343705
0.0231929, -0.49511, 0.0307351
-0.00747558, -0.519539, 0.0328825
-0.00616264, -0.464567, 0.0351759
-0.0168764, -0.494463, 0.0347288
stamp: 100000000
0.460125, -0.0224106, 0.0363168
0.00862891, -0.0395645, 0.03441
-0.0244777, -0.0179374, 0.0362216
0.0158115, -0.013017, 0.0343731
0.0231927, -0.495112, 0.0307438
-0.00748158, -0.519547, 0.0328865
-0.0061662, -0.464572, 0.0351686
-0.0168819, -0.494461, 0.0347345
stamp: 109000000
0.460105, -0.0223715, 0.0363381
0.00862342, -0.0395709, 0.0344098
-0.0244764, -0.0179346, 0.0362259
0.0158141, -0.0130232, 0.0343758
0.0231907, -0.495105, 0.0307393
-0.00747396, -0.519548, 0.0328944
-0.0061633, -0.46457, 0.0351643
-0.0168756, -0.494453, 0.0347421
stamp: 119000000
0.46019, -0.0224373, 0.0362214
0.00863045, -0.0395705, 0.0344032
-0.0244734, -0.0179362, 0.0362202
0.015808, -0.0130174, 0.0343672
0.0231888, -0.495103, 0.0307357
-0.00750934, -0.519526, 0.0329432
-0.00616468, -0.464568, 0.0351737
-0.0168754, -0.494461, 0.0347294
stamp: 129000000
0.460225, -0.0224659, 0.0361934
0.00862976, -0.0395659, 0.0344055
-0.0244768, -0.0179456, 0.0362311
0.0158118, -0.0130188, 0.0343635
0.0231939, -0.495111, 0.0307456
-0.00747883, -0.519538, 0.0328881
-0.00616018, -0.464571, 0.0351743
-0.0168798, -0.49446, 0.0347322
stamp: 139000000
0.460226, -0.0224704, 0.0361949
0.00862742, -0.0395683, 0.0343996
-0.0244287, -0.0178875, 0.0361468
0.0158159, -0.0130161, 0.0343776
0.0231922, -0.49511, 0.0307475
-0.00753258, -0.519381, 0.0326977
-0.00616156, -0.464565, 0.035171
-0.0168783, -0.494462, 0.0347435
stamp: 149000000
0.460214, -0.02246, 0.0361932
0.00862389, -0.0395675, 0.0344115
-0.0243756, -0.0178582, 0.0360341
0.0158079, -0.0130243, 0.0343731
0.0231891, -0.495106, 0.0307356
-0.00749683, -0.51953, 0.0328643
-0.00615954, -0.464566, 0.0351739
-0.0168803, -0.494465, 0.0347199
stamp: 159000000
0.460208, -0.0224617, 0.0362048
0.00862457, -0.0395674, 0.0343945
-0.0244728, -0.0179286, 0.0362041
0.0158042, -0.0129556, 0.0344221
0.0231874, -0.495115, 0.0307474
-0.0074795, -0.51955, 0.032886
-0.00616608, -0.464566, 0.0351696
-0.0168852, -0.494458, 0.0347281
stamp: 169000000
0.460212, -0.0224511, 0.0362032
0.00862638, -0.0395691, 0.0343954
-0.0244815, -0.017936, 0.0362268
0.0158066, -0.0129575, 0.0344202
0.0231904, -0.495108, 0.0307344
-0.00747441, -0.519535, 0.0328833
-0.00616527, -0.464569, 0.0351715
-0.0168803, -0.494458, 0.0347211
stamp: 179000000
0.460218, -0.0224597, 0.0362049
0.0086215, -0.0395722, 0.0344015
-0.0244751, -0.0179317, 0.0362216
0.0158059, -0.0130146, 0.0343606
0.023192, -0.495111, 0.0307463
-0.00748499, -0.519534, 0.0328789
-0.00616375, -0.46457, 0.0351723
-0.0168709, -0.494456, 0.0347301
stamp: 189000000
0.460214, -0.0224687, 0.0361993
0.00862861, -0.0395729, 0.0343994
-0.024433, -0.0178902, 0.036144
0.0158143, -0.013017, 0.0343633
0.0231884, -0.495115, 0.0307488
-0.00748249, -0.519542, 0.0328794
-0.00615377, -0.464566, 0.035157
-0.0168682, -0.494467, 0.0347425
stamp: 199000000
0.460212, -0.0224591, 0.0361954
0.00862496, -0.0395676, 0.0344
-0.0244704, -0.0179355, 0.0362034
0.0158119, -0.0129608, 0.0344227
0.0231955, -0.495109, 0.0307379
-0.00749105, -0.51954, 0.0328883
-0.00616199, -0.464564, 0.0351717
-0.0168762, -0.494462, 0.0347365
stamp: 209000000
0.460216, -0.0224606, 0.0362054
0.00862941, -0.0395652, 0.0344019
-0.0244802, -0.017935, 0.0362137
0.0158087, -0.0130164, 0.0343682
0.0231883, -0.495108, 0.0307436
-0.00748007, -0.519547, 0.0328923
-0.00616166, -0.464576, 0.0351734
-0.0168792, -0.494456, 0.034726
stamp: 219000000
0.460224, -0.0224558, 0.0361929
0.00861658, -0.0395677, 0.0343988
-0.0244777, -0.0179366, 0.0362089
0.0158036, -0.0129553, 0.0344164
0.0231865, -0.495121, 0.0307502
-0.00747407, -0.519536, 0.032884
-0.00616194, -0.464572, 0.0351726
-0.0168761, -0.494464, 0.0347327
stamp: 229000000
0.460121, -0.022399, 0.0363115
0.00862303, -0.0395649, 0.0343996
-0.0244283, -0.0178972, 0.036145
0.0158086, -0.013013, 0.0343715
0.0231882, -0.495112, 0.030751
-0.00748515, -0.519547, 0.0328914
-0.0061567, -0.464571, 0.0351767
-0.0168739, -0.494463, 0.0347341
stamp: 239000000
0.460197, -0.0224205, 0.0362305
0.00862787, -0.0395617, 0.0343978
-0.0244757, -0.0179343, 0.0362074
0.0158036, -0.0129557, 0.0344218
0.023196, -0.495111, 0.0307464
-0.00748275, -0.519544, 0.0328949
-0.00615839, -0.464564, 0.0351693
-0.0168808, -0.494461, 0.0347358
stamp: 249000000
0.460228, -0.0224536, 0.0361962
0.00862747, -0.0395663, 0.0343938
-0.0244299, -0.0178875, 0.036145
0.015813, -0.0130172, 0.0343662
0.0231867, -0.495113, 0.0307338
-0.00747878, -0.519544, 0.0328859
-0.00616098, -0.464569, 0.0351743
-0.0168821, -0.494457, 0.0347259
stamp: 259000000
0.460231, -0.0224663, 0.0361897
0.00862641, -0.0395671, 0.0344009
-0.0244264, -0.0178951, 0.0361423
0.0158058, -0.0130172, 0.0343665
0.0231901, -0.495117, 0.0307467
-0.00748322, -0.519542, 0.0328865
-0.0061617, -0.464566, 0.0351715
-0.0168795, -0.494462, 0.0347319
stamp: 270000000
0.460225, -0.0224664, 0.0361967
0.00862343, -0.0395704, 0.0344085
-0.0244748, -0.0179383, 0.0362135
0.0158021, -0.01296, 0.0344294
0.0231852, -0.495112, 0.030735
-0.00755805, -0.519591, 0.0329685
-0.00616389, -0.464569, 0.0351708
-0.0168718, -0.494461, 0.034735
stamp: 279000000
0.460216, -0.0224543, 0.0362047
0.00862885, -0.0395705, 0.0344059
-0.024478, -0.0179312, 0.0362113
0.0158152, -0.0130152, 0.0343802
0.023195, -0.495112, 0.0307511
-0.00748821, -0.519546, 0.0328947
-0.00616037, -0.464568, 0.0351703
-0.016874, -0.494466, 0.0347419
stamp: 289000000
0.460216, -0.0224583, 0.0361982
0.00861774, -0.0395648, 0.0343905
-0.0244782, -0.0179312, 0.0362133
0.0158038, -0.0129581, 0.0344216
0.023192, -0.495113, 0.0307456
-0.0074908, -0.519541, 0.032875
-0.0061633, -0.464565, 0.0351724
-0.0168667, -0.494461, 0.0347365
stamp: 300000000
0.46022, -0.0224531, 0.0362051
0.00862105, -0.0395723, 0.0343963
-0.0244268, -0.0178857, 0.0361449
0.0158141, -0.0130169, 0.0343742
0.0231917, -0.495106, 0.0307356
-0.00748961, -0.519538, 0.0328858
-0.00616175, -0.464574, 0.0351703
-0.0168799, -0.49446, 0.034732
stamp: 309000000
0.460117, -0.0224008, 0.0363017
0.0086219, -0.0395705, 0.0344095
-0.0244706, -0.0179382, 0.0362148
0.0158128, -0.0130196, 0.0343617
0.0231877, -0.495105, 0.0307482
-0.00748215, -0.519539, 0.0328834
-0.00616017, -0.464567, 0.0351704
-0.0168707, -0.494464, 0.0347446
stamp: 319000000
0.460197, -0.0224292, 0.0362282
0.00862076, -0.0395702, 0.0344043
-0.0244204, -0.0179014, 0.0361151
0.0158152, -0.0130202, 0.0343605
0.0231972, -0.49512, 0.0307454
-0.00748235, -0.519533, 0.0328839
-0.00615993, -0.464568, 0.0351727
-0.0168722, -0.494467, 0.0347345
stamp: 329000000
0.460226, -0.0224634, 0.0361982
0.00862374, -0.0395732, 0.0344074
-0.024467, -0.0179368, 0.0362149
0.0158079, -0.0129586, 0.0344264
0.0231933, -0.495109, 0.0307448
-0.0074768, -0.519541, 0.0328906
-0.00616492, -0.464574, 0.0351683
-0.0168781, -0.494466, 0.0347358
stamp: 339000000
0.460222, -0.0224641, 0.0361902
0.00862277, -0.0395645, 0.0344066
-0.0244351, -0.0178969, 0.0361528
0.0158109, -0.013014, 0.0343658
0.0231872, -0.495111, 0.0307367
-0.00751386, -0.51953, 0.0329369
-0.00616432, -0.464569, 0.0351659
-0.016873, -0.494466, 0.0347354
stamp: 349000000
0.460123, -0.0223939, 0.0363111
0.00863336, -0.0395657, 0.034393
-0.0244313, -0.0178903, 0.0361474
0.0157953, -0.0129575, 0.0344284
0.0231864, -0.495115, 0.0307358
-0.00748843, -0.519545, 0.0328847
-0.00615444, -0.464563, 0.0351754
-0.0168795, -0.494461, 0.0347255
stamp: 359000000
0.460195, -0.0224383, 0.0362228
0.00862411, -0.0395714, 0.034396
-0.0244712, -0.0179334, 0.0362153
0.0158114, -0.0129559, 0.0344299
0.0231903, -0.495114, 0.0307456
-0.00748067, -0.519546, 0.0328908
-0.00616617, -0.464576, 0.0351781
-0.0168695, -0.494465, 0.0347514
stamp: 369000000
0.460223, -0.0224735, 0.0361967
0.00862423, -0.0395675, 0.0344044
-0.0244354, -0.0178905, 0.0361424
0.0158182, -0.0130123, 0.0343611
0.0231876, -0.495114, 0.0307378
-0.00748247, -0.519537, 0.0328831
-0.0061591, -0.464563, 0.0351745
-0.0168767, -0.494464, 0.0347373
stamp: 379000000
0.460228, -0.0224678, 0.0362004
0.00862196, -0.039567, 0.0344007
-0.0244697, -0.0179296, 0.0362098
0.0158086, -0.0130223, 0.0343653
0.0231844, -0.495108, 0.0307374
-0.0075123, -0.519536, 0.0329331
-0.0061564, -0.464566, 0.0351702
-0.0168768, -0.494463, 0.0347342
stamp: 390000000
0.460218, -0.0224604, 0.0361982
0.00862419, -0.0395684, 0.0344014
-0.024432, -0.0178858, 0.0361474
0.0157967, -0.0129555, 0.0344149
0.0231884, -0.495113, 0.0307394
-0.00748948, -0.519544, 0.0328906
-0.0061579, -0.464568, 0.0351628
-0.016871, -0.494462, 0.0347335
stamp: 399000000
0.460208, -0.0224561, 0.0361924
0.00862377, -0.0395693, 0.0343993
-0.0244255, -0.0178816, 0.0361465
0.0158045, -0.0129564, 0.0344168
0.0231924, -0.495116, 0.0307404
-0.00748412, -0.519544, 0.0328922
-0.00616205, -0.464569, 0.0351697
-0.0168761, -0.494449, 0.0347293
stamp: 409000000
0.460212, -0.0224549, 0.0362023
0.00862411, -0.0395613, 0.0344103
-0.0244367, -0.0178927, 0.0361501
0.0158154, -0.0130185, 0.0343739
0.0231945, -0.495115, 0.0307419
-0.00748141, -0.519543, 0.0328874
-0.00615519, -0.464569, 0.0351762
-0.0168773, -0.494463, 0.0347396
stamp: 419000000
0.460218, -0.0224537, 0.0361886
0.00862599, -0.0395641, 0.0344014
-0.0244227, -0.0178887, 0.0361475
0.0158086, -0.0130188, 0.0343632
0.0232006, -0.495113, 0.0307496
-0.00750734, -0.519524, 0.032935
-0.00616302, -0.464568, 0.0351684
-0.0168788, -0.494463, 0.034719
stamp: 429000000
0.460218, -0.0224571, 0.0361966
0.0086269, -0.0395725, 0.0344022
-0.0244243, -0.0178864, 0.0361396
0.0158141, -0.0130132, 0.0343696
0.023191, -0.495113, 0.0307499
-0.00748773, -0.519554, 0.0328918
-0.00616062, -0.464571, 0.0351738
-0.0168683, -0.494462, 0.0347266
stamp: 439000000
0.460222, -0.02246, 0.0361978
0.00862401, -0.0395721, 0.0344096
-0.0244679, -0.0179376, 0.0362096
0.0158174, -0.0130184, 0.0343725
0.0231904, -0.495109, 0.0307367
-0.00748287, -0.519538, 0.0328885
-0.00616491, -0.46457, 0.0351799
-0.0168719, -0.494464, 0.0347314
stamp: 449000000
0.460225, -0.0224729, 0.0361932
0.00862256, -0.0395674, 0.0344097
-0.0244812, -0.0179418, 0.0362197
0.0158084, -0.01296, 0.0344223
0.0231877, -0.495106, 0.0307456
-0.00748332, -0.519545, 0.0328874
-0.00615761, -0.464561, 0.0351617
-0.0168681, -0.494462, 0.0347324
stamp: 459000000
0.460214, -0.0224708, 0.0361869
0.00861927, -0.0395638, 0.034405
-0.024472, -0.0179372, 0.0362192
0.0158007, -0.0129559, 0.0344295
0.0231864, -0.495114, 0.0307526
-0.00747577, -0.51954, 0.0328893
-0.00615987, -0.464563, 0.0351693
-0.0168672, -0.494466, 0.0347228
stamp: 469000000
0.460125, -0.0223877, 0.0363172
0.0086175, -0.0395689, 0.0343989
-0.0244348, -0.017891, 0.0361401
0.0158129, -0.0130155, 0.0343764
0.0231867, -0.495108, 0.0307447
-0.00748554, -0.519537, 0.0328899
-0.00615562, -0.464567, 0.0351605
-0.0168798, -0.494459, 0.0347235
stamp: 479000000
0.460204, -0.0224338, 0.0362105
0.00862566, -0.0395632, 0.0344038
-0.024471, -0.0179302, 0.0362076
0.0158111, -0.0130119, 0.0343577
0.0231872, -0.495103, 0.0307407
-0.00748044, -0.519545, 0.0328774
-0.00615898, -0.464562, 0.0351661
-0.0168781, -0.494461, 0.0347244
stamp: 489000000
0.460227, -0.0224603, 0.0361833
0.00863102, -0.0395708, 0.0343941
-0.0244811, -0.0179312, 0.0362175
0.0158075, -0.0129569, 0.0344286
0.0231898, -0.495103, 0.0307413
-0.007509, -0.519526, 0.0329451
-0.0061582, -0.464571, 0.0351797
-0.0168706, -0.494471, 0.0347384
stamp: 499000000
0.46023, -0.0224628, 0.0361959
0.00862198, -0.0395578, 0.034406
-0.0244741, -0.0179379, 0.036219
0.015806, -0.0129524, 0.0344233
0.0231879, -0.495111, 0.0307413
-0.00748134, -0.519548, 0.0328842
-0.00615445, -0.464565, 0.0351662
-0.0168665, -0.494464, 0.0347402
stamp: 509000000
0.460217, -0.0224507, 0.036188
0.00862233, -0.0395684, 0.0343983
-0.0243858, -0.0178593, 0.0360393
0.0158136, -0.0129557, 0.0344287
0.0231912, -0.495109, 0.0307368
-0.00748653, -0.51954, 0.0328833
-0.0061584, -0.464562, 0.0351658
-0.016873, -0.494467, 0.0347339
stamp: 519000000
0.46021, -0.0224551, 0.0361935
0.00862586, -0.0395698, 0.0343979
-0.0244675, -0.017934, 0.0361996
0.0158061, -0.0129588, 0.034419
0.0231901, -0.495112, 0.0307359
-0.00747753, -0.519542, 0.032882
-0.00615652, -0.464566, 0.03517
-0.0168778, -0.494464, 0.0347386
stamp: 529000000
0.460221, -0.0224582, 0.036185
0.00862905, -0.0395697, 0.0344038
-0.0244401, -0.017888, 0.0361477
0.0158091, -0.0130255, 0.0343636
0.0231897, -0.495111, 0.0307512
-0.00755983, -0.519592, 0.032969
-0.00615814, -0.464577, 0.0351654
-0.016878, -0.494468, 0.0347297
stamp: 539000000
0.460224, -0.0224673, 0.0361943
0.00862006, -0.0395674, 0.034408
-0.024427, -0.017896, 0.0361424
0.0158027, -0.0129624, 0.0344132
0.0231984, -0.495114, 0.0307471
-0.00748858, -0.519547, 0.0328816
-0.00615872, -0.464565, 0.0351775
-0.0168722, -0.49446, 0.0347282
stamp: 549000000
0.460218, -0.0224567, 0.0362051
0.00862, -0.0395716, 0.0343929
-0.0244286, -0.0178883, 0.0361378
0.0158128, -0.0130162, 0.0343748
0.023189, -0.495108, 0.030748
-0.00747292, -0.519549, 0.032897
-0.00615945, -0.464562, 0.0351703
-0.0168719, -0.49446, 0.034721
stamp: 559000000
0.460212, -0.0224588, 0.0362021
0.00862882, -0.0395642, 0.0344063
-0.0244752, -0.0179314, 0.0362147
0.0157923, -0.0130291, 0.0343972
0.0231848, -0.495106, 0.0307318
-0.00750797, -0.519534, 0.0329426
-0.00615344, -0.46457, 0.0351757
-0.0168736, -0.494461, 0.034737
stamp: 569000000
0.460213, -0.0224587, 0.0361928
0.00862703, -0.0395666, 0.0344117
-0.0244355, -0.0178859, 0.0361494
0.0158087, -0.0130201, 0.0343652
0.0231965, -0.495112, 0.0307465
-0.00750586, -0.519529, 0.0329443
-0.00616191, -0.464573, 0.0351707
-0.0168773, -0.494462, 0.0347321
stamp: 579000000
0.46022, -0.0224567, 0.036184
0.00862849, -0.0395709, 0.0344068
-0.0244724, -0.0179418, 0.0362094
0.0158025, -0.0129543, 0.0344186
0.0231908, -0.49511, 0.0307401
-0.00750537, -0.519531, 0.032951
-0.00615571, -0.464565, 0.0351725
-0.0168799, -0.494458, 0.0347289
stamp: 589000000
0.460215, -0.0224649, 0.0362038
0.00861858, -0.0395715, 0.0344029
-0.0244325, -0.0178925, 0.0361473
0.0158192, -0.0130169, 0.0343677
0.0231838, -0.495106, 0.0307358
-0.00748261, -0.519546, 0.0328947
-0.00615838, -0.464562, 0.03517
-0.0168741, -0.49446, 0.0347306
stamp: 599000000
0.460217, -0.0224652, 0.0361913
0.00862469, -0.0395656, 0.0343955
-0.024474, -0.017932, 0.0362135
0.0158125, -0.0130126, 0.0343727
0.0231917, -0.495116, 0.0307488
-0.00748345, -0.519547, 0.0328912
-0.00615785, -0.464565, 0.0351642
-0.0168712, -0.49446, 0.0347349
stamp: 609000000
0.46022, -0.0224526, 0.0362107
0.00862793, -0.0395633, 0.0343997
-0.0244812, -0.0179287, 0.036216
0.0158053, -0.0130167, 0.0343702
0.0232027, -0.495113, 0.030753
-0.00748116, -0.519546, 0.0328923
-0.0061565, -0.464573, 0.0351619
-0.0168737, -0.494468, 0.0347232
stamp: 619000000
0.460212, -0.0224561, 0.0362022
0.00862786, -0.0395611, 0.0344061
-0.0244737, -0.017927, 0.0362119
0.0157846, -0.0130288, 0.0344006
0.0231892, -0.495113, 0.0307464
-0.00750405, -0.51953, 0.0329526
-0.00615177, -0.464568, 0.0351731
-0.0168619, -0.494469, 0.0347397
stamp: 629000000
0.460211, -0.0224509, 0.0361976
0.00862356, -0.0395642, 0.0344003
-0.0244793, -0.0179373, 0.0362208
0.0158056, -0.0129589, 0.0344177
0.0231902, -0.495109, 0.0307468
-0.00748257, -0.519549, 0.0328794
-0.00615836, -0.464571, 0.0351678
-0.0168727, -0.494465, 0.0347285
stamp: 639000000
0.460116, -0.022401, 0.0363092
0.00862687, -0.0395726, 0.0344049
-0.0244751, -0.0179349, 0.0362185
0.0158036, -0.0130097, 0.0343717
0.0231846, -0.495115, 0.0307329
-0.00750518, -0.519525, 0.0329365
-0.00616467, -0.46457, 0.0351622
-0.0168747, -0.494463, 0.0347414
stamp: 649000000
0.460201, -0.0224426, 0.0362315
0.00862793, -0.0395709, 0.0344162
-0.02447, -0.0179417, 0.0362266
0.0157997, -0.0129643, 0.0344178
0.0231868, -0.495111, 0.0307436
-0.0075133, -0.519531, 0.0329338
-0.00616262, -0.464564, 0.0351798
-0.0168726, -0.49446, 0.0347381
stamp: 659000000
0.46023, -0.0224661, 0.0361911
0.00863088, -0.0395681, 0.0344011
-0.0244814, -0.0179384, 0.0362143
0.0158135, -0.0130167, 0.0343839
0.0231884, -0.49511, 0.0307509
-0.00750566, -0.519527, 0.0329395
-0.00616209, -0.464576, 0.0351749
-0.0168677, -0.494467, 0.0347389
stamp: 669000000
0.460219, -0.02245, 0.0362234
0.00861982, -0.0395663, 0.0344021
-0.0244781, -0.0179319, 0.036199
0.0158133, -0.0130162, 0.034372
0.0231884, -0.495116, 0.0307544
-0.00748276, -0.519541, 0.0328738
-0.00616034, -0.464573, 0.0351752
-0.0168753, -0.494461, 0.0347348
stamp: 679000000
0.460218, -0.0224466, 0.0362058
0.00862054, -0.0395617, 0.0343935
-0.0244819, -0.017932, 0.0362176
0.0158062, -0.0130184, 0.0343705
0.0231946, -0.495112, 0.0307454
-0.00748761, -0.519543, 0.0328877
-0.00616152, -0.464566, 0.0351649
-0.016881, -0.494458, 0.0347241
stamp: 689000000
0.460216, -0.0224584, 0.0361904
0.00862196, -0.0395652, 0.0344007
-0.0244694, -0.0179409, 0.0362207
0.0158057, -0.0129608, 0.0344318
0.0231924, -0.495104, 0.0307417
-0.00748928, -0.519544, 0.0328916
-0.00616071, -0.464572, 0.0351665
-0.0168747, -0.494458, 0.0347422
stamp: 700000000
0.460221, -0.0224653, 0.0361872
0.00862652, -0.0395684, 0.034402
-0.0244752, -0.0179283, 0.0362129
0.0158061, -0.0129566, 0.0344194
0.0231867, -0.495114, 0.0307361
-0.00748048, -0.519543, 0.0328825
-0.00616011, -0.464572, 0.0351646
-0.0168781, -0.494469, 0.0347194
stamp: 709000000
0.460217, -0.022455, 0.0361971
0.00862389, -0.0395704, 0.0343994
-0.0244739, -0.0179331, 0.0362198
0.0158073, -0.0129528, 0.0344264
0.0231883, -0.495107, 0.0307443
-0.00750864, -0.519526, 0.0329442
-0.00616178, -0.464571, 0.0351717
-0.0168791, -0.494466, 0.0347364
stamp: 719000000
0.460219, -0.022462, 0.0361992
0.00862334, -0.0395712, 0.034405
-0.0244736, -0.0179396, 0.0362092
0.0157842, -0.0129687, 0.0344638
0.0231934, -0.495115, 0.0307409
-0.0074797, -0.519535, 0.0328955
-0.00616029, -0.464569, 0.0351682
-0.0168733, -0.494466, 0.0347444
stamp: 730000000
0.460224, -0.0224698, 0.036188
0.00861857, -0.0395663, 0.0344007
-0.0244379, -0.0178854, 0.0361401
0.0158066, -0.0130094, 0.0343576
0.0231936, -0.495112, 0.0307509
-0.00751489, -0.51954, 0.0329325
-0.00616215, -0.46457, 0.0351646
-0.0168836, -0.494464, 0.0347089
stamp: 739000000
0.460218, -0.0224556, 0.0362034
0.00863133, -0.0395747, 0.034406
-0.0244769, -0.0179367, 0.0362044
0.0157933, -0.0129736, 0.0344739
0.0231924, -0.495114, 0.0307511
-0.00746691, -0.519539, 0.0329271
-0.00615763, -0.46457, 0.035185
-0.0168613, -0.494454, 0.0347584
stamp: 749000000
0.460222, -0.0224688, 0.0361844
0.00861685, -0.0395687, 0.0344001
-0.0244381, -0.0179, 0.0361366
0.0157911, -0.0129571, 0.0344071
0.0231918, -0.495113, 0.0307401
-0.00748562, -0.519551, 0.032873
-0.00616454, -0.464575, 0.035159
-0.0169012, -0.494475, 0.0346865
stamp: 759000000
0.460226, -0.0224564, 0.0362055
0.00862889, -0.0395704, 0.0344059
-0.0244652, -0.0179274, 0.0362135
0.0158123, -0.0129624, 0.0344364
0.0231922, -0.495115, 0.0307419
-0.00750114, -0.519525, 0.0329567
-0.00615504, -0.46457, 0.0351796
-0.0168704, -0.494453, 0.0347393
stamp: 769000000
0.460218, -0.0224539, 0.0362108
0.00862443, -0.0395616, 0.0344137
-0.0244762, -0.0179288, 0.0362198
0.0158023, -0.0130129, 0.034377
0.0231902, -0.495107, 0.0307571
-0.00749175, -0.519538, 0.0328981
-0.00616531, -0.464563, 0.0351812
-0.0168723, -0.494464, 0.0347628
stamp: 779000000
0.460213, -0.0224856, 0.0361698
0.00862081, -0.0395674, 0.0343948
-0.024427, -0.0178979, 0.0361185
0.015811, -0.0129692, 0.0344129
0.0231848, -0.495127, 0.0307349
-0.00750647, -0.51954, 0.0328909
-0.00617434, -0.464584, 0.0351362
-0.0168877, -0.494478, 0.0346762
stamp: 789000000
0.460239, -0.0224435, 0.0362273
0.00863208, -0.0395664, 0.0344133
-0.0244137, -0.0178869, 0.0361734
0.0158175, -0.0130223, 0.0343771
0.0232042, -0.495094, 0.0307745
-0.00757207, -0.519557, 0.0330558
-0.00614843, -0.464556, 0.0352008
-0.0168593, -0.494454, 0.0347914
stamp: 799000000
0.460166, -0.0224967, 0.0362008
0.00862188, -0.0395706, 0.0343884
-0.0244247, -0.0178998, 0.0360752
0.0157965, -0.0130151, 0.0343499
0.023176, -0.49512, 0.0307063
-0.0074916, -0.519554, 0.0328539
-0.00617647, -0.464582, 0.0351439
-0.0168876, -0.494483, 0.0346719
stamp: 809000000
0.460231, -0.0224548, 0.0362087
0.00863, -0.0395652, 0.0344143
-0.0244761, -0.0179228, 0.0362385
0.0158115, -0.0129568, 0.0344271
0.0231964, -0.495101, 0.0307654
-0.00751123, -0.519527, 0.0329452
-0.00615732, -0.464563, 0.0351783
-0.0168744, -0.49446, 0.0347498
stamp: 819000000
0.460195, -0.0224708, 0.0362611
0.00862358, -0.0395724, 0.0344104
-0.0244366, -0.0178795, 0.0361403
0.0157982, -0.0130151, 0.0343731
0.0231844, -0.495105, 0.0307468
-0.0074846, -0.51954, 0.03291
-0.00615812, -0.464571, 0.035187
-0.0168567, -0.494468, 0.0347517
stamp: 829000000
0.460216, -0.0224622, 0.0361831
0.00861851, -0.0395686, 0.0344036
-0.0244813, -0.0179351, 0.0361969
0.0158161, -0.0130227, 0.034357
0.0231873, -0.495117, 0.0307352
-0.00750064, -0.51955, 0.0328567
-0.00616421, -0.464577, 0.0351463
-0.0168963, -0.494472, 0.0346968
stamp: 839000000
0.460234, -0.0224508, 0.0362038
0.00862402, -0.0395684, 0.0344108
-0.0244208, -0.0178979, 0.0361314
0.0158038, -0.0129519, 0.0344321
0.0231956, -0.495105, 0.0307663
-0.00749314, -0.519527, 0.0329661
-0.00615335, -0.464558, 0.0351874
-0.0168547, -0.494455, 0.0347662
stamp: 849000000
0.460111, -0.022395, 0.0363028
0.00861771, -0.0395725, 0.0343928
-0.0244215, -0.0178965, 0.0361351
0.0157974, -0.0129617, 0.0344176
0.0231858, -0.495118, 0.0307357
-0.00748035, -0.519547, 0.0328806
-0.00616409, -0.46457, 0.035157
-0.0168778, -0.494469, 0.0347167
stamp: 859000000
0.4602, -0.0224411, 0.0362073
0.00863204, -0.0395604, 0.0343971
-0.024475, -0.0179402, 0.0362133
0.0158227, -0.0130144, 0.0343642
0.0231835, -0.49511, 0.0307263
-0.00749166, -0.519528, 0.0328664
-0.00616162, -0.464566, 0.0351526
-0.0168859, -0.49446, 0.0347045
stamp: 869000000
0.460203, -0.0224787, 0.0362395
0.00862601, -0.0395682, 0.0344227
-0.0244785, -0.0179337, 0.0362322
0.0158105, -0.0130209, 0.0343847
0.0231878, -0.495095, 0.0307459
-0.00749845, -0.519529, 0.0329544
-0.00615194, -0.464562, 0.0351923
-0.0168614, -0.494464, 0.0347554
stamp: 879000000
0.460115, -0.0224117, 0.0363131
0.00861468, -0.0395678, 0.0343983
-0.0244795, -0.0179451, 0.0362162
0.0158096, -0.0130185, 0.0343795
0.0231864, -0.495117, 0.030757
-0.00749107, -0.519541, 0.0328821
-0.00616167, -0.464565, 0.0351727
-0.0168825, -0.494463, 0.0347224
stamp: 889000000
0.460201, -0.0224539, 0.0361963
0.00862735, -0.0395685, 0.0344114
-0.0244662, -0.0179416, 0.0362224
0.0158051, -0.0129614, 0.0344356
0.0231905, -0.495114, 0.0307401
-0.00747651, -0.519544, 0.0328719
-0.0061607, -0.46457, 0.0351713
-0.0168724, -0.494464, 0.0347241
stamp: 899000000
0.460233, -0.0224687, 0.0362039
0.00862424, -0.0395667, 0.0344035
-0.0244242, -0.0178869, 0.0361691
0.0158118, -0.0130157, 0.0343792
0.0231891, -0.49511, 0.0307472
-0.00750508, -0.519529, 0.0329574
-0.00615533, -0.464563, 0.035183
-0.0168658, -0.494461, 0.0347595
stamp: 909000000
0.460211, -0.0224942, 0.0361683
0.00862278, -0.0395627, 0.0343944
-0.0244302, -0.0179043, 0.0361249
0.0158203, -0.0130204, 0.0343554
0.0231908, -0.495128, 0.0307348
-0.00748942, -0.519552, 0.0328691
-0.00616519, -0.464584, 0.035151
-0.01688, -0.494464, 0.0346993
stamp: 920000000
0.46024, -0.0224633, 0.0362072
0.00862488, -0.0395623, 0.0344101
-0.0244199, -0.017894, 0.0361558
0.0158099, -0.0130194, 0.0343662
0.0231912, -0.495102, 0.0307446
-0.00754708, -0.519366, 0.0327778
-0.0061494, -0.464564, 0.035177
-0.0168642, -0.494459, 0.0347498
stamp: 929000000
0.460123, -0.022406, 0.0363013
0.00862118, -0.0395766, 0.0344004
-0.0244729, -0.017936, 0.0362044
0.0157852, -0.0129735, 0.0344563
0.0231882, -0.49512, 0.0307486
-0.00749507, -0.519536, 0.03287
-0.00616481, -0.464569, 0.0351764
-0.016876, -0.494468, 0.0347355
stamp: 939000000
0.460196, -0.022443, 0.0362127
0.00862022, -0.0395718, 0.0343965
-0.0244735, -0.0179394, 0.0362181
0.0158138, -0.0130157, 0.0343865
0.023187, -0.495119, 0.0307404
-0.00748096, -0.519539, 0.0328825
-0.00616862, -0.464569, 0.0351715
-0.0168784, -0.49446, 0.0347268
stamp: 950000000
0.460233, -0.0224558, 0.0361993
0.00862867, -0.0395652, 0.0344197
-0.0244212, -0.0178946, 0.0361172
0.0158056, -0.0129597, 0.0344176
0.0232024, -0.495114, 0.0307583
-0.0074709, -0.519539, 0.032905
-0.00615323, -0.464562, 0.0351844
-0.0168671, -0.494459, 0.0347647
stamp: 959000000
0.460221, -0.0224661, 0.0361895
0.00862791, -0.0395657, 0.0344014
-0.0244274, -0.0178943, 0.0361355
0.0158099, -0.0130198, 0.0343617
0.0231976, -0.495114, 0.0307447
-0.00748505, -0.519543, 0.0328746
-0.00616346, -0.464577, 0.0351645
-0.0168764, -0.494474, 0.0347143
stamp: 969000000
0.460217, -0.0224642, 0.0362087
0.00861836, -0.0395655, 0.0344052
-0.0244769, -0.017932, 0.0362078
0.0158078, -0.0129499, 0.0344226
0.0231941, -0.495119, 0.0307471
-0.00748973, -0.519539, 0.0328837
-0.00616871, -0.464568, 0.0351682
-0.016872, -0.494464, 0.0347367
stamp: 979000000
0.460222, -0.0224598, 0.0362077
0.00863126, -0.0395689, 0.0344083
-0.0244356, -0.0178837, 0.036153
0.0158021, -0.0129565, 0.034421
0.0231886, -0.495104, 0.0307391
-0.00750074, -0.519533, 0.0329346
-0.00615676, -0.46457, 0.0351684
-0.016867, -0.494458, 0.0347234
stamp: 989000000
0.460207, -0.0224539, 0.0361929
0.0086245, -0.0395729, 0.0344006
-0.0244775, -0.0179351, 0.0362059
0.0158063, -0.0129531, 0.0344245
0.0231843, -0.495111, 0.0307339
-0.00748598, -0.519542, 0.0328877
-0.00616369, -0.464568, 0.0351574
-0.0168815, -0.494473, 0.0347229
stamp: 1000000000
0.460215, -0.0224575, 0.0362012
0.00861835, -0.039572, 0.0344042
-0.0244328, -0.0178851, 0.0361608
0.0158076, -0.0130174, 0.0343742
0.0231879, -0.495112, 0.0307504
-0.00753018, -0.519377, 0.0327135
-0.00616514, -0.46457, 0.0351795
-0.0168714, -0.494466, 0.0347356
stamp: 1010000000
0.460228, -0.0224548, 0.0361909
0.00862639, -0.0395682, 0.0344092
-0.0244197, -0.0178903, 0.0361086
0.0157959, -0.0130315, 0.034406
0.0231855, -0.495116, 0.0307565
-0.00748668, -0.519546, 0.0328663
-0.00616207, -0.464569, 0.0351718
-0.0168699, -0.494463, 0.0347474
stamp: 1019000000
0.460219, -0.0224632, 0.0361788
0.00863246, -0.0395656, 0.0343949
-0.0244711, -0.0179368, 0.036209
0.0158066, -0.012959, 0.0344223
0.0231941, -0.495107, 0.0307511
-0.0074881, -0.519545, 0.0328908
-0.00616166, -0.464569, 0.0351704
-0.0168785, -0.494458, 0.0347106
stamp: 1029000000
0.460235, -0.0224674, 0.0361998
0.00863056, -0.0395715, 0.0344046
-0.0244748, -0.0179461, 0.0362236
0.0158156, -0.0130143, 0.0343931
0.0231912, -0.49511, 0.0307451
-0.00750459, -0.519525, 0.0329447
-0.00615795, -0.464572, 0.0351734
-0.0168656, -0.494463, 0.0347389
stamp: 1040000000
0.460221, -0.0224696, 0.0361891
0.00862939, -0.0395647, 0.0343992
-0.0244313, -0.0178886, 0.0361457
0.0158081, -0.0129572, 0.03442
0.0231904, -0.495117, 0.0307381
-0.00747638, -0.519539, 0.0328784
-0.00616689, -0.464571, 0.0351564
-0.0168784, -0.494465, 0.0347268
stamp: 1049000000
0.460221, -0.0224626, 0.0362055
0.00862212, -0.03956, 0.034395
-0.0244308, -0.0178933, 0.0361396
0.0158067, -0.0130151, 0.0343537
0.0231847, -0.495114, 0.0307524
-0.00751705, -0.51953, 0.0329256
-0.00616546, -0.464568, 0.035164
-0.0168831, -0.49447, 0.0347169
stamp: 1059000000
0.460223, -0.0224483, 0.0362013
0.00863215, -0.0395747, 0.0343935
-0.024424, -0.0178864, 0.0361397
0.0158117, -0.0129571, 0.0344198
0.0231942, -0.495113, 0.0307522
-0.00747297, -0.519546, 0.0328917
-0.00615606, -0.464569, 0.0351753
-0.0168692, -0.494464, 0.0347394
stamp: 1070000000
0.460221, -0.0224579, 0.0361915
0.00862538, -0.0395674, 0.034394
-0.0244822, -0.0179402, 0.036212
0.0158095, -0.0130122, 0.0343645
0.0231892, -0.495112, 0.030733
-0.0074839, -0.519542, 0.032873
-0.00616057, -0.464578, 0.0351725
-0.0168705, -0.494466, 0.0347103
stamp: 1079000000
0.46022, -0.0224522, 0.0361982
0.00862229, -0.0395675, 0.0344105
-0.0244783, -0.0179367, 0.0362164
0.0158055, -0.0130238, 0.0343644
0.0231878, -0.495115, 0.0307508
-0.0074757, -0.519534, 0.0328903
-0.00615904, -0.464565, 0.0351718
-0.016864, -0.494467, 0.0347492
stamp: 1089000000
0.46022, -0.0224582, 0.0362072
0.00863267, -0.0395713, 0.0344011
-0.0244689, -0.0179386, 0.0362166
0.0158138, -0.0130219, 0.0343648
0.0231893, -0.495109, 0.0307339
-0.00748351, -0.519535, 0.0328837
-0.00614796, -0.464568, 0.0351797
-0.0168655, -0.494459, 0.0347335
stamp: 1100000000
0.460123, -0.0224177, 0.036301
0.00862932, -0.0395691, 0.0344004
-0.0244792, -0.0179371, 0.0362188
0.0158027, -0.0129635, 0.0344209
0.0231847, -0.495104, 0.0307223
-0.00752395, -0.51939, 0.0326921
-0.0061638, -0.464576, 0.0351674
-0.0168791, -0.494467, 0.0347144
stamp: 1109000000
0.460195, -0.022433, 0.0362307
0.00862257, -0.0395726, 0.0344029
-0.0244316, -0.0178882, 0.0361467
0.0158188, -0.0130117, 0.0343796
0.0231906, -0.495105, 0.030737
-0.00749079, -0.51954, 0.0328562
-0.00615703, -0.464566, 0.0351742
-0.0168654, -0.494468, 0.0347428
stamp: 1120000000
0.460217, -0.0224611, 0.0361948
0.00862325, -0.0395691, 0.034405
-0.0244303, -0.0178943, 0.0361369
0.0158178, -0.0130244, 0.0343756
0.0231943, -0.495113, 0.0307418
-0.00747331, -0.519547, 0.0328918
-0.00615882, -0.464568, 0.0351648
-0.0168762, -0.49446, 0.0347274
stamp: 1129000000
0.460118, -0.0224127, 0.036295
0.00862221, -0.0395688, 0.0343996
-0.0244308, -0.0178918, 0.0361378
0.0158053, -0.0130152, 0.0343565
0.0231952, -0.495115, 0.0307462
-0.00752875, -0.519391, 0.0327118
-0.00616336, -0.464571, 0.0351578
-0.0168799, -0.494466, 0.0347267
stamp: 1139000000
0.460195, -0.0224366, 0.036225
0.00862684, -0.0395707, 0.0344029
-0.0244211, -0.0178911, 0.0361469
0.0158132, -0.0130192, 0.0343731
0.0232029, -0.495112, 0.0307502
-0.00749198, -0.519533, 0.0328754
-0.00616194, -0.46457, 0.0351767
-0.0168765, -0.494461, 0.0347342
stamp: 1150000000
0.46022, -0.0224694, 0.0361807
0.00862483, -0.0395658, 0.0343923
-0.0243792, -0.017861, 0.0360248
0.015801, -0.0129573, 0.0344319
0.0231823, -0.495118, 0.030737
-0.00748046, -0.519547, 0.0328861
-0.00616427, -0.464571, 0.0351642
-0.016881, -0.494475, 0.034715
stamp: 1159000000
0.460226, -0.0224765, 0.0361887
0.00862797, -0.0395688, 0.0344009
-0.0244651, -0.0179433, 0.0362109
0.0158166, -0.0130171, 0.0343701
0.023195, -0.495114, 0.030744
-0.00747677, -0.519542, 0.0328867
-0.00616003, -0.464567, 0.0351638
-0.0168652, -0.494462, 0.0347366
stamp: 1169000000
0.460117, -0.0224077, 0.0363149
0.00863743, -0.0395704, 0.0344043
-0.0244783, -0.0179385, 0.0362148
0.0158133, -0.0130186, 0.0343682
0.0231881, -0.495114, 0.0307374
-0.00747772, -0.519542, 0.0328845
-0.00616271, -0.464575, 0.0351727
-0.0168714, -0.494458, 0.0347216
stamp: 1180000000
0.460202, -0.0224245, 0.0362237
0.008627, -0.0395761, 0.0344015
-0.0244796, -0.0179342, 0.0362063
0.0158148, -0.0130231, 0.0343649
0.0231905, -0.495112, 0.0307315
-0.00747376, -0.51955, 0.0328858
-0.00616457, -0.464571, 0.0351501
-0.0168836, -0.494461, 0.0347149
stamp: 1189000000
0.460223, -0.0224586, 0.036196
0.00862255, -0.039572, 0.034405
-0.0244317, -0.0178967, 0.0361458
0.0158089, -0.0129553, 0.0344193
0.0231865, -0.49512, 0.030756
-0.00747582, -0.519543, 0.0328944
-0.00615902, -0.46457, 0.0351761
-0.0168779, -0.494467, 0.034738
stamp: 1200000000
0.460224, -0.0224672, 0.036197
0.00862121, -0.0395728, 0.0343963
-0.0244243, -0.0178959, 0.036136
0.0158146, -0.0130141, 0.0343671
0.0231918, -0.495111, 0.0307547
-0.00747968, -0.519548, 0.0328779
-0.006161, -0.464577, 0.035178
-0.0168723, -0.49447, 0.0347129
stamp: 1210000000
0.460228, -0.0224654, 0.0362072
0.00862716, -0.0395685, 0.0344014
-0.0244267, -0.0178941, 0.0361438
0.0158118, -0.0130223, 0.0343723
0.0231884, -0.495115, 0.0307508
-0.00748814, -0.519546, 0.0328771
-0.00615886, -0.464566, 0.0351686
-0.0168712, -0.494457, 0.0347267
stamp: 1219000000
0.460225, -0.0224675, 0.0361912
0.00863273, -0.0395725, 0.0344127
-0.0244736, -0.0179317, 0.0362113
0.0158051, -0.0129564, 0.0344197
0.0231883, -0.495113, 0.0307343
-0.00748395, -0.519546, 0.0328812
-0.00615446, -0.464566, 0.0351638
-0.01687, -0.494465, 0.0347277
stamp: 1229000000
0.460225, -0.0224659, 0.036197
0.00862688, -0.0395684, 0.0344068
-0.0244803, -0.0179309, 0.036211
0.0158191, -0.0130168, 0.0343685
0.0231977, -0.495113, 0.0307361
-0.00747819, -0.519543, 0.0328778
-0.00616096, -0.46457, 0.0351691
-0.0168739, -0.494459, 0.0347217
stamp: 1240000000
0.460223, -0.0224603, 0.0361927
0.00862391, -0.039572, 0.0343974
-0.0244731, -0.0179369, 0.0362178
0.0158098, -0.0130191, 0.0343562
0.0231884, -0.49512, 0.0307461
-0.00747988, -0.519538, 0.0328759
-0.00615662, -0.464564, 0.0351693
-0.0168762, -0.49446, 0.0347229
stamp: 1250000000
0.460221, -0.0224606, 0.0361971
0.008624, -0.0395671, 0.0344016
-0.0244363, -0.0178911, 0.0361401
0.0158147, -0.012962, 0.0344258
0.0231889, -0.495104, 0.030726
-0.00748122, -0.519549, 0.0328822
-0.00616693, -0.464574, 0.0351695
-0.0168721, -0.494466, 0.0347482
stamp: 1259000000
0.460216, -0.0224698, 0.0361845
0.00862211, -0.0395686, 0.0343972
-0.0244756, -0.0179325, 0.0362017
0.0158162, -0.0130107, 0.0343635
0.0231837, -0.495111, 0.030742
-0.00749039, -0.519548, 0.0328883
-0.00616441, -0.464573, 0.0351743
-0.0168703, -0.494464, 0.0347351
stamp: 1270000000
0.46022, -0.0224719, 0.0361901
0.00862859, -0.0395737, 0.0343995
-0.0244307, -0.0178869, 0.0361506
0.0158099, -0.0129604, 0.0344249
0.0231937, -0.495114, 0.0307417
-0.00747561, -0.519543, 0.0328878
-0.00616208, -0.464571, 0.0351653
-0.0168702, -0.494466, 0.0347197
stamp: 1279000000
0.460221, -0.0224629, 0.0361894
0.00862229, -0.0395666, 0.0344053
-0.0244631, -0.017933, 0.0362177
0.0158149, -0.0130193, 0.0343602
0.0231893, -0.495114, 0.0307406
-0.00747793, -0.519545, 0.0328721
-0.00616111, -0.46457, 0.035161
-0.0168756, -0.494472, 0.03473
stamp: 1289000000
0.460219, -0.0224518, 0.0361959
0.00862819, -0.0395702, 0.034401
-0.0244342, -0.0178908, 0.0361407
0.0158147, -0.0130163, 0.0343636
0.0231889, -0.495105, 0.0307443
-0.00747186, -0.519537, 0.0328862
-0.00615968, -0.464571, 0.0351658
-0.0168715, -0.494461, 0.0347367
stamp: 1300000000
0.460218, -0.022463, 0.0361918
0.00862887, -0.0395648, 0.0344042
-0.0244226, -0.0178925, 0.0361394
0.0158069, -0.0130119, 0.0343592
0.0231836, -0.49511, 0.0307299
-0.00748134, -0.519553, 0.0328894
-0.00616064, -0.464567, 0.0351758
-0.0168669, -0.494464, 0.0347349
stamp: 1309000000
0.460224, -0.0224656, 0.0361817
0.00862569, -0.0395755, 0.0344006
-0.0244734, -0.0179359, 0.0362203
0.0157882, -0.0129767, 0.0344531
0.0231948, -0.495107, 0.0307375
-0.0074798, -0.51954, 0.0328724
-0.006162, -0.464575, 0.035164
-0.0168631, -0.494464, 0.0347354
stamp: 1319000000
0.460221, -0.0224658, 0.0361965
0.00862693, -0.039566, 0.034405
-0.0244391, -0.017889, 0.0361516
0.0158113, -0.0130211, 0.0343726
0.0231919, -0.495122, 0.030745
-0.00748355, -0.51954, 0.0328816
-0.00615587, -0.464561, 0.0351681
-0.0168712, -0.494466, 0.0347376
stamp: 1329000000
0.460224, -0.0224559, 0.0361982
0.0086245, -0.0395738, 0.0344044
-0.0244821, -0.0179357, 0.0362223
0.01579, -0.0130345, 0.0343934
0.023187, -0.49511, 0.0307458
-0.00751201, -0.519535, 0.0329479
-0.00615954, -0.464571, 0.0351684
-0.0168689, -0.494469, 0.0347275
stamp: 1339000000
0.46022, -0.022459, 0.0361941
0.00862798, -0.0395703, 0.0344029
-0.0244335, -0.0178892, 0.036148
0.0158178, -0.0130146, 0.0343724
0.0231868, -0.495115, 0.0307397
-0.00748636, -0.51954, 0.0328774
-0.00616142, -0.464565, 0.0351594
-0.0168771, -0.494462, 0.0347286
stamp: 1350000000
0.460223, -0.0224592, 0.0361995
0.00863018, -0.0395692, 0.0344019
-0.024427, -0.0179005, 0.036145
0.0158107, -0.0130173, 0.0343665
0.023189, -0.495115, 0.0307505
-0.0074799, -0.519543, 0.0328878
-0.00615759, -0.464565, 0.0351623
-0.01688, -0.494464, 0.0347298
stamp: 1359000000
0.46022, -0.0224601, 0.0361865
0.00862545, -0.0395685, 0.0344018
-0.0244723, -0.0179389, 0.0362128
0.0158095, -0.0130191, 0.0343627
0.0231893, -0.495117, 0.0307491
-0.00747465, -0.51954, 0.0328836
-0.00616161, -0.464565, 0.0351615
-0.0168702, -0.494469, 0.0347215
stamp: 1369000000
0.460218, -0.0224629, 0.0362086
0.00863377, -0.0395707, 0.03439
-0.0244746, -0.0179338, 0.0362125
0.0158095, -0.0130153, 0.0343693
0.0231859, -0.495111, 0.0307353
-0.00748143, -0.519548, 0.0328839
-0.00616141, -0.464569, 0.0351667
-0.0168748, -0.494471, 0.0347363
stamp: 1380000000
0.460122, -0.0224107, 0.0363075
0.00862281, -0.0395677, 0.0344083
-0.0244701, -0.0179399, 0.0362146
0.0158069, -0.0130136, 0.0343635
0.0231936, -0.495118, 0.030738
-0.00748012, -0.519541, 0.0328804
-0.00616229, -0.464576, 0.035173
-0.0168712, -0.49447, 0.0347364
stamp: 1389000000
0.460197, -0.0224352, 0.0362224
0.00862764, -0.0395679, 0.0344018
-0.0244734, -0.0179434, 0.0362146
0.0158235, -0.0130222, 0.0343787
0.0231896, -0.495111, 0.0307377
-0.00747814, -0.519545, 0.0328788
-0.00615761, -0.464572, 0.0351654
-0.0168708, -0.494463, 0.0347296
stamp: 1400000000
0.460221, -0.0224666, 0.0361953
0.00862888, -0.0395646, 0.0344099
-0.0244751, -0.0179357, 0.0362106
0.0158137, -0.013016, 0.0343731
0.023196, -0.495108, 0.030744
-0.00748879, -0.519547, 0.032882
-0.00615894, -0.464575, 0.03518
-0.0168795, -0.49447, 0.0347329
stamp: 1410000000
0.460225, -0.0224709, 0.0361935
0.00863116, -0.0395687, 0.034403
-0.0244796, -0.0179325, 0.0362056
0.0158167, -0.0130179, 0.0343651
0.0232003, -0.495121, 0.0307496
-0.00747968, -0.519545, 0.0328773
-0.00615987, -0.464569, 0.0351696
-0.0168812, -0.49447, 0.0347213
stamp: 1419000000
0.460224, -0.0224564, 0.0361938
0.00862696, -0.0395695, 0.0343993
-0.0244306, -0.0178864, 0.0361473
0.0158112, -0.013022, 0.0343748
0.0231875, -0.495111, 0.0307519
-0.00747328, -0.51954, 0.0328862
-0.00615345, -0.464558, 0.0351667
-0.0168676, -0.494466, 0.0347151
stamp: 1429000000
0.460231, -0.0224574, 0.0362097
0.00863081, -0.0395681, 0.0344094
-0.0244197, -0.0178881, 0.0361501
0.0158129, -0.0130189, 0.0343617
0.0231855, -0.495106, 0.0307435
-0.0074849, -0.51954, 0.0328899
-0.00616118, -0.464568, 0.0351645
-0.01688, -0.494469, 0.0347288
stamp: 1440000000
0.460224, -0.0224596, 0.0362001
0.00862887, -0.0395636, 0.03441
-0.0244783, -0.0179386, 0.0362137
0.0158125, -0.0130189, 0.034368
0.0231873, -0.495111, 0.030734
-0.00750138, -0.519535, 0.0329456
-0.00615774, -0.46457, 0.0351672
-0.0168738, -0.494459, 0.0347197
stamp: 1450000000
0.460219, -0.0224598, 0.0362101
0.00862778, -0.0395643, 0.0344041
-0.0244761, -0.0179369, 0.0362126
0.0157987, -0.0130293, 0.0344047
0.0231885, -0.495107, 0.0307453
-0.00748099, -0.519543, 0.0328889
-0.00615593, -0.464574, 0.0351734
-0.0168701, -0.494465, 0.0347261
stamp: 1459000000
0.460218, -0.0224647, 0.0361933
0.00862463, -0.0395705, 0.0344046
-0.0244741, -0.0179356, 0.0362107
0.0158112, -0.0130211, 0.0343755
0.0231888, -0.49511, 0.0307448
-0.00747879, -0.519535, 0.0328802
-0.00615627, -0.464565, 0.035169
-0.0168743, -0.494465, 0.0347282
stamp: 1469000000
0.460218, -0.0224627, 0.0361934
0.00863027, -0.0395661, 0.0344109
-0.0244767, -0.0179336, 0.0362105
0.0158045, -0.0129583, 0.034414
0.023189, -0.495113, 0.0307463
-0.00748754, -0.51955, 0.0328843
-0.00616381, -0.464568, 0.0351717
-0.0168725, -0.494467, 0.0347319
stamp: 1479000000
0.46022, -0.0224582, 0.0362062
0.00862359, -0.0395691, 0.0344106
-0.024429, -0.017894, 0.0361393
0.015818, -0.0130178, 0.0343682
0.0231905, -0.495118, 0.030748
-0.00750266, -0.51953, 0.0329341
-0.00616006, -0.464567, 0.035174
-0.0168653, -0.494466, 0.0347332
stamp: 1489000000
0.460223, -0.022463, 0.0361898
0.00862674, -0.0395648, 0.0344097
-0.0244204, -0.017895, 0.0361408
0.0158118, -0.013014, 0.0343637
0.0231882, -0.495114, 0.0307401
-0.00750501, -0.519534, 0.032921
-0.00615979, -0.464568, 0.0351718
-0.0168776, -0.494463, 0.0347424
stamp: 1500000000
0.460225, -0.0224697, 0.0361874
0.00862574, -0.0395643, 0.0344
-0.0244228, -0.017897, 0.0361453
0.0157894, -0.0129733, 0.0344466
0.0231919, -0.495121, 0.0307539
-0.00747841, -0.519546, 0.0328856
-0.00616561, -0.464573, 0.0351779
-0.0168689, -0.494466, 0.0347313
stamp: 1509000000
0.460222, -0.0224705, 0.0361928
0.00863188, -0.039567, 0.0343985
-0.024423, -0.0178937, 0.0361479
0.0158091, -0.0129531, 0.0344225
0.0231914, -0.495116, 0.0307485
-0.00752609, -0.519388, 0.0327065
-0.00615926, -0.464568, 0.0351687
-0.0168693, -0.494463, 0.0347247
stamp: 1519000000
0.460233, -0.0224655, 0.0361933
0.00862335, -0.0395707, 0.0343926
-0.0244623, -0.0179377, 0.0362092
0.0158075, -0.0129592, 0.0344298
0.0231935, -0.495119, 0.0307526
-0.00748888, -0.519526, 0.0328521
-0.00616333, -0.464571, 0.0351667
-0.0168769, -0.494458, 0.0347144
stamp: 1529000000
0.460225, -0.022457, 0.0361972
0.00863074, -0.0395612, 0.0344045
-0.0244729, -0.0179357, 0.0362195
0.0158035, -0.0129603, 0.0344168
0.023191, -0.495107, 0.0307433
-0.00750695, -0.519533, 0.0329352
-0.00615478, -0.464574, 0.0351675
-0.0168813, -0.494464, 0.0347278
stamp: 1539000000
0.460219, -0.0224671, 0.0362077
0.00862912, -0.0395693, 0.0344155
-0.0244354, -0.0178846, 0.0361537
0.0157975, -0.0129539, 0.0344186
0.0231871, -0.495116, 0.0307382
-0.00747635, -0.51954, 0.0328881
-0.00615753, -0.46457, 0.0351651
-0.0168726, -0.494465, 0.0347293
stamp: 1550000000
0.460228, -0.0224566, 0.0361876
0.00862497, -0.0395693, 0.0344107
-0.0244708, -0.017934, 0.0362085
0.0158105, -0.0129508, 0.034419
0.0231956, -0.49511, 0.030749
-0.00750569, -0.519531, 0.0329381
-0.00615645, -0.464565, 0.0351688
-0.0168708, -0.494465, 0.0347268
stamp: 1559000000
0.460225, -0.0224708, 0.0361802
0.00862422, -0.0395668, 0.0344048
-0.0244335, -0.017892, 0.0361476
0.0158176, -0.0130142, 0.0343772
0.023195, -0.495111, 0.0307466
-0.00747792, -0.519547, 0.0328884
-0.00616121, -0.464573, 0.0351661
-0.016876, -0.494456, 0.0347196
stamp: 1569000000
0.460112, -0.0224116, 0.0363063
0.00862623, -0.039571, 0.0343999
-0.0244718, -0.017931, 0.0362096
0.0158139, -0.0130199, 0.0343683
0.0231874, -0.49511, 0.0307363
-0.00747792, -0.519546, 0.0328931
-0.0061588, -0.464572, 0.0351661
-0.0168734, -0.494461, 0.0347189
stamp: 1580000000
0.460188, -0.0224301, 0.0362243
0.00862947, -0.0395689, 0.0344003
-0.0244797, -0.0179414, 0.0362246
0.0158177, -0.0130177, 0.0343725
0.0231928, -0.495113, 0.0307432
-0.0074838, -0.519541, 0.0328838
-0.00615628, -0.464567, 0.0351726
-0.0168811, -0.494466, 0.0347259
stamp: 1589000000
0.460225, -0.0224735, 0.0361776
0.0086268, -0.0395699, 0.0343985
-0.0244779, -0.0179436, 0.0362111
0.0158071, -0.0130175, 0.0343608
0.0231791, -0.49511, 0.030741
-0.00750224, -0.519526, 0.0329338
-0.00615735, -0.464582, 0.0351751
-0.0168834, -0.494459, 0.0347143
stamp: 1599000000
0.460218, -0.0224691, 0.0361813
0.0086293, -0.0395707, 0.0343909
-0.0244732, -0.0179482, 0.0362165
0.0158164, -0.0130257, 0.0343691
0.0231964, -0.495118, 0.0307375
-0.00747708, -0.519543, 0.032888
-0.00615825, -0.464571, 0.0351734
-0.0168741, -0.494466, 0.034738
stamp: 1610000000
0.460225, -0.0224599, 0.036195
0.00863025, -0.0395685, 0.0344022
-0.0244695, -0.0179373, 0.0362147
0.0158141, -0.0130195, 0.0343629
0.0231905, -0.495115, 0.0307419
-0.00747857, -0.519551, 0.0328862
-0.00616218, -0.464571, 0.0351712
-0.0168662, -0.494467, 0.0347383
stamp: 1619000000
0.460218, -0.0224622, 0.036197
0.00862448, -0.0395738, 0.0343983
-0.0244758, -0.0179425, 0.0362217
0.0158144, -0.0130159, 0.0343639
0.023194, -0.495111, 0.0307338
-0.00747609, -0.519542, 0.0328856
-0.00616302, -0.464568, 0.0351665
-0.0168756, -0.494468, 0.0347367
stamp: 1629000000
0.460224, -0.0224646, 0.0361987
0.00862496, -0.0395726, 0.0343974
-0.0244716, -0.0179399, 0.0362119
0.0158241, -0.0130235, 0.034364
0.0231919, -0.495102, 0.0307477
-0.00750254, -0.519537, 0.0329484
-0.00615529, -0.464567, 0.0351707
-0.0168699, -0.49447, 0.0347314
stamp: 1639000000
0.460229, -0.0224608, 0.0361903
0.00862802, -0.0395712, 0.0343988
-0.024479, -0.0179341, 0.0362101
0.0158107, -0.0129564, 0.0344293
0.0231907, -0.495119, 0.03074
-0.00748514, -0.519543, 0.0328833
-0.00616275, -0.464579, 0.0351617
-0.0168777, -0.494465, 0.0347314
stamp: 1649000000
0.460222, -0.0224674, 0.036185
0.00862347, -0.0395694, 0.0343958
-0.0244765, -0.0179346, 0.0362048
0.0158092, -0.013018, 0.0343624
0.0231901, -0.495111, 0.0307373
-0.00747369, -0.519546, 0.0328885
-0.00615689, -0.464579, 0.0351669
-0.0168767, -0.494475, 0.0347413
stamp: 1659000000
0.460227, -0.0224643, 0.0361968
0.0086284, -0.0395723, 0.0344035
-0.024471, -0.0179406, 0.0362154
0.0158143, -0.013011, 0.0343657
0.0231827, -0.495109, 0.0307399
-0.00746821, -0.519544, 0.0328885
-0.00615829, -0.46458, 0.0351731
-0.0168698, -0.494461, 0.0347348
stamp: 1669000000
0.460218, -0.022454, 0.036195
0.00862598, -0.0395713, 0.0343952
-0.0244728, -0.0179414, 0.0362091
0.015814, -0.013015, 0.0343666
0.0231879, -0.495117, 0.0307499
-0.00748314, -0.519544, 0.032897
-0.0061612, -0.464574, 0.0351694
-0.0168822, -0.494469, 0.0347256
stamp: 1679000000
0.460226, -0.0224555, 0.0361886
0.00862728, -0.0395735, 0.034399
-0.0244685, -0.0179303, 0.0362079
0.0157993, -0.0129574, 0.0344236
0.0231989, -0.495114, 0.0307457
-0.00748965, -0.519542, 0.0328869
-0.00615968, -0.464572, 0.0351731
-0.0168707, -0.494464, 0.0347236
stamp: 1689000000
0.460231, -0.02246, 0.036195
0.0086249, -0.0395677, 0.0343985
-0.0244664, -0.017933, 0.0362152
0.0158075, -0.0129557, 0.0344369
0.0231901, -0.495111, 0.0307498
-0.00750257, -0.519527, 0.0329442
-0.0061656, -0.46457, 0.035163
-0.0168695, -0.494465, 0.0347306
stamp: 1699000000
0.460223, -0.0224606, 0.0362043
0.00862789, -0.0395631, 0.0344134
-0.0244321, -0.0178931, 0.0361438
0.0158054, -0.01296, 0.0344294
0.0231926, -0.495117, 0.0307472
-0.00748216, -0.519536, 0.0328869
-0.00615901, -0.464563, 0.0351636
-0.0168749, -0.494471, 0.0347243
stamp: 1709000000
0.46022, -0.0224612, 0.0361902
0.00862712, -0.0395687, 0.0344009
-0.0244754, -0.0179307, 0.0362163
0.0158102, -0.0130225, 0.034365
0.0231914, -0.495115, 0.030742
-0.00748115, -0.519542, 0.0328792
-0.0061582, -0.464568, 0.0351615
-0.0168744, -0.494468, 0.0347315
stamp: 1719000000
0.460222, -0.0224653, 0.036189
0.0086293, -0.0395705, 0.0343966
-0.0244341, -0.0178868, 0.0361475
0.0158038, -0.0129582, 0.0344164
0.0231955, -0.495116, 0.0307467
-0.0075087, -0.519537, 0.0329395
-0.00615866, -0.464566, 0.0351584
-0.0168686, -0.494459, 0.0347266
stamp: 1729000000
0.460218, -0.022459, 0.0361914
0.00862573, -0.0395644, 0.0344021
-0.024477, -0.0179363, 0.0362118
0.0158117, -0.0130193, 0.0343646
0.0231922, -0.495114, 0.0307365
-0.0074824, -0.51954, 0.0328866
-0.00616455, -0.464574, 0.0351777
-0.0168708, -0.494456, 0.0347223
stamp: 1739000000
0.460214, -0.022463, 0.0362057
0.00862939, -0.0395617, 0.0344037
-0.0244729, -0.0179382, 0.0362192
0.0157988, -0.0129567, 0.0344187
0.023184, -0.495109, 0.0307347
-0.00747334, -0.51954, 0.0328904
-0.00615844, -0.464576, 0.0351751
-0.0168742, -0.49446, 0.0347351
stamp: 1749000000
0.460212, -0.0224687, 0.0362076
0.00862165, -0.0395711, 0.0343942
-0.0244223, -0.017898, 0.0361417
0.0158164, -0.0130125, 0.0343689
0.0231895, -0.495115, 0.0307354
-0.00748315, -0.519548, 0.0328833
-0.0061551, -0.46457, 0.0351689
-0.0168762, -0.494467, 0.0347233
stamp: 1759000000
0.460211, -0.0224639, 0.0361881
0.00861663, -0.0395674, 0.0344043
-0.0244641, -0.0179388, 0.0362171
0.0158055, -0.0129603, 0.0344225
0.0231903, -0.495111, 0.0307408
-0.00747961, -0.519551, 0.0328858
-0.00616542, -0.464567, 0.0351626
-0.0168746, -0.494459, 0.0347265
stamp: 1769000000
0.460216, -0.022462, 0.0361923
0.00862506, -0.0395685, 0.0344021
-0.0244313, -0.0178816, 0.0361441
0.0158113, -0.0130195, 0.0343759
0.0231949, -0.495113, 0.0307416
-0.00750851, -0.519531, 0.0329323
-0.00615317, -0.464569, 0.0351569
-0.0168832, -0.494467, 0.0347214
stamp: 1779000000
0.460223, -0.0224595, 0.0361913
0.00862103, -0.0395773, 0.0344018
-0.0244195, -0.0178918, 0.036139
0.0158142, -0.0130131, 0.0343689
0.0231788, -0.495108, 0.0307365
-0.00748016, -0.519548, 0.0328907
-0.00615928, -0.46457, 0.0351729
-0.016878, -0.494465, 0.0347221
stamp: 1789000000
0.460223, -0.0224575, 0.0361929
0.00862635, -0.0395694, 0.0343978
-0.0244281, -0.0179002, 0.0361432
0.0158079, -0.0130219, 0.0343683
0.0231855, -0.495109, 0.0307387
-0.00747928, -0.519545, 0.0328788
-0.00615982, -0.464573, 0.0351739
-0.0168736, -0.494464, 0.0347288
stamp: 1799000000
0.460222, -0.0224671, 0.0361916
0.00862903, -0.0395695, 0.0344031
-0.0244754, -0.0179387, 0.0362123
0.0158092, -0.0130212, 0.0343582
0.0231827, -0.495119, 0.0307362
-0.00747794, -0.519546, 0.032884
-0.00615571, -0.464569, 0.0351687
-0.016877, -0.494465, 0.0347237
stamp: 1809000000
0.46013, -0.0224095, 0.036316
0.0086268, -0.0395735, 0.0343998
-0.0244806, -0.0179443, 0.0362121
0.0158076, -0.0130274, 0.0343647
0.0231891, -0.495116, 0.0307386
-0.00747329, -0.519549, 0.0328934
-0.00616637, -0.46457, 0.0351604
-0.0168766, -0.494461, 0.0347267
stamp: 1819000000
0.460113, -0.0223789, 0.0363162
0.00862797, -0.0395684, 0.0344104
-0.0244725, -0.0179396, 0.0362258
0.0158159, -0.013021, 0.0343642
0.0231871, -0.495118, 0.0307499
-0.00747659, -0.519547, 0.0328838
-0.00616511, -0.464571, 0.0351676
-0.0168765, -0.494472, 0.0347366
stamp: 1829000000
0.460207, -0.0224405, 0.0362107
0.00862508, -0.039568, 0.0344104
-0.024427, -0.0178956, 0.0361472
0.0158118, -0.0129578, 0.0344241
0.0231922, -0.495114, 0.0307488
-0.00750732, -0.519537, 0.0329433
-0.00615457, -0.464566, 0.0351631
-0.0168839, -0.49447, 0.0347321
stamp: 1839000000
0.460131, -0.0224107, 0.0363088
0.00863311, -0.0395713, 0.0344025
-0.0244716, -0.0179398, 0.036223
0.0157934, -0.0130229, 0.0344185
0.0231861, -0.495109, 0.0307409
-0.00750868, -0.51954, 0.0329371
-0.0061593, -0.464576, 0.0351707
-0.0168754, -0.494461, 0.0347291
stamp: 1849000000
0.460203, -0.0224438, 0.0362185
0.00862623, -0.0395707, 0.0344036
-0.024472, -0.0179422, 0.0362164
0.0158095, -0.0129628, 0.0344176
0.0231929, -0.49512, 0.0307566
-0.00750997, -0.519536, 0.0329368
-0.00616028, -0.46457, 0.0351671
-0.016877, -0.494463, 0.0347298
stamp: 1859000000
0.460231, -0.0224624, 0.0361834
0.00862236, -0.0395734, 0.0344074
-0.0244803, -0.0179377, 0.0362115
0.0158097, -0.0130171, 0.034373
0.0231885, -0.495118, 0.0307503
-0.00748773, -0.519544, 0.0328841
-0.00615821, -0.464571, 0.0351621
-0.0168802, -0.494466, 0.0347367
stamp: 1869000000
0.460126, -0.0224175, 0.0363024
0.00862054, -0.0395741, 0.0344062
-0.0244343, -0.0178906, 0.0361353
0.0158079, -0.0130277, 0.0343737
0.023186, -0.495113, 0.0307396
-0.00747646, -0.519545, 0.032881
-0.00616037, -0.464576, 0.0351716
-0.0168655, -0.494463, 0.0347355
stamp: 1879000000
0.460107, -0.0223902, 0.0363167
0.00862679, -0.0395669, 0.0344053
-0.0244778, -0.0179269, 0.0362124
0.0158045, -0.0129583, 0.0344308
0.0231891, -0.495119, 0.0307462
-0.00748912, -0.519547, 0.0328825
-0.00616229, -0.464569, 0.035163
-0.0168723, -0.494464, 0.0347271
stamp: 1889000000
0.460209, -0.0224445, 0.0362198
0.00862716, -0.0395724, 0.034392
-0.024433, -0.0178866, 0.0361477
0.0158095, -0.0129607, 0.0344189
0.0231814, -0.495113, 0.0307437
-0.0075133, -0.519537, 0.0329438
-0.0061585, -0.464569, 0.0351794
-0.0168696, -0.494468, 0.0347279
stamp: 1900000000
0.460219, -0.0224688, 0.0361918
0.00861856, -0.0395674, 0.0344024
-0.0244228, -0.0178902, 0.0361392
0.0157905, -0.0130306, 0.0343912
0.0231844, -0.495116, 0.0307353
-0.00748185, -0.519544, 0.0328795
-0.00615672, -0.464564, 0.0351755
-0.0168788, -0.494467, 0.0347299
stamp: 1909000000
0.460217, -0.0224677, 0.0361914
0.0086239, -0.039568, 0.0344043
-0.0244771, -0.0179277, 0.0362139
0.0158086, -0.0130187, 0.0343687
0.0231856, -0.495113, 0.0307437
-0.00752705, -0.519385, 0.0327118
-0.00615698, -0.46458, 0.0351738
-0.0168829, -0.494462, 0.0347222
stamp: 1920000000
0.460226, -0.0224514, 0.0361964
0.00862855, -0.0395613, 0.0344029
-0.0244341, -0.0178893, 0.0361526
0.0157934, -0.0130254, 0.0343964
0.0231844, -0.495114, 0.0307472
-0.0075261, -0.51952, 0.0329118
-0.00616365, -0.464572, 0.0351638
-0.0168704, -0.494459, 0.0347288
stamp: 1929000000
0.460222, -0.0224584, 0.0361943
0.00863178, -0.0395709, 0.034399
-0.02448, -0.0179333, 0.0362077
0.0158067, -0.0130182, 0.034366
0.0231873, -0.495115, 0.0307505
-0.00751383, -0.519537, 0.032951
-0.00615764, -0.464565, 0.0351705
-0.0168774, -0.494463, 0.0347246
stamp: 1939000000
0.460226, -0.0224642, 0.0362058
0.00863354, -0.0395665, 0.0344042
-0.0244307, -0.0178909, 0.0361469
0.0158067, -0.0130265, 0.0343648
0.0231836, -0.495113, 0.0307456
-0.00747354, -0.519539, 0.03289
-0.00616365, -0.464563, 0.0351693
-0.016865, -0.494465, 0.034734
stamp: 1950000000
0.460222, -0.0224652, 0.0361943
0.00862504, -0.0395687, 0.0344064
-0.0244283, -0.0178881, 0.0361379
0.015794, -0.0130282, 0.0344026
0.023191, -0.495113, 0.0307423
-0.00748178, -0.519545, 0.0328813
-0.00615935, -0.464567, 0.0351779
-0.0168711, -0.494459, 0.0347232
stamp: 1959000000
0.460217, -0.0224583, 0.0362015
0.00861905, -0.0395719, 0.0344014
-0.0244258, -0.0178847, 0.0361568
0.0157987, -0.0129573, 0.0344268
0.0231899, -0.495108, 0.0307443
-0.00748757, -0.519539, 0.0328808
-0.00616332, -0.464575, 0.0351798
-0.0168665, -0.494468, 0.0347297
stamp: 1969000000
0.460129, -0.0224083, 0.0362977
0.00861888, -0.0395735, 0.0343947
-0.0244332, -0.0178879, 0.0361513
0.0158084, -0.0130185, 0.0343764
0.0231852, -0.495113, 0.0307443
-0.00748495, -0.519549, 0.0328903
-0.00616321, -0.464568, 0.0351767
-0.016874, -0.494472, 0.0347254
stamp: 1980000000
0.460201, -0.0224344, 0.0362249
0.0086274, -0.0395733, 0.03441
-0.0243848, -0.01785, 0.0360379
0.0158027, -0.0130231, 0.0343684
0.0231876, -0.495111, 0.0307446
-0.00747901, -0.519536, 0.0328908
-0.00615583, -0.46457, 0.0351705
-0.0168724, -0.49446, 0.0347354
stamp: 1989000000
0.460226, -0.0224588, 0.0361914
0.00863137, -0.0395698, 0.0344058
-0.0244742, -0.017932, 0.0362172
0.01581, -0.01296, 0.0344215
0.0231904, -0.495114, 0.0307456
-0.00747729, -0.51954, 0.0328797
-0.00616052, -0.46457, 0.0351692
-0.0168723, -0.494464, 0.0347244
stamp: 1999000000
0.460233, -0.0224601, 0.036192
0.00862247, -0.0395714, 0.0344
-0.0244386, -0.0178853, 0.0361511
0.0158106, -0.0129586, 0.0344313
0.0231932, -0.495115, 0.0307396
-0.00748083, -0.519548, 0.0328842
-0.00616314, -0.464573, 0.0351688
-0.0168741, -0.494474, 0.0347384
stamp: 2009000000
0.460227, -0.0224528, 0.0361994
0.00861647, -0.0395771, 0.0344004
-0.0244337, -0.0178936, 0.0361439
0.0158112, -0.0130273, 0.0343681
0.0231917, -0.49511, 0.0307383
-0.00747991, -0.519547, 0.0328822
-0.00615054, -0.464563, 0.0351587
-0.0168735, -0.494463, 0.0347424
stamp: 2019000000
0.460225, -0.0224476, 0.0361954
0.00863069, -0.0395779, 0.0344057
-0.0244225, -0.0179009, 0.0361419
0.015808, -0.013025, 0.03437
0.0231903, -0.495118, 0.0307362
-0.00748271, -0.519545, 0.0328757
-0.0061516, -0.464561, 0.0351706
-0.0168667, -0.49446, 0.0347339
stamp: 2029000000
0.460132, -0.0223986, 0.0363067
0.00862732, -0.0395758, 0.0344135
-0.0244282, -0.0178896, 0.0361406
0.0158133, -0.0130231, 0.0343777
0.0231916, -0.495115, 0.0307473
-0.00748043, -0.519544, 0.032885
-0.00615442, -0.464571, 0.0351654
-0.0168731, -0.494473, 0.0347367
stamp: 2039000000
0.460198, -0.0224376, 0.0362195
0.00862713, -0.0395705, 0.0343996
-0.0244657, -0.0179387, 0.0362212
0.0158062, -0.0130208, 0.0343785
0.0231954, -0.495116, 0.0307399
-0.00748449, -0.519537, 0.0328874
-0.00615674, -0.464573, 0.0351708
-0.0168717, -0.494467, 0.0347442
stamp: 2050000000
0.460229, -0.0224664, 0.0361751
0.0086275, -0.0395724, 0.0344128
-0.0244335, -0.017897, 0.0361486
0.0158112, -0.0130173, 0.0343732
0.0231903, -0.495106, 0.0307287
-0.00747764, -0.519543, 0.0328893
-0.00615798, -0.464575, 0.0351737
-0.0168707, -0.494459, 0.0347287
stamp: 2059000000
0.460235, -0.0224745, 0.0361879
0.00862996, -0.0395713, 0.0344016
-0.0244817, -0.0179339, 0.0362137
0.0158028, -0.0129613, 0.034418
0.0231905, -0.495116, 0.0307397
-0.00747547, -0.519542, 0.0328913
-0.00616311, -0.464573, 0.0351692
-0.0168737, -0.49447, 0.0347365
stamp: 2069000000
0.460222, -0.0224591, 0.0361963
0.00861832, -0.0395734, 0.034403
-0.0244794, -0.01794, 0.0362197
0.015806, -0.0129619, 0.0344228
0.0231866, -0.495105, 0.03074
-0.00747539, -0.519545, 0.0328871
-0.00615209, -0.464574, 0.0351828
-0.0168727, -0.494464, 0.0347312
stamp: 2079000000
0.460217, -0.0224574, 0.0362015
0.00862785, -0.0395673, 0.0344121
-0.0244768, -0.0179365, 0.0362224
0.0158073, -0.0130112, 0.0343761
0.0231831, -0.495112, 0.0307411
-0.00747943, -0.519535, 0.0328847
-0.00615301, -0.464573, 0.0351683
-0.0168761, -0.494466, 0.0347256
stamp: 2089000000
0.460222, -0.0224517, 0.036205
0.00862241, -0.0395662, 0.034401
-0.0244765, -0.0179406, 0.0362126
0.0158041, -0.0129621, 0.0344255
0.0231901, -0.495101, 0.0307286
-0.00748453, -0.519543, 0.0328797
-0.00615655, -0.464573, 0.0351644
-0.0168678, -0.494468, 0.0347303
stamp: 2099000000
0.46022, -0.0224684, 0.0361912
0.00863074, -0.0395685, 0.0344009
-0.0244765, -0.017941, 0.0362203
0.0158098, -0.0130132, 0.0343701
0.0231889, -0.495113, 0.0307453
-0.00747974, -0.519542, 0.0328847
-0.00615887, -0.464572, 0.0351707
-0.0168822, -0.494462, 0.0347452
stamp: 2109000000
0.460223, -0.0224665, 0.0361952
0.00862344, -0.0395675, 0.0344019
-0.02444, -0.0178907, 0.0361416
0.01579, -0.0129687, 0.0344493
0.0231793, -0.495112, 0.0307395
-0.00750996, -0.519529, 0.0329389
-0.00615506, -0.46457, 0.0351782
-0.016878, -0.49446, 0.0347289
stamp: 2119000000
0.460131, -0.0224076, 0.0363108
0.00861919, -0.0395697, 0.0344036
-0.0244302, -0.0178928, 0.0361435
0.0158074, -0.0130188, 0.0343661
0.0231814, -0.495112, 0.0307481
-0.00747688, -0.519546, 0.0328866
-0.00616088, -0.464561, 0.0351795
-0.0168738, -0.494465, 0.0347332
stamp: 2129000000
0.460198, -0.0224369, 0.0362127
0.00862357, -0.0395642, 0.0343969
-0.0244778, -0.017935, 0.0362139
0.0158189, -0.0130148, 0.0343656
0.0231836, -0.495116, 0.0307404
-0.007481, -0.519537, 0.0328884
-0.00616615, -0.464575, 0.0351672
-0.016879, -0.494462, 0.0347221
stamp: 2139000000
0.460228, -0.0224618, 0.0361906
0.00862881, -0.0395683, 0.0344017
-0.0244808, -0.0179384, 0.0362165
0.0158041, -0.0129579, 0.0344106
0.0231922, -0.495116, 0.0307436
-0.0074782, -0.519537, 0.03288
-0.00616006, -0.464567, 0.0351749
-0.0168673, -0.494463, 0.0347398
stamp: 2149000000
0.460229, -0.0224664, 0.036193
0.00862047, -0.0395679, 0.0344009
-0.0244387, -0.0178905, 0.0361432
0.0158227, -0.0130182, 0.0343733
0.023188, -0.495116, 0.0307411
-0.00750273, -0.519525, 0.0329429
-0.00616168, -0.464568, 0.0351701
-0.0168654, -0.494472, 0.0347352
stamp: 2159000000
0.460217, -0.0224604, 0.0361944
0.00862454, -0.0395729, 0.0344007
-0.0244244, -0.0178912, 0.0361002
0.0158114, -0.013016, 0.0343616
0.0231874, -0.495124, 0.0307558
-0.00747937, -0.519545, 0.0328933
-0.0061614, -0.464571, 0.0351802
-0.0168716, -0.494458, 0.0347395
stamp: 2170000000
0.460127, -0.0224039, 0.0362932
0.00862994, -0.0395683, 0.0344026
-0.0244242, -0.0178951, 0.0361481
0.0158127, -0.0129687, 0.034423
0.0231854, -0.495118, 0.0307496
-0.0074803, -0.519542, 0.0328835
-0.00615941, -0.464573, 0.0351704
-0.0168698, -0.494461, 0.0347349
stamp: 2179000000
0.460201, -0.022445, 0.0362226
0.00862638, -0.0395706, 0.0343839
-0.0244295, -0.0178944, 0.0361458
0.0158088, -0.0129592, 0.034416
0.0231835, -0.495112, 0.0307341
-0.00748169, -0.519546, 0.0328824
-0.00616043, -0.464567, 0.0351682
-0.0168673, -0.494466, 0.0347325
stamp: 2189000000
0.460224, -0.0224655, 0.0362057
0.00862576, -0.0395716, 0.0344088
-0.0244301, -0.0178864, 0.0361413
0.0158118, -0.0129576, 0.0344189
0.0231884, -0.495113, 0.0307401
-0.00751242, -0.519527, 0.0329279
-0.00615277, -0.464564, 0.0351744
-0.0168733, -0.494471, 0.0347264
stamp: 2199000000
0.460227, -0.0224615, 0.0361816
0.00862832, -0.0395662, 0.0344092
-0.0243791, -0.0178671, 0.0360311
0.0158062, -0.0129594, 0.0344152
0.0231817, -0.495119, 0.0307491
-0.00748764, -0.519539, 0.032877
-0.00615814, -0.464572, 0.0351685
-0.0168705, -0.494465, 0.0347292
stamp: 2209000000
0.460217, -0.0224599, 0.0362036
0.00862524, -0.039573, 0.0343946
-0.0244202, -0.0178957, 0.0360866
0.015806, -0.0129566, 0.0344237
0.0231882, -0.495113, 0.0307388
-0.00751154, -0.519531, 0.0329411
-0.00615852, -0.464575, 0.0351691
-0.016875, -0.494467, 0.0347263
stamp: 2219000000
0.460223, -0.0224547, 0.0362003
0.00863212, -0.0395655, 0.034401
-0.0244214, -0.0178915, 0.03615
0.0158025, -0.0129579, 0.0344347
0.0231896, -0.495116, 0.0307359
-0.00748033, -0.519548, 0.0328741
-0.0061589, -0.464572, 0.0351767
-0.0168753, -0.494467, 0.034739
stamp: 2230000000
0.460225, -0.0224697, 0.0361961
0.00862498, -0.0395693, 0.0344034
-0.0244267, -0.0178933, 0.0361429
0.0158124, -0.0130157, 0.0343626
0.023184, -0.495118, 0.0307422
-0.00747851, -0.519543, 0.0328884
-0.00615954, -0.464572, 0.0351565
-0.0168675, -0.494462, 0.0347383
stamp: 2239000000
0.460225, -0.0224765, 0.0361969
0.00862891, -0.0395735, 0.0343963
-0.0244165, -0.0178899, 0.0361068
0.0158074, -0.0129625, 0.0344203
0.0231834, -0.495113, 0.0307333
-0.00747114, -0.519538, 0.0328854
-0.00616188, -0.464571, 0.0351657
-0.0168728, -0.494466, 0.0347463
stamp: 2250000000
0.460225, -0.0224588, 0.0361993
0.00862774, -0.0395745, 0.0343959
-0.0244712, -0.017941, 0.0362209
0.0158101, -0.0129627, 0.0344235
0.023188, -0.495121, 0.0307443
-0.00747888, -0.519546, 0.0328802
-0.00615065, -0.464576, 0.0351731
-0.0168719, -0.494469, 0.034732
stamp: 2259000000
0.460223, -0.0224578, 0.036206
0.00862532, -0.039568, 0.0344043
-0.0244736, -0.017937, 0.0362095
0.0158064, -0.0129612, 0.0344243
0.0231936, -0.495118, 0.0307411
-0.00747738, -0.519542, 0.0328873
-0.00616213, -0.464583, 0.0351695
-0.016879, -0.494468, 0.034714
stamp: 2269000000
0.460121, -0.0224096, 0.0363049
0.00861965, -0.039569, 0.034397
-0.0244702, -0.017939, 0.0362177
0.0158179, -0.0130166, 0.0343594
0.0231858, -0.495117, 0.030741
-0.00748256, -0.51954, 0.0328758
-0.00615564, -0.464562, 0.0351636
-0.0168711, -0.494461, 0.0347219
stamp: 2279000000
0.460203, -0.0224346, 0.036224
0.00862717, -0.0395716, 0.0343986
-0.024471, -0.0179405, 0.0362171
0.0158116, -0.0130265, 0.0343618
0.0231914, -0.495113, 0.0307441
-0.00747115, -0.519544, 0.032887
-0.00615135, -0.464567, 0.0351728
-0.0168668, -0.494457, 0.0347292
stamp: 2289000000
0.460226, -0.0224624, 0.0361864
0.00863129, -0.0395753, 0.0344015
-0.0244747, -0.0179396, 0.0362116
0.0158115, -0.0129614, 0.0344156
0.0231859, -0.49511, 0.0307409
-0.00747415, -0.519539, 0.0328868
-0.00615897, -0.46457, 0.0351785
-0.0168664, -0.494458, 0.0347311
stamp: 2300000000
0.46012, -0.0224075, 0.0363072
0.00863501, -0.0395686, 0.034406
-0.024473, -0.017937, 0.0362138
0.0158193, -0.0130123, 0.0343862
0.0231936, -0.495113, 0.0307465
-0.00748384, -0.519544, 0.0328823
-0.00615675, -0.464568, 0.0351704
-0.016872, -0.494468, 0.0347336
stamp: 2309000000
0.4602, -0.0224367, 0.0362282
0.00863407, -0.0395682, 0.0343953
-0.0244311, -0.0178877, 0.0361418
0.0158162, -0.0130217, 0.0343736
0.0231942, -0.495111, 0.030738
-0.00748611, -0.519543, 0.0328682
-0.00615216, -0.464563, 0.0351625
-0.0168715, -0.494467, 0.0347243
stamp: 2319000000
0.460226, -0.0224633, 0.0361756
0.00862661, -0.0395726, 0.0343983
-0.0244748, -0.0179355, 0.0362111
0.01581, -0.0130092, 0.0343617
0.0231833, -0.495106, 0.0307262
-0.00748194, -0.519545, 0.0328814
-0.00616257, -0.464568, 0.0351646
-0.0168735, -0.494464, 0.0347122
stamp: 2329000000
0.460227, -0.0224754, 0.0361866
0.00862133, -0.0395697, 0.0344002
-0.0244655, -0.0179405, 0.036215
0.0158115, -0.0130239, 0.034377
0.0231923, -0.495112, 0.0307417
-0.00751434, -0.519379, 0.0327115
-0.00616433, -0.464574, 0.0351636
-0.0168687, -0.494467, 0.0347193
stamp: 2339000000
0.460224, -0.0224556, 0.0361943
0.00862884, -0.0395722, 0.0343976
-0.0244688, -0.0179372, 0.0362139
0.0158097, -0.012965, 0.0344192
0.023187, -0.495109, 0.0307354
-0.00749497, -0.519533, 0.0328527
-0.00615869, -0.464569, 0.0351684
-0.0168716, -0.494469, 0.0347285
stamp: 2350000000
0.460114, -0.0224085, 0.0363088
0.0086349, -0.0395646, 0.0344033
-0.0244337, -0.0178908, 0.0361476
0.0158128, -0.01302, 0.0343707
0.0231854, -0.495106, 0.0307371
-0.00747926, -0.519547, 0.032898
-0.00615141, -0.464576, 0.0351814
-0.0168745, -0.494462, 0.034721
stamp: 2359000000
0.460197, -0.02244, 0.0362322
0.00862602, -0.0395761, 0.0344036
-0.0244747, -0.0179345, 0.0362128
0.0158207, -0.0130238, 0.0343765
0.0231916, -0.495114, 0.0307501
-0.00747291, -0.519544, 0.0328972
-0.00615905, -0.464568, 0.0351673
-0.0168706, -0.494465, 0.0347367
stamp: 2369000000
0.460229, -0.0224756, 0.0361893
0.00862419, -0.0395691, 0.0344095
-0.0244672, -0.0179378, 0.0362159
0.0158188, -0.0130237, 0.0343755
0.0231891, -0.49511, 0.0307422
-0.00748659, -0.519547, 0.0328879
-0.00615365, -0.464566, 0.0351659
-0.016869, -0.494467, 0.0347255
stamp: 2379000000
0.460225, -0.0224664, 0.0361848
0.00862384, -0.0395674, 0.034397
-0.0244303, -0.0178874, 0.0361348
0.0158134, -0.0130173, 0.0343683
0.0231948, -0.495113, 0.0307447
-0.00747686, -0.519548, 0.0328873
-0.00615459, -0.464572, 0.0351678
-0.0168754, -0.494462, 0.0347277
stamp: 2389000000
0.460224, -0.0224588, 0.0361879
0.00862421, -0.0395759, 0.0343988
-0.0244768, -0.0179356, 0.0362107
0.0158132, -0.0130192, 0.0343705
0.0231879, -0.495115, 0.0307382
-0.00747495, -0.519539, 0.0328854
-0.0061616, -0.464574, 0.0351659
-0.0168689, -0.494466, 0.0347201
stamp: 2400000000
0.46022, -0.0224596, 0.036194
0.00863329, -0.039571, 0.0343997
-0.0244291, -0.0178904, 0.036144
0.0158076, -0.0129593, 0.0344204
0.0231869, -0.495112, 0.0307399
-0.00748078, -0.519539, 0.0328917
-0.00615348, -0.464565, 0.0351685
-0.0168695, -0.494468, 0.034728
stamp: 2409000000
0.460229, -0.0224602, 0.0362042
0.0086337, -0.0395684, 0.0344005
-0.0244246, -0.0179027, 0.0361379
0.0158168, -0.0130209, 0.0343747
0.0231895, -0.495116, 0.0307422
-0.00747467, -0.519544, 0.0328931
-0.006161, -0.464577, 0.0351692
-0.0168725, -0.494469, 0.0347376
stamp: 2419000000
0.460214, -0.0224607, 0.0361886
0.00862624, -0.0395692, 0.0344068
-0.0244297, -0.0178927, 0.0361349
0.0158077, -0.0129612, 0.0344263
0.0231887, -0.49511, 0.0307506
-0.0074793, -0.51954, 0.032873
-0.00616184, -0.464573, 0.0351647
-0.0168732, -0.494458, 0.0347314
stamp: 2429000000
0.460121, -0.0223969, 0.0363208
0.00863062, -0.0395664, 0.0344079
-0.0244278, -0.0178925, 0.0361419
0.015805, -0.0129584, 0.0344265
0.023194, -0.495115, 0.0307383
-0.00747942, -0.519546, 0.0328939
-0.00616005, -0.46457, 0.0351719
-0.0168815, -0.494455, 0.0347232
stamp: 2439000000
0.460201, -0.022429, 0.0362275
0.00862604, -0.0395733, 0.0343993
-0.0244277, -0.0178961, 0.0361476
0.0158104, -0.0129599, 0.0344288
0.0231894, -0.495112, 0.0307363
-0.00755129, -0.519371, 0.0327626
-0.00614906, -0.46457, 0.0351712
-0.0168732, -0.494466, 0.0347339
stamp: 2450000000
0.460226, -0.0224648, 0.0361898
0.00863035, -0.0395691, 0.0344116
-0.0244728, -0.0179359, 0.0362175
0.0158154, -0.0130176, 0.0343746
0.0231918, -0.495118, 0.0307323
-0.00749486, -0.51954, 0.032861
-0.00615864, -0.46458, 0.0351688
-0.0168711, -0.494463, 0.0347397
stamp: 2459000000
0.460221, -0.0224653, 0.0361865
0.00863543, -0.0395749, 0.0343975
-0.0243788, -0.0178676, 0.0360429
0.0158152, -0.013026, 0.0343697
0.0231879, -0.495113, 0.0307423
-0.00750038, -0.51953, 0.0329405
-0.00616222, -0.464577, 0.0351656
-0.0168671, -0.494461, 0.0347323
stamp: 2469000000
0.46022, -0.0224652, 0.0361939
0.00863153, -0.0395705, 0.0343994
-0.0244577, -0.0179311, 0.0362022
0.015812, -0.0130206, 0.0343598
0.0231931, -0.495114, 0.0307422
-0.00747519, -0.51955, 0.0328824
-0.00615869, -0.464574, 0.035168
-0.0168759, -0.494466, 0.0347332
stamp: 2479000000
0.460224, -0.022457, 0.0361748
0.00862161, -0.0395671, 0.0343928
-0.0244807, -0.0179424, 0.0362134
0.0158158, -0.0130198, 0.0343755
0.0231876, -0.495119, 0.0307365
-0.00747791, -0.519538, 0.0328914
-0.00616242, -0.464576, 0.0351737
-0.016869, -0.494461, 0.0347251
stamp: 2489000000
0.46022, -0.0224645, 0.036199
0.0086259, -0.0395665, 0.0343957
-0.0244681, -0.0179407, 0.0362102
0.0158102, -0.0129616, 0.0344193
0.0231906, -0.49511, 0.0307381
-0.0074781, -0.51954, 0.032885
-0.00616104, -0.464569, 0.0351767
-0.0168725, -0.494467, 0.0347277
stamp: 2500000000
0.460214, -0.0224596, 0.0361932
0.00863045, -0.039567, 0.034406
-0.024431, -0.0178916, 0.0361426
0.0158208, -0.0130184, 0.0343823
0.023188, -0.495116, 0.0307364
-0.00748195, -0.51954, 0.0328777
-0.00615622, -0.46457, 0.0351699
-0.0168686, -0.494466, 0.0347354
stamp: 2509000000
0.46022, -0.0224531, 0.0362046
0.00863257, -0.0395639, 0.0344134
-0.0244743, -0.0179366, 0.0362131
0.015808, -0.012958, 0.0344151
0.0231886, -0.495112, 0.0307406
-0.00747569, -0.519544, 0.0328992
-0.00616021, -0.464557, 0.0351686
-0.016873, -0.494465, 0.034745
stamp: 2520000000
0.460216, -0.0224543, 0.0362032
0.00863462, -0.0395698, 0.0343955
-0.024478, -0.0179365, 0.0362096
0.0158066, -0.0129575, 0.0344094
0.0231879, -0.495111, 0.0307418
-0.00748096, -0.519546, 0.0328853
-0.00614606, -0.464564, 0.0351606
-0.0168727, -0.494465, 0.0347372
stamp: 2529000000
0.460123, -0.0224061, 0.0363074
0.0086322, -0.0395706, 0.0343914
-0.0244781, -0.0179401, 0.0362115
0.0158168, -0.0130132, 0.0343673
0.0232, -0.495113, 0.0307424
-0.00747296, -0.519542, 0.032892
-0.00615567, -0.464571, 0.0351663
-0.0168637, -0.494456, 0.0347215
stamp: 2539000000
0.460194, -0.0224378, 0.0362286
0.00862764, -0.0395625, 0.0343934
-0.0244704, -0.017936, 0.0362149
0.0158152, -0.0130186, 0.0343688
0.0231864, -0.495113, 0.0307452
-0.00747297, -0.519545, 0.032886
-0.00616188, -0.464573, 0.035171
-0.0168813, -0.494458, 0.0347371
stamp: 2550000000
0.460223, -0.0224547, 0.0361963
0.00862721, -0.0395684, 0.0344031
-0.0244708, -0.0179406, 0.0362128
0.0158122, -0.0130198, 0.0343675
0.0231882, -0.495105, 0.0307386
-0.00747606, -0.519542, 0.0328887
-0.00615853, -0.46457, 0.0351626
-0.0168753, -0.494457, 0.0347291
stamp: 2559000000
0.460228, -0.0224635, 0.0361971
0.00862814, -0.0395667, 0.0344001
-0.0244281, -0.0178979, 0.0361484
0.0158091, -0.0130134, 0.0343747
0.0231881, -0.495118, 0.0307416
-0.00750356, -0.519533, 0.0329329
-0.00616803, -0.464573, 0.0351679
-0.0168727, -0.494466, 0.0347344
stamp: 2569000000
0.460218, -0.0224622, 0.0362044
0.00863213, -0.0395684, 0.0344015
-0.0244247, -0.0178952, 0.0361421
0.0158111, -0.0129527, 0.0344229
0.0231879, -0.495117, 0.030741
-0.00748297, -0.519545, 0.032878
-0.00615704, -0.464566, 0.0351644
-0.0168662, -0.494468, 0.0347395
stamp: 2579000000
0.460225, -0.0224644, 0.0362004
0.00862419, -0.0395632, 0.0343964
-0.0244767, -0.017937, 0.0362077
0.0158087, -0.0130125, 0.0343705
0.0231794, -0.495109, 0.0307284
-0.00747996, -0.519551, 0.0328967
-0.00615715, -0.464571, 0.0351699
-0.0168669, -0.494466, 0.0347323
stamp: 2589000000
0.460228, -0.0224518, 0.0361905
0.00863365, -0.0395647, 0.0344033
-0.0244259, -0.0179013, 0.036121
0.0158237, -0.0130231, 0.0343683
0.02319, -0.495114, 0.0307325
-0.00747696, -0.519544, 0.0328861
-0.00616263, -0.464566, 0.0351664
-0.0168791, -0.494463, 0.0347266
stamp: 2600000000
0.460223, -0.0224571, 0.0362014
0.00862574, -0.0395665, 0.0343966
-0.0244685, -0.0179362, 0.0362125
0.0158125, -0.0130216, 0.0343692
0.0231978, -0.49512, 0.03075
-0.00747506, -0.519543, 0.032882
-0.00615653, -0.464577, 0.0351789
-0.0168805, -0.494465, 0.0347256
stamp: 2609000000
0.460227, -0.0224659, 0.036193
0.00863151, -0.0395675, 0.034404
-0.0244756, -0.017933, 0.0362174
0.015812, -0.0130249, 0.0343654
0.023201, -0.495118, 0.0307386
-0.00747807, -0.519539, 0.0328797
-0.00615344, -0.464575, 0.0351717
-0.0168705, -0.494471, 0.0347403
stamp: 2619000000
0.460222, -0.0224632, 0.0361858
0.00863609, -0.0395788, 0.0344041
-0.0244773, -0.0179359, 0.0362069
0.0158153, -0.0130271, 0.0343684
0.0232005, -0.495123, 0.0307488
-0.00747588, -0.51954, 0.0328809
-0.00616109, -0.464579, 0.0351697
-0.0168682, -0.49446, 0.0347308
stamp: 2629000000
0.460218, -0.0224565, 0.0361989
0.00863174, -0.0395726, 0.0344025
-0.0244309, -0.0178916, 0.0361345
0.0158105, -0.0130183, 0.0343696
0.0231893, -0.495112, 0.0307399
-0.0075082, -0.519534, 0.0329285
-0.00615492, -0.464567, 0.0351778
-0.0168681, -0.494463, 0.034739
stamp: 2639000000
0.460219, -0.0224634, 0.0361887
0.00863121, -0.0395723, 0.0343997
-0.0244695, -0.0179362, 0.0362071
0.0158119, -0.0130271, 0.0343709
0.0231915, -0.495119, 0.030749
-0.00748076, -0.519551, 0.0328836
-0.00616273, -0.464579, 0.0351771
-0.0168702, -0.49446, 0.0347421
stamp: 2649000000
0.460123, -0.0224132, 0.0363016
0.00862636, -0.0395745, 0.0343962
-0.0244307, -0.0178947, 0.0361408
0.0158097, -0.0129601, 0.0344152
0.023191, -0.495115, 0.0307452
-0.00747545, -0.519541, 0.0328716
-0.00616013, -0.464571, 0.0351808
-0.016879, -0.494472, 0.034731
stamp: 2659000000
0.460198, -0.0224367, 0.0362307
0.00862819, -0.0395688, 0.0344085
-0.0244171, -0.0178915, 0.0361385
0.0158222, -0.0130225, 0.0343796
0.0231858, -0.495114, 0.0307418
-0.00747826, -0.519547, 0.0328768
-0.00616629, -0.464573, 0.0351704
-0.0168696, -0.494474, 0.0347271
stamp: 2669000000
0.46013, -0.0224232, 0.0362994
0.00863309, -0.0395724, 0.0343967
-0.0244255, -0.0178982, 0.0361426
0.0158134, -0.0129661, 0.0344252
0.0231875, -0.495115, 0.0307261
-0.00750729, -0.51953, 0.0329306
-0.0061597, -0.464567, 0.0351692
-0.0168658, -0.494465, 0.0347263
stamp: 2679000000
0.460208, -0.0224493, 0.0362
0.00862878, -0.0395713, 0.0343989
-0.024424, -0.0178964, 0.036135
0.015815, -0.0130154, 0.0343819
0.0231882, -0.495109, 0.0307352
-0.00747583, -0.519545, 0.0328894
-0.00615493, -0.464572, 0.0351709
-0.0168612, -0.494469, 0.0347324
stamp: 2689000000
0.460232, -0.0224795, 0.0361809
0.00862547, -0.0395746, 0.0344096
-0.0244755, -0.0179376, 0.0362105
0.015815, -0.0130152, 0.0343653
0.0231831, -0.495114, 0.0307442
-0.00747609, -0.519538, 0.032879
-0.00615979, -0.464574, 0.0351711
-0.0168705, -0.494459, 0.0347487
stamp: 2700000000
0.460218, -0.0224653, 0.0361776
0.00862159, -0.0395735, 0.0343949
-0.0244728, -0.0179457, 0.0362215
0.0158035, -0.0129526, 0.0344281
0.0231869, -0.495119, 0.030747
-0.00748283, -0.519546, 0.0328753
-0.00615604, -0.464577, 0.0351748
-0.016871, -0.494463, 0.034735
stamp: 2710000000
0.46022, -0.0224644, 0.0362057
0.0086279, -0.0395692, 0.0343997
-0.0244671, -0.0179394, 0.0362121
0.0158077, -0.0129532, 0.0344248
0.0231857, -0.495114, 0.0307299
-0.00748481, -0.519545, 0.0328826
-0.00615996, -0.464574, 0.0351664
-0.0168704, -0.49446, 0.034742
stamp: 2719000000
0.460223, -0.0224499, 0.0361867
0.00863124, -0.0395677, 0.0344009
-0.0244336, -0.0178868, 0.0361388
0.0158192, -0.013014, 0.0343671
0.0231868, -0.495114, 0.0307319
-0.00748132, -0.519548, 0.0328776
-0.00615729, -0.464578, 0.0351612
-0.0168728, -0.494463, 0.0347309
stamp: 2729000000
0.46022, -0.0224564, 0.0361858
0.00861991, -0.0395644, 0.034399
-0.0244244, -0.0178913, 0.0361363
0.0158171, -0.013017, 0.0343644
0.0231864, -0.495111, 0.0307306
-0.00747643, -0.519539, 0.032883
-0.00616419, -0.464569, 0.0351669
-0.0168648, -0.49447, 0.0347282
stamp: 2739000000
0.460224, -0.0224618, 0.0361882
0.0086245, -0.0395732, 0.0344078
-0.0244238, -0.017895, 0.0361415
0.0158029, -0.0129583, 0.034412
0.023181, -0.495115, 0.0307287
-0.00751873, -0.519383, 0.0327065
-0.0061632, -0.464577, 0.0351778
-0.0168747, -0.494463, 0.034733
stamp: 2749000000
0.460219, -0.0224605, 0.0361993
0.008628, -0.0395724, 0.034402
-0.0244296, -0.0178989, 0.0361426
0.0158083, -0.013016, 0.0343653
0.0231891, -0.495108, 0.0307241
-0.00749818, -0.519539, 0.0328587
-0.00616113, -0.464572, 0.0351679
-0.0168723, -0.494468, 0.0347267
stamp: 2759000000
0.460213, -0.0224613, 0.0361827
0.00862719, -0.0395704, 0.0344061
-0.0244325, -0.0178904, 0.0361442
0.0158207, -0.0130188, 0.0343666
0.0231839, -0.495109, 0.0307349
-0.00747754, -0.519552, 0.0328881
-0.00616252, -0.464569, 0.0351593
-0.0168745, -0.494471, 0.0347345
stamp: 2769000000
0.460219, -0.0224598, 0.0362024
0.00862752, -0.0395721, 0.0343998
-0.0243795, -0.0178607, 0.0360303
0.0158172, -0.0130159, 0.0343659
0.0231867, -0.495116, 0.0307363
-0.00750615, -0.519536, 0.032944
-0.00616149, -0.464569, 0.0351658
-0.0168807, -0.494469, 0.0347326
stamp: 2779000000
0.460215, -0.0224588, 0.0361905
0.00863493, -0.0395672, 0.0344028
-0.024468, -0.0179332, 0.0362009
0.015813, -0.0129591, 0.0344216
0.0231906, -0.495102, 0.03073
-0.00748381, -0.519543, 0.0328788
-0.00615946, -0.464571, 0.0351679
-0.0168741, -0.494464, 0.03472
stamp: 2789000000
0.460228, -0.0224653, 0.0361936
0.00863216, -0.039572, 0.0344026
-0.0244376, -0.0178924, 0.0361399
0.0158129, -0.0130134, 0.0343651
0.0231849, -0.495109, 0.0307354
-0.00748349, -0.519544, 0.0328791
-0.0061581, -0.464572, 0.0351644
-0.0168689, -0.494467, 0.0347277
stamp: 2800000000
0.460217, -0.0224722, 0.0361808
0.00863123, -0.0395644, 0.0343988
-0.0244753, -0.017938, 0.0362007
0.0158133, -0.0130191, 0.0343693
0.0231871, -0.495118, 0.0307428
-0.00752942, -0.519373, 0.0327045
-0.00616365, -0.464565, 0.0351568
-0.0168756, -0.49446, 0.0347238
stamp: 2809000000
0.460225, -0.0224553, 0.0361917
0.00862768, -0.0395697, 0.0344038
-0.0244225, -0.0179021, 0.0361104
0.0158186, -0.0130204, 0.0343706
0.0231921, -0.495118, 0.0307418
-0.0074884, -0.519537, 0.0328594
-0.00616948, -0.464568, 0.0351584
-0.0168654, -0.494464, 0.034714
stamp: 2819000000
0.460221, -0.0224607, 0.0361764
0.00862987, -0.0395687, 0.0344034
-0.02442, -0.0178931, 0.0361366
0.0158101, -0.0129624, 0.03442
0.0231857, -0.495115, 0.0307422
-0.00751279, -0.519395, 0.03272
-0.00615591, -0.464565, 0.0351676
-0.0168706, -0.494469, 0.0347328
stamp: 2830000000
0.46022, -0.022467, 0.0361927
0.0086233, -0.0395741, 0.0343957
-0.024475, -0.0179386, 0.0362124
0.0158138, -0.0130156, 0.0343742
0.0231924, -0.495118, 0.0307485
-0.00751822, -0.519531, 0.0329164
-0.00615659, -0.464574, 0.0351707
-0.0168738, -0.494459, 0.0347269
stamp: 2839000000
0.460224, -0.0224676, 0.0361967
0.00862561, -0.0395705, 0.0344006
-0.024473, -0.0179372, 0.0362251
0.0158197, -0.013022, 0.0343733
0.0231894, -0.495117, 0.0307441
-0.00748857, -0.51955, 0.0328929
-0.0061612, -0.464572, 0.0351627
-0.0168756, -0.494462, 0.0347255
stamp: 2849000000
0.460222, -0.0224687, 0.0361921
0.00862345, -0.0395714, 0.0343985
-0.0244318, -0.0178972, 0.0361402
0.0158172, -0.0130146, 0.0343578
0.0231941, -0.495113, 0.0307402
-0.00748527, -0.519543, 0.0328764
-0.00615898, -0.464576, 0.0351695
-0.0168774, -0.494467, 0.0347271
stamp: 2860000000
0.460224, -0.0224649, 0.0361944
0.00863506, -0.0395662, 0.034406
-0.0244682, -0.0179411, 0.0362094
0.0158208, -0.013024, 0.034377
0.0231908, -0.495112, 0.0307325
-0.00748053, -0.519542, 0.032888
-0.00615547, -0.464575, 0.0351699
-0.0168704, -0.494469, 0.0347386
stamp: 2869000000
0.460221, -0.0224573, 0.0361873
0.00862622, -0.0395696, 0.0343979
-0.0244356, -0.0178883, 0.0361426
0.0158116, -0.013022, 0.0343617
0.0231896, -0.495115, 0.0307478
-0.00747894, -0.51955, 0.0328784
-0.00616393, -0.464571, 0.0351687
-0.0168697, -0.494457, 0.0347339
stamp: 2879000000
0.460224, -0.0224521, 0.0361964
0.00862672, -0.0395712, 0.0343972
-0.0244732, -0.0179354, 0.0362086
0.0158209, -0.0130201, 0.0343653
0.0231842, -0.495116, 0.0307374
-0.00747834, -0.51955, 0.0328935
-0.0061606, -0.464566, 0.035163
-0.0168672, -0.494461, 0.0347299
stamp: 2889000000
0.460227, -0.022454, 0.0362018
0.00862763, -0.0395785, 0.0344025
-0.0244781, -0.0179388, 0.036215
0.0158039, -0.0129643, 0.0344219
0.023188, -0.495121, 0.0307514
-0.00748038, -0.519544, 0.0328896
-0.0061591, -0.464568, 0.0351633
-0.0168753, -0.494461, 0.0347264
stamp: 2900000000
0.460215, -0.0224581, 0.0361806
0.00862305, -0.039566, 0.0343992
-0.0244674, -0.017934, 0.0362119
0.0158009, -0.0129567, 0.0344219
0.0231967, -0.495117, 0.0307373
-0.00748286, -0.51954, 0.0328804
-0.00615241, -0.464566, 0.0351673
-0.0168666, -0.49446, 0.0347325
stamp: 2909000000
0.46022, -0.0224665, 0.0361963
0.00862413, -0.0395662, 0.0343956
-0.0244314, -0.0178898, 0.0361396
0.0158216, -0.0130193, 0.0343725
0.0231888, -0.495115, 0.0307453
-0.0074816, -0.519545, 0.0328759
-0.00616394, -0.464576, 0.0351663
-0.0168665, -0.494462, 0.034734
stamp: 2919000000
0.460226, -0.0224669, 0.0361949
0.00863168, -0.0395688, 0.034403
-0.0244272, -0.0178926, 0.0361387
0.0158045, -0.0129506, 0.0344135
0.0231881, -0.495121, 0.030741
-0.00748279, -0.519543, 0.0328753
-0.00615855, -0.464565, 0.0351593
-0.0168718, -0.494468, 0.0347317
stamp: 2929000000
0.460218, -0.0224587, 0.0361925
0.00862762, -0.0395609, 0.034402
-0.0244649, -0.0179413, 0.0362156
0.0158156, -0.013014, 0.0343654
0.0231864, -0.495109, 0.0307436
-0.00748239, -0.519545, 0.032874
-0.00615428, -0.464565, 0.0351669
-0.0168648, -0.494468, 0.0347226
stamp: 2939000000
0.460218, -0.0224604, 0.036186
0.00862579, -0.039567, 0.0343986
-0.0244761, -0.0179364, 0.0362154
0.0158026, -0.0129508, 0.0344227
0.0231887, -0.495113, 0.0307426
-0.00748013, -0.519542, 0.0328836
-0.0061634, -0.464573, 0.0351736
-0.0168719, -0.494459, 0.0347241
stamp: 2949000000
0.460216, -0.0224666, 0.0361844
0.00862777, -0.0395733, 0.0343967
-0.0244768, -0.0179396, 0.0362167
0.0158144, -0.0130185, 0.0343684
0.0231938, -0.495117, 0.0307391
-0.00748017, -0.519546, 0.0328925
-0.00616171, -0.464573, 0.0351746
-0.016882, -0.494465, 0.0347202
stamp: 2959000000
0.460219, -0.022456, 0.0362031
0.00862617, -0.039566, 0.034406
-0.02448, -0.0179379, 0.0362191
0.0158148, -0.0130187, 0.0343685
0.0231852, -0.49511, 0.0307391
-0.00750347, -0.519528, 0.0329386
-0.00615339, -0.46457, 0.03518
-0.0168791, -0.494463, 0.0347172
stamp: 2969000000
0.460226, -0.0224681, 0.0361966
0.0086177, -0.0395652, 0.0343975
-0.0244022, -0.0179799, 0.0361061
0.0158183, -0.0130187, 0.034373
0.0231897, -0.495117, 0.03074
-0.00747796, -0.519542, 0.0328893
-0.00615486, -0.464562, 0.0351551
-0.0168797, -0.494464, 0.0347382
stamp: 2979000000
0.460224, -0.022468, 0.0361937
0.00863465, -0.0395707, 0.0343979
-0.024464, -0.0179455, 0.036212
0.0158121, -0.0130216, 0.0343564
0.0231932, -0.495115, 0.0307282
-0.00747239, -0.519553, 0.0328838
-0.0061605, -0.464571, 0.0351665
-0.0168696, -0.494467, 0.0347289
stamp: 2989000000
0.460229, -0.0224617, 0.0361936
0.00863326, -0.0395696, 0.0344031
-0.024432, -0.0178857, 0.0361327
0.0158155, -0.0130208, 0.034368
0.0231868, -0.495111, 0.0307415
-0.00747947, -0.519548, 0.0328886
-0.00615934, -0.464572, 0.0351618
-0.0168674, -0.494472, 0.0347293
stamp: 2999000000
0.460226, -0.0224623, 0.0362027
0.00863182, -0.0395643, 0.0344047
-0.0244739, -0.0179279, 0.0362032
0.0157882, -0.0130346, 0.0343891
0.0231944, -0.495107, 0.0307407
-0.00747945, -0.519542, 0.0328807
-0.00615186, -0.46457, 0.0351695
-0.0168738, -0.494474, 0.0347369
stamp: 3009000000
0.460221, -0.0224622, 0.0362014
0.00862061, -0.0395691, 0.0344003
-0.0244272, -0.017901, 0.0361088
0.0158118, -0.0130177, 0.0343614
0.0231851, -0.495111, 0.0307371
-0.00747558, -0.519541, 0.03289
-0.00615503, -0.464573, 0.0351764
-0.0168724, -0.49446, 0.034727
stamp: 3019000000
0.460224, -0.0224599, 0.0361973
0.00863026, -0.0395686, 0.0344091
-0.0244672, -0.0179329, 0.0362074
0.0158124, -0.0130153, 0.0343777
0.0231909, -0.495113, 0.0307465
-0.00747949, -0.519546, 0.0328855
-0.00615491, -0.464569, 0.035167
-0.0168666, -0.494469, 0.0347374
stamp: 3029000000
0.460219, -0.0224621, 0.0361801
0.0086324, -0.0395672, 0.0343957
-0.0244359, -0.017891, 0.0361439
0.015804, -0.0129575, 0.0344175
0.0231904, -0.495112, 0.0307403
-0.00747632, -0.519547, 0.0328761
-0.0061555, -0.464569, 0.035166
-0.0168763, -0.494469, 0.0347285
stamp: 3039000000
0.460214, -0.0224626, 0.0361798
0.00862287, -0.0395716, 0.0344025
-0.0244739, -0.0179203, 0.036214
0.0158125, -0.0130198, 0.0343587
0.0231927, -0.495109, 0.0307428
-0.00747355, -0.519551, 0.0329039
-0.00615956, -0.464578, 0.0351743
-0.0168691, -0.494456, 0.0347258
stamp: 3050000000
0.460124, -0.0224137, 0.0363104
0.00862885, -0.0395725, 0.0343982
-0.0244678, -0.0179367, 0.0362111
0.0158122, -0.0130184, 0.0343585
0.0231949, -0.495116, 0.0307418
-0.00747889, -0.519549, 0.0328842
-0.0061576, -0.464569, 0.0351623
-0.0168781, -0.494463, 0.0347288
stamp: 3059000000
0.460197, -0.0224381, 0.0362129
0.00862851, -0.0395659, 0.0344037
-0.0244683, -0.0179378, 0.0362124
0.0158134, -0.0130179, 0.03436
0.0231951, -0.495113, 0.0307466
-0.00752336, -0.519391, 0.0327129
-0.00615196, -0.464573, 0.0351722
-0.0168704, -0.494467, 0.0347304
stamp: 3069000000
0.460218, -0.0224638, 0.0361891
0.0086277, -0.0395687, 0.0343986
-0.0244258, -0.0178884, 0.0361357
0.0158161, -0.0130212, 0.0343698
0.0231917, -0.495113, 0.0307411
-0.00748828, -0.519531, 0.0328428
-0.00614912, -0.46457, 0.035163
-0.0168694, -0.494468, 0.0347354
stamp: 3079000000
0.460225, -0.0224586, 0.0361982
0.00862196, -0.0395673, 0.0344048
-0.0244702, -0.0179282, 0.0362075
0.0157985, -0.0129746, 0.0344567
0.0231944, -0.495111, 0.0307459
-0.00751723, -0.519386, 0.0327066
-0.00615862, -0.46456, 0.0351627
-0.0168803, -0.49446, 0.0347366
stamp: 3089000000
0.460217, -0.0224725, 0.0361901
0.00863438, -0.0395678, 0.0343985
-0.0244175, -0.0179044, 0.0361136
0.0158153, -0.0130151, 0.0343628
0.0231907, -0.495103, 0.0307324
-0.00749189, -0.519532, 0.032863
-0.00616009, -0.46457, 0.0351682
-0.0168752, -0.494463, 0.0347255
stamp: 3099000000
0.460222, -0.0224594, 0.0361971
0.00862522, -0.0395727, 0.0343913
-0.0244683, -0.0179425, 0.0362068
0.0158143, -0.0130193, 0.0343661
0.0231863, -0.495102, 0.0307323
-0.00748015, -0.519542, 0.0328911
-0.0061667, -0.464571, 0.0351672
-0.0168709, -0.494457, 0.0347357
stamp: 3109000000
0.460227, -0.0224486, 0.036201
0.00862679, -0.0395705, 0.0344078
-0.0244411, -0.0178938, 0.0361469
0.0158157, -0.0130128, 0.0343658
0.0231911, -0.495115, 0.0307486
-0.00747437, -0.519538, 0.0328914
-0.00615489, -0.464564, 0.0351658
-0.0168685, -0.494464, 0.034725
stamp: 3119000000
0.460219, -0.0224687, 0.0361925
0.0086207, -0.0395651, 0.0344066
-0.0244709, -0.017934, 0.036212
0.0158226, -0.0130203, 0.0343659
0.0231936, -0.495117, 0.0307529
-0.00748571, -0.51954, 0.0328738
-0.00615601, -0.46456, 0.0351601
-0.0168694, -0.494458, 0.0347336
stamp: 3129000000
0.460135, -0.0223927, 0.0363078
0.00862961, -0.0395722, 0.0343966
-0.0244313, -0.0178892, 0.0361423
0.0158171, -0.0129643, 0.0344165
0.0231951, -0.495108, 0.0307337
-0.00748584, -0.519542, 0.0328728
-0.00616057, -0.464564, 0.0351695
-0.0168707, -0.494467, 0.0347162
stamp: 3139000000
0.460194, -0.0224388, 0.0362215
0.00863659, -0.0395692, 0.0343965
-0.0244718, -0.0179344, 0.0362145
0.0157928, -0.0130311, 0.0343953
0.0231903, -0.49512, 0.0307354
-0.00749172, -0.519536, 0.0328844
-0.00615552, -0.464574, 0.0351713
-0.0168767, -0.494469, 0.0347305
stamp: 3149000000
0.460225, -0.0224595, 0.0361953
0.00863155, -0.0395741, 0.0344006
-0.0244168, -0.0178999, 0.0361093
0.0158027, -0.0130343, 0.0344019
0.0231866, -0.495118, 0.030732
-0.00748012, -0.519546, 0.0328995
-0.00616096, -0.464568, 0.035156
-0.0168647, -0.494468, 0.0347388
stamp: 3159000000
0.460216, -0.0224584, 0.0361799
0.00862611, -0.0395722, 0.0344014
-0.0244705, -0.0179353, 0.0362219
0.0158128, -0.0130132, 0.0343546
0.0231963, -0.495121, 0.0307543
-0.00747163, -0.519539, 0.03289
-0.0061654, -0.464572, 0.0351699
-0.0168603, -0.494462, 0.0347265
stamp: 3170000000
0.460125, -0.0224124, 0.0362974
0.00863388, -0.0395753, 0.0344018
-0.0244309, -0.017887, 0.0361516
0.0158215, -0.0130178, 0.0343651
0.0231993, -0.495112, 0.0307424
-0.00747693, -0.519545, 0.0328839
-0.00615741, -0.464564, 0.0351713
-0.0168694, -0.494462, 0.0347391
stamp: 3179000000
0.460205, -0.0224317, 0.0362313
0.00863284, -0.0395647, 0.0344052
-0.0244679, -0.0179375, 0.0362097
0.0158078, -0.0129557, 0.0344188
0.0231882, -0.495111, 0.0307389
-0.00748139, -0.519539, 0.0328811
-0.0061546, -0.464565, 0.0351609
-0.0168639, -0.494462, 0.0347273
stamp: 3189000000
0.460128, -0.0224079, 0.036306
0.00862878, -0.0395678, 0.0343983
-0.0244263, -0.0178956, 0.0361528
0.0158104, -0.0129597, 0.0344132
0.0231903, -0.495114, 0.030755
-0.00747688, -0.519545, 0.0328826
-0.00615531, -0.464574, 0.0351624
-0.016871, -0.49446, 0.0347358
stamp: 3200000000
0.4602, -0.0224357, 0.036214
0.00862666, -0.039566, 0.0344
-0.0244212, -0.0178954, 0.0361396
0.0158148, -0.0130169, 0.0343647
0.0231961, -0.495108, 0.0307436
-0.00747272, -0.519547, 0.0328807
-0.00615442, -0.464572, 0.0351703
-0.0168761, -0.494463, 0.034725
stamp: 3209000000
0.460223, -0.0224719, 0.0361855
0.00862102, -0.0395707, 0.0343986
-0.0244253, -0.017895, 0.0361314
0.0158181, -0.0130169, 0.0343749
0.0231928, -0.495113, 0.0307358
-0.00748157, -0.519552, 0.0328825
-0.00615287, -0.464573, 0.0351625
-0.016871, -0.494466, 0.0347292
stamp: 3219000000
0.460216, -0.0224645, 0.0361897
0.00862286, -0.0395709, 0.0344037
-0.0244291, -0.0178944, 0.0361474
0.0158117, -0.0130184, 0.0343599
0.0231958, -0.495115, 0.0307502
-0.00747819, -0.519547, 0.0328882
-0.00615913, -0.464565, 0.0351695
-0.0168714, -0.494474, 0.0347343
stamp: 3230000000
0.46022, -0.0224538, 0.0362027
0.00862931, -0.0395715, 0.0344053
-0.0244705, -0.0179374, 0.0362082
0.0157969, -0.0129586, 0.0344253
0.0231994, -0.495111, 0.0307467
-0.00747581, -0.519547, 0.0328915
-0.00615695, -0.46457, 0.0351708
-0.0168693, -0.494465, 0.0347379
stamp: 3239000000
0.460223, -0.0224565, 0.0361911
0.00863025, -0.0395673, 0.0343998
-0.024471, -0.0179364, 0.0362094
0.0158124, -0.0130104, 0.0343594
0.0231945, -0.495115, 0.0307454
-0.00747216, -0.519539, 0.0328999
-0.00615693, -0.464572, 0.0351666
-0.0168645, -0.494464, 0.0347338
stamp: 3249000000
0.460223, -0.022452, 0.0361935
0.00862851, -0.0395737, 0.0344047
-0.0244295, -0.0178972, 0.0361369
0.0158142, -0.0130229, 0.0343561
0.023194, -0.495115, 0.0307406
-0.00748338, -0.519548, 0.0328783
-0.00615876, -0.464571, 0.0351682
-0.0168699, -0.494471, 0.034732
stamp: 3259000000
0.460222, -0.0224583, 0.0361841
0.00863144, -0.0395738, 0.03441
-0.024466, -0.0179368, 0.0362122
0.0158195, -0.0130203, 0.0343669
0.0231864, -0.495108, 0.0307373
-0.00747489, -0.519547, 0.0328905
-0.00615574, -0.464568, 0.0351701
-0.0168659, -0.494469, 0.034733
stamp: 3269000000
0.460221, -0.0224524, 0.0361978
0.00863021, -0.0395693, 0.0344003
-0.0244328, -0.0178839, 0.0361319
0.0158089, -0.0130219, 0.0343612
0.023193, -0.495109, 0.0307479
-0.00747803, -0.519537, 0.0328817
-0.0061559, -0.464575, 0.0351701
-0.0168742, -0.494466, 0.0347294
stamp: 3279000000
0.460223, -0.0224578, 0.0361977
0.00862889, -0.0395644, 0.0344049
-0.0244232, -0.017894, 0.0361428
0.0158036, -0.0129631, 0.0344203
0.02319, -0.49511, 0.0307395
-0.00748172, -0.519544, 0.0328724
-0.00615455, -0.464566, 0.0351649
-0.0168753, -0.494467, 0.0347229
stamp: 3289000000
0.460219, -0.0224611, 0.0361884
0.00863302, -0.0395688, 0.0344062
-0.024473, -0.0179305, 0.0362111
0.0158065, -0.0129543, 0.0344215
0.0231973, -0.495115, 0.0307405
-0.00752023, -0.519381, 0.0327112
-0.00615782, -0.464575, 0.0351665
-0.0168685, -0.494458, 0.0347372
stamp: 3300000000
0.460222, -0.0224462, 0.0361958
0.00863046, -0.0395679, 0.0343972
-0.0244734, -0.0179318, 0.0362174
0.015808, -0.0129567, 0.0344131
0.023196, -0.495118, 0.0307434
-0.00749094, -0.519545, 0.0328629
-0.00615479, -0.464569, 0.0351681
-0.016861, -0.494466, 0.0347385
stamp: 3309000000
0.460227, -0.0224563, 0.0361874
0.00862982, -0.0395642, 0.0344066
-0.0243783, -0.0178634, 0.0360293
0.0158126, -0.0129618, 0.034409
0.0231862, -0.495124, 0.0307382
-0.00750497, -0.519531, 0.0329391
-0.00615461, -0.464559, 0.035161
-0.0168657, -0.49446, 0.0347284
stamp: 3319000000
0.46022, -0.0224624, 0.0361857
0.00862715, -0.0395666, 0.034405
-0.0244631, -0.0179271, 0.0362001
0.0158084, -0.0129579, 0.034427
0.0231962, -0.495114, 0.0307411
-0.00747311, -0.519546, 0.0328896
-0.00616017, -0.464569, 0.0351645
-0.0168689, -0.49446, 0.0347101
stamp: 3329000000
0.460218, -0.0224618, 0.0361883
0.00862853, -0.0395694, 0.0343998
-0.024373, -0.0178564, 0.0360377
0.0158145, -0.0130146, 0.0343631
0.0231889, -0.495111, 0.0307348
-0.00747992, -0.519545, 0.0328925
-0.00616002, -0.464572, 0.0351686
-0.0168705, -0.49446, 0.0347297
stamp: 3339000000
0.460223, -0.0224553, 0.0361918
0.00862692, -0.0395682, 0.0343999
-0.024469, -0.0179341, 0.036196
0.0158104, -0.0130189, 0.0343635
0.0231936, -0.495115, 0.0307368
-0.00747332, -0.519551, 0.032882
-0.00615304, -0.464574, 0.0351667
-0.0168778, -0.49447, 0.0347324
stamp: 3349000000
0.460222, -0.0224615, 0.0361906
0.0086264, -0.0395734, 0.0343969
-0.0244331, -0.0178881, 0.0361384
0.0158191, -0.0130232, 0.0343654
0.0231836, -0.495114, 0.0307341
-0.00747496, -0.51954, 0.0328764
-0.00615863, -0.464572, 0.0351698
-0.0168708, -0.494466, 0.0347275
stamp: 3359000000
0.460224, -0.0224544, 0.0361868
0.00862894, -0.0395641, 0.034394
-0.0244207, -0.0178963, 0.0361323
0.0158036, -0.0129562, 0.034418
0.023182, -0.495118, 0.0307248
-0.00747879, -0.519544, 0.0328822
-0.00615728, -0.464572, 0.0351698
-0.0168713, -0.49447, 0.034735
stamp: 3369000000
0.460218, -0.0224533, 0.0361932
0.00862363, -0.0395711, 0.0343967
-0.0244738, -0.0179429, 0.0362137
0.0158148, -0.0130201, 0.0343655
0.0231936, -0.495113, 0.0307428
-0.00747514, -0.519538, 0.0328835
-0.00615849, -0.464575, 0.0351662
-0.0168768, -0.494457, 0.034725
stamp: 3379000000
0.460221, -0.0224653, 0.0361913
0.00862886, -0.03958, 0.0343977
-0.0244771, -0.0179367, 0.0362162
0.0158124, -0.013019, 0.0343609
0.0231903, -0.495102, 0.030732
-0.00747729, -0.519538, 0.032865
-0.00615905, -0.46457, 0.0351656
-0.0168703, -0.494467, 0.0347271
stamp: 3389000000
0.460215, -0.0224699, 0.0361966
0.00862955, -0.039571, 0.0343974
-0.0244758, -0.0179346, 0.0362115
0.015796, -0.013031, 0.0343984
0.0231858, -0.495114, 0.0307319
-0.00747484, -0.519545, 0.0328846
-0.00615679, -0.464573, 0.0351741
-0.0168626, -0.49447, 0.0347242
stamp: 3400000000
0.460209, -0.0224569, 0.0361803
0.00862487, -0.0395702, 0.0344054
-0.0244751, -0.0179349, 0.0362152
0.0158039, -0.0129581, 0.0344155
0.0231985, -0.495109, 0.0307365
-0.00748041, -0.519547, 0.0328801
-0.0061552, -0.464572, 0.0351605
-0.0168732, -0.494462, 0.03472
stamp: 3409000000
0.460215, -0.0224588, 0.0362003
0.008625, -0.0395678, 0.034399
-0.0244327, -0.0178872, 0.0361442
0.0158156, -0.0130252, 0.0343662
0.0231892, -0.495109, 0.0307356
-0.00748619, -0.519546, 0.0328893
-0.00615543, -0.464574, 0.0351622
-0.016868, -0.49446, 0.0347401
stamp: 3419000000
0.460217, -0.022464, 0.036198
0.00862628, -0.0395713, 0.0343991
-0.024424, -0.017895, 0.0361491
0.0158164, -0.0130165, 0.0343674
0.0231997, -0.49512, 0.0307414
-0.0075106, -0.519534, 0.0329345
-0.00615675, -0.464569, 0.0351605
-0.0168727, -0.494466, 0.0347309
stamp: 3430000000
0.460228, -0.0224542, 0.0361944
0.00863542, -0.0395664, 0.0343983
-0.0244248, -0.0178926, 0.0361463
0.0158076, -0.0129542, 0.0344218
0.0231955, -0.495118, 0.0307462
-0.00747938, -0.519543, 0.0328856
-0.00616211, -0.46457, 0.0351746
-0.0168755, -0.494465, 0.0347386
stamp: 3440000000
0.460223, -0.0224579, 0.0361885
0.00862914, -0.0395711, 0.0343954
-0.0244711, -0.0179372, 0.0362151
0.0158238, -0.0130194, 0.0343708
0.0232021, -0.495113, 0.0307459
-0.00747945, -0.519545, 0.0328855
-0.00615624, -0.464564, 0.0351714
-0.0168705, -0.49446, 0.0347151
stamp: 3449000000
0.46013, -0.0224112, 0.0363136
0.00863209, -0.0395702, 0.0343995
-0.0244694, -0.0179367, 0.0362127
0.0158102, -0.0129582, 0.0344083
0.0232009, -0.495113, 0.030755
-0.00747255, -0.519549, 0.0328856
-0.00615472, -0.464567, 0.0351731
-0.0168778, -0.494466, 0.0347231
stamp: 3459000000
0.460204, -0.0224426, 0.036217
0.00862965, -0.0395652, 0.0344038
-0.0244692, -0.0179459, 0.0362213
0.0158122, -0.0129545, 0.0344153
0.0231934, -0.495117, 0.030748
-0.00747849, -0.519541, 0.0328935
-0.00615811, -0.464574, 0.0351617
-0.016871, -0.49446, 0.03473
stamp: 3469000000
0.460234, -0.022467, 0.0361861
0.0086259, -0.0395719, 0.0344027
-0.0244226, -0.0178979, 0.0361409
0.0158145, -0.0130141, 0.0343573
0.0231861, -0.495115, 0.0307415
-0.00748007, -0.519543, 0.0328812
-0.00615511, -0.464569, 0.0351747
-0.0168739, -0.49446, 0.0347247
stamp: 3479000000
0.460219, -0.0224588, 0.0361787
0.00862334, -0.0395695, 0.0344082
-0.0244695, -0.0179327, 0.0362061
0.0158159, -0.0130143, 0.0343676
0.0231853, -0.495117, 0.0307446
-0.00747689, -0.519545, 0.0328768
-0.00615854, -0.464572, 0.0351694
-0.0168687, -0.494469, 0.0347239
stamp: 3489000000
0.46022, -0.0224569, 0.036189
0.00862974, -0.0395776, 0.0343938
-0.0244341, -0.0178871, 0.0361342
0.0158118, -0.0129558, 0.0344169
0.0232022, -0.49511, 0.0307428
-0.00750467, -0.519531, 0.0329378
-0.00615675, -0.464568, 0.0351694
-0.0168761, -0.494457, 0.034727
stamp: 3500000000
0.460228, -0.0224491, 0.0362005
0.00863135, -0.0395686, 0.0343953
-0.0244279, -0.0178904, 0.0361395
0.0157864, -0.0129728, 0.0344443
0.0232016, -0.495116, 0.0307507
-0.00753074, -0.519388, 0.0327048
-0.00615549, -0.464573, 0.03517
-0.0168703, -0.494461, 0.0347319
stamp: 3509000000
0.460222, -0.0224604, 0.0361965
0.00862469, -0.0395738, 0.0343985
-0.024376, -0.0178566, 0.0360384
0.0157892, -0.0129697, 0.0344411
0.0231996, -0.495117, 0.0307434
-0.0074911, -0.519537, 0.0328586
-0.00616405, -0.464569, 0.0351636
-0.0168679, -0.494467, 0.0347267
stamp: 3519000000
0.460217, -0.0224647, 0.0361888
0.00862735, -0.0395651, 0.0343996
-0.0244664, -0.0179274, 0.0362057
0.01582, -0.0130236, 0.0343601
0.0231907, -0.495108, 0.0307469
-0.00746993, -0.51955, 0.032899
-0.00615316, -0.464579, 0.0351692
-0.0168662, -0.494458, 0.0347261
stamp: 3529000000
0.460216, -0.0224581, 0.0361853
0.0086288, -0.039562, 0.0343894
-0.0244394, -0.0178883, 0.0361436
0.0158055, -0.0129581, 0.0344159
0.0231956, -0.495116, 0.0307493
-0.00747669, -0.519544, 0.0328859
-0.00615963, -0.464569, 0.035175
-0.0168671, -0.494461, 0.0347193
stamp: 3539000000
0.460219, -0.0224609, 0.0362029
0.00862478, -0.0395686, 0.0343981
-0.0244755, -0.0179317, 0.0362154
0.0158119, -0.0130212, 0.0343565
0.0231901, -0.495105, 0.0307406
-0.00747496, -0.519535, 0.0328733
-0.00615806, -0.464571, 0.0351667
-0.0168737, -0.494463, 0.0347276
stamp: 3549000000
0.46023, -0.0224564, 0.0361937
0.00862636, -0.0395698, 0.034404
-0.0244744, -0.0179359, 0.036219
0.0158115, -0.0130198, 0.0343554
0.0231901, -0.495107, 0.0307344
-0.00747751, -0.519541, 0.0328852
-0.00615761, -0.464574, 0.0351719
-0.0168659, -0.494466, 0.0347394
stamp: 3559000000
0.460224, -0.0224575, 0.0361914
0.00863177, -0.0395718, 0.0343989
-0.0244693, -0.0179403, 0.0362056
0.0158069, -0.0129544, 0.0344183
0.0231969, -0.495109, 0.0307412
-0.00748274, -0.51955, 0.0328841
-0.00615456, -0.464573, 0.0351765
-0.0168764, -0.494462, 0.0347263
stamp: 3570000000
0.460225, -0.0224483, 0.0361892
0.00863262, -0.039566, 0.0343927
-0.024475, -0.0179439, 0.0362146
0.0158093, -0.0129552, 0.0344271
0.0231977, -0.495107, 0.0307439
-0.00747504, -0.519546, 0.0328807
-0.00615607, -0.464569, 0.0351729
-0.0168746, -0.494462, 0.0347305
stamp: 3579000000
0.460228, -0.0224619, 0.0362022
0.00863077, -0.0395647, 0.034392
-0.0244263, -0.0178942, 0.0361467
0.0158156, -0.0129601, 0.0344193
0.0231914, -0.495114, 0.0307493
-0.00748352, -0.519547, 0.0328817
-0.00616316, -0.464563, 0.0351667
-0.0168686, -0.494468, 0.0347259
stamp: 3589000000
0.460224, -0.0224572, 0.0361934
0.00862646, -0.0395703, 0.0344011
-0.0244142, -0.0178988, 0.0361466
0.0158067, -0.012957, 0.0344272
0.0231964, -0.495123, 0.0307473
-0.00747758, -0.519548, 0.0328797
-0.00615724, -0.464571, 0.03517
-0.0168701, -0.494461, 0.034723
stamp: 3599000000
0.460119, -0.0224182, 0.0363024
0.00862536, -0.0395698, 0.0343972
-0.0244678, -0.0179369, 0.0362139
0.0158098, -0.0130209, 0.0343708
0.0231855, -0.495113, 0.0307412
-0.00747353, -0.519548, 0.0328748
-0.00615597, -0.464568, 0.0351686
-0.0168754, -0.494466, 0.0347278
stamp: 3609000000
0.460193, -0.0224292, 0.0362243
0.00862635, -0.0395775, 0.0343934
-0.0244745, -0.0179407, 0.0362165
0.0158115, -0.0130196, 0.0343555
0.0231973, -0.495115, 0.0307396
-0.0074802, -0.519541, 0.0328729
-0.00615382, -0.464574, 0.0351618
-0.0168775, -0.494465, 0.0347133
stamp: 3619000000
0.460224, -0.02246, 0.0361804
0.00863221, -0.039564, 0.0343973
-0.0244701, -0.0179361, 0.0362212
0.0158225, -0.013019, 0.0343731
0.0231921, -0.495111, 0.0307404
-0.00748189, -0.519551, 0.0328785
-0.00615351, -0.464571, 0.0351581
-0.0168665, -0.494463, 0.0347386
stamp: 3630000000
0.46023, -0.0224659, 0.0361933
0.00863048, -0.039569, 0.0343972
-0.0244645, -0.0179378, 0.036212
0.0158144, -0.0130172, 0.034369
0.0231911, -0.495113, 0.0307387
-0.00748037, -0.519549, 0.0328857
-0.00615429, -0.464569, 0.0351647
-0.0168703, -0.494463, 0.0347293
stamp: 3639000000
0.460225, -0.022471, 0.0361899
0.00862796, -0.0395699, 0.0343991
-0.024469, -0.0179389, 0.0362195
0.0158205, -0.0130239, 0.0343672
0.0231958, -0.495112, 0.0307394
-0.00747824, -0.519549, 0.032892
-0.00615245, -0.46457, 0.0351669
-0.0168689, -0.494466, 0.0347347
stamp: 3649000000
0.460218, -0.0224532, 0.0361981
0.00862835, -0.0395694, 0.0343946
-0.024467, -0.0179413, 0.0362229
0.0158192, -0.01302, 0.0343679
0.0231913, -0.495108, 0.030753
-0.00747982, -0.519539, 0.0328831
-0.00615511, -0.464572, 0.0351722
-0.0168768, -0.494464, 0.0347202
stamp: 3659000000
0.460224, -0.0224627, 0.0362061
0.00862442, -0.0395757, 0.0344003
-0.0244698, -0.0179337, 0.0362037
0.0158151, -0.0130222, 0.0343745
0.0231883, -0.495113, 0.0307371
-0.00748224, -0.519549, 0.0328868
-0.00615941, -0.464571, 0.0351698
-0.0168551, -0.494461, 0.0347371
stamp: 3669000000
0.460216, -0.0224591, 0.0362007
0.00862818, -0.0395698, 0.0344004
-0.0244754, -0.0179361, 0.0362192
0.0158181, -0.013017, 0.0343609
0.0231853, -0.495107, 0.0307267
-0.00747807, -0.519541, 0.0328725
-0.00615588, -0.464567, 0.0351626
-0.0168693, -0.49447, 0.0347306
stamp: 3679000000
0.460224, -0.0224597, 0.0361977
0.00862681, -0.0395777, 0.034405
-0.0244286, -0.0178984, 0.0361419
0.0158223, -0.0130142, 0.0343645
0.023185, -0.495111, 0.0307357
-0.00747734, -0.519542, 0.0328832
-0.00615513, -0.464575, 0.0351744
-0.0168665, -0.494467, 0.0347265
stamp: 3689000000
0.460221, -0.0224554, 0.0361961
0.00862633, -0.0395729, 0.0343949
-0.0244724, -0.0179338, 0.0362058
0.0158107, -0.0130239, 0.0343691
0.0231925, -0.495114, 0.0307436
-0.00748196, -0.519543, 0.0328743
-0.00616298, -0.464578, 0.0351676
-0.0168715, -0.494463, 0.0347264
stamp: 3700000000
0.460222, -0.0224571, 0.0361882
0.00863818, -0.0395724, 0.0344009
-0.0244342, -0.0178942, 0.0361351
0.0158094, -0.0130137, 0.0343687
0.0232036, -0.495114, 0.0307442
-0.0074777, -0.519542, 0.0328772
-0.00616285, -0.464567, 0.0351678
-0.0168734, -0.494465, 0.0347354
stamp: 3709000000
0.460216, -0.0224578, 0.0362068
0.00862562, -0.0395629, 0.0343894
-0.0244708, -0.0179305, 0.0362013
0.0158058, -0.0129615, 0.0344111
0.0231919, -0.495112, 0.0307473
-0.00747534, -0.519543, 0.032891
-0.0061559, -0.464568, 0.0351685
-0.0168669, -0.494465, 0.0347266
stamp: 3719000000
0.460217, -0.0224597, 0.0361871
0.00863323, -0.0395671, 0.0344002
-0.0244292, -0.0178886, 0.0361398
0.0158189, -0.0130168, 0.0343613
0.0231909, -0.495109, 0.030746
-0.00747454, -0.519543, 0.0328928
-0.00615464, -0.464571, 0.035172
-0.0168777, -0.494456, 0.0347209
stamp: 3729000000
0.460222, -0.0224564, 0.0361922
0.00862959, -0.0395697, 0.0343939
-0.0244708, -0.0179328, 0.0362087
0.0158098, -0.0129544, 0.0344202
0.0231909, -0.49511, 0.0307475
-0.00747342, -0.519549, 0.0328868
-0.00615845, -0.464569, 0.0351668
-0.0168693, -0.494467, 0.0347301
stamp: 3739000000
0.46023, -0.0224624, 0.0361862
0.00862308, -0.0395674, 0.0344008
-0.024477, -0.0179309, 0.036207
0.015807, -0.0129554, 0.0344153
0.0231928, -0.49511, 0.0307368
-0.00748282, -0.51955, 0.0328884
-0.00615171, -0.464568, 0.0351623
-0.0168711, -0.494461, 0.0347294
stamp: 3749000000
0.460229, -0.0224617, 0.0361906
0.00863053, -0.0395688, 0.0344062
-0.0244693, -0.017939, 0.0362096
0.0158146, -0.0130206, 0.0343528
0.0231888, -0.495109, 0.0307343
-0.00752417, -0.519381, 0.0327031
-0.00615607, -0.464566, 0.0351653
-0.0168677, -0.494466, 0.0347257
stamp: 3759000000
0.460229, -0.0224637, 0.0361964
0.00863032, -0.0395658, 0.0343863
-0.0244276, -0.0178915, 0.0361442
0.015808, -0.0130189, 0.0343642
0.0231924, -0.49512, 0.0307426
-0.00749247, -0.519533, 0.0328659
-0.0061536, -0.464566, 0.0351724
-0.0168662, -0.494466, 0.0347462
stamp: 3770000000
0.460221, -0.0224613, 0.0361964
0.0086269, -0.0395699, 0.0343958
-0.0244713, -0.0179369, 0.0362064
0.0158113, -0.0130194, 0.0343641
0.0231857, -0.495123, 0.0307482
-0.0074661, -0.519546, 0.0328903
-0.00616006, -0.464575, 0.0351796
-0.0168679, -0.494468, 0.0347418
stamp: 3779000000
0.46022, -0.0224527, 0.0361999
0.00862994, -0.0395706, 0.0344032
-0.0244764, -0.0179389, 0.0362175
0.015803, -0.0129587, 0.0344143
0.0231892, -0.495116, 0.0307397
-0.00751629, -0.51938, 0.0327129
-0.00615649, -0.464568, 0.0351741
-0.0168728, -0.494464, 0.0347233
stamp: 3789000000
0.460122, -0.0224128, 0.0363096
0.0086287, -0.0395674, 0.0344042
-0.0244361, -0.0178884, 0.0361462
0.0158248, -0.0130222, 0.0343721
0.0231921, -0.495111, 0.0307429
-0.00748764, -0.519533, 0.0328607
-0.00615282, -0.46457, 0.035169
-0.0168714, -0.494461, 0.0347373
stamp: 3800000000
0.460201, -0.0224315, 0.0362139
0.00862382, -0.0395699, 0.0344038
-0.0244218, -0.017888, 0.0361431
0.0158173, -0.0130198, 0.0343677
0.0231916, -0.495122, 0.0307537
-0.00747378, -0.519543, 0.0328942
-0.00615713, -0.464561, 0.0351633
-0.0168639, -0.494465, 0.0347402
stamp: 3809000000
0.460234, -0.0224592, 0.0361953
0.0086295, -0.0395721, 0.0343976
-0.0244698, -0.0179395, 0.0362164
0.015812, -0.0129533, 0.0344063
0.0231933, -0.495117, 0.0307486
-0.00747189, -0.519546, 0.0328913
-0.00615079, -0.464566, 0.0351723
-0.0168587, -0.494464, 0.0347284
stamp: 3819000000
0.460229, -0.0224383, 0.0362114
0.00863232, -0.0395745, 0.0343951
-0.0244293, -0.0178914, 0.0361502
0.0158127, -0.0129586, 0.0344273
0.023192, -0.495113, 0.0307448
-0.00747131, -0.519556, 0.0328957
-0.00615283, -0.464572, 0.0351732
-0.0168624, -0.494466, 0.0347262
stamp: 3829000000
0.460222, -0.0224624, 0.0362006
0.00863283, -0.0395654, 0.0343957
-0.0244237, -0.0178927, 0.0361474
0.0158142, -0.0130153, 0.0343546
0.0231898, -0.495117, 0.0307461
-0.00747136, -0.519545, 0.0328796
-0.006154, -0.464569, 0.0351695
-0.0168668, -0.494463, 0.034722
stamp: 3839000000
0.460224, -0.0224544, 0.0361931
0.00862323, -0.0395688, 0.0343992
-0.0244658, -0.0179418, 0.0362162
0.0158175, -0.0130246, 0.0343646
0.0231857, -0.495118, 0.0307472
-0.00747569, -0.519547, 0.0328837
-0.0061591, -0.464571, 0.0351708
-0.0168687, -0.49446, 0.0347351
stamp: 3849000000
0.460213, -0.0224605, 0.0361998
0.00862966, -0.0395656, 0.0343898
-0.0244714, -0.0179438, 0.0362136
0.0158218, -0.0130153, 0.03437
0.0231923, -0.495118, 0.0307307
-0.00747726, -0.519545, 0.0328835
-0.00616317, -0.464566, 0.0351659
-0.0168713, -0.494463, 0.0347278
stamp: 3859000000
0.460216, -0.022455, 0.0361951
0.00862799, -0.0395678, 0.034408
-0.0244229, -0.0178909, 0.0361506
0.0158093, -0.0130256, 0.0343618
0.023191, -0.495108, 0.030732
-0.00748138, -0.519542, 0.0328875
-0.00615345, -0.46457, 0.0351811
-0.0168712, -0.494467, 0.0347448
stamp: 3869000000
0.460221, -0.0224598, 0.0362015
0.00862668, -0.0395697, 0.0343968
-0.0244644, -0.0179297, 0.0362174
0.0158144, -0.0130177, 0.0343715
0.0231966, -0.495117, 0.030748
-0.00747864, -0.519544, 0.0328981
-0.00615915, -0.464568, 0.0351643
-0.0168624, -0.494465, 0.0347417
stamp: 3880000000
0.460219, -0.0224495, 0.0361966
0.00862843, -0.0395669, 0.0344082
-0.0244335, -0.017893, 0.0361452
0.0158226, -0.0130158, 0.0343637
0.0231953, -0.495124, 0.0307418
-0.00747288, -0.519544, 0.0328889
-0.00615442, -0.464575, 0.0351603
-0.0168715, -0.494463, 0.0347226
stamp: 3889000000
0.460219, -0.0224498, 0.036187
0.0086209, -0.0395625, 0.0343961
-0.0244707, -0.017931, 0.0362164
0.0158133, -0.0130206, 0.0343539
0.0231919, -0.495109, 0.030745
-0.00747836, -0.519544, 0.0328838
-0.00615968, -0.464566, 0.0351813
-0.0168655, -0.494462, 0.0347332
stamp: 3899000000
0.460223, -0.0224625, 0.0362048
0.00861992, -0.0395689, 0.0343933
-0.0244773, -0.0179406, 0.0362196
0.015793, -0.01303, 0.0343991
0.0231933, -0.495113, 0.0307337
-0.00748464, -0.519546, 0.0328933
-0.00615306, -0.464568, 0.0351676
-0.0168644, -0.494454, 0.0347286
stamp: 3909000000
0.460212, -0.02246, 0.0361963
0.00862574, -0.0395647, 0.0343933
-0.0244662, -0.0179334, 0.0362128
0.0158124, -0.0130193, 0.0343616
0.0231948, -0.495115, 0.0307438
-0.00747443, -0.519535, 0.0328869
-0.0061596, -0.464571, 0.0351655
-0.016862, -0.49446, 0.0347301
stamp: 3919000000
0.460226, -0.0224577, 0.0361998
0.00862534, -0.0395711, 0.0344083
-0.0244251, -0.0178934, 0.0361475
0.015791, -0.012971, 0.0344449
0.023189, -0.495115, 0.0307442
-0.00746789, -0.519544, 0.0328857
-0.0061568, -0.464571, 0.0351794
-0.016869, -0.494456, 0.0347367
stamp: 3929000000
0.460225, -0.0224647, 0.0361982
0.00861975, -0.0395676, 0.0344065
-0.024469, -0.0179297, 0.0362031
0.0158153, -0.0130233, 0.0343702
0.0231873, -0.495114, 0.030741
-0.00748204, -0.519543, 0.032889
-0.00615642, -0.464561, 0.0351672
-0.0168727, -0.494462, 0.0347321
stamp: 3939000000
0.460213, -0.0224665, 0.0361893
0.00863004, -0.0395675, 0.0344016
-0.0244347, -0.0178925, 0.036145
0.0158121, -0.0130207, 0.034364
0.0231871, -0.495106, 0.0307311
-0.00747777, -0.519544, 0.0328822
-0.00615725, -0.464564, 0.0351597
-0.0168686, -0.494458, 0.0347329
stamp: 3949000000
0.460215, -0.0224627, 0.0361877
0.00863293, -0.0395669, 0.0343979
-0.0244657, -0.017936, 0.036213
0.0158131, -0.0130208, 0.0343644
0.0231869, -0.495111, 0.0307444
-0.0074749, -0.519541, 0.0328825
-0.00615107, -0.464567, 0.0351628
-0.0168701, -0.494461, 0.0347185
stamp: 3959000000
0.460219, -0.0224602, 0.036193
0.00863235, -0.0395674, 0.034412
-0.0244714, -0.0179372, 0.0362217
0.0158089, -0.0129653, 0.0344169
0.0231974, -0.495118, 0.0307523
-0.00747911, -0.519542, 0.0328871
-0.00615751, -0.464571, 0.0351658
-0.0168738, -0.494459, 0.0347334
stamp: 3969000000
0.460227, -0.0224642, 0.0361889
0.00863167, -0.0395689, 0.0344094
-0.024416, -0.0179005, 0.0361099
0.0158049, -0.0129609, 0.0344206
0.0231911, -0.49512, 0.0307379
-0.00748639, -0.51954, 0.0328888
-0.00615318, -0.464566, 0.0351866
-0.0168681, -0.494464, 0.0347333
stamp: 3979000000
0.460213, -0.0224619, 0.0362007
0.00862625, -0.0395706, 0.034403
-0.0244177, -0.0178963, 0.0361313
0.0158232, -0.0130241, 0.0343706
0.0231954, -0.495111, 0.030748
-0.00750061, -0.519539, 0.0329409
-0.006162, -0.464574, 0.0351651
-0.0168654, -0.494453, 0.0347298
stamp: 3989000000
0.460216, -0.0224488, 0.0362099
0.00862782, -0.0395714, 0.0344015
-0.0244765, -0.0179359, 0.0362026
0.0158074, -0.0129635, 0.0344149
0.0231882, -0.495117, 0.0307514
-0.0074792, -0.519543, 0.032888
-0.00614828, -0.464573, 0.0351768
-0.0168701, -0.494466, 0.0347348
stamp: 3999000000
0.460215, -0.0224576, 0.0361934
0.00862891, -0.0395674, 0.0343992
-0.0244277, -0.017897, 0.0361481
0.0158125, -0.0130189, 0.034372
0.0231975, -0.49511, 0.030751
-0.00748014, -0.519548, 0.0328845
-0.0061563, -0.464573, 0.0351693
-0.0168766, -0.494464, 0.0347298
stamp: 4009000000
0.460226, -0.0224621, 0.0362025
0.00863632, -0.03957, 0.0344078
-0.0244221, -0.0178913, 0.0361387
0.0158036, -0.0129559, 0.0344123
0.0231886, -0.495104, 0.0307412
-0.00747486, -0.51954, 0.0328947
-0.00615186, -0.464572, 0.0351691
-0.016873, -0.494469, 0.0347259
stamp: 4019000000
0.460228, -0.0224591, 0.0361756
0.00863051, -0.0395656, 0.0343956
-0.0244224, -0.0178906, 0.0361473
0.0158097, -0.0129582, 0.0344152
0.0231957, -0.495118, 0.0307399
-0.00748176, -0.519548, 0.0328944
-0.00615695, -0.464574, 0.0351607
-0.0168734, -0.494465, 0.0347411
stamp: 4029000000
0.460232, -0.0224644, 0.036189
0.00862988, -0.0395645, 0.0344016
-0.0244786, -0.0179356, 0.0362112
0.0158123, -0.0130149, 0.034362
0.023192, -0.49511, 0.0307382
-0.00749853, -0.519537, 0.032939
-0.00616126, -0.464577, 0.0351717
-0.0168732, -0.494459, 0.034718
stamp: 4039000000
0.460225, -0.0224622, 0.0362072
0.00863565, -0.0395682, 0.0344051
-0.0244717, -0.0179289, 0.0362017
0.0158115, -0.0130179, 0.0343594
0.0231914, -0.495104, 0.0307345
-0.00751995, -0.519387, 0.0327065
-0.00614981, -0.464578, 0.0351624
-0.0168657, -0.494465, 0.0347281
stamp: 4050000000
0.460224, -0.0224564, 0.0361829
0.00862878, -0.0395654, 0.034402
-0.0244337, -0.0178906, 0.036146
0.0158104, -0.0129569, 0.0344135
0.0231908, -0.495111, 0.0307552
-0.00749158, -0.519543, 0.0328718
-0.00615831, -0.464569, 0.0351638
-0.0168714, -0.494462, 0.0347384
stamp: 4059000000
0.460232, -0.0224585, 0.0361945
0.00862823, -0.039571, 0.0343996
-0.0244703, -0.0179365, 0.0362204
0.0158143, -0.0130206, 0.0343657
0.0231977, -0.495108, 0.030742
-0.0074669, -0.51955, 0.0328894
-0.00616142, -0.464568, 0.0351673
-0.0168645, -0.494467, 0.0347381
stamp: 4069000000
0.460221, -0.0224612, 0.0361996
0.00863422, -0.0395697, 0.034396
-0.0244732, -0.0179368, 0.0362189
0.0158202, -0.0130165, 0.0343515
0.0231913, -0.495109, 0.0307389
-0.00747555, -0.519546, 0.0328887
-0.00615502, -0.464559, 0.0351644
-0.0168674, -0.494468, 0.0347408
stamp: 4080000000
0.460227, -0.0224697, 0.0361876
0.00862576, -0.0395698, 0.0344051
-0.0244721, -0.0179342, 0.0362179
0.0158063, -0.0129597, 0.0344101
0.0231847, -0.495112, 0.030751
-0.0074824, -0.519553, 0.0328808
-0.0061533, -0.464566, 0.0351614
-0.016863, -0.494464, 0.0347276
stamp: 4089000000
0.460229, -0.0224626, 0.0361928
0.00862285, -0.0395684, 0.0344012
-0.0244713, -0.0179296, 0.0362187
0.0158089, -0.0129577, 0.0344235
0.0231941, -0.495105, 0.0307327
-0.00747827, -0.519543, 0.0328819
-0.00615593, -0.464571, 0.0351651
-0.016873, -0.494461, 0.0347273
stamp: 4099000000
0.460225, -0.0224643, 0.0361919
0.00863046, -0.0395702, 0.034402
-0.0244742, -0.0179333, 0.0362163
0.0158057, -0.0130116, 0.0343609
0.0231891, -0.495115, 0.0307446
-0.00746848, -0.519544, 0.0328795
-0.0061605, -0.46457, 0.0351647
-0.016879, -0.494461, 0.034723
stamp: 4109000000
0.460125, -0.0223959, 0.0363173
0.00863247, -0.0395668, 0.0344012
-0.0244324, -0.0178985, 0.0361423
0.0158032, -0.0129618, 0.0344137
0.0231991, -0.495118, 0.0307525
-0.00747766, -0.519546, 0.0328831
-0.00615588, -0.464572, 0.0351642
-0.0168784, -0.494467, 0.034718
stamp: 4119000000
0.460187, -0.0224391, 0.0362197
0.00862228, -0.0395703, 0.0344
-0.0244215, -0.017893, 0.0361445
0.015814, -0.0130209, 0.0343782
0.023189, -0.495113, 0.0307363
-0.00747774, -0.519535, 0.0328716
-0.00615774, -0.464567, 0.0351768
-0.0168652, -0.494462, 0.0347327
stamp: 4129000000
0.460228, -0.0224662, 0.0361924
0.00862965, -0.0395669, 0.0344061
-0.0244193, -0.0178922, 0.0361443
0.015811, -0.0129567, 0.0344248
0.0231865, -0.495114, 0.0307402
-0.00747393, -0.519541, 0.0328817
-0.00614832, -0.464563, 0.0351753
-0.0168653, -0.494462, 0.0347328
stamp: 4140000000
0.460227, -0.0224687, 0.0361874
0.00863267, -0.0395656, 0.034392
-0.0244287, -0.0178919, 0.036144
0.0158163, -0.0130177, 0.0343632
0.0232003, -0.49511, 0.0307473
-0.00747316, -0.519547, 0.0328901
-0.00615943, -0.464565, 0.0351693
-0.0168715, -0.494463, 0.0347249
stamp: 4150000000
0.460223, -0.0224618, 0.0361989
0.00862778, -0.0395684, 0.0343932
-0.0244795, -0.0179316, 0.0362118
0.0158158, -0.0130243, 0.0343628
0.0231948, -0.495116, 0.0307494
-0.00747689, -0.519537, 0.0328724
-0.00615544, -0.464572, 0.0351685
-0.0168825, -0.494469, 0.0347239
stamp: 4159000000
0.460218, -0.0224532, 0.0361958
0.00863327, -0.039574, 0.0343984
-0.0244413, -0.0178828, 0.0361326
0.0158091, -0.0130168, 0.0343594
0.0231946, -0.495112, 0.0307439
-0.00748145, -0.519539, 0.0328787
-0.00615579, -0.464572, 0.0351658
-0.0168709, -0.494465, 0.0347247
stamp: 4170000000
0.460223, -0.0224616, 0.0361885
0.00863133, -0.0395662, 0.0343986
-0.0244195, -0.0178936, 0.0361382
0.0158005, -0.012962, 0.0344268
0.0231941, -0.495114, 0.0307475
-0.00750588, -0.519526, 0.0329282
-0.00615178, -0.464567, 0.0351668
-0.0168712, -0.494463, 0.0347237
stamp: 4179000000
0.460222, -0.0224598, 0.0362035
0.00863206, -0.0395678, 0.0344025
-0.0243474, -0.017947, 0.0359984
0.0158159, -0.013019, 0.0343654
0.0231932, -0.495115, 0.0307486
-0.0074754, -0.519543, 0.0328952
-0.00615877, -0.464571, 0.0351703
-0.0168686, -0.494469, 0.0347381
stamp: 4189000000
0.460227, -0.0224503, 0.0361919
0.00862778, -0.0395639, 0.0344069
-0.0244463, -0.0179406, 0.036205
0.0158057, -0.0129578, 0.0344203
0.023196, -0.495116, 0.0307436
-0.00747306, -0.519548, 0.0328916
-0.00616202, -0.464576, 0.0351714
-0.0168646, -0.494468, 0.0347232
stamp: 4200000000
0.460221, -0.0224585, 0.0361869
0.00862183, -0.0395714, 0.0344037
-0.024433, -0.0178889, 0.0361409
0.015816, -0.0129556, 0.0344177
0.0231905, -0.495112, 0.0307437
-0.0074983, -0.519525, 0.0329469
-0.00615403, -0.464571, 0.0351687
-0.016871, -0.494468, 0.034734
stamp: 4209000000
0.460226, -0.0224632, 0.0361976
0.0086281, -0.0395673, 0.0343987
-0.0244768, -0.0179377, 0.0362152
0.0158083, -0.0130228, 0.034354
0.0231985, -0.495111, 0.0307558
-0.007478, -0.519549, 0.0328964
-0.00615446, -0.46457, 0.0351625
-0.0168663, -0.494464, 0.0347194
stamp: 4219000000
0.460232, -0.0224718, 0.0361808
0.00862466, -0.0395651, 0.0343932
-0.0244774, -0.0179379, 0.0362103
0.0158238, -0.0130245, 0.0343723
0.0231948, -0.495118, 0.0307336
-0.00748153, -0.519552, 0.0328807
-0.00615519, -0.464572, 0.035174
-0.0168768, -0.494465, 0.0347222
stamp: 4229000000
0.460222, -0.0224658, 0.0361949
0.00862952, -0.0395677, 0.0343984
-0.0244723, -0.0179364, 0.0362163
0.0158053, -0.0129589, 0.0344132
0.0231907, -0.495114, 0.0307506
-0.00748017, -0.519547, 0.0328786
-0.00615024, -0.464566, 0.0351718
-0.0168643, -0.494465, 0.0347316
stamp: 4239000000
0.460226, -0.0224547, 0.0361893
0.00863158, -0.0395699, 0.0344057
-0.0244503, -0.0180223, 0.0361829
0.0158171, -0.0130193, 0.0343599
0.0231935, -0.495108, 0.0307484
-0.00747634, -0.519542, 0.032885
-0.00615818, -0.464567, 0.0351698
-0.0168788, -0.49447, 0.0347172
stamp: 4249000000
0.460225, -0.022453, 0.0362029
0.00862647, -0.039567, 0.034396
-0.0244625, -0.0179516, 0.0362262
0.0158055, -0.0129548, 0.0344212
0.0231852, -0.495116, 0.0307428
-0.00747652, -0.51955, 0.0328756
-0.006161, -0.46457, 0.0351659
-0.0168683, -0.494464, 0.0347248
stamp: 4259000000
0.460223, -0.0224597, 0.0361976
0.0086269, -0.0395688, 0.0343948
-0.0244737, -0.017929, 0.0362166
0.0158215, -0.0130141, 0.0343639
0.0231955, -0.495116, 0.0307381
-0.00747563, -0.519543, 0.0328704
-0.00615195, -0.464574, 0.0351649
-0.0168683, -0.494467, 0.0347231
stamp: 4269000000
0.460209, -0.0224643, 0.0361982
0.00862799, -0.039568, 0.0344035
-0.0244324, -0.017884, 0.0361419
0.015819, -0.0130181, 0.0343617
0.0231965, -0.49512, 0.0307419
-0.0074759, -0.519542, 0.0328831
-0.00615593, -0.464566, 0.0351601
-0.0168778, -0.494468, 0.0347295
stamp: 4279000000
0.460219, -0.0224512, 0.0361787
0.0086263, -0.0395635, 0.0343979
-0.0244232, -0.0179007, 0.0361442
0.0158132, -0.0130193, 0.0343599
0.0231845, -0.495109, 0.0307348
-0.00749644, -0.519533, 0.0329284
-0.0061567, -0.464565, 0.035166
-0.0168726, -0.494458, 0.0347242
stamp: 4289000000
0.460224, -0.0224591, 0.0361912
0.00863172, -0.0395693, 0.034397
-0.024465, -0.0179312, 0.0362081
0.0158172, -0.0129613, 0.0344286
0.0231855, -0.495106, 0.0307315
-0.00747621, -0.51954, 0.0328891
-0.00615728, -0.464567, 0.0351673
-0.0168703, -0.494464, 0.0347295
stamp: 4300000000
0.460226, -0.0224576, 0.0361989
0.00862596, -0.0395698, 0.0344065
-0.0244353, -0.0178813, 0.0361458
0.0158256, -0.0130172, 0.0343744
0.0231932, -0.495104, 0.0307386
-0.00747937, -0.51954, 0.0328825
-0.0061529, -0.464574, 0.0351711
-0.0168688, -0.49446, 0.0347239
stamp: 4309000000
0.460231, -0.0224583, 0.0361945
0.00862857, -0.039573, 0.0344036
-0.0244737, -0.017931, 0.0362079
0.0158038, -0.0129538, 0.0344261
0.0231969, -0.495109, 0.0307411
-0.00747417, -0.51955, 0.0328929
-0.00615735, -0.46457, 0.0351549
-0.0168682, -0.494467, 0.0347303
stamp: 4319000000
0.460221, -0.0224573, 0.0361759
0.00862923, -0.039567, 0.0344039
-0.0244816, -0.0179353, 0.0362143
0.0158122, -0.0129564, 0.0344223
0.0232006, -0.495116, 0.0307417
-0.00747255, -0.519545, 0.0328916
-0.00615676, -0.464574, 0.0351696
-0.0168694, -0.494457, 0.0347237
stamp: 4329000000
0.460125, -0.0224017, 0.0363023
0.00863462, -0.0395696, 0.0344053
-0.0244314, -0.0178921, 0.0361395
0.0158133, -0.0130121, 0.0343682
0.0231989, -0.495118, 0.0307407
-0.00748555, -0.519546, 0.0328925
-0.00615006, -0.464566, 0.035168
-0.0168691, -0.494467, 0.0347378
stamp: 4339000000
0.460194, -0.0224354, 0.0362086
0.00863135, -0.0395693, 0.0344048
-0.0244185, -0.0178943, 0.0361425
0.0158142, -0.0130176, 0.0343642
0.0231987, -0.49512, 0.0307416
-0.00755423, -0.519374, 0.0327483
-0.00616036, -0.464575, 0.0351621
-0.0168733, -0.494465, 0.0347143
stamp: 4349000000
0.460216, -0.0224735, 0.0361928
0.00862582, -0.0395639, 0.0343921
-0.0244744, -0.0179379, 0.0362005
0.0158044, -0.0129564, 0.0344103
0.0231918, -0.495111, 0.0307379
-0.00749065, -0.519528, 0.0328524
-0.0061557, -0.46457, 0.0351583
-0.0168688, -0.494463, 0.0347309
stamp: 4359000000
0.460221, -0.0224728, 0.0361795
0.00862753, -0.0395697, 0.0343944
-0.0244696, -0.0179341, 0.0362027
0.0158179, -0.0130167, 0.0343673
0.0231965, -0.495116, 0.030743
-0.0074758, -0.519549, 0.0328864
-0.00615461, -0.464564, 0.035166
-0.0168672, -0.494462, 0.0347328
stamp: 4369000000
0.460222, -0.0224593, 0.0361884
0.00863598, -0.0395622, 0.0344025
-0.0244753, -0.0179356, 0.0362043
0.0158122, -0.0130204, 0.0343717
0.0231901, -0.49512, 0.0307356
-0.00746916, -0.519542, 0.0328754
-0.00615287, -0.46457, 0.0351688
-0.0168717, -0.494462, 0.0347302
stamp: 4379000000
0.46022, -0.0224582, 0.0361986
0.00862801, -0.0395637, 0.0344069
-0.0244649, -0.017946, 0.0362065
0.0158059, -0.0129631, 0.0344231
0.0231976, -0.495108, 0.0307402
-0.00747293, -0.519542, 0.032888
-0.00615744, -0.464577, 0.0351683
-0.0168601, -0.494467, 0.0347311
stamp: 4389000000
0.460222, -0.0224605, 0.0361944
0.00862408, -0.0395711, 0.0343986
-0.024466, -0.0179425, 0.036208
0.0158151, -0.0130183, 0.0343679
0.0231928, -0.495113, 0.0307451
-0.00747602, -0.519542, 0.0328824
-0.00615631, -0.464564, 0.0351752
-0.0168742, -0.494463, 0.0347163
stamp: 4399000000
0.460131, -0.022404, 0.0362971
0.00863456, -0.039568, 0.0344072
-0.0244752, -0.0179385, 0.036218
0.01581, -0.0129578, 0.0344164
0.0231952, -0.49511, 0.0307353
-0.00750055, -0.519543, 0.0329436
-0.00616231, -0.464571, 0.0351631
-0.0168744, -0.494467, 0.0347288
stamp: 4409000000
0.460202, -0.0224378, 0.0362337
0.0086368, -0.0395708, 0.0343985
-0.0244269, -0.0178967, 0.0361393
0.0158191, -0.0130187, 0.0343741
0.0232014, -0.495113, 0.0307397
-0.00747318, -0.519545, 0.0328716
-0.00615392, -0.464568, 0.035158
-0.0168689, -0.494459, 0.0347238
stamp: 4420000000
0.460233, -0.0224671, 0.0361828
0.00862897, -0.0395735, 0.0343989
-0.0244688, -0.0179388, 0.0362038
0.0158121, -0.0129514, 0.034416
0.0231987, -0.495115, 0.030746
-0.00748136, -0.51954, 0.0328745
-0.00615393, -0.464574, 0.0351615
-0.016864, -0.494461, 0.0347302
stamp: 4429000000
0.460227, -0.0224686, 0.0361897
0.00862931, -0.0395698, 0.0343982
-0.0244699, -0.0179345, 0.036214
0.0158134, -0.0130143, 0.0343607
0.0231923, -0.495108, 0.030729
-0.00747862, -0.519545, 0.0328857
-0.00615853, -0.46457, 0.0351704
-0.0168728, -0.494463, 0.0347374
stamp: 4439000000
0.460228, -0.0224635, 0.0361871
0.00862432, -0.0395714, 0.0344034
-0.0244759, -0.0179378, 0.0362033
0.0158198, -0.0130201, 0.0343738
0.0231991, -0.495117, 0.0307352
-0.00747293, -0.519542, 0.032893
-0.00615955, -0.464571, 0.0351567
-0.0168606, -0.494468, 0.0347298
stamp: 4450000000
0.460221, -0.0224562, 0.0361999
0.008628, -0.0395708, 0.0343889
-0.0244707, -0.0179377, 0.0362065
0.0158044, -0.012957, 0.0344215
0.0231927, -0.495111, 0.0307344
-0.00747397, -0.519538, 0.0328853
-0.0061561, -0.464575, 0.0351728
-0.0168688, -0.494458, 0.0347268
stamp: 4459000000
0.460224, -0.0224523, 0.0361806
0.00862403, -0.0395689, 0.0343994
-0.0244723, -0.0179395, 0.0362117
0.0158153, -0.0130195, 0.0343626
0.0231938, -0.495115, 0.0307479
-0.00747935, -0.519547, 0.0328824
-0.00615636, -0.464567, 0.0351563
-0.01687, -0.494464, 0.0347318
stamp: 4469000000
0.46022, -0.0224577, 0.036196
0.00862608, -0.0395725, 0.0343935
-0.0244772, -0.017939, 0.0362114
0.0158153, -0.0129512, 0.03442
0.0231985, -0.495116, 0.0307482
-0.00748179, -0.519552, 0.0328875
-0.00615179, -0.464575, 0.0351691
-0.0168726, -0.494462, 0.0347258
stamp: 4479000000
0.460224, -0.0224479, 0.0361952
0.00862963, -0.039571, 0.0344007
-0.0244677, -0.0179372, 0.036203
0.015818, -0.013013, 0.034385
0.0231978, -0.495113, 0.0307337
-0.00747558, -0.519541, 0.032884
-0.00614774, -0.464568, 0.0351581
-0.016866, -0.494464, 0.0347254
stamp: 4489000000
0.460224, -0.0224577, 0.0361983
0.00862699, -0.0395688, 0.0344038
-0.0244711, -0.0179348, 0.0362129
0.0158114, -0.0130129, 0.0343545
0.0231947, -0.495113, 0.030742
-0.00747314, -0.519542, 0.0328808
-0.00615501, -0.464572, 0.0351704
-0.0168719, -0.494467, 0.0347347
stamp: 4500000000
0.460228, -0.0224691, 0.0361948
0.00862845, -0.0395715, 0.0343994
-0.0244186, -0.0179002, 0.0360994
0.0158109, -0.012956, 0.034413
0.0231959, -0.495113, 0.0307407
-0.00748056, -0.519543, 0.0328833
-0.00615672, -0.464569, 0.0351609
-0.0168749, -0.494465, 0.0347178
stamp: 4509000000
0.460233, -0.0224675, 0.0361862
0.00862809, -0.0395706, 0.0344029
-0.0244141, -0.017897, 0.0361328
0.0158133, -0.0130178, 0.0343696
0.0231925, -0.495111, 0.0307375
-0.00750439, -0.519529, 0.0329331
-0.0061529, -0.464572, 0.0351686
-0.0168705, -0.494467, 0.0347248
stamp: 4519000000
0.460219, -0.0224593, 0.0361797
0.00862964, -0.0395706, 0.0343925
-0.02442, -0.0178931, 0.036135
0.0158154, -0.0130169, 0.0343681
0.0231992, -0.495108, 0.0307411
-0.00748097, -0.519542, 0.0328732
-0.00615557, -0.464572, 0.0351718
-0.0168621, -0.494466, 0.0347186
stamp: 4529000000
0.460225, -0.0224415, 0.0361986
0.00862375, -0.0395737, 0.0344066
-0.0244212, -0.0178962, 0.0361275
0.0158069, -0.0129519, 0.0344092
0.0231977, -0.495109, 0.0307407
-0.00747514, -0.519544, 0.0328733
-0.00615309, -0.464572, 0.0351563
-0.016875, -0.494465, 0.0347314
stamp: 4540000000
0.460228, -0.0224574, 0.0361992
0.00863543, -0.0395693, 0.0344081
-0.0244693, -0.0179406, 0.0362074
0.015808, -0.0129583, 0.0344223
0.0231998, -0.495111, 0.030733
-0.00747884, -0.519541, 0.0328845
-0.00615251, -0.464565, 0.0351615
-0.0168746, -0.494465, 0.034734
stamp: 4549000000
0.46023, -0.0224629, 0.0361862
0.00862478, -0.0395649, 0.0343954
-0.0244738, -0.0179407, 0.0362058
0.0158239, -0.0130163, 0.0343643
0.0232, -0.495104, 0.0307351
-0.00747828, -0.519544, 0.0328863
-0.00615496, -0.464574, 0.0351589
-0.0168699, -0.494459, 0.0347298
stamp: 4559000000
0.460228, -0.0224631, 0.0361921
0.00863089, -0.0395701, 0.0344062
-0.0244698, -0.0179371, 0.0362095
0.0158084, -0.0129581, 0.0344231
0.0232013, -0.495108, 0.0307402
-0.00747947, -0.519543, 0.0328727
-0.00615379, -0.464561, 0.035167
-0.0168692, -0.494463, 0.0347121
stamp: 4569000000
0.460229, -0.0224488, 0.0362013
0.00862671, -0.0395658, 0.0344022
-0.0244712, -0.0179402, 0.0362073
0.0158215, -0.0130159, 0.0343734
0.0232054, -0.495115, 0.030742
-0.0074767, -0.519542, 0.032886
-0.00615205, -0.464562, 0.0351672
-0.0168794, -0.494464, 0.0347158
stamp: 4579000000
0.460216, -0.0224591, 0.0361945
0.00862609, -0.0395655, 0.0344093
-0.0244752, -0.0179282, 0.0362068
0.0158046, -0.0129693, 0.0344253
0.0231975, -0.495118, 0.0307421
-0.00747785, -0.519549, 0.0328824
-0.00615396, -0.464573, 0.0351644
-0.016874, -0.494466, 0.0347341
stamp: 4590000000
0.460224, -0.0224547, 0.0362002
0.00863049, -0.0395688, 0.0343997
-0.0244704, -0.0179364, 0.0362053
0.0158091, -0.0129569, 0.0344134
0.0231976, -0.495118, 0.0307368
-0.00748275, -0.519543, 0.032877
-0.00615376, -0.46457, 0.0351661
-0.0168669, -0.494471, 0.0347206
stamp: 4599000000
0.460226, -0.0224584, 0.0361939
0.0086229, -0.0395709, 0.0344066
-0.0244713, -0.0179381, 0.0362011
0.0158088, -0.0129557, 0.034418
0.0231999, -0.495112, 0.0307424
-0.00753501, -0.519384, 0.0326963
-0.00615776, -0.464572, 0.0351649
-0.0168689, -0.49446, 0.0347293
stamp: 4609000000
0.460217, -0.0224593, 0.0361872
0.00862356, -0.0395644, 0.0343967
-0.0244696, -0.0179349, 0.0362099
0.015813, -0.0130204, 0.0343552
0.0231966, -0.495111, 0.0307426
-0.00749267, -0.51953, 0.0328422
-0.00615431, -0.464571, 0.0351611
-0.0168701, -0.494463, 0.0347234
stamp: 4620000000
0.460133, -0.0224015, 0.0363039
0.00863087, -0.0395603, 0.0344038
-0.0244718, -0.0179369, 0.0362116
0.0158064, -0.0129598, 0.0344113
0.0231958, -0.495116, 0.030744
-0.00747335, -0.519544, 0.0328855
-0.00615596, -0.464569, 0.0351775
-0.0168658, -0.494465, 0.0347319
stamp: 4629000000
0.460201, -0.0224316, 0.0362213
0.00861835, -0.0395677, 0.0343964
-0.0244335, -0.0178977, 0.0361378
0.0158092, -0.0129613, 0.0344195
0.0231952, -0.495112, 0.0307341
-0.00746617, -0.519549, 0.0328838
-0.0061537, -0.464576, 0.0351663
-0.0168659, -0.494464, 0.0347218
stamp: 4639000000
0.460229, -0.0224647, 0.0361852
0.00862725, -0.0395745, 0.0344071
-0.0244155, -0.0178891, 0.0361427
0.0158084, -0.0129554, 0.0344276
0.023194, -0.495114, 0.0307419
-0.00747951, -0.519548, 0.0328783
-0.00615186, -0.464566, 0.0351667
-0.0168748, -0.494464, 0.0347316
stamp: 4650000000
0.46023, -0.0224649, 0.0361798
0.00862539, -0.0395734, 0.034403
-0.0244684, -0.0179401, 0.036205
0.0158134, -0.0130196, 0.0343646
0.0231885, -0.495102, 0.0307381
-0.00748317, -0.519542, 0.0328789
-0.00615067, -0.464569, 0.0351683
-0.0168755, -0.494468, 0.0347256
stamp: 4659000000
0.46022, -0.0224617, 0.0361935
0.00862603, -0.0395727, 0.0343983
-0.0244767, -0.0179403, 0.0362168
0.0157987, -0.0129576, 0.0344185
0.0232025, -0.495104, 0.0307362
-0.00751261, -0.519517, 0.0329253
-0.00615389, -0.464565, 0.0351583
-0.0168757, -0.494469, 0.0347207
stamp: 4669000000
0.460214, -0.0224547, 0.0361958
0.00862279, -0.0395722, 0.0344042
-0.0244302, -0.0178919, 0.0361371
0.0158155, -0.0130151, 0.0343679
0.0231923, -0.495115, 0.0307325
-0.00748027, -0.519536, 0.0328826
-0.00615018, -0.46457, 0.0351616
-0.0168704, -0.494471, 0.0347341
stamp: 4680000000
0.460216, -0.0224419, 0.0362109
0.00862958, -0.0395692, 0.0343967
-0.0244274, -0.0178928, 0.036131
0.0158123, -0.0130247, 0.0343693
0.0231972, -0.49511, 0.0307296
-0.00747471, -0.519535, 0.0328774
-0.00615713, -0.464576, 0.0351563
-0.0168712, -0.494457, 0.0347138
stamp: 4689000000
0.460127, -0.0224092, 0.0363165
0.00863347, -0.0395675, 0.0343959
-0.0244733, -0.0179332, 0.0362074
0.0158158, -0.0130177, 0.0343651
0.0231948, -0.495111, 0.0307362
-0.00747848, -0.51954, 0.032889
-0.00615977, -0.464569, 0.0351628
-0.0168758, -0.494462, 0.0347312
stamp: 4700000000
0.460115, -0.0223791, 0.0363174
0.00862231, -0.039568, 0.034396
-0.0244759, -0.0179305, 0.0362155
0.0158118, -0.0129547, 0.0344265
0.0231998, -0.495112, 0.0307439
-0.00747604, -0.519541, 0.0328825
-0.00615722, -0.464573, 0.0351642
-0.0168795, -0.494462, 0.0347215
stamp: 4710000000
0.460113, -0.022388, 0.0363121
0.00862227, -0.0395729, 0.0344054
-0.0244676, -0.0179335, 0.0362108
0.015813, -0.01296, 0.0344128
0.0231997, -0.495107, 0.0307378
-0.00747862, -0.519535, 0.032886
-0.00615298, -0.464566, 0.0351618
-0.0168755, -0.494473, 0.0347374
stamp: 4719000000
0.460207, -0.0224396, 0.0362082
0.00862264, -0.0395683, 0.0343934
-0.0244288, -0.0178956, 0.0361389
0.0158112, -0.0129636, 0.0344243
0.0231985, -0.495117, 0.0307363
-0.00747703, -0.519535, 0.0328823
-0.00615107, -0.464565, 0.0351655
-0.0168662, -0.494463, 0.0347274
stamp: 4729000000
0.460224, -0.0224415, 0.0362235
0.00862731, -0.0395616, 0.0344026
-0.0244716, -0.0179331, 0.0362068
0.0158194, -0.0130163, 0.0343687
0.0232005, -0.495108, 0.0307369
-0.00747927, -0.519548, 0.0328742
-0.00616013, -0.464571, 0.0351616
-0.0168731, -0.494468, 0.0347143
stamp: 4739000000
0.460225, -0.02246, 0.0362048
0.00862702, -0.0395649, 0.0344046
-0.0244735, -0.0179364, 0.036203
0.0158084, -0.0130249, 0.0343631
0.0231938, -0.495117, 0.0307418
-0.00747947, -0.519544, 0.0328846
-0.00615874, -0.464571, 0.0351718
-0.0168774, -0.494462, 0.0347221
stamp: 4750000000
0.460223, -0.0224618, 0.0361864
0.00863006, -0.0395676, 0.0344033
-0.0244261, -0.0178901, 0.0361352
0.0158126, -0.0130149, 0.0343643
0.0231974, -0.495115, 0.0307546
-0.00748145, -0.519547, 0.0328816
-0.0061583, -0.464569, 0.0351669
-0.0168694, -0.494464, 0.0347231
stamp: 4759000000
0.460217, -0.0224647, 0.0361932
0.00862597, -0.0395725, 0.0343982
-0.0244645, -0.0179313, 0.0362019
0.0158102, -0.0130194, 0.0343602
0.0231862, -0.495113, 0.0307354
-0.00748032, -0.519548, 0.0328948
-0.00615609, -0.464566, 0.0351662
-0.0168643, -0.494464, 0.0347247
stamp: 4769000000
0.460215, -0.0224552, 0.0361978
0.00862467, -0.0395655, 0.0343989
-0.0244767, -0.0179286, 0.0362122
0.0158111, -0.0129601, 0.0344157
0.0231922, -0.495112, 0.0307376
-0.00747284, -0.519545, 0.0328886
-0.00615429, -0.464561, 0.0351701
-0.0168752, -0.494458, 0.0347282
stamp: 4779000000
0.460129, -0.0223961, 0.0363116
0.00863398, -0.039573, 0.0344021
-0.024465, -0.0179399, 0.0362157
0.0158134, -0.0130208, 0.0343532
0.0231954, -0.495106, 0.0307339
-0.00748076, -0.519543, 0.0328776
-0.00615647, -0.464567, 0.0351723
-0.016874, -0.494464, 0.03472
stamp: 4789000000
0.460204, -0.0224285, 0.0362135
0.00863318, -0.039573, 0.034398
-0.02447, -0.0179351, 0.0362113
0.0158128, -0.0130191, 0.0343599
0.0231874, -0.495111, 0.030735
-0.00747694, -0.519531, 0.0328766
-0.00615613, -0.464565, 0.0351725
-0.0168686, -0.494459, 0.0347244
stamp: 4800000000
0.460231, -0.0224587, 0.0361885
0.00862217, -0.0395728, 0.0344021
-0.024436, -0.0178902, 0.0361369
0.0158115, -0.0130196, 0.0343579
0.0231912, -0.495108, 0.0307423
-0.00748607, -0.519548, 0.0328731
-0.0061612, -0.464573, 0.0351614
-0.0168735, -0.494465, 0.0347348
stamp: 4809000000
0.460227, -0.0224581, 0.0361955
0.00862249, -0.0395724, 0.0343972
-0.0244734, -0.0179387, 0.0362125
0.0158151, -0.0130168, 0.034367
0.0231958, -0.495113, 0.0307428
-0.00748391, -0.519542, 0.0328839
-0.00615835, -0.464571, 0.0351637
-0.0168745, -0.494465, 0.0347251
stamp: 4819000000
0.460224, -0.0224534, 0.0361929
0.00862908, -0.0395733, 0.034396
-0.0244708, -0.0179406, 0.0362237
0.0158156, -0.0130178, 0.0343609
0.0231901, -0.495117, 0.0307496
-0.00748174, -0.519541, 0.0328808
-0.00615382, -0.464571, 0.0351555
-0.0168604, -0.494459, 0.034725
stamp: 4829000000
0.460227, -0.022455, 0.0361874
0.00862456, -0.0395786, 0.0343957
-0.0244286, -0.0178951, 0.0361499
0.0158156, -0.013017, 0.0343643
0.0231969, -0.495108, 0.0307338
-0.00747593, -0.519531, 0.0328801
-0.00615996, -0.46457, 0.0351622
-0.0168769, -0.494456, 0.0347268
stamp: 4839000000
0.46022, -0.0224588, 0.0361934
0.00863035, -0.0395679, 0.0343964
-0.0244712, -0.0179295, 0.0362151
0.0158061, -0.0129607, 0.0344113
0.023198, -0.495115, 0.0307479
-0.0074769, -0.519542, 0.0328876
-0.00616215, -0.464572, 0.0351649
-0.0168708, -0.494463, 0.0347233
stamp: 4850000000
0.46022, -0.0224525, 0.0361958
0.00863307, -0.0395618, 0.0343935
-0.024432, -0.0178918, 0.036151
0.0158173, -0.0130261, 0.034358
0.0231909, -0.495117, 0.030743
-0.00748124, -0.519543, 0.032882
-0.00615604, -0.464559, 0.0351584
-0.0168757, -0.49446, 0.0347244
stamp: 4859000000
0.460132, -0.0223915, 0.0363138
0.0086218, -0.0395677, 0.0343863
-0.0244672, -0.0179367, 0.0362194
0.0158112, -0.0130278, 0.0343558
0.0231857, -0.495112, 0.0307471
-0.00747933, -0.519541, 0.0328679
-0.00616496, -0.464571, 0.0351654
-0.0168694, -0.494462, 0.0347238
stamp: 4869000000
0.46019, -0.0224386, 0.0362233
0.00863051, -0.0395724, 0.034393
-0.0244402, -0.0178888, 0.0361403
0.015816, -0.0130194, 0.0343602
0.0231838, -0.495117, 0.0307408
-0.00747078, -0.519543, 0.0328834
-0.00616038, -0.464573, 0.0351669
-0.0168693, -0.494474, 0.0347268
stamp: 4880000000
0.460221, -0.022465, 0.0361857
0.0086296, -0.0395661, 0.0343995
-0.0244689, -0.0179244, 0.0362073
0.0158088, -0.0129608, 0.0344071
0.0231938, -0.495113, 0.0307475
-0.00747157, -0.51954, 0.0328826
-0.00616122, -0.464578, 0.0351724
-0.0168705, -0.494471, 0.0347227
stamp: 4889000000
0.460221, -0.0224729, 0.0361972
0.0086244, -0.0395695, 0.0343977
-0.0244776, -0.017937, 0.0362112
0.0158106, -0.0129577, 0.0344103
0.0231861, -0.495112, 0.0307363
-0.00750634, -0.51953, 0.0329448
-0.00615921, -0.464568, 0.035166
-0.0168738, -0.494468, 0.0347295
stamp: 4900000000
0.460219, -0.0224661, 0.0361904
0.00862811, -0.0395662, 0.0343998
-0.0243788, -0.0178535, 0.0360306
0.0158178, -0.0130162, 0.0343558
0.0231829, -0.495114, 0.030731
-0.00747992, -0.519551, 0.0328815
-0.00616141, -0.464569, 0.0351615
-0.0168706, -0.49446, 0.0347241
stamp: 4909000000
0.460224, -0.0224571, 0.0362092
0.00862715, -0.0395669, 0.0344023
-0.0244138, -0.0179043, 0.0361351
0.015813, -0.0130142, 0.0343628
0.0231929, -0.495115, 0.030751
-0.00746885, -0.519549, 0.0328863
-0.00615589, -0.464566, 0.0351716
-0.0168679, -0.494463, 0.0347221
stamp: 4920000000
0.460213, -0.0224562, 0.0361905
0.00862556, -0.0395647, 0.0343965
-0.0244287, -0.0178953, 0.0361382
0.0158225, -0.0130194, 0.0343736
0.0231841, -0.495118, 0.0307468
-0.0074799, -0.519544, 0.0328753
-0.00615438, -0.464567, 0.0351701
-0.0168706, -0.494455, 0.0347341
stamp: 4929000000
0.460227, -0.0224589, 0.0361915
0.00862795, -0.039571, 0.0344036
-0.0244688, -0.017944, 0.0362099
0.0158068, -0.0129575, 0.0344179
0.0231809, -0.495108, 0.0307285
-0.00748032, -0.519543, 0.0328945
-0.00616029, -0.464562, 0.0351606
-0.0168731, -0.494462, 0.0347255
stamp: 4940000000
0.460221, -0.0224584, 0.0361873
0.00862825, -0.0395715, 0.0343991
-0.0244315, -0.0178891, 0.0361382
0.0158147, -0.0130164, 0.0343651
0.0231847, -0.495111, 0.0307385
-0.00748138, -0.519539, 0.0328853
-0.00615217, -0.464571, 0.0351712
-0.0168686, -0.494465, 0.0347263
stamp: 4950000000
0.460219, -0.022456, 0.0361939
0.008634, -0.0395726, 0.0343886
-0.0244284, -0.0178936, 0.0361315
0.0158112, -0.0130221, 0.0343591
0.0231972, -0.495101, 0.030726
-0.00747389, -0.519545, 0.032878
-0.00615526, -0.464565, 0.0351657
-0.0168762, -0.494467, 0.0347276
stamp: 4959000000
0.460223, -0.0224632, 0.0361935
0.00863102, -0.0395728, 0.0343968
-0.024474, -0.017933, 0.0362137
0.0158128, -0.0130159, 0.0343569
0.0231878, -0.495108, 0.0307285
-0.0074841, -0.519539, 0.0328708
-0.00616285, -0.464567, 0.0351647
-0.0168736, -0.494464, 0.0347221
stamp: 4969000000
0.460228, -0.0224655, 0.0361953
0.00862617, -0.0395711, 0.0344166
-0.0244295, -0.0178906, 0.0361401
0.0158147, -0.0130199, 0.0343595
0.0231927, -0.495109, 0.0307442
-0.00748537, -0.519547, 0.0328738
-0.0061506, -0.464568, 0.0351682
-0.0168775, -0.494466, 0.034722
stamp: 4979000000
0.460221, -0.022452, 0.0361944
0.00863575, -0.0395689, 0.0343966
-0.0244298, -0.0178823, 0.0361441
0.0158146, -0.0130159, 0.034359
0.0231845, -0.495112, 0.0307296
-0.00752276, -0.519384, 0.0326934
-0.00615727, -0.46457, 0.0351699
-0.0168691, -0.494463, 0.0347201
stamp: 4990000000
0.460218, -0.0224557, 0.0361935
0.00862685, -0.0395704, 0.0343938
-0.0244706, -0.0179352, 0.0362173
0.0158107, -0.0130209, 0.0343704
0.0231921, -0.495114, 0.0307485
-0.00748861, -0.519538, 0.0328685
-0.00615638, -0.464566, 0.0351668
-0.0168612, -0.494468, 0.034728
stamp: 5000000000
0.460226, -0.0224533, 0.036197
0.00863309, -0.0395709, 0.0344068
-0.0244678, -0.0179362, 0.0362145
0.015814, -0.0129611, 0.0344247
0.0231824, -0.495115, 0.0307396
-0.00747963, -0.519545, 0.0328926
-0.00615964, -0.464578, 0.0351723
-0.016874, -0.494468, 0.0347198
stamp: 5009000000
0.460217, -0.0224614, 0.0361937
0.00863019, -0.0395663, 0.034401
-0.0244686, -0.0179365, 0.0362083
0.0158126, -0.0129659, 0.0344169
0.0231963, -0.495114, 0.0307398
-0.00747376, -0.519545, 0.0328835
-0.00616686, -0.46457, 0.0351617
-0.0168797, -0.494464, 0.0347184
stamp: 5019000000
0.46022, -0.0224607, 0.0361946
0.00863465, -0.0395658, 0.0344065
-0.0244761, -0.0179461, 0.0362055
0.0158019, -0.012964, 0.0344246
0.0231877, -0.495119, 0.0307406
-0.00747351, -0.519544, 0.0328802
-0.00615078, -0.46457, 0.0351544
-0.0168762, -0.494463, 0.0347206
stamp: 5029000000
0.46022, -0.0224573, 0.0361932
0.00862856, -0.0395676, 0.0344033
-0.0244689, -0.0179396, 0.0362155
0.0158199, -0.0130182, 0.0343542
0.0231922, -0.495122, 0.0307288
-0.00748201, -0.519544, 0.0328729
-0.00615507, -0.46457, 0.0351639
-0.0168787, -0.494464, 0.0347194
stamp: 5039000000
0.460219, -0.0224627, 0.0361892
0.00862368, -0.0395709, 0.0343959
-0.0244003, -0.0179728, 0.0361064
0.015792, -0.013036, 0.0343931
0.0231881, -0.495113, 0.0307349
-0.00748522, -0.519543, 0.0328651
-0.00615852, -0.464579, 0.0351635
-0.0168664, -0.494468, 0.0347255
stamp: 5050000000
0.460219, -0.0224661, 0.0361846
0.00862651, -0.0395701, 0.0344047
-0.0244096, -0.017901, 0.0361339
0.0158105, -0.012957, 0.0344129
0.0231922, -0.495103, 0.0307289
-0.00755894, -0.519587, 0.0329632
-0.00616685, -0.464577, 0.0351727
-0.0168682, -0.494467, 0.0347268
stamp: 5059000000
0.460226, -0.0224519, 0.0361865
0.00863557, -0.0395693, 0.034392
-0.0244007, -0.0179727, 0.0361012
0.015808, -0.0129563, 0.0344169
0.0231936, -0.495112, 0.0307322
-0.00749228, -0.519544, 0.0328751
-0.00616386, -0.464571, 0.035157
-0.0168671, -0.494465, 0.0347217
stamp: 5069000000
0.460224, -0.0224583, 0.036189
0.00863094, -0.0395656, 0.0344019
-0.0244607, -0.0179447, 0.0362201
0.0158181, -0.0130138, 0.0343666
0.0231922, -0.495108, 0.0307312
-0.00747274, -0.519543, 0.0328853
-0.00615907, -0.464565, 0.035172
-0.0168795, -0.494466, 0.0347129
stamp: 5079000000
0.46023, -0.0224489, 0.0361963
0.00863155, -0.0395759, 0.0344037
-0.0244747, -0.0179378, 0.0362223
0.015813, -0.0130181, 0.0343636
0.023194, -0.495117, 0.0307458
-0.00747404, -0.519548, 0.0328917
-0.00616076, -0.464574, 0.035163
-0.0168723, -0.494459, 0.0347195
stamp: 5089000000
0.46023, -0.0224591, 0.0361869
0.00863896, -0.0395673, 0.0343996
-0.0244781, -0.0179317, 0.0362134
0.0158138, -0.0130224, 0.0343546
0.0231936, -0.495115, 0.0307359
-0.00747697, -0.519544, 0.0328873
-0.00616075, -0.464566, 0.035163
-0.0168717, -0.494471, 0.0347311
stamp: 5100000000
0.460224, -0.0224464, 0.0362011
0.00863305, -0.0395692, 0.0343941
-0.024428, -0.0178932, 0.0361296
0.015808, -0.0129619, 0.0344165
0.0231893, -0.495109, 0.0307378
-0.00747965, -0.51954, 0.0328838
-0.00616044, -0.464563, 0.0351618
-0.0168791, -0.494472, 0.0347196
stamp: 5109000000
0.460225, -0.0224526, 0.0361982
0.00862833, -0.0395677, 0.0343969
-0.0244669, -0.0179375, 0.0362059
0.0158183, -0.0130137, 0.0343636
0.0231896, -0.495115, 0.0307421
-0.00747654, -0.519538, 0.0328767
-0.00615764, -0.464573, 0.0351753
-0.0168666, -0.494461, 0.0347366
stamp: 5119000000
0.460122, -0.0224045, 0.0363082
0.00863223, -0.0395649, 0.0344008
-0.0244345, -0.0178948, 0.0361308
0.0158064, -0.0129614, 0.0344169
0.0231896, -0.49511, 0.0307213
-0.00747677, -0.519546, 0.0328744
-0.00616111, -0.464567, 0.0351598
-0.0168678, -0.494467, 0.0347205
stamp: 5129000000
0.4602, -0.0224306, 0.0362346
0.00862614, -0.0395737, 0.0343919
-0.0244626, -0.0179313, 0.0362081
0.0158053, -0.012956, 0.034426
0.0231965, -0.49512, 0.0307516
-0.00748486, -0.519545, 0.0328778
-0.00615668, -0.46457, 0.0351691
-0.0168732, -0.494467, 0.0347308
stamp: 5139000000
0.46023, -0.0224708, 0.0361918
0.00862718, -0.0395682, 0.0343974
-0.0244264, -0.0178942, 0.0361455
0.0158081, -0.0129529, 0.0344169
0.0231874, -0.495116, 0.0307432
-0.00748548, -0.51955, 0.0328807
-0.00615466, -0.46457, 0.0351582
-0.0168734, -0.494459, 0.0347203
stamp: 5149000000
0.460238, -0.0224591, 0.036193
0.00863464, -0.0395644, 0.0343981
-0.0244746, -0.0179347, 0.0362053
0.0158023, -0.0130253, 0.0343932
0.0231934, -0.495109, 0.0307436
-0.00747651, -0.519542, 0.032877
-0.00615946, -0.464574, 0.0351663
-0.0168717, -0.494461, 0.0347277
stamp: 5159000000
0.460226, -0.022456, 0.0361955
0.00862717, -0.039573, 0.0343985
-0.0244738, -0.0179326, 0.0362075
0.0158222, -0.0130205, 0.0343582
0.0231904, -0.495108, 0.030739
-0.00747844, -0.519542, 0.0328886
-0.00615996, -0.46457, 0.0351624
-0.0168652, -0.494467, 0.0347268
stamp: 5169000000
0.460222, -0.0224651, 0.0361917
0.00862383, -0.0395687, 0.0343999
-0.0244719, -0.0179427, 0.0362128
0.0158189, -0.013015, 0.0343685
0.0231863, -0.495111, 0.030732
-0.00747814, -0.519545, 0.0328809
-0.00615672, -0.464569, 0.035159
-0.0168655, -0.494465, 0.0347294
stamp: 5179000000
0.460221, -0.022458, 0.0361828
0.00863276, -0.039567, 0.0343995
-0.0244317, -0.0178899, 0.036141
0.0158124, -0.0130242, 0.0343662
0.0231874, -0.49512, 0.0307312
-0.00747742, -0.519539, 0.0328763
-0.00616005, -0.464573, 0.035169
-0.01687, -0.494459, 0.0347161
stamp: 5190000000
0.460223, -0.0224606, 0.0362072
0.00863248, -0.0395725, 0.0344055
-0.0244687, -0.0179365, 0.0362045
0.0158233, -0.0130253, 0.0343671
0.0231855, -0.49511, 0.0307401
-0.00747432, -0.519542, 0.0328851
-0.00615869, -0.464569, 0.0351673
-0.0168723, -0.494459, 0.0347271
stamp: 5200000000
0.46022, -0.0224617, 0.036197
0.00863006, -0.039569, 0.0343987
-0.0244719, -0.0179442, 0.0362209
0.015817, -0.0130167, 0.0343639
0.0231915, -0.49511, 0.0307373
-0.00752782, -0.519387, 0.0327041
-0.00615701, -0.464572, 0.0351795
-0.0168723, -0.49447, 0.0347256
stamp: 5209000000
0.460221, -0.0224617, 0.0361885
0.00863517, -0.0395703, 0.0343963
-0.024474, -0.0179411, 0.0362086
0.0158109, -0.0129597, 0.0344246
0.0231878, -0.495105, 0.0307205
-0.0075517, -0.519355, 0.0326593
-0.00615942, -0.464572, 0.0351708
-0.0168648, -0.494468, 0.0347347
stamp: 5219000000
0.460217, -0.0224646, 0.0361877
0.00863157, -0.0395643, 0.034396
-0.0244738, -0.0179382, 0.0362203
0.0158055, -0.0129575, 0.0344188
0.0231916, -0.495111, 0.0307326
-0.00749078, -0.519541, 0.0328669
-0.0061596, -0.464568, 0.0351621
-0.016873, -0.494465, 0.0347197
stamp: 5229000000
0.460226, -0.0224656, 0.0361958
0.00863186, -0.0395719, 0.0344043
-0.024475, -0.0179431, 0.03621
0.0158123, -0.013026, 0.0343599
0.0231856, -0.495118, 0.0307337
-0.00746917, -0.519552, 0.032896
-0.00615267, -0.464566, 0.0351673
-0.0168771, -0.494467, 0.0347213
stamp: 5239000000
0.46013, -0.0223987, 0.0363081
0.00862889, -0.0395735, 0.0344056
-0.024477, -0.01794, 0.0362073
0.0158151, -0.0130195, 0.0343611
0.0231938, -0.495119, 0.0307491
-0.00752297, -0.519386, 0.0327061
-0.00615014, -0.464569, 0.0351655
-0.0168683, -0.494467, 0.0347208
stamp: 5250000000
0.460203, -0.0224399, 0.036219
0.00863077, -0.0395644, 0.0343966
-0.0244756, -0.0179295, 0.0362057
0.0158199, -0.0130181, 0.0343585
0.0231894, -0.495113, 0.0307439
-0.00749495, -0.519534, 0.0328486
-0.00615627, -0.464574, 0.0351652
-0.0168691, -0.494472, 0.0347314
stamp: 5259000000
0.46024, -0.022466, 0.0361886
0.00863184, -0.0395705, 0.0343903
-0.0244287, -0.0178965, 0.0361306
0.0158159, -0.0130223, 0.034357
0.0231924, -0.495113, 0.030727
-0.00747455, -0.519549, 0.0328922
-0.00615853, -0.464567, 0.0351658
-0.0168741, -0.494472, 0.0347266
stamp: 5269000000
0.460228, -0.022464, 0.0361959
0.00863219, -0.0395747, 0.0343993
-0.0244278, -0.0178956, 0.0361282
0.0158113, -0.0130245, 0.0343686
0.023195, -0.495124, 0.0307421
-0.007479, -0.519546, 0.0328897
-0.00615487, -0.464572, 0.0351668
-0.0168654, -0.49446, 0.0347346
stamp: 5280000000
0.46022, -0.0224562, 0.0362132
0.0086319, -0.0395681, 0.0344076
-0.0244231, -0.0178981, 0.0361401
0.0158173, -0.0130183, 0.0343619
0.0231906, -0.495118, 0.03073
-0.00748298, -0.519539, 0.0328744
-0.00615901, -0.464569, 0.0351654
-0.0168624, -0.494464, 0.0347245
stamp: 5289000000
0.460227, -0.0224591, 0.0361964
0.00862967, -0.0395706, 0.0344062
-0.024427, -0.0179009, 0.0361368
0.0158114, -0.0130179, 0.0343671
0.023193, -0.495114, 0.030738
-0.00750244, -0.519527, 0.0329246
-0.0061596, -0.46457, 0.0351716
-0.0168712, -0.494468, 0.0347307
stamp: 5299000000
0.460125, -0.0224038, 0.036304
0.00862863, -0.0395695, 0.0344027
-0.0244705, -0.0179367, 0.0362062
0.0158157, -0.0130149, 0.0343665
0.023198, -0.495119, 0.0307387
-0.00748014, -0.51954, 0.0328675
-0.00615726, -0.464566, 0.0351607
-0.0168708, -0.494462, 0.0347255
stamp: 5309000000
0.460203, -0.0224315, 0.0362233
0.00863334, -0.0395715, 0.0343968
-0.024481, -0.0179408, 0.0362121
0.0158166, -0.0130172, 0.0343654
0.023195, -0.495117, 0.0307369
-0.00748182, -0.519542, 0.0328662
-0.00615798, -0.464573, 0.0351658
-0.0168699, -0.494461, 0.0347303
stamp: 5319000000
0.460223, -0.0224701, 0.0361844
0.00862602, -0.0395703, 0.0344022
-0.0244782, -0.0179407, 0.036213
0.0158123, -0.0130162, 0.0343647
0.0231897, -0.495112, 0.0307282
-0.00750995, -0.519532, 0.0329303
-0.00615741, -0.464576, 0.0351703
-0.0168667, -0.494464, 0.0347232
stamp: 5329000000
0.460226, -0.0224697, 0.0361934
0.00862548, -0.0395707, 0.0343999
-0.0244695, -0.0179385, 0.0362092
0.0158168, -0.0130198, 0.0343583
0.0231865, -0.495116, 0.0307388
-0.00748368, -0.519535, 0.0328658
-0.00615941, -0.464571, 0.0351708
-0.0168731, -0.494467, 0.0347246
stamp: 5339000000
0.460224, -0.0224551, 0.0361776
0.00862892, -0.0395732, 0.0343933
-0.0244755, -0.0179404, 0.0362155
0.0158063, -0.0129615, 0.0344178
0.023187, -0.495112, 0.0307355
-0.00750704, -0.519525, 0.0329305
-0.0061565, -0.46457, 0.035168
-0.0168754, -0.494464, 0.0347156
stamp: 5350000000
0.460219, -0.0224523, 0.0361859
0.00862698, -0.0395738, 0.0344045
-0.024434, -0.0178959, 0.0361449
0.0158091, -0.0129602, 0.0344161
0.0231955, -0.495108, 0.0307394
-0.00747581, -0.519546, 0.0328889
-0.00616626, -0.464572, 0.0351638
-0.0168719, -0.494461, 0.0347221
stamp: 5359000000
0.460222, -0.0224637, 0.0361898
0.0086354, -0.0395672, 0.0343989
-0.0244309, -0.017882, 0.0361308
0.0158028, -0.0129557, 0.03442
0.0231961, -0.495114, 0.0307409
-0.00747414, -0.519547, 0.0328887
-0.00616375, -0.464565, 0.0351598
-0.0168681, -0.494457, 0.0347182
stamp: 5369000000
0.46023, -0.0224711, 0.0361906
0.00862917, -0.0395691, 0.0344012
-0.0244713, -0.0179361, 0.0362096
0.0158135, -0.0129589, 0.0344117
0.0231919, -0.49511, 0.0307319
-0.00748312, -0.519542, 0.032867
-0.00616426, -0.46457, 0.0351634
-0.0168698, -0.494456, 0.0347211
stamp: 5379000000
0.460215, -0.0224712, 0.0361876
0.00862631, -0.0395642, 0.0343962
-0.0244732, -0.0179353, 0.0362082
0.0158056, -0.0129572, 0.0344064
0.023194, -0.495112, 0.0307372
-0.00748505, -0.519543, 0.032877
-0.0061576, -0.464566, 0.0351598
-0.0168672, -0.494465, 0.0347181
stamp: 5389000000
0.460225, -0.022459, 0.0361961
0.00862651, -0.0395665, 0.0344018
-0.0243777, -0.0178577, 0.0360375
0.0158148, -0.0130224, 0.0343638
0.0231859, -0.495111, 0.0307234
-0.00746896, -0.519545, 0.0328778
-0.00615002, -0.464567, 0.0351676
-0.0168761, -0.494463, 0.0347203
stamp: 5399000000
0.460215, -0.0224617, 0.0361862
0.0086296, -0.0395658, 0.0343992
-0.0244146, -0.0178949, 0.0361382
0.0158127, -0.0130296, 0.0343737
0.0231898, -0.495106, 0.030733
-0.00748305, -0.519543, 0.0328774
-0.00615621, -0.464565, 0.0351629
-0.0168735, -0.494463, 0.034714
stamp: 5409000000
0.46022, -0.0224614, 0.0361915
0.00862603, -0.0395735, 0.034396
-0.0244304, -0.0178916, 0.0361351
0.0158146, -0.0129571, 0.0344159
0.0231918, -0.495114, 0.0307351
-0.00747899, -0.519548, 0.0328784
-0.00615648, -0.464565, 0.0351641
-0.0168757, -0.494458, 0.0347139
stamp: 5419000000
0.460228, -0.0224501, 0.0361984
0.00862161, -0.0395704, 0.0344094
-0.0244764, -0.0179354, 0.0362097
0.0158217, -0.0130146, 0.0343675
0.0231915, -0.49511, 0.030733
-0.00748927, -0.519546, 0.0328798
-0.00615884, -0.464569, 0.0351604
-0.0168721, -0.494468, 0.0347192
stamp: 5429000000
0.460222, -0.0224563, 0.0361952
0.00862975, -0.039569, 0.0343922
-0.0244675, -0.017941, 0.0362202
0.0158172, -0.0130196, 0.0343614
0.0232018, -0.495111, 0.0307393
-0.00750973, -0.51953, 0.032937
-0.00615251, -0.464571, 0.0351668
-0.016869, -0.494465, 0.0347286
stamp: 5439000000
0.460224, -0.0224678, 0.0361921
0.00863238, -0.0395721, 0.0344113
-0.0244217, -0.0178969, 0.0361369
0.0158095, -0.0129618, 0.0344088
0.023201, -0.49511, 0.030751
-0.00748386, -0.519547, 0.0328789
-0.0061572, -0.464572, 0.035157
-0.0168698, -0.49446, 0.0347193
stamp: 5449000000
0.460228, -0.0224597, 0.0361988
0.00863111, -0.0395647, 0.0343994
-0.0244681, -0.0179337, 0.0362065
0.0158145, -0.0130195, 0.0343653
0.023195, -0.495111, 0.0307493
-0.00748129, -0.519546, 0.0328755
-0.00615331, -0.46457, 0.0351799
-0.0168762, -0.494462, 0.0347278
stamp: 5459000000
0.460222, -0.0224578, 0.036185
0.00863015, -0.0395701, 0.0344019
-0.0244711, -0.0179346, 0.036227
0.0158088, -0.0129619, 0.0344272
0.0231916, -0.495113, 0.0307444
-0.00747471, -0.519543, 0.0328846
-0.00616018, -0.464562, 0.0351607
-0.0168744, -0.494469, 0.0347225
stamp: 5469000000
0.460223, -0.022461, 0.0361889
0.00863024, -0.0395694, 0.0343927
-0.0244355, -0.0178901, 0.036138
0.0158135, -0.0129486, 0.0344166
0.0231949, -0.495117, 0.0307499
-0.00747795, -0.519546, 0.0328813
-0.00615567, -0.464569, 0.035165
-0.0168712, -0.494467, 0.0347247
stamp: 5479000000
0.460227, -0.0224487, 0.0361985
0.00862169, -0.0395655, 0.0343989
-0.0244753, -0.0179343, 0.0361949
0.0158129, -0.013016, 0.0343586
0.0231911, -0.495117, 0.0307454
-0.00747778, -0.519537, 0.0328671
-0.00616098, -0.464572, 0.0351636
-0.0168778, -0.494473, 0.0347239
stamp: 5489000000
0.46022, -0.0224444, 0.0362014
0.00863063, -0.0395663, 0.0344089
-0.0244346, -0.0178941, 0.0361399
0.0158143, -0.0130199, 0.0343623
0.0231919, -0.495114, 0.0307365
-0.00748165, -0.519538, 0.0328713
-0.00615375, -0.464567, 0.0351644
-0.0168763, -0.494464, 0.0347153
stamp: 5500000000
0.460218, -0.0224547, 0.0361982
0.00862341, -0.0395694, 0.0344027
-0.0244735, -0.0179437, 0.0362014
0.0158032, -0.0129607, 0.034404
0.0231956, -0.495119, 0.0307332
-0.0075037, -0.519533, 0.0329241
-0.0061634, -0.464573, 0.0351702
-0.0168717, -0.49446, 0.03473
stamp: 5509000000
0.460223, -0.0224619, 0.0362028
0.00862549, -0.0395677, 0.0344011
-0.0244772, -0.0179439, 0.0362109
0.0158119, -0.0129604, 0.034423
0.0231902, -0.495117, 0.0307426
-0.00748255, -0.51955, 0.0328781
-0.00616166, -0.464561, 0.0351636
-0.0168705, -0.494458, 0.0347266
stamp: 5519000000
0.460217, -0.0224645, 0.0361954
0.00862451, -0.0395651, 0.0343958
-0.0244772, -0.0179335, 0.0362052
0.0158079, -0.0129557, 0.0344174
0.0231895, -0.495109, 0.0307407
-0.00750133, -0.51953, 0.0329408
-0.00616351, -0.464559, 0.0351704
-0.0168728, -0.494457, 0.0347125
stamp: 5529000000
0.460226, -0.0224519, 0.0361988
0.00862754, -0.0395623, 0.0344022
-0.0244285, -0.0178881, 0.0361468
0.0158169, -0.013011, 0.0343681
0.0231891, -0.495107, 0.0307303
-0.00747518, -0.519542, 0.0328855
-0.00615672, -0.464571, 0.0351646
-0.0168713, -0.494465, 0.0347158
stamp: 5539000000
0.460226, -0.0224643, 0.0361854
0.00862496, -0.0395687, 0.0343998
-0.0244303, -0.0178921, 0.0361309
0.0158131, -0.0129616, 0.0344097
0.0231922, -0.495113, 0.03074
-0.00748225, -0.519537, 0.032864
-0.00615281, -0.464573, 0.0351692
-0.0168643, -0.494468, 0.0347352
stamp: 5549000000
0.46022, -0.0224581, 0.0361899
0.00862668, -0.0395677, 0.0343962
-0.0244729, -0.017936, 0.0362072
0.0158161, -0.0130141, 0.0343526
0.0231932, -0.49512, 0.0307309
-0.00748578, -0.519546, 0.0328785
-0.00615697, -0.464575, 0.0351696
-0.0168694, -0.494473, 0.0347274
stamp: 5560000000
0.460216, -0.0224552, 0.0361788
0.00862854, -0.0395696, 0.0343949
-0.0244756, -0.0179422, 0.0362179
0.015808, -0.0129631, 0.0344058
0.0231924, -0.495109, 0.0307228
-0.0074807, -0.519539, 0.0328914
-0.00616181, -0.464566, 0.0351592
-0.016873, -0.494464, 0.034721
stamp: 5569000000
0.460223, -0.0224612, 0.036187
0.00862925, -0.0395727, 0.0343924
-0.0244278, -0.0178938, 0.0361458
0.0158136, -0.0130177, 0.0343586
0.0231885, -0.495116, 0.0307406
-0.00748035, -0.519546, 0.0328871
-0.00615936, -0.464572, 0.0351705
-0.0168642, -0.494465, 0.0347334
stamp: 5579000000
0.460228, -0.0224602, 0.0361896
0.00862923, -0.0395662, 0.0343952
-0.0244254, -0.0178885, 0.0361367
0.0158174, -0.0130166, 0.0343603
0.0231899, -0.495112, 0.0307409
-0.00747627, -0.519551, 0.0328894
-0.00616252, -0.464577, 0.0351682
-0.0168737, -0.494464, 0.0347322
stamp: 5590000000
0.460123, -0.0224065, 0.0362985
0.00862932, -0.0395687, 0.0343944
-0.0244692, -0.0179408, 0.0362102
0.0158079, -0.0129543, 0.0344117
0.023194, -0.495112, 0.0307395
-0.00747857, -0.519542, 0.0328843
-0.0061575, -0.464573, 0.0351643
-0.0168723, -0.494461, 0.0347243
stamp: 5599000000
0.460194, -0.0224295, 0.0362084
0.00862391, -0.0395715, 0.034388
-0.024428, -0.0178946, 0.036148
0.0158069, -0.0129677, 0.0344135
0.0231941, -0.495118, 0.0307477
-0.00748393, -0.519543, 0.0328821
-0.00616158, -0.464571, 0.0351618
-0.0168803, -0.494456, 0.0347222
stamp: 5609000000
0.460225, -0.0224685, 0.0361715
0.00862637, -0.039568, 0.0344008
-0.0244223, -0.0178918, 0.0361369
0.0158088, -0.0129565, 0.034414
0.0231896, -0.495115, 0.0307411
-0.00747458, -0.519544, 0.0328792
-0.00616018, -0.464568, 0.0351636
-0.0168722, -0.494454, 0.0347111
stamp: 5620000000
0.460226, -0.0224575, 0.0361832
0.00862603, -0.0395656, 0.034401
-0.0244282, -0.0178931, 0.0361379
0.0158218, -0.0130176, 0.0343611
0.0231926, -0.495114, 0.0307378
-0.00748425, -0.519548, 0.0328817
-0.00616035, -0.464566, 0.0351573
-0.0168817, -0.494469, 0.0347172
stamp: 5629000000
0.460227, -0.022469, 0.036192
0.00862913, -0.0395729, 0.0343991
-0.0244225, -0.0178899, 0.036095
0.0158037, -0.01296, 0.0344186
0.0231885, -0.495102, 0.030738
-0.00748283, -0.519546, 0.0328816
-0.00615474, -0.464562, 0.0351589
-0.0168721, -0.494463, 0.0347261
stamp: 5639000000
0.460219, -0.0224517, 0.0361925
0.0086311, -0.0395671, 0.034397
-0.0244649, -0.0179307, 0.0361995
0.0158102, -0.0130193, 0.0343635
0.0231883, -0.495112, 0.0307387
-0.00748134, -0.519547, 0.0328792
-0.00615915, -0.46458, 0.0351703
-0.0168708, -0.494465, 0.0347249
stamp: 5650000000
0.460222, -0.0224566, 0.036201
0.0086236, -0.0395717, 0.0344054
-0.024473, -0.0179429, 0.0362176
0.0158127, -0.0130153, 0.0343612
0.0231901, -0.495117, 0.0307447
-0.00750186, -0.519542, 0.0329328
-0.0061561, -0.464573, 0.0351713
-0.0168724, -0.494462, 0.0347242
stamp: 5659000000
0.460226, -0.0224532, 0.0361959
0.00863495, -0.0395717, 0.0344017
-0.0244262, -0.0178904, 0.0361437
0.0158104, -0.012965, 0.0344065
0.0231907, -0.495108, 0.0307397
-0.00747596, -0.519544, 0.0328854
-0.00615705, -0.464566, 0.0351628
-0.0168693, -0.494462, 0.0347367
stamp: 5669000000
0.460226, -0.0224642, 0.0361936
0.00862684, -0.0395765, 0.0343997
-0.024467, -0.0179327, 0.0362059
0.0158029, -0.013023, 0.0344027
0.0231902, -0.49511, 0.0307319
-0.00748182, -0.519544, 0.0328832
-0.00615421, -0.464566, 0.035157
-0.0168763, -0.494464, 0.0347245
stamp: 5680000000
0.460221, -0.0224599, 0.0361829
0.00862823, -0.0395696, 0.0343917
-0.0244732, -0.0179385, 0.0362101
0.0158135, -0.0129624, 0.0344187
0.0231912, -0.495109, 0.0307367
-0.00747832, -0.519541, 0.0328905
-0.00616185, -0.46457, 0.0351644
-0.0168683, -0.494452, 0.0347304
stamp: 5689000000
0.460222, -0.0224557, 0.0361947
0.00862867, -0.0395617, 0.0344071
-0.0244738, -0.0179357, 0.0362133
0.015814, -0.0130189, 0.0343661
0.0231873, -0.49511, 0.0307397
-0.0074996, -0.519517, 0.0329321
-0.00616179, -0.464577, 0.0351674
-0.0168694, -0.494463, 0.0347416
stamp: 5700000000
0.460213, -0.0224633, 0.0361904
0.00862808, -0.0395713, 0.0343983
-0.0244835, -0.017932, 0.0362043
0.0158125, -0.0130268, 0.0343681
0.0231861, -0.495107, 0.0307339
-0.00748086, -0.519551, 0.032891
-0.00615542, -0.464566, 0.035163
-0.0168647, -0.494464, 0.0347173
stamp: 5709000000
0.460224, -0.022462, 0.0362079
0.00862652, -0.0395702, 0.034403
-0.024479, -0.0179358, 0.0362063
0.0158114, -0.0129583, 0.0344162
0.0231906, -0.49511, 0.0307315
-0.00748175, -0.519546, 0.0328827
-0.00615834, -0.46457, 0.0351776
-0.0168723, -0.494464, 0.0347266
stamp: 5719000000
0.460226, -0.022454, 0.0361932
0.00862741, -0.039565, 0.034406
-0.0244707, -0.017941, 0.0362109
0.0158122, -0.0130135, 0.0343555
0.0231918, -0.495115, 0.0307374
-0.00748444, -0.519547, 0.0328787
-0.00615601, -0.46457, 0.0351661
-0.0168698, -0.494463, 0.0347297
stamp: 5730000000
0.460224, -0.0224585, 0.0361856
0.00863413, -0.0395646, 0.0344013
-0.0244702, -0.0179421, 0.0362114
0.015815, -0.0130199, 0.0343613
0.0231859, -0.495106, 0.0307356
-0.00748457, -0.519544, 0.0328876
-0.00615248, -0.464567, 0.0351621
-0.0168677, -0.494464, 0.0347281
stamp: 5739000000
0.460222, -0.0224625, 0.036194
0.00863171, -0.0395724, 0.0343959
-0.0244722, -0.0179372, 0.0362138
0.0158073, -0.012961, 0.0344097
0.0231963, -0.495115, 0.0307426
-0.00747609, -0.519544, 0.0328887
-0.00615542, -0.464572, 0.0351624
-0.0168675, -0.494467, 0.0347293
stamp: 5750000000
0.460222, -0.0224615, 0.0361874
0.00862936, -0.0395707, 0.0343968
-0.0244725, -0.0179438, 0.0362051
0.0158197, -0.0130222, 0.0343608
0.0231928, -0.495113, 0.0307424
-0.00752299, -0.519385, 0.0326972
-0.00616264, -0.46457, 0.035167
-0.0168701, -0.494462, 0.0347377
stamp: 5759000000
0.460225, -0.0224605, 0.0361936
0.00862343, -0.0395725, 0.0343939
-0.0244769, -0.0179406, 0.0362028
0.0158151, -0.0130213, 0.0343584
0.0231889, -0.495122, 0.0307429
-0.00749165, -0.519531, 0.0328498
-0.00616085, -0.464571, 0.0351603
-0.0168697, -0.494462, 0.0347262
stamp: 5769000000
0.460225, -0.0224611, 0.0361994
0.00862721, -0.0395645, 0.0343959
-0.024432, -0.0178968, 0.0361417
0.0158201, -0.0130193, 0.0343616
0.0231861, -0.49511, 0.0307395
-0.00747056, -0.519542, 0.032891
-0.00615533, -0.464568, 0.0351631
-0.0168689, -0.494465, 0.0347354
stamp: 5779000000
0.460226, -0.0224688, 0.036189
0.00862879, -0.0395679, 0.0343944
-0.0244721, -0.0179354, 0.0362066
0.0158098, -0.0129593, 0.0344181
0.0231884, -0.495112, 0.0307361
-0.00747383, -0.519548, 0.0328799
-0.00616251, -0.464569, 0.0351726
-0.0168615, -0.494464, 0.034722
stamp: 5789000000
0.460225, -0.0224526, 0.0362051
0.00863037, -0.0395675, 0.0344052
-0.0244754, -0.0179277, 0.0362123
0.0158167, -0.0130275, 0.034362
0.0231918, -0.495109, 0.0307367
-0.00747653, -0.519543, 0.032891
-0.00615333, -0.464569, 0.0351692
-0.0168656, -0.494455, 0.034734
stamp: 5800000000
0.460216, -0.0224625, 0.0361993
0.00862675, -0.0395651, 0.0344038
-0.0244684, -0.0179312, 0.036211
0.0158098, -0.0130185, 0.0343762
0.0231894, -0.495114, 0.0307385
-0.00747839, -0.519544, 0.0328794
-0.00615681, -0.464564, 0.0351641
-0.0168684, -0.494467, 0.034724
stamp: 5809000000
0.460224, -0.0224632, 0.0361952
0.00863092, -0.0395676, 0.0344029
-0.0244708, -0.0179417, 0.0362077
0.0158096, -0.0129553, 0.0344107
0.0232007, -0.495117, 0.0307374
-0.00748307, -0.519547, 0.0328719
-0.00616084, -0.46457, 0.0351665
-0.0168736, -0.494471, 0.0347093
stamp: 5819000000
0.460222, -0.0224537, 0.0361979
0.00863615, -0.0395718, 0.0343958
-0.0244343, -0.0178952, 0.0361377
0.0158259, -0.0130279, 0.0343688
0.0231971, -0.495112, 0.0307351
-0.0074726, -0.519536, 0.0328941
-0.00615728, -0.464572, 0.0351754
-0.0168703, -0.494462, 0.0347397
stamp: 5829000000
0.460119, -0.0224092, 0.0363031
0.00862858, -0.0395698, 0.0343986
-0.0244268, -0.0178936, 0.0361319
0.0158142, -0.013025, 0.0343654
0.0231953, -0.495112, 0.0307436
-0.00749028, -0.519543, 0.0328758
-0.00616257, -0.464575, 0.0351601
-0.0168684, -0.494466, 0.0347285
stamp: 5839000000
0.460216, -0.0224316, 0.0362305
0.00862727, -0.039572, 0.0344073
-0.0244743, -0.0179386, 0.0362
0.0158113, -0.012955, 0.0344259
0.0231842, -0.495118, 0.0307391
-0.00748257, -0.51954, 0.0328777
-0.00615817, -0.464573, 0.0351737
-0.0168732, -0.494468, 0.0347158
stamp: 5850000000
0.460232, -0.0224549, 0.0361867
0.0086321, -0.0395661, 0.0344073
-0.0244709, -0.0179346, 0.0362179
0.0158191, -0.0130236, 0.0343803
0.0231903, -0.495111, 0.030739
-0.00747554, -0.519543, 0.0328932
-0.00615581, -0.464563, 0.0351676
-0.0168712, -0.49447, 0.0347476
stamp: 5859000000
0.460223, -0.0224763, 0.0361669
0.00862974, -0.0395682, 0.0344
-0.0244692, -0.0179343, 0.0362139
0.0158106, -0.0129641, 0.0344142
0.0231878, -0.495116, 0.0307288
-0.00747641, -0.519537, 0.032866
-0.00615688, -0.464581, 0.0351677
-0.0168743, -0.494461, 0.0347208
stamp: 5869000000
0.460225, -0.0224671, 0.036199
0.00862874, -0.039574, 0.0344025
-0.0244694, -0.0179351, 0.036215
0.0158131, -0.0130171, 0.0343651
0.0231943, -0.495114, 0.030742
-0.00747129, -0.519541, 0.0328861
-0.00615608, -0.464571, 0.0351746
-0.0168697, -0.494465, 0.0347383
stamp: 5879000000
0.460217, -0.0224656, 0.0361933
0.00862916, -0.0395639, 0.0343919
-0.0244706, -0.0179364, 0.0362119
0.0158053, -0.012954, 0.0344223
0.0231935, -0.495109, 0.0307368
-0.00747858, -0.519543, 0.0328951
-0.00615273, -0.464563, 0.0351655
-0.0168648, -0.494461, 0.0347299
stamp: 5889000000
0.460223, -0.0224617, 0.0361849
0.00863233, -0.0395639, 0.0344014
-0.0244793, -0.0179417, 0.036206
0.0158096, -0.0129569, 0.0344119
0.0231798, -0.495115, 0.0307286
-0.00747696, -0.519541, 0.0328771
-0.00615554, -0.464574, 0.0351674
-0.016871, -0.494461, 0.034711
stamp: 5899000000
0.460223, -0.0224607, 0.0361956
0.00863062, -0.0395651, 0.0344045
-0.0244241, -0.0178969, 0.0361144
0.015803, -0.0130142, 0.0343594
0.0231931, -0.495109, 0.0307267
-0.0074765, -0.51954, 0.0328888
-0.00615758, -0.464563, 0.0351691
-0.0168614, -0.494458, 0.0347241
stamp: 5910000000
0.460224, -0.0224573, 0.0362015
0.00862917, -0.0395679, 0.0344078
-0.0244168, -0.0178847, 0.036098
0.0158156, -0.0130186, 0.0343688
0.0231909, -0.495119, 0.0307384
-0.00747932, -0.519543, 0.0328818
-0.00616001, -0.464566, 0.0351574
-0.0168775, -0.494463, 0.0347335
stamp: 5919000000
0.46023, -0.0224576, 0.0361926
0.00863158, -0.0395667, 0.0344002
-0.0244662, -0.0179432, 0.0362186
0.0158167, -0.0129509, 0.0344247
0.02319, -0.495112, 0.0307376
-0.00747373, -0.519542, 0.0328674
-0.00615017, -0.464571, 0.0351616
-0.0168708, -0.494465, 0.0347233
stamp: 5929000000
0.460222, -0.0224475, 0.0361999
0.00863117, -0.0395712, 0.0343946
-0.0244743, -0.0179396, 0.0362199
0.015801, -0.0129597, 0.0344185
0.0231917, -0.495105, 0.0307407
-0.00748205, -0.519541, 0.0328838
-0.00615619, -0.464567, 0.0351654
-0.0168636, -0.494466, 0.0347353
stamp: 5939000000
0.460127, -0.0224075, 0.0362975
0.00863025, -0.0395738, 0.0343918
-0.0244304, -0.0178962, 0.0361282
0.0158218, -0.0130208, 0.0343625
0.0231935, -0.495117, 0.0307313
-0.00747677, -0.519548, 0.0328762
-0.00615792, -0.464564, 0.0351628
-0.0168719, -0.49447, 0.0347253
stamp: 5950000000
0.460209, -0.0224416, 0.0362241
0.00862942, -0.0395676, 0.0344045
-0.0244241, -0.0178976, 0.0361392
0.0158137, -0.0130221, 0.0343623
0.0231829, -0.495117, 0.0307311
-0.00747861, -0.519544, 0.0328744
-0.00615515, -0.464567, 0.0351627
-0.0168696, -0.494463, 0.0347321
stamp: 5959000000
0.460229, -0.0224613, 0.0361874
0.00862798, -0.0395696, 0.0343921
-0.0244272, -0.0178916, 0.0361383
0.0158181, -0.0130184, 0.0343577
0.0231925, -0.495111, 0.0307341
-0.00750585, -0.519526, 0.0329275
-0.00615817, -0.464568, 0.0351737
-0.0168723, -0.494462, 0.034721
stamp: 5969000000
0.46022, -0.0224673, 0.0361881
0.00862603, -0.0395708, 0.0343923
-0.0243739, -0.0178529, 0.0360145
0.0158191, -0.0130152, 0.0343651
0.0231898, -0.495113, 0.0307407
-0.00748113, -0.519545, 0.032889
-0.00615426, -0.464574, 0.0351651
-0.0168758, -0.49446, 0.0347131
stamp: 5979000000
0.46023, -0.0224578, 0.0361867
0.00862918, -0.0395645, 0.034401
-0.0244172, -0.0178915, 0.0361356
0.0158193, -0.0130197, 0.0343707
0.0231822, -0.495107, 0.0307359
-0.00747939, -0.519539, 0.0328908
-0.0061607, -0.464574, 0.0351704
-0.0168648, -0.494461, 0.0347327
stamp: 5989000000
0.460218, -0.0224602, 0.0361909
0.00862918, -0.0395633, 0.0344062
-0.0244276, -0.0178989, 0.0361413
0.0158211, -0.0130174, 0.034367
0.0231919, -0.495112, 0.0307352
-0.00748203, -0.51954, 0.0328853
-0.00615911, -0.464565, 0.0351704
-0.0168673, -0.494462, 0.0347336
stamp: 5999000000
0.460221, -0.0224315, 0.0362105
0.00863389, -0.0395669, 0.034398
-0.0244313, -0.0178903, 0.0361289
0.0158167, -0.0130212, 0.0343595
0.023191, -0.49511, 0.0307268
-0.00748383, -0.519543, 0.0328737
-0.00615284, -0.46457, 0.0351692
-0.0168742, -0.494461, 0.0347251
stamp: 6009000000
0.460228, -0.022453, 0.0361935
0.00862664, -0.0395715, 0.0343977
-0.0244736, -0.0179278, 0.0362095
0.0158104, -0.0129611, 0.0344212
0.0231956, -0.495115, 0.0307466
-0.00747756, -0.519542, 0.0328821
-0.00614916, -0.46457, 0.035176
-0.0168647, -0.494472, 0.0347349
stamp: 6020000000
0.460228, -0.0224612, 0.0361875
0.00862783, -0.0395685, 0.0343964
-0.0244774, -0.0179365, 0.036196
0.0158149, -0.012955, 0.0344216
0.0231895, -0.495112, 0.0307342
-0.00748199, -0.519542, 0.0328726
-0.00615651, -0.464571, 0.0351602
-0.0168711, -0.49447, 0.0347195
stamp: 6029000000
0.460232, -0.0224644, 0.0361879
0.00863598, -0.0395719, 0.0344054
-0.024434, -0.0178915, 0.0361446
0.0158143, -0.0129581, 0.0344238
0.0231868, -0.495107, 0.0307257
-0.0074752, -0.519551, 0.0328793
-0.00616485, -0.464564, 0.0351612
-0.0168692, -0.494469, 0.0347361
stamp: 6039000000
0.460221, -0.0224676, 0.0361882
0.00863261, -0.0395698, 0.0343975
-0.0244766, -0.0179313, 0.0362057
0.0158118, -0.0129533, 0.0344251
0.0231875, -0.49511, 0.0307463
-0.00747639, -0.519543, 0.0328877
-0.00615649, -0.46457, 0.0351677
-0.0168694, -0.494461, 0.0347287
stamp: 6050000000
0.460222, -0.0224657, 0.0361978
0.00863039, -0.0395691, 0.0344021
-0.0244754, -0.0179363, 0.036201
0.0158093, -0.0129555, 0.0344196
0.0231919, -0.495118, 0.0307402
-0.00748036, -0.519547, 0.0328705
-0.00615561, -0.464569, 0.0351615
-0.0168692, -0.494464, 0.0347225
stamp: 6059000000
0.460132, -0.0223969, 0.0363042
0.00862888, -0.0395644, 0.0343969
-0.024476, -0.0179316, 0.0362087
0.0158198, -0.0130225, 0.0343679
0.0231925, -0.495108, 0.0307293
-0.00747907, -0.519539, 0.0328855
-0.00615299, -0.464565, 0.0351587
-0.016873, -0.494457, 0.0347342
stamp: 6069000000
0.460205, -0.0224305, 0.0362119
0.0086332, -0.0395647, 0.0343962
-0.0244718, -0.0179337, 0.0361967
0.0157943, -0.0130355, 0.0343911
0.0231882, -0.495108, 0.0307248
-0.00747649, -0.519542, 0.0328831
-0.00616168, -0.464568, 0.0351624
-0.0168724, -0.494463, 0.0347266
stamp: 6080000000
0.46023, -0.0224585, 0.0361795
0.00863154, -0.0395659, 0.0343924
-0.0244716, -0.0179341, 0.036208
0.0158062, -0.012956, 0.0344186
0.0231915, -0.495107, 0.0307276
-0.00747814, -0.519545, 0.0328712
-0.00616015, -0.464568, 0.0351682
-0.0168703, -0.494453, 0.0347216
stamp: 6089000000
0.460225, -0.0224617, 0.0361881
0.00862738, -0.0395698, 0.034403
-0.0244293, -0.0178849, 0.036142
0.0158229, -0.0130186, 0.0343741
0.023186, -0.495108, 0.0307342
-0.00747804, -0.519544, 0.0328904
-0.00615509, -0.464571, 0.0351707
-0.0168636, -0.494467, 0.0347396
stamp: 6100000000
0.460225, -0.0224692, 0.0361986
0.0086299, -0.0395628, 0.0344008
-0.0244235, -0.0178905, 0.0361327
0.0158131, -0.0129609, 0.0344119
0.0231861, -0.495116, 0.0307378
-0.00747768, -0.519546, 0.0328813
-0.00616168, -0.46457, 0.0351573
-0.0168679, -0.494466, 0.0347196
stamp: 6109000000
0.460226, -0.0224574, 0.0361926
0.00862191, -0.0395692, 0.0344028
-0.024418, -0.0178969, 0.036096
0.0158184, -0.0130095, 0.0343652
0.0231906, -0.495115, 0.0307329
-0.00747681, -0.519543, 0.0328867
-0.00615906, -0.464567, 0.0351674
-0.016874, -0.494464, 0.0347337
stamp: 6119000000
0.460223, -0.0224566, 0.036199
0.00863202, -0.0395653, 0.0343966
-0.0244673, -0.0179389, 0.0362129
0.0158159, -0.0130124, 0.0343612
0.023192, -0.495112, 0.0307334
-0.00747924, -0.519545, 0.0328798
-0.0061628, -0.464571, 0.0351688
-0.0168621, -0.494456, 0.0347301
stamp: 6129000000
0.460213, -0.0224621, 0.0361774
0.00862721, -0.0395684, 0.0343927
-0.0244344, -0.0178913, 0.0361428
0.0158097, -0.0129578, 0.0344225
0.0231946, -0.49511, 0.0307239
-0.00747752, -0.519541, 0.0328648
-0.00616141, -0.464575, 0.0351628
-0.0168721, -0.494468, 0.0347303
stamp: 6139000000
0.460229, -0.0224578, 0.0362003
0.00862812, -0.0395669, 0.0344007
-0.024472, -0.0179329, 0.0362132
0.0158058, -0.0129571, 0.0344205
0.0231874, -0.495108, 0.0307377
-0.00750746, -0.519534, 0.0329356
-0.00615021, -0.464573, 0.0351716
-0.0168688, -0.494463, 0.0347315
stamp: 6150000000
0.460214, -0.0224714, 0.0361891
0.00862839, -0.039569, 0.0344059
-0.0244728, -0.017945, 0.0362052
0.0158222, -0.0130154, 0.0343656
0.023186, -0.495111, 0.0307349
-0.00748052, -0.519548, 0.0328784
-0.00616263, -0.464581, 0.0351674
-0.0168653, -0.494465, 0.0347326
stamp: 6159000000
0.460226, -0.0224655, 0.0361922
0.00862001, -0.0395704, 0.0344023
-0.0244285, -0.0178862, 0.0361446
0.0158146, -0.01302, 0.0343645
0.0231911, -0.49511, 0.030737
-0.00750149, -0.519529, 0.0329271
-0.0061579, -0.464569, 0.0351674
-0.0168698, -0.494465, 0.0347266
stamp: 6169000000
0.460221, -0.0224614, 0.0361918
0.00862176, -0.0395687, 0.034409
-0.0244852, -0.0179283, 0.0362061
0.0158171, -0.012965, 0.0344234
0.0231873, -0.49512, 0.0307398
-0.00748325, -0.519543, 0.0328731
-0.00615689, -0.464571, 0.0351728
-0.0168657, -0.494469, 0.034733
stamp: 6179000000
0.460226, -0.0224655, 0.0361827
0.00862478, -0.0395696, 0.0344022
-0.0244725, -0.0179361, 0.0362101
0.0158178, -0.0130153, 0.0343611
0.0231871, -0.495115, 0.0307328
-0.0074732, -0.519553, 0.0328606
-0.00615376, -0.464572, 0.0351669
-0.0168636, -0.494454, 0.0347156
stamp: 6189000000
0.46023, -0.0224547, 0.036184
0.00862971, -0.0395757, 0.0343962
-0.0244763, -0.017936, 0.0362179
0.0158209, -0.0130217, 0.0343694
0.0231882, -0.495111, 0.0307463
-0.00747686, -0.519543, 0.0328955
-0.00615501, -0.464564, 0.0351726
-0.0168705, -0.494456, 0.0347385
stamp: 6199000000
0.460224, -0.0224609, 0.036194
0.00863339, -0.0395639, 0.0343981
-0.0244298, -0.0178956, 0.0361347
0.015813, -0.0130103, 0.0343602
0.0231896, -0.495119, 0.0307417
-0.00748194, -0.519547, 0.0328773
-0.00616514, -0.464576, 0.0351717
-0.0168698, -0.494469, 0.0347234
stamp: 6209000000
0.46023, -0.0224654, 0.0361774
0.00863305, -0.039566, 0.0343957
-0.0244245, -0.0178898, 0.0361279
0.0158123, -0.0129661, 0.0344158
0.0231903, -0.495111, 0.0307258
-0.00748099, -0.519546, 0.0328741
-0.00615688, -0.464572, 0.0351635
-0.016873, -0.494464, 0.0347079
stamp: 6219000000
0.460216, -0.0224541, 0.0361912
0.00862297, -0.0395727, 0.0344019
-0.0244225, -0.0178923, 0.0361455
0.0158146, -0.0130182, 0.0343655
0.0231955, -0.495115, 0.0307461
-0.00747572, -0.519541, 0.0328857
-0.00615447, -0.46457, 0.0351695
-0.0168677, -0.494467, 0.0347366
stamp: 6229000000
0.460218, -0.0224673, 0.0362022
0.00862136, -0.0395655, 0.0343962
-0.0244755, -0.0179427, 0.0362014
0.0158026, -0.0129594, 0.0344117
0.0231883, -0.495117, 0.0307263
-0.00748181, -0.519552, 0.032868
-0.0061609, -0.464584, 0.0351584
-0.0168716, -0.494467, 0.0347105
stamp: 6239000000
0.460222, -0.0224587, 0.0361847
0.00862763, -0.0395735, 0.0344015
-0.0244748, -0.0179371, 0.0362104
0.0158124, -0.0129579, 0.034421
0.023191, -0.495111, 0.0307371
-0.00747668, -0.519536, 0.0328793
-0.00615868, -0.464576, 0.0351664
-0.0168707, -0.494458, 0.0347294
stamp: 6249000000
0.460223, -0.0224565, 0.0361886
0.00862778, -0.0395707, 0.0344085
-0.0244244, -0.0178936, 0.0361463
0.0157845, -0.0129751, 0.0344411
0.023193, -0.495113, 0.0307418
-0.00748441, -0.519543, 0.0328897
-0.00616009, -0.464574, 0.0351579
-0.0168683, -0.494466, 0.0347315
stamp: 6259000000
0.460222, -0.0224667, 0.0361945
0.00862834, -0.0395631, 0.0343953
-0.0244727, -0.0179358, 0.0361996
0.0158039, -0.0129564, 0.0344027
0.0231905, -0.495121, 0.0307352
-0.00747996, -0.519546, 0.0328707
-0.00616472, -0.464566, 0.035151
-0.0168742, -0.49447, 0.0347056
stamp: 6269000000
0.460225, -0.0224626, 0.0361987
0.00862828, -0.0395679, 0.0344045
-0.0244735, -0.0179363, 0.0362133
0.0158156, -0.0130208, 0.0343729
0.0231938, -0.49511, 0.0307399
-0.00749841, -0.51953, 0.0329405
-0.006162, -0.464572, 0.0351733
-0.0168674, -0.494468, 0.0347283
stamp: 6279000000
0.460217, -0.0224603, 0.0361915
0.00862405, -0.0395696, 0.0344015
-0.0244756, -0.0179421, 0.0362108
0.0158077, -0.0130146, 0.0343562
0.0231903, -0.495109, 0.0307334
-0.00747706, -0.519537, 0.0328727
-0.00615793, -0.464576, 0.0351627
-0.0168694, -0.494465, 0.0347182
stamp: 6289000000
0.460229, -0.0224661, 0.0361763
0.00863091, -0.0395709, 0.0343982
-0.0244306, -0.0178981, 0.0361384
0.0158201, -0.0130211, 0.0343691
0.0231928, -0.495125, 0.0307349
-0.00748062, -0.519543, 0.0328694
-0.00615766, -0.464575, 0.0351597
-0.0168796, -0.494461, 0.0347098
stamp: 6300000000
0.460222, -0.0224519, 0.0362042
0.00862923, -0.039575, 0.0344102
-0.0244259, -0.0178878, 0.0361452
0.0158069, -0.0130165, 0.0343615
0.0231879, -0.495109, 0.0307409
-0.00747844, -0.519536, 0.0328886
-0.0061529, -0.464566, 0.0351713
-0.0168716, -0.494467, 0.0347479
stamp: 6309000000
0.460225, -0.0224612, 0.0361913
0.0086331, -0.0395629, 0.0343972
-0.0244303, -0.0178951, 0.0361252
0.0158141, -0.0130191, 0.0343614
0.0231921, -0.495122, 0.0307309
-0.00747807, -0.519546, 0.0328715
-0.00616606, -0.464569, 0.0351608
-0.0168754, -0.494462, 0.0347142
stamp: 6319000000
0.460229, -0.022458, 0.036195
0.00863549, -0.0395665, 0.034399
-0.0244709, -0.01793, 0.0362131
0.0158192, -0.0130193, 0.0343655
0.0231921, -0.495107, 0.030743
-0.00748337, -0.519542, 0.0328786
-0.00616133, -0.464568, 0.0351593
-0.016871, -0.49447, 0.0347324
stamp: 6329000000
0.460224, -0.0224576, 0.0361966
0.00863183, -0.0395617, 0.0344002
-0.0244769, -0.0179359, 0.0362117
0.0158115, -0.0129562, 0.0344156
0.0231937, -0.49511, 0.0307354
-0.00747471, -0.519538, 0.0328871
-0.00615938, -0.464569, 0.0351674
-0.0168694, -0.494463, 0.0347348
stamp: 6339000000
0.460224, -0.0224653, 0.0361801
0.0086285, -0.0395689, 0.0344002
-0.0244367, -0.0178968, 0.0361361
0.0158097, -0.012959, 0.0344088
0.0231964, -0.495116, 0.0307435
-0.00748119, -0.519544, 0.0328776
-0.00615655, -0.464576, 0.0351543
-0.01688, -0.494466, 0.0347191
stamp: 6350000000
0.460234, -0.0224597, 0.0361912
0.00862916, -0.0395625, 0.0344029
-0.0244238, -0.0178861, 0.0361328
0.0158164, -0.0130127, 0.0343559
0.0231949, -0.495111, 0.0307435
-0.007472, -0.519551, 0.0328842
-0.00615344, -0.464572, 0.0351688
-0.0168724, -0.494463, 0.034732
stamp: 6359000000
0.460225, -0.0224619, 0.0361944
0.0086236, -0.0395708, 0.0343938
-0.0244252, -0.017902, 0.0361414
0.0158098, -0.0129576, 0.0344163
0.023192, -0.495117, 0.030735
-0.00747365, -0.519548, 0.0328895
-0.00616185, -0.464569, 0.035157
-0.0168705, -0.494464, 0.0347211
stamp: 6369000000
0.460216, -0.0224594, 0.0361937
0.00862857, -0.0395686, 0.034397
-0.0244271, -0.0178958, 0.0361315
0.0158184, -0.0130203, 0.0343647
0.0231904, -0.495112, 0.0307325
-0.0074798, -0.519548, 0.0328778
-0.00616135, -0.464571, 0.0351612
-0.0168668, -0.494469, 0.0347161
stamp: 6379000000
0.460216, -0.022456, 0.036198
0.00862801, -0.0395678, 0.0343992
-0.0244694, -0.0179342, 0.0362209
0.0158081, -0.0129639, 0.0344174
0.023188, -0.495107, 0.030724
-0.00746887, -0.519545, 0.0328978
-0.00615637, -0.464568, 0.0351735
-0.0168644, -0.494467, 0.0347481
stamp: 6389000000
0.460225, -0.0224578, 0.0361844
0.0086311, -0.0395714, 0.0343914
-0.0244768, -0.017932, 0.0361966
0.0158139, -0.0130182, 0.0343572
0.0231885, -0.495116, 0.0307396
-0.0074737, -0.519551, 0.0328665
-0.00615466, -0.464573, 0.0351607
-0.0168768, -0.494463, 0.0347124
stamp: 6400000000
0.460238, -0.0224691, 0.0361929
0.00863308, -0.039568, 0.0344057
-0.0244696, -0.0179316, 0.0362126
0.0158122, -0.0130189, 0.0343658
0.0231889, -0.495112, 0.0307436
-0.00748043, -0.519538, 0.0328869
-0.00616289, -0.464568, 0.035174
-0.0168792, -0.494468, 0.0347265
stamp: 6409000000
0.460224, -0.022466, 0.0361845
0.00862831, -0.0395722, 0.0343972
-0.0244746, -0.0179371, 0.0362092
0.0158128, -0.012961, 0.0344158
0.0231894, -0.495117, 0.0307399
-0.00750054, -0.519523, 0.0329353
-0.00615856, -0.464576, 0.0351771
-0.0168607, -0.49447, 0.0347353
stamp: 6419000000
0.460222, -0.0224631, 0.0361865
0.00862652, -0.0395759, 0.0343865
-0.024474, -0.0179438, 0.0362076
0.0158164, -0.0130194, 0.0343596
0.0231932, -0.495112, 0.0307369
-0.00748037, -0.519546, 0.0328812
-0.00616185, -0.464569, 0.0351547
-0.016882, -0.49447, 0.0347182
stamp: 6429000000
0.46022, -0.0224413, 0.0361915
0.00862785, -0.0395684, 0.0344007
-0.0244302, -0.0178908, 0.036144
0.0157919, -0.0130319, 0.0343846
0.0231942, -0.495114, 0.0307377
-0.00747315, -0.51954, 0.0328953
-0.00615367, -0.464569, 0.0351729
-0.0168625, -0.49447, 0.0347383
stamp: 6439000000
0.460218, -0.0224562, 0.0362033
0.00862817, -0.039571, 0.0343993
-0.0244685, -0.0179309, 0.0362083
0.0158152, -0.013019, 0.034359
0.0231907, -0.495125, 0.0307378
-0.0074787, -0.519547, 0.0328727
-0.00615061, -0.464568, 0.0351595
-0.0168738, -0.494472, 0.0347177
stamp: 6449000000
0.460224, -0.0224255, 0.0362246
0.00862517, -0.039565, 0.0344004
-0.0244749, -0.0179348, 0.0362211
0.0158094, -0.0130263, 0.0343663
0.0231889, -0.495117, 0.0307368
-0.00748177, -0.51955, 0.0328829
-0.00616075, -0.464568, 0.0351636
-0.0168674, -0.494459, 0.0347357
stamp: 6459000000
0.460225, -0.0224519, 0.0361938
0.00862739, -0.0395713, 0.0344039
-0.0243781, -0.0178631, 0.0360318
0.0158068, -0.0129498, 0.0344174
0.0231934, -0.495109, 0.0307429
-0.00752306, -0.519384, 0.032711
-0.00615664, -0.464571, 0.0351719
-0.0168634, -0.49447, 0.0347372
stamp: 6469000000
0.460211, -0.0224633, 0.036183
0.00862447, -0.0395692, 0.0343903
-0.024414, -0.017903, 0.0361188
0.0158192, -0.0130136, 0.0343756
0.0231862, -0.495114, 0.0307345
-0.00749316, -0.519532, 0.0328453
-0.0061588, -0.464574, 0.035154
-0.0168715, -0.494464, 0.0347008
stamp: 6479000000
0.460224, -0.0224572, 0.0361876
0.00862906, -0.0395711, 0.0343965
-0.0244697, -0.0179311, 0.0362147
0.0158131, -0.0130158, 0.0343581
0.0231876, -0.495108, 0.0307339
-0.00747415, -0.519546, 0.0328867
-0.00615581, -0.464569, 0.0351718
-0.016872, -0.494465, 0.0347273
stamp: 6489000000
0.460222, -0.0224595, 0.0361886
0.00862955, -0.0395667, 0.0343961
-0.0244701, -0.0179357, 0.0362143
0.0158132, -0.0130254, 0.0343624
0.0231923, -0.495101, 0.0307227
-0.00746598, -0.519542, 0.0329001
-0.00615508, -0.464573, 0.0351644
-0.0168654, -0.494464, 0.03473
stamp: 6500000000
0.460217, -0.0224641, 0.0361908
0.00863046, -0.0395676, 0.0344013
-0.0244765, -0.0179402, 0.0362081
0.0158095, -0.012959, 0.0344189
0.0231887, -0.495117, 0.0307339
-0.00747152, -0.519545, 0.0328775
-0.0061582, -0.464573, 0.0351669
-0.0168676, -0.494471, 0.0347212
stamp: 6509000000
0.460219, -0.0224548, 0.0362012
0.00863174, -0.0395656, 0.03441
-0.0244249, -0.0178941, 0.0361487
0.0158087, -0.0130164, 0.0343617
0.0231898, -0.495107, 0.0307379
-0.00755137, -0.519358, 0.0327592
-0.00615666, -0.46457, 0.0351692
-0.0168625, -0.494458, 0.0347257
stamp: 6519000000
0.460218, -0.0224599, 0.0361872
0.00863157, -0.0395658, 0.0344034
-0.0244253, -0.0178967, 0.0361393
0.0158174, -0.0130234, 0.0343652
0.0231946, -0.495109, 0.0307442
-0.00749623, -0.519531, 0.0328404
-0.00616507, -0.464572, 0.0351606
-0.0168803, -0.494458, 0.0347188
stamp: 6529000000
0.460224, -0.0224587, 0.0361952
0.00863171, -0.0395658, 0.034403
-0.0244275, -0.0178977, 0.0361409
0.0158105, -0.0130231, 0.0343526
0.0231894, -0.495117, 0.0307497
-0.00750127, -0.519535, 0.0329342
-0.0061608, -0.464569, 0.0351663
-0.0168794, -0.494461, 0.0347145
stamp: 6539000000
0.460221, -0.0224537, 0.0361981
0.00863504, -0.0395657, 0.0343981
-0.0244702, -0.0179395, 0.0362119
0.0158224, -0.0130223, 0.0343767
0.0231866, -0.49511, 0.0307332
-0.00747701, -0.51954, 0.0328804
-0.00615446, -0.464565, 0.0351732
-0.0168633, -0.494458, 0.0347389
stamp: 6549000000
0.460215, -0.0224663, 0.0361915
0.00862742, -0.0395738, 0.0343957
-0.0244743, -0.0179413, 0.0362089
0.0158225, -0.0130226, 0.0343609
0.0231885, -0.495106, 0.0307135
-0.0074821, -0.519539, 0.0328724
-0.00616059, -0.464573, 0.0351541
-0.0168742, -0.494462, 0.0347152
stamp: 6560000000
0.460214, -0.0224538, 0.0361988
0.00862797, -0.0395744, 0.0344002
-0.024475, -0.017932, 0.0362045
0.0158205, -0.0130173, 0.034367
0.0231844, -0.495105, 0.0307163
-0.00748486, -0.519538, 0.0328698
-0.0061523, -0.46457, 0.0351708
-0.0168695, -0.494463, 0.0347207
stamp: 6569000000
0.460219, -0.022457, 0.0362107
0.00863256, -0.0395685, 0.0344002
-0.0244342, -0.017896, 0.0361458
0.0158154, -0.0130246, 0.0343645
0.0231941, -0.495112, 0.0307382
-0.00747315, -0.519545, 0.0328884
-0.00615616, -0.464573, 0.0351625
-0.0168697, -0.494469, 0.034724
stamp: 6579000000
0.460227, -0.0224653, 0.0361953
0.0086275, -0.0395709, 0.0343998
-0.0244487, -0.0180238, 0.0361714
0.0158138, -0.0130185, 0.0343652
0.0231894, -0.495118, 0.0307445
-0.00747822, -0.519544, 0.0328755
-0.00616003, -0.464574, 0.0351652
-0.016876, -0.494465, 0.0347166
stamp: 6590000000
0.460225, -0.0224591, 0.0361948
0.00862618, -0.0395739, 0.0343985
-0.0244159, -0.0178921, 0.0361368
0.0158217, -0.0130248, 0.0343617
0.0231867, -0.495114, 0.0307446
-0.00747648, -0.51954, 0.0328896
-0.0061614, -0.464575, 0.0351756
-0.0168675, -0.494463, 0.0347301
stamp: 6599000000
0.460224, -0.0224614, 0.0362043
0.00862462, -0.0395676, 0.0344022
-0.0244734, -0.0179315, 0.0361976
0.0158149, -0.0130275, 0.034366
0.0231866, -0.495105, 0.0307326
-0.0074782, -0.519544, 0.0328819
-0.00616128, -0.464571, 0.0351622
-0.0168736, -0.494464, 0.0347093
stamp: 6609000000
0.460219, -0.0224643, 0.036198
0.00862719, -0.0395623, 0.0344005
-0.0244829, -0.0179402, 0.0362116
0.0158066, -0.0130204, 0.0343647
0.0231976, -0.495111, 0.0307384
-0.00747781, -0.519544, 0.0328741
-0.00615968, -0.464572, 0.0351597
-0.0168683, -0.494465, 0.0347244
stamp: 6620000000
0.460229, -0.0224535, 0.03619
0.00862213, -0.0395676, 0.0344045
-0.0243784, -0.0178619, 0.0360277
0.0158134, -0.0130197, 0.034359
0.0231813, -0.495108, 0.0307234
-0.0074771, -0.519539, 0.0328797
-0.00615716, -0.464567, 0.0351603
-0.0168692, -0.494463, 0.0347274
stamp: 6629000000
0.460225, -0.0224651, 0.0361931
0.00862869, -0.039574, 0.0343891
-0.0244157, -0.0178962, 0.0361192
0.0157873, -0.0129713, 0.0344489
0.0231891, -0.495115, 0.0307341
-0.00753041, -0.519377, 0.0326837
-0.00615466, -0.464573, 0.0351697
-0.0168703, -0.494466, 0.0347234
stamp: 6639000000
0.460219, -0.0224582, 0.0362021
0.00863406, -0.0395696, 0.0344119
-0.0244311, -0.0178964, 0.0361379
0.0158167, -0.0129509, 0.0344226
0.0231892, -0.495115, 0.0307364
-0.00756395, -0.519352, 0.0326435
-0.00615401, -0.464565, 0.0351605
-0.016871, -0.494467, 0.0347273
stamp: 6649000000
0.460214, -0.0224558, 0.0362034
0.00862499, -0.0395706, 0.0343906
-0.0244312, -0.0178902, 0.0361371
0.0158172, -0.0130195, 0.0343603
0.0231889, -0.495115, 0.0307398
-0.00749333, -0.519533, 0.0328424
-0.00615443, -0.464564, 0.0351569
-0.0168747, -0.494463, 0.0347202
stamp: 6659000000
0.460222, -0.0224645, 0.036193
0.00863017, -0.0395633, 0.0344024
-0.0244266, -0.0178919, 0.0361283
0.0158144, -0.013023, 0.03436
0.0231893, -0.495113, 0.0307309
-0.00747326, -0.519552, 0.0328912
-0.00615942, -0.464577, 0.0351656
-0.0168744, -0.494458, 0.0347116
stamp: 6669000000
0.46022, -0.0224611, 0.036203
0.00862057, -0.0395698, 0.0343955
-0.0244237, -0.0178954, 0.0361401
0.0158111, -0.0130242, 0.0343582
0.0231894, -0.495116, 0.0307341
-0.00747965, -0.519542, 0.0328781
-0.00616003, -0.464568, 0.0351558
-0.0168652, -0.494467, 0.0347308
stamp: 6679000000
0.460212, -0.0224621, 0.0361887
0.0086243, -0.0395663, 0.0343921
-0.0244637, -0.0179388, 0.0362044
0.015806, -0.0129563, 0.0344157
0.0231883, -0.495122, 0.0307394
-0.0074736, -0.519543, 0.0328833
-0.00616251, -0.464567, 0.0351612
-0.0168704, -0.494469, 0.0347296
stamp: 6689000000
0.46022, -0.0224597, 0.0361912
0.00862881, -0.0395711, 0.034392
-0.0244361, -0.017892, 0.0361358
0.015818, -0.0130197, 0.0343558
0.0231962, -0.495115, 0.0307397
-0.00747232, -0.519542, 0.0328922
-0.00615812, -0.464568, 0.035174
-0.0168747, -0.494463, 0.0347178
stamp: 6700000000
0.460221, -0.0224552, 0.0361958
0.00862225, -0.0395731, 0.0343922
-0.0244262, -0.0178961, 0.036142
0.0158087, -0.0130283, 0.0343493
0.0231878, -0.495111, 0.0307294
-0.00747767, -0.519538, 0.0328646
-0.00615824, -0.464573, 0.0351701
-0.0168728, -0.494457, 0.034721
stamp: 6709000000
0.460224, -0.0224578, 0.0361796
0.00863088, -0.0395682, 0.0343949
-0.0244328, -0.0178966, 0.0361342
0.0158088, -0.0129599, 0.0344127
0.0231875, -0.495109, 0.0307297
-0.00748252, -0.519541, 0.0328755
-0.00616125, -0.464565, 0.0351662
-0.0168715, -0.494456, 0.0347103
stamp: 6719000000
0.460236, -0.0224653, 0.0361999
0.00862337, -0.0395676, 0.0343949
-0.0244723, -0.017943, 0.0362139
0.0158186, -0.013016, 0.0343703
0.0231905, -0.495116, 0.0307308
-0.00748179, -0.519543, 0.0328958
-0.00615534, -0.464573, 0.0351738
-0.0168738, -0.494465, 0.0347246
stamp: 6729000000
0.460218, -0.0224612, 0.0361921
0.00862806, -0.0395616, 0.034396
-0.0244249, -0.0178895, 0.0361347
0.0158115, -0.0130157, 0.0343572
0.0231971, -0.495116, 0.0307441
-0.00747909, -0.519543, 0.0328845
-0.00616556, -0.464572, 0.035163
-0.0168816, -0.494454, 0.0347159
stamp: 6739000000
0.460219, -0.0224494, 0.0361951
0.00862608, -0.0395696, 0.0343977
-0.0244667, -0.0179341, 0.0362086
0.0158022, -0.0129585, 0.0344176
0.0231924, -0.495117, 0.0307445
-0.00747697, -0.519534, 0.0328779
-0.00616156, -0.464575, 0.0351667
-0.0168691, -0.494458, 0.0347256
stamp: 6750000000
0.460122, -0.0223998, 0.0363011
0.00863236, -0.0395698, 0.0343981
-0.0244753, -0.0179426, 0.0362039
0.0158194, -0.0130215, 0.0343719
0.0231964, -0.495107, 0.0307485
-0.00747244, -0.519546, 0.032882
-0.006164, -0.464569, 0.0351717
-0.0168702, -0.494468, 0.0347163
stamp: 6759000000
0.4602, -0.0224367, 0.0362137
0.00862691, -0.0395708, 0.0344018
-0.0244322, -0.0178946, 0.0361431
0.0158127, -0.0130201, 0.0343549
0.0231909, -0.495112, 0.0307324
-0.00752249, -0.519384, 0.0326887
-0.00616094, -0.464574, 0.0351628
-0.0168714, -0.494466, 0.0347159
stamp: 6769000000
0.460227, -0.0224597, 0.0361871
0.00863633, -0.0395645, 0.0343991
-0.0244219, -0.0178958, 0.0361428
0.0158149, -0.0130275, 0.0343492
0.0231937, -0.495115, 0.0307345
-0.00749075, -0.51953, 0.0328584
-0.006157, -0.464572, 0.0351708
-0.016868, -0.494463, 0.0347274
stamp: 6779000000
0.460217, -0.0224569, 0.0361812
0.00863045, -0.0395719, 0.0344044
-0.0244715, -0.0179408, 0.0362065
0.0158145, -0.0130182, 0.034367
0.0231944, -0.495115, 0.0307343
-0.0074724, -0.519547, 0.0328983
-0.00615853, -0.464571, 0.035164
-0.0168744, -0.494459, 0.0347316
stamp: 6789000000
0.460222, -0.0224541, 0.0361943
0.00862946, -0.0395661, 0.0344014
-0.024475, -0.0179474, 0.0362102
0.0158145, -0.0130179, 0.0343615
0.0231873, -0.495111, 0.0307443
-0.00748073, -0.519545, 0.0328797
-0.00615639, -0.464569, 0.0351618
-0.0168721, -0.49446, 0.0347279
stamp: 6800000000
0.460222, -0.0224638, 0.0362037
0.00863328, -0.0395729, 0.0344013
-0.0244295, -0.0178892, 0.0361384
0.0158038, -0.012958, 0.0344227
0.0231901, -0.495118, 0.0307435
-0.00748573, -0.519542, 0.0328817
-0.00616402, -0.464566, 0.0351591
-0.0168721, -0.494466, 0.034719
stamp: 6809000000
0.460212, -0.0224546, 0.0362009
0.00863151, -0.0395662, 0.0344004
-0.0244311, -0.0178834, 0.0361222
0.0158133, -0.0130175, 0.0343486
0.0231905, -0.495108, 0.0307402
-0.00748114, -0.519538, 0.0328816
-0.0061597, -0.464566, 0.0351558
-0.0168743, -0.494458, 0.0347139
stamp: 6820000000
0.460219, -0.0224558, 0.0361978
0.00863557, -0.0395726, 0.0344011
-0.0244746, -0.0179388, 0.0362167
0.0158192, -0.0130234, 0.0343584
0.0231908, -0.495114, 0.0307332
-0.00747822, -0.519537, 0.032879
-0.00615743, -0.464571, 0.0351668
-0.0168736, -0.49446, 0.0347265
stamp: 6829000000
0.460221, -0.0224678, 0.0361934
0.00863196, -0.039573, 0.0343962
-0.0244759, -0.0179407, 0.0362079
0.0158186, -0.0130216, 0.0343612
0.0231961, -0.495119, 0.0307392
-0.00747643, -0.519544, 0.0328815
-0.00615855, -0.464571, 0.0351615
-0.0168673, -0.494468, 0.0347253
stamp: 6839000000
0.460218, -0.0224592, 0.0361988
0.00863042, -0.0395695, 0.0343963
-0.0244747, -0.0179349, 0.0362099
0.0158197, -0.0130183, 0.0343636
0.0231887, -0.495116, 0.0307406
-0.00748379, -0.519545, 0.0328737
-0.00616048, -0.46457, 0.0351722
-0.0168717, -0.494467, 0.0347297
stamp: 6850000000
0.460223, -0.0224517, 0.0361908
0.0086205, -0.0395667, 0.0343903
-0.024479, -0.0179355, 0.0362071
0.0158155, -0.013016, 0.0343623
0.0231918, -0.49511, 0.0307284
-0.0074812, -0.51954, 0.032879
-0.00615758, -0.464566, 0.0351654
-0.0168808, -0.494465, 0.03473
stamp: 6859000000
0.460221, -0.0224562, 0.0361896
0.00862744, -0.0395682, 0.034395
-0.0244765, -0.0179403, 0.0362155
0.0158138, -0.0130198, 0.0343688
0.0231916, -0.495112, 0.03074
-0.00748674, -0.519545, 0.0328721
-0.00615405, -0.464558, 0.0351526
-0.0168682, -0.494469, 0.0347273
stamp: 6869000000
0.460218, -0.0224661, 0.0361991
0.00862734, -0.0395713, 0.0343942
-0.0244731, -0.0179356, 0.0362115
0.0158099, -0.0130159, 0.0343583
0.0231913, -0.49511, 0.0307368
-0.00748298, -0.519539, 0.0328824
-0.00615281, -0.46457, 0.0351724
-0.0168645, -0.494471, 0.034725
stamp: 6879000000
0.460226, -0.0224612, 0.0361868
0.00862851, -0.0395702, 0.034401
-0.0244743, -0.017941, 0.0362081
0.0158118, -0.0130174, 0.0343649
0.0231908, -0.495112, 0.0307435
-0.00747667, -0.519544, 0.0328742
-0.0061551, -0.464568, 0.0351684
-0.0168765, -0.494458, 0.0347138
stamp: 6889000000
0.460229, -0.0224563, 0.0361914
0.00862177, -0.0395698, 0.0343944
-0.0244748, -0.0179374, 0.0362125
0.0158125, -0.0130196, 0.0343616
0.0231896, -0.495109, 0.0307337
-0.00747677, -0.519544, 0.0328884
-0.00616745, -0.464571, 0.0351562
-0.0168777, -0.494461, 0.0347117
stamp: 6900000000
0.460211, -0.0224555, 0.0361931
0.00862002, -0.0395673, 0.0344018
-0.0244699, -0.0179408, 0.0362169
0.0158092, -0.0130162, 0.0343634
0.0231912, -0.495117, 0.0307411
-0.00752731, -0.51938, 0.0327082
-0.00616502, -0.464573, 0.0351684
-0.0168608, -0.494465, 0.0347185
stamp: 6909000000
0.460219, -0.0224672, 0.0361935
0.00862574, -0.0395754, 0.0343949
-0.0244714, -0.0179427, 0.0362097
0.0158101, -0.0130184, 0.034356
0.0231869, -0.495118, 0.0307366
-0.00749286, -0.519538, 0.0328611
-0.00616259, -0.46457, 0.0351604
-0.0168698, -0.494467, 0.0347247
stamp: 6919000000
0.460213, -0.0224584, 0.0361961
0.00862913, -0.0395713, 0.0344069
-0.0244251, -0.0178907, 0.0361397
0.0158088, -0.013021, 0.0343673
0.0231929, -0.495112, 0.0307474
-0.00747571, -0.519544, 0.0328893
-0.006165, -0.464576, 0.0351558
-0.0168723, -0.494465, 0.0347268
stamp: 6929000000
0.460221, -0.0224629, 0.0361978
0.00862359, -0.0395708, 0.0343983
-0.0244723, -0.0179279, 0.0361982
0.01581, -0.013011, 0.0343589
0.0231938, -0.495112, 0.0307498
-0.00747534, -0.51954, 0.0328778
-0.00615993, -0.464562, 0.0351615
-0.0168764, -0.494465, 0.0347203
stamp: 6939000000
0.460221, -0.0224609, 0.0361972
0.00862492, -0.0395669, 0.0343951
-0.0244325, -0.0178909, 0.0361419
0.0158156, -0.0130195, 0.0343586
0.0231908, -0.49511, 0.0307354
-0.00748331, -0.519547, 0.0328778
-0.0061589, -0.464566, 0.0351669
-0.016887, -0.49447, 0.0347231
stamp: 6950000000
0.460227, -0.0224476, 0.0361961
0.0086302, -0.0395732, 0.0343931
-0.0244694, -0.0179343, 0.0362018
0.015817, -0.013019, 0.034362
0.02319, -0.495109, 0.0307384
-0.0075077, -0.519529, 0.0329353
-0.00615441, -0.464567, 0.0351664
-0.0168806, -0.49446, 0.0347165
stamp: 6959000000
0.460223, -0.0224567, 0.0361843
0.00863378, -0.0395656, 0.034404
-0.0244743, -0.0179356, 0.0362127
0.015814, -0.0129636, 0.0344204
0.0231922, -0.495122, 0.0307463
-0.00750665, -0.519529, 0.0329214
-0.0061629, -0.464573, 0.0351578
-0.0168774, -0.494465, 0.0347261
stamp: 6969000000
0.460224, -0.0224674, 0.0361845
0.00863399, -0.0395718, 0.0344056
-0.0244358, -0.0178913, 0.0361345
0.0158053, -0.0129574, 0.0344108
0.0231919, -0.495113, 0.0307389
-0.00748475, -0.519547, 0.0328763
-0.00615961, -0.464571, 0.0351628
-0.0168738, -0.494467, 0.0347306
stamp: 6979000000
0.46022, -0.0224618, 0.0361879
0.00862801, -0.0395692, 0.0344037
-0.0244713, -0.0179298, 0.0362048
0.0158054, -0.0129617, 0.0344075
0.023192, -0.495114, 0.0307333
-0.0074998, -0.519535, 0.0329404
-0.00615984, -0.464565, 0.0351621
-0.0168751, -0.494465, 0.0347183
stamp: 6989000000
0.460216, -0.0224537, 0.0361955
0.00862733, -0.0395652, 0.0344046
-0.0244732, -0.0179388, 0.0362057
0.0158112, -0.0129568, 0.0344161
0.0231944, -0.495115, 0.0307406
-0.00748036, -0.519544, 0.0328788
-0.00615383, -0.464568, 0.0351546
-0.0168792, -0.494469, 0.03472
stamp: 7000000000
0.460124, -0.0224008, 0.0363126
0.00862713, -0.0395745, 0.0343938
-0.0244151, -0.0179007, 0.0360984
0.0158102, -0.0130192, 0.0343531
0.0231932, -0.495118, 0.0307395
-0.00747487, -0.519543, 0.0328843
-0.00615871, -0.464576, 0.0351604
-0.016873, -0.494461, 0.0347144
stamp: 7009000000
0.460199, -0.0224312, 0.0362158
0.00862691, -0.0395735, 0.0344068
-0.0244589, -0.0179428, 0.0362047
0.0158163, -0.0130179, 0.0343596
0.0231891, -0.495118, 0.0307321
-0.00747816, -0.519539, 0.0328765
-0.00615901, -0.46457, 0.0351739
-0.0168726, -0.494465, 0.0347244
stamp: 7020000000
0.460231, -0.0224666, 0.0361795
0.00862881, -0.039576, 0.0343893
-0.0244782, -0.017934, 0.0362105
0.0158114, -0.0129613, 0.0344195
0.0231897, -0.495109, 0.0307293
-0.00748309, -0.519543, 0.03287
-0.00615845, -0.464576, 0.0351587
-0.0168785, -0.494465, 0.0347168
stamp: 7029000000
0.46023, -0.0224705, 0.0362049
0.00863112, -0.0395639, 0.0343976
-0.0244316, -0.0178934, 0.036136
0.0158189, -0.0130161, 0.0343668
0.0231926, -0.495114, 0.0307313
-0.00748852, -0.519549, 0.0328789
-0.0061584, -0.464571, 0.0351712
-0.0168735, -0.494463, 0.0347205
stamp: 7040000000
0.460125, -0.0224099, 0.036292
0.00862713, -0.0395678, 0.0344008
-0.0244734, -0.0179312, 0.0362074
0.0158162, -0.0130249, 0.0343682
0.0231842, -0.495115, 0.030729
-0.00748422, -0.519543, 0.0328746
-0.00616403, -0.464567, 0.0351639
-0.0168724, -0.494473, 0.0347321
stamp: 7050000000
0.460197, -0.0224329, 0.0362213
0.00862603, -0.0395735, 0.0343992
-0.0244372, -0.0178858, 0.0361447
0.0158081, -0.0130227, 0.0343656
0.0231897, -0.495114, 0.0307414
-0.00748742, -0.519545, 0.032871
-0.00615693, -0.464571, 0.0351694
-0.0168717, -0.494463, 0.0347199
stamp: 7059000000
0.460222, -0.0224633, 0.0361877
0.00862966, -0.0395789, 0.0343983
-0.024475, -0.0179333, 0.036208
0.0158038, -0.0129574, 0.0344203
0.0231862, -0.495115, 0.0307412
-0.00747768, -0.519544, 0.0328744
-0.00616024, -0.464567, 0.0351717
-0.0168758, -0.494462, 0.0347256
stamp: 7069000000
0.460223, -0.0224741, 0.0361802
0.00862367, -0.039573, 0.0343992
-0.0244703, -0.0179409, 0.0362042
0.0158253, -0.0130228, 0.034364
0.0231907, -0.495113, 0.0307431
-0.00747605, -0.519544, 0.0328865
-0.00615384, -0.464562, 0.035164
-0.0168735, -0.494464, 0.0347116
stamp: 7079000000
0.46022, -0.0224642, 0.0361809
0.00862651, -0.0395661, 0.0343939
-0.0244264, -0.0178938, 0.0361399
0.0158055, -0.0129542, 0.0344092
0.023186, -0.495117, 0.0307341
-0.00747647, -0.51954, 0.0328747
-0.0061548, -0.464571, 0.0351673
-0.0168753, -0.494464, 0.0347265
stamp: 7089000000
0.460222, -0.022465, 0.0361875
0.00862553, -0.0395679, 0.0344016
-0.0244256, -0.0178912, 0.0361343
0.0158193, -0.0130185, 0.0343677
0.0231844, -0.495111, 0.0307314
-0.00747849, -0.519545, 0.0328819
-0.00615514, -0.464563, 0.0351592
-0.016874, -0.494471, 0.0347254
stamp: 7099000000
0.460224, -0.0224675, 0.0361899
0.00862963, -0.0395692, 0.0344027
-0.0244775, -0.0179335, 0.0362072
0.0158136, -0.0130163, 0.0343603
0.0231925, -0.495109, 0.0307351
-0.00747839, -0.51954, 0.0328888
-0.00616441, -0.464569, 0.0351617
-0.0168723, -0.494462, 0.03473
stamp: 7109000000
0.460226, -0.0224492, 0.0361966
0.00862802, -0.0395694, 0.0344017
-0.0244775, -0.0179345, 0.0362234
0.0158178, -0.0130142, 0.03436
0.0231959, -0.495114, 0.0307439
-0.00750479, -0.519533, 0.0329405
-0.00615757, -0.464569, 0.035165
-0.016866, -0.494466, 0.0347296
stamp: 7119000000
0.460212, -0.0224634, 0.0361921
0.00863605, -0.0395742, 0.0344006
-0.024476, -0.0179352, 0.0362108
0.0158058, -0.0129541, 0.0344198
0.0231898, -0.495109, 0.0307383
-0.00748438, -0.519545, 0.032887
-0.00615131, -0.464572, 0.0351737
-0.016876, -0.494459, 0.0347176
stamp: 7129000000
0.460219, -0.0224586, 0.0361833
0.00863035, -0.0395673, 0.0344038
-0.0243804, -0.0178588, 0.0360239
0.0158124, -0.0129566, 0.0344142
0.0231965, -0.495109, 0.0307324
-0.00747996, -0.519543, 0.0328779
-0.00615746, -0.464572, 0.0351635
-0.0168774, -0.494457, 0.0347148
stamp: 7139000000
0.460221, -0.022454, 0.0361865
0.0086249, -0.0395669, 0.0343985
-0.0244666, -0.0179324, 0.0362005
0.0158165, -0.0130216, 0.0343709
0.023198, -0.495109, 0.0307374
-0.00751202, -0.519536, 0.0329281
-0.00616614, -0.464568, 0.0351663
-0.0168695, -0.494458, 0.0347164
stamp: 7150000000
0.460221, -0.022459, 0.0361897
0.00862036, -0.0395733, 0.0343889
-0.0244333, -0.0178882, 0.0361529
0.0158126, -0.0130206, 0.034353
0.0231947, -0.495109, 0.03074
-0.0074792, -0.519535, 0.0328843
-0.00616072, -0.464577, 0.035161
-0.0168702, -0.494465, 0.0347302
stamp: 7160000000
0.460223, -0.022467, 0.0361917
0.00862265, -0.039572, 0.0344007
-0.024467, -0.0179421, 0.0362109
0.0158184, -0.0130224, 0.0343653
0.0231894, -0.495111, 0.0307359
-0.00747941, -0.519547, 0.0328873
-0.00615678, -0.46457, 0.0351633
-0.016876, -0.494468, 0.0347279
stamp: 7169000000
0.460228, -0.0224589, 0.036179
0.00862569, -0.0395732, 0.0343911
-0.0244741, -0.0179353, 0.0362206
0.0158101, -0.0130168, 0.03437
0.0231963, -0.495112, 0.0307374
-0.00756452, -0.519601, 0.0329587
-0.00615875, -0.464569, 0.0351495
-0.0168696, -0.49446, 0.0347203
stamp: 7179000000
0.46023, -0.0224623, 0.0361866
0.00862308, -0.0395715, 0.0343854
-0.024471, -0.017936, 0.0362073
0.0158153, -0.0129571, 0.0344171
0.0231957, -0.495107, 0.030737
-0.00748588, -0.519545, 0.0328715
-0.00616115, -0.464572, 0.0351612
-0.0168705, -0.494468, 0.0347191
stamp: 7189000000
0.460236, -0.022463, 0.0361965
0.00862821, -0.0395696, 0.0343949
-0.0244176, -0.0178882, 0.0361364
0.0158208, -0.0130221, 0.0343628
0.0231826, -0.495112, 0.0307347
-0.00750146, -0.519532, 0.0329482
-0.00616197, -0.464568, 0.0351541
-0.0168643, -0.494463, 0.0347281
stamp: 7199000000
0.460224, -0.0224575, 0.0361965
0.00863555, -0.0395764, 0.0344059
-0.0244698, -0.0179334, 0.0361988
0.0158084, -0.0129583, 0.0344121
0.0231913, -0.495113, 0.0307359
-0.00747948, -0.51954, 0.0328727
-0.00615275, -0.464566, 0.0351587
-0.0168754, -0.494457, 0.0347229
stamp: 7209000000
0.460213, -0.0224858, 0.0361788
0.00863191, -0.0395703, 0.0343991
-0.0244299, -0.0178851, 0.0361349
0.0158082, -0.0129533, 0.034432
0.0231965, -0.495118, 0.0307365
-0.00747893, -0.519539, 0.0328766
-0.0061595, -0.464568, 0.0351595
-0.0168675, -0.494466, 0.0347232
stamp: 7220000000
0.460227, -0.0224666, 0.0361857
0.00862985, -0.039571, 0.0344032
-0.0244735, -0.0179333, 0.0362056
0.0158215, -0.0130214, 0.0343659
0.0231968, -0.495121, 0.0307391
-0.00750564, -0.51953, 0.0329295
-0.006159, -0.464569, 0.0351652
-0.0168709, -0.494462, 0.0347218
stamp: 7229000000
0.460218, -0.0224504, 0.036193
0.00863016, -0.0395683, 0.0344032
-0.0244735, -0.0179405, 0.0362143
0.01582, -0.0130175, 0.0343678
0.0231882, -0.495111, 0.0307384
-0.00747599, -0.519545, 0.0328732
-0.00615542, -0.464569, 0.0351551
-0.0168708, -0.494466, 0.0347256
stamp: 7239000000
0.46022, -0.0224521, 0.0361917
0.00862457, -0.039568, 0.0343977
-0.024469, -0.0179406, 0.0362093
0.0158141, -0.012957, 0.0344203
0.0231872, -0.495118, 0.0307303
-0.00747679, -0.519541, 0.032886
-0.00616093, -0.46457, 0.0351651
-0.0168673, -0.494461, 0.034735
stamp: 7250000000
0.460212, -0.0224686, 0.0361983
0.00862979, -0.0395707, 0.0343915
-0.0244744, -0.0179349, 0.0362038
0.0158142, -0.0130242, 0.0343546
0.0231902, -0.495108, 0.0307383
-0.00747492, -0.519544, 0.0328808
-0.00616444, -0.464578, 0.0351628
-0.0168749, -0.494459, 0.0347235
stamp: 7259000000
0.460224, -0.0224634, 0.036193
0.00863586, -0.0395762, 0.0343943
-0.0244765, -0.0179393, 0.0362088
0.015805, -0.0129598, 0.0344201
0.0231872, -0.495118, 0.0307425
-0.00747913, -0.519545, 0.0328781
-0.00616182, -0.464566, 0.0351648
-0.016874, -0.49446, 0.0347263
stamp: 7269000000
0.460133, -0.0224104, 0.0362996
0.00863125, -0.0395718, 0.0344052
-0.0244221, -0.0178907, 0.0361371
0.0158173, -0.0130185, 0.0343578
0.0231902, -0.495112, 0.030734
-0.00748243, -0.519538, 0.0328708
-0.00615469, -0.464567, 0.0351606
-0.0168691, -0.494464, 0.0347136
stamp: 7279000000
0.460207, -0.0224336, 0.0362139
0.00863143, -0.0395653, 0.0344012
-0.024422, -0.0178948, 0.0361381
0.01581, -0.0129592, 0.0344108
0.0231945, -0.495117, 0.0307425
-0.00748194, -0.519541, 0.0328809
-0.00615437, -0.46457, 0.0351602
-0.0168741, -0.494462, 0.0347363
stamp: 7289000000
0.46023, -0.0224654, 0.0361857
0.00863262, -0.0395701, 0.0344013
-0.0244729, -0.0179383, 0.0362072
0.0158205, -0.0130139, 0.0343702
0.0231902, -0.495103, 0.0307259
-0.00750017, -0.519525, 0.0329389
-0.00615866, -0.464571, 0.0351589
-0.0168712, -0.494462, 0.0347259
stamp: 7299000000
0.460232, -0.0224586, 0.0361904
0.00862951, -0.03957, 0.0344028
-0.0244715, -0.0179365, 0.0362039
0.0158216, -0.0130289, 0.0343567
0.0231874, -0.495112, 0.030735
-0.00747538, -0.51954, 0.0328778
-0.00615488, -0.464573, 0.0351656
-0.0168653, -0.494461, 0.0347284
stamp: 7309000000
0.46022, -0.0224591, 0.0361932
0.00862608, -0.0395625, 0.0344048
-0.0244281, -0.0178953, 0.0361371
0.0158214, -0.0130195, 0.0343653
0.0231875, -0.495109, 0.0307252
-0.00747744, -0.519541, 0.0328815
-0.00616263, -0.464571, 0.0351623
-0.016866, -0.494461, 0.0347236
stamp: 7319000000
0.460229, -0.0224643, 0.0361925
0.00863071, -0.0395681, 0.0343941
-0.0244752, -0.0179368, 0.0362076
0.0158145, -0.012957, 0.0344204
0.0231933, -0.495115, 0.030738
-0.00747511, -0.519542, 0.0328811
-0.00615947, -0.464567, 0.0351663
-0.0168685, -0.494459, 0.034726
stamp: 7329000000
0.460217, -0.0224328, 0.0362189
0.00862842, -0.0395733, 0.0344032
-0.0244759, -0.0179335, 0.0362128
0.0158155, -0.0130226, 0.0343611
0.0231925, -0.495112, 0.030736
-0.00750259, -0.519533, 0.0329397
-0.00615463, -0.464565, 0.0351654
-0.0168724, -0.494467, 0.0347237
stamp: 7339000000
0.46022, -0.0224522, 0.0361908
0.00863524, -0.039574, 0.0344061
-0.0244245, -0.017892, 0.0361428
0.0157958, -0.0130278, 0.0343973
0.0231919, -0.495117, 0.0307365
-0.00748102, -0.51954, 0.0328774
-0.00615544, -0.464566, 0.0351709
-0.016872, -0.494462, 0.0347216
stamp: 7350000000
0.460225, -0.0224608, 0.0361796
0.00863122, -0.0395628, 0.0343997
-0.0244641, -0.0179387, 0.036222
0.0158087, -0.0129567, 0.0344182
0.0231964, -0.495109, 0.0307463
-0.00748428, -0.519544, 0.032869
-0.0061624, -0.464569, 0.0351576
-0.0168627, -0.494463, 0.0347334
stamp: 7359000000
0.460228, -0.0224539, 0.0361921
0.0086214, -0.039572, 0.0344064
-0.0243775, -0.0178621, 0.0360359
0.0158092, -0.0129618, 0.0344225
0.0231946, -0.495111, 0.0307502
-0.00747967, -0.519542, 0.0328708
-0.00615697, -0.464566, 0.0351533
-0.0168835, -0.494466, 0.0347155
stamp: 7369000000
0.460123, -0.0224044, 0.0363095
0.00862671, -0.0395673, 0.0344012
-0.0244141, -0.0179023, 0.0361319
0.0158149, -0.0130176, 0.034371
0.0231945, -0.495111, 0.0307467
-0.00748133, -0.519543, 0.0328746
-0.00615351, -0.464572, 0.0351575
-0.0168706, -0.494464, 0.0347297
stamp: 7379000000
0.460112, -0.0223884, 0.0362982
0.00862974, -0.0395679, 0.0344029
-0.0244678, -0.0179393, 0.0362093
0.0158157, -0.0130183, 0.0343653
0.0231896, -0.495117, 0.0307328
-0.00747832, -0.51954, 0.0328681
-0.00615134, -0.464569, 0.0351683
-0.0168695, -0.494461, 0.034727
stamp: 7389000000
0.460203, -0.022446, 0.0362099
0.00862458, -0.0395675, 0.0343924
-0.024472, -0.0179413, 0.0362081
0.0158124, -0.0129595, 0.0344216
0.023196, -0.495111, 0.0307343
-0.00747193, -0.519545, 0.0328881
-0.00615394, -0.464571, 0.0351673
-0.0168613, -0.49446, 0.0347247
stamp: 7399000000
0.460229, -0.022469, 0.0361863
0.00862574, -0.0395735, 0.034395
-0.0244762, -0.0179344, 0.0362116
0.0158052, -0.0129597, 0.0344189
0.0231853, -0.495119, 0.0307447
-0.00747471, -0.519542, 0.0328951
-0.00615351, -0.464561, 0.0351633
-0.0168703, -0.494458, 0.0347288
stamp: 7409000000
0.460222, -0.022465, 0.0361865
0.00863055, -0.0395633, 0.0344023
-0.0244314, -0.0178926, 0.0361445
0.015811, -0.0129621, 0.0344041
0.0231885, -0.495111, 0.0307319
-0.00747593, -0.519539, 0.032877
-0.00615329, -0.46457, 0.0351646
-0.0168736, -0.494466, 0.0347314
stamp: 7419000000
0.460218, -0.0224588, 0.036191
0.00862368, -0.0395635, 0.0343985
-0.0244717, -0.0179415, 0.0362136
0.0158165, -0.0130188, 0.0343633
0.0231904, -0.495118, 0.0307236
-0.00748591, -0.519544, 0.0328741
-0.0061586, -0.464565, 0.0351528
-0.0168697, -0.494466, 0.034732
stamp: 7429000000
0.460224, -0.0224637, 0.0361872
0.00862104, -0.0395675, 0.0343927
-0.0244377, -0.0178927, 0.0361292
0.0157951, -0.0130315, 0.0343893
0.0231989, -0.495117, 0.0307452
-0.0074831, -0.519541, 0.0328798
-0.00616237, -0.464566, 0.0351582
-0.016874, -0.494465, 0.0347222
stamp: 7439000000
0.460222, -0.0224644, 0.0361938
0.00862573, -0.0395736, 0.0344099
-0.0244302, -0.0178945, 0.0361261
0.0158101, -0.0129518, 0.034411
0.0231983, -0.49512, 0.0307405
-0.00748319, -0.519543, 0.0328726
-0.00616036, -0.464576, 0.0351643
-0.0168722, -0.494465, 0.0347271
stamp: 7449000000
0.460224, -0.0224567, 0.0361861
0.0086333, -0.0395727, 0.0343894
-0.0244271, -0.0178924, 0.0361372
0.0158201, -0.0130204, 0.0343676
0.0231972, -0.495111, 0.0307476
-0.00748034, -0.51954, 0.0328816
-0.00615698, -0.464566, 0.0351627
-0.0168685, -0.494461, 0.0347253
stamp: 7459000000
0.460219, -0.0224617, 0.0361887
0.00862498, -0.0395769, 0.0343994
-0.0244229, -0.0178904, 0.0361341
0.0158094, -0.0129609, 0.0344195
0.0231929, -0.495114, 0.0307443
-0.00747561, -0.519539, 0.0328793
-0.00615836, -0.464565, 0.0351727
-0.0168686, -0.494464, 0.0347175
stamp: 7469000000
0.460204, -0.0224938, 0.0361824
0.00863239, -0.0395685, 0.0344026
-0.0244707, -0.0179398, 0.0362093
0.0158139, -0.012956, 0.0344183
0.0231917, -0.495117, 0.030743
-0.00747824, -0.519547, 0.0328804
-0.0061545, -0.464565, 0.0351613
-0.0168689, -0.494463, 0.0347354
stamp: 7479000000
0.460228, -0.0224658, 0.0361873
0.00862641, -0.0395637, 0.034395
-0.0244732, -0.0179434, 0.03622
0.0158116, -0.012958, 0.034423
0.0231907, -0.495118, 0.0307429
-0.00748142, -0.519545, 0.0328875
-0.00616067, -0.46457, 0.0351522
-0.0168718, -0.494466, 0.0347222
stamp: 7489000000
0.46022, -0.0224554, 0.0361825
0.00863143, -0.0395682, 0.0344068
-0.0244722, -0.0179356, 0.0362087
0.0158062, -0.0129592, 0.0344166
0.0231984, -0.495116, 0.0307445
-0.00747841, -0.519545, 0.032885
-0.00615799, -0.464564, 0.0351643
-0.0168689, -0.494466, 0.034727
stamp: 7500000000
0.460114, -0.0224031, 0.0362886
0.00862292, -0.0395748, 0.0343942
-0.0244771, -0.0179395, 0.0362145
0.0158122, -0.0130183, 0.0343566
0.0231896, -0.495116, 0.0307407
-0.00747845, -0.519541, 0.0328855
-0.00615294, -0.464562, 0.035168
-0.0168668, -0.494457, 0.034726
stamp: 7509000000
0.460202, -0.0224419, 0.0362177
0.00863011, -0.0395713, 0.034396
-0.0244695, -0.0179368, 0.0362105
0.0158025, -0.0129585, 0.0344018
0.0231972, -0.495115, 0.0307537
-0.00747727, -0.519542, 0.0328865
-0.00615859, -0.464571, 0.0351676
-0.0168754, -0.494462, 0.0347336
stamp: 7519000000
0.460226, -0.0224687, 0.0361828
0.00863276, -0.0395688, 0.0344021
-0.0244299, -0.0178897, 0.0361344
0.0158189, -0.0130183, 0.0343636
0.02319, -0.495116, 0.0307381
-0.0074775, -0.519542, 0.0328806
-0.00615681, -0.464562, 0.0351641
-0.016874, -0.494458, 0.0347294
stamp: 7529000000
0.460226, -0.022465, 0.0361844
0.00863241, -0.0395687, 0.0344034
-0.0244262, -0.0178892, 0.0361324
0.0158112, -0.0129578, 0.0344241
0.0231935, -0.495113, 0.0307446
-0.00752176, -0.519375, 0.0327071
-0.00615891, -0.464567, 0.0351688
-0.0168717, -0.494468, 0.0347234
stamp: 7539000000
0.460127, -0.0224062, 0.0363058
0.00862748, -0.0395734, 0.0343994
-0.0244667, -0.0179424, 0.0362055
0.0158132, -0.0129598, 0.0344159
0.0231962, -0.495116, 0.0307357
-0.0074943, -0.51953, 0.0328587
-0.00616721, -0.464567, 0.0351543
-0.0168717, -0.494464, 0.0347261
stamp: 7549000000
0.460195, -0.022432, 0.0362149
0.00862491, -0.0395635, 0.0343959
-0.0244704, -0.0179385, 0.0362123
0.0158124, -0.0130181, 0.0343689
0.0231872, -0.495106, 0.030728
-0.00747245, -0.519546, 0.0328944
-0.00615421, -0.464571, 0.0351603
-0.0168782, -0.494462, 0.0347029
stamp: 7559000000
0.460221, -0.0224617, 0.0361789
0.00862995, -0.0395682, 0.0344026
-0.0244299, -0.0178949, 0.0361447
0.0158073, -0.012965, 0.0344203
0.023193, -0.495113, 0.0307354
-0.00747171, -0.519531, 0.0328936
-0.00615632, -0.464569, 0.0351668
-0.0168695, -0.494462, 0.03473
stamp: 7569000000
0.460231, -0.0224624, 0.0361796
0.00863097, -0.0395674, 0.034394
-0.0244283, -0.0178933, 0.0361353
0.0158263, -0.0130211, 0.0343615
0.0231952, -0.495116, 0.0307447
-0.00748213, -0.519538, 0.0328706
-0.00615358, -0.464574, 0.0351686
-0.01687, -0.494462, 0.0347169
stamp: 7579000000
0.460226, -0.0224557, 0.0361861
0.00863009, -0.0395679, 0.0344063
-0.0244274, -0.0179013, 0.0361459
0.0158143, -0.0130205, 0.0343638
0.0231909, -0.495106, 0.0307378
-0.00747778, -0.519547, 0.032889
-0.00615802, -0.464567, 0.0351644
-0.0168752, -0.494466, 0.0347289
stamp: 7590000000
0.46023, -0.0224503, 0.0361903
0.00863218, -0.0395655, 0.0343967
-0.0244709, -0.0179404, 0.0362114
0.015818, -0.013019, 0.0343568
0.0231961, -0.495105, 0.0307373
-0.0074763, -0.519548, 0.0328887
-0.00615408, -0.46457, 0.0351649
-0.0168657, -0.494462, 0.034738
stamp: 7599000000
0.460231, -0.0224636, 0.0361932
0.00862983, -0.0395678, 0.0344046
-0.0244318, -0.01789, 0.0361353
0.0158147, -0.012958, 0.0344181
0.0231976, -0.495117, 0.0307447
-0.00747576, -0.519539, 0.0328834
-0.00615825, -0.464565, 0.0351611
-0.0168803, -0.494456, 0.0347207
stamp: 7609000000
0.460222, -0.0224726, 0.0361911
0.00862811, -0.0395685, 0.0343894
-0.0244694, -0.0179339, 0.0362122
0.0158104, -0.0129628, 0.0344081
0.0231995, -0.495118, 0.0307458
-0.00747524, -0.519543, 0.0328878
-0.00615229, -0.464568, 0.0351666
-0.0168749, -0.494459, 0.0347243
stamp: 7619000000
0.460125, -0.0224223, 0.0362799
0.0086299, -0.0395683, 0.034397
-0.0244811, -0.0179371, 0.0362103
0.0158064, -0.0129563, 0.0344228
0.0231922, -0.49511, 0.0307387
-0.00747748, -0.519542, 0.0328784
-0.00616055, -0.464573, 0.0351616
-0.0168746, -0.494463, 0.0347187
stamp: 7629000000
0.460202, -0.0224331, 0.0362181
0.00862268, -0.0395775, 0.0343895
-0.0244756, -0.0179325, 0.036203
0.0158107, -0.0130153, 0.0343642
0.0231921, -0.495112, 0.0307331
-0.00748302, -0.519542, 0.0328838
-0.00615898, -0.464573, 0.035165
-0.016874, -0.494463, 0.0347205
stamp: 7639000000
0.460223, -0.0224648, 0.0361841
0.00862697, -0.0395778, 0.0343939
-0.0244731, -0.0179375, 0.0362167
0.0158138, -0.0130223, 0.0343688
0.0231939, -0.495117, 0.0307469
-0.00748337, -0.519544, 0.0328948
-0.00615751, -0.464567, 0.0351648
-0.0168741, -0.494465, 0.0347213
stamp: 7649000000
0.460228, -0.0224665, 0.0361895
0.00863002, -0.0395736, 0.0344041
-0.024432, -0.0178941, 0.0361361
0.0158136, -0.0129547, 0.0344173
0.023193, -0.495104, 0.0307408
-0.00747513, -0.519541, 0.0328695
-0.00615109, -0.464571, 0.035158
-0.0168756, -0.494468, 0.0347253
stamp: 7659000000
0.460222, -0.0224517, 0.0361929
0.00862864, -0.0395635, 0.0344014
-0.0244193, -0.0178958, 0.0361351
0.0158201, -0.0130168, 0.034363
0.0231917, -0.495106, 0.0307373
-0.00747441, -0.519538, 0.0328774
-0.00615066, -0.464562, 0.0351636
-0.0168621, -0.494463, 0.0347205
stamp: 7669000000
0.460221, -0.0224484, 0.0361954
0.00862812, -0.0395633, 0.0344061
-0.0244701, -0.0179391, 0.0362115
0.0158269, -0.0130186, 0.0343648
0.0231955, -0.495108, 0.0307311
-0.0074805, -0.519545, 0.0328873
-0.00616011, -0.464567, 0.035166
-0.0168724, -0.494459, 0.0347237
stamp: 7679000000
0.460225, -0.0224607, 0.0361981
0.0086322, -0.0395625, 0.0343977
-0.0244269, -0.0178896, 0.0361532
0.0158108, -0.012965, 0.0344173
0.0232023, -0.495113, 0.0307372
-0.00747639, -0.519541, 0.0328833
-0.00615854, -0.464568, 0.0351668
-0.0168718, -0.494472, 0.0347259
stamp: 7689000000
0.460215, -0.0224548, 0.0361925
0.00863721, -0.0395683, 0.0344002
-0.0244277, -0.0178924, 0.0361365
0.0158127, -0.0129545, 0.0344123
0.0231998, -0.495109, 0.0307312
-0.00747877, -0.519534, 0.0328736
-0.00614897, -0.464571, 0.035164
-0.0168695, -0.494463, 0.0347251
stamp: 7700000000
0.460221, -0.0224574, 0.0361854
0.0086291, -0.0395723, 0.0343981
-0.0244736, -0.0179314, 0.0362001
0.0158071, -0.013013, 0.0343614
0.0231941, -0.495114, 0.0307353
-0.0075025, -0.51953, 0.0329262
-0.00616069, -0.464577, 0.0351686
-0.016865, -0.494465, 0.034734
stamp: 7709000000
0.460225, -0.0224591, 0.0361935
0.00863337, -0.0395703, 0.034399
-0.0244317, -0.0178918, 0.0361326
0.0158185, -0.0130165, 0.0343561
0.0231912, -0.495114, 0.0307352
-0.00747502, -0.519544, 0.03289
-0.00615582, -0.464575, 0.0351656
-0.0168659, -0.494465, 0.0347263
stamp: 7719000000
0.460135, -0.0223944, 0.0363106
0.008633, -0.0395646, 0.0343978
-0.02447, -0.0179374, 0.0362012
0.0158095, -0.0129621, 0.0344161
0.0231973, -0.495113, 0.0307467
-0.00747556, -0.51954, 0.032882
-0.00616122, -0.464571, 0.03516
-0.01687, -0.494464, 0.0347222
stamp: 7729000000
0.460199, -0.0224355, 0.0362109
0.00862923, -0.0395639, 0.0344011
-0.0244669, -0.0179413, 0.0362093
0.015821, -0.0130156, 0.0343683
0.0231893, -0.49511, 0.0307332
-0.00748138, -0.519545, 0.0328902
-0.00615432, -0.464573, 0.0351696
-0.0168674, -0.494464, 0.0347291
stamp: 7739000000
0.460229, -0.0224643, 0.0361826
0.0086275, -0.0395736, 0.0343959
-0.0244719, -0.0179343, 0.036214
0.0158167, -0.0130228, 0.034372
0.0231975, -0.49511, 0.0307387
-0.00752492, -0.519378, 0.0327152
-0.00615382, -0.464571, 0.0351616
-0.01687, -0.494467, 0.0347373
stamp: 7750000000
0.460237, -0.0224634, 0.0361756
0.00862995, -0.039568, 0.0343906
-0.0244681, -0.0179308, 0.0362002
0.0158189, -0.013019, 0.0343728
0.0231965, -0.495111, 0.0307385
-0.00748438, -0.519529, 0.0328624
-0.00615985, -0.464567, 0.0351564
-0.016864, -0.494456, 0.0347311
stamp: 7759000000
0.460232, -0.0224517, 0.0361822
0.0086289, -0.0395693, 0.0343937
-0.0244221, -0.0178897, 0.0361278
0.0158053, -0.0130172, 0.0343675
0.0231914, -0.495116, 0.0307415
-0.00747637, -0.519541, 0.0328876
-0.00615809, -0.464566, 0.0351602
-0.0168777, -0.49447, 0.0347202
stamp: 7769000000
0.460224, -0.0224528, 0.0361845
0.00862345, -0.0395785, 0.0343895
-0.0243742, -0.0178583, 0.0360241
0.0158207, -0.0130224, 0.0343706
0.0231909, -0.495105, 0.0307402
-0.00751, -0.51953, 0.0329267
-0.0061586, -0.464565, 0.0351571
-0.0168781, -0.494464, 0.0347168
stamp: 7779000000
0.460226, -0.0224583, 0.0361762
0.00862817, -0.0395641, 0.034396
-0.0244178, -0.0178961, 0.0361284
0.0158124, -0.0130165, 0.0343582
0.0231962, -0.495105, 0.0307377
-0.00747717, -0.519538, 0.0328816
-0.00616297, -0.464571, 0.0351646
-0.0168675, -0.494466, 0.0347205
stamp: 7789000000
0.460226, -0.0224724, 0.0362005
0.00863075, -0.0395717, 0.0343922
-0.0244714, -0.0179295, 0.0362113
0.0158162, -0.0130214, 0.0343619
0.0231908, -0.495113, 0.0307381
-0.00748222, -0.51955, 0.0328817
-0.00615674, -0.464567, 0.0351538
-0.0168659, -0.494462, 0.034718
stamp: 7800000000
0.460215, -0.0224684, 0.036195
0.00862657, -0.0395712, 0.0343957
-0.0244759, -0.0179395, 0.036225
0.0158112, -0.0130193, 0.0343624
0.0231968, -0.495117, 0.0307442
-0.00747678, -0.519546, 0.0328822
-0.00616223, -0.464569, 0.0351676
-0.0168655, -0.494465, 0.0347202
stamp: 7809000000
0.460226, -0.0224654, 0.036183
0.00862708, -0.0395716, 0.0344067
-0.0244731, -0.0179353, 0.0362095
0.015819, -0.0130201, 0.0343623
0.0231968, -0.495108, 0.0307323
-0.00747658, -0.51954, 0.0328863
-0.00614968, -0.464567, 0.0351734
-0.0168693, -0.494463, 0.0347273
stamp: 7820000000
0.46022, -0.0224618, 0.0361828
0.00862378, -0.0395717, 0.0344043
-0.0244682, -0.0179365, 0.036212
0.0158202, -0.013015, 0.0343632
0.0231949, -0.495107, 0.0307373
-0.00746848, -0.519543, 0.0328871
-0.00615501, -0.464573, 0.0351627
-0.0168671, -0.494464, 0.0347244
stamp: 7829000000
0.46022, -0.0224603, 0.0361845
0.00862877, -0.0395716, 0.034404
-0.0244301, -0.0178923, 0.0361379
0.0158181, -0.0130101, 0.0343616
0.0231928, -0.49511, 0.0307357
-0.00747594, -0.519538, 0.0328864
-0.0061599, -0.464573, 0.0351631
-0.0168638, -0.494462, 0.03472
stamp: 7839000000
0.460221, -0.0224528, 0.0361888
0.0086266, -0.0395709, 0.034399
-0.0244719, -0.017933, 0.0362062
0.0158129, -0.0130186, 0.0343589
0.0231873, -0.49512, 0.0307376
-0.00747673, -0.519539, 0.0328871
-0.00615962, -0.464572, 0.0351605
-0.016873, -0.494453, 0.0347226
stamp: 7850000000
0.46021, -0.0224593, 0.0361947
0.00862544, -0.0395702, 0.0343864
-0.0244778, -0.0179439, 0.0362042
0.0158145, -0.0130223, 0.0343589
0.0231927, -0.495113, 0.0307406
-0.00748255, -0.519546, 0.0328711
-0.00615629, -0.464572, 0.0351706
-0.0168801, -0.494466, 0.0347227
stamp: 7859000000
0.460216, -0.0224552, 0.0361813
0.00862758, -0.0395697, 0.0343999
-0.0244323, -0.0178935, 0.0361492
0.0158083, -0.0129587, 0.0344249
0.0231943, -0.495115, 0.0307342
-0.00747334, -0.519539, 0.0328862
-0.00616266, -0.464564, 0.0351598
-0.0168726, -0.494464, 0.0347137
stamp: 7869000000
0.460222, -0.022458, 0.036203
0.00863507, -0.0395743, 0.0344069
-0.0244755, -0.0179357, 0.0362157
0.0158078, -0.0129592, 0.0344087
0.0231966, -0.495115, 0.0307466
-0.00750416, -0.519526, 0.0329369
-0.00615168, -0.464568, 0.0351629
-0.0168716, -0.494462, 0.0347289
stamp: 7879000000
0.460218, -0.0224568, 0.0361834
0.0086279, -0.0395742, 0.0343942
-0.0243818, -0.0178546, 0.0360232
0.0158165, -0.0130179, 0.0343575
0.0231925, -0.495108, 0.0307419
-0.00747414, -0.519542, 0.0328771
-0.00615684, -0.464561, 0.035158
-0.0168691, -0.494464, 0.0347248
stamp: 7889000000
0.460221, -0.0224522, 0.036189
0.00862996, -0.0395638, 0.0343898
-0.0244108, -0.017892, 0.0361282
0.01581, -0.0129518, 0.034422
0.0231963, -0.495111, 0.0307514
-0.00747653, -0.519536, 0.0328924
-0.00615417, -0.464562, 0.0351636
-0.0168706, -0.494465, 0.0347173
stamp: 7899000000
0.460219, -0.0224595, 0.036193
0.00862158, -0.039569, 0.0343888
-0.0244217, -0.0178883, 0.0361469
0.0158257, -0.0130172, 0.0343736
0.0231885, -0.495104, 0.0307391
-0.00748589, -0.519542, 0.0328803
-0.00615462, -0.464568, 0.0351634
-0.0168768, -0.494459, 0.0347202
stamp: 7909000000
0.460222, -0.0224626, 0.0361914
0.00863036, -0.0395655, 0.0343996
-0.024473, -0.0179369, 0.0362045
0.0158164, -0.0130192, 0.0343586
0.0231925, -0.495107, 0.0307384
-0.00748579, -0.519541, 0.0328838
-0.00615177, -0.464572, 0.0351592
-0.0168743, -0.494456, 0.0347142
stamp: 7919000000
0.460217, -0.0224587, 0.0361913
0.00862903, -0.0395662, 0.0343989
-0.0244307, -0.0178852, 0.0361329
0.0158153, -0.0130203, 0.0343554
0.0231934, -0.495114, 0.0307376
-0.00750681, -0.519531, 0.0329337
-0.00615436, -0.464566, 0.035169
-0.0168742, -0.494467, 0.034732
stamp: 7929000000
0.460224, -0.0224574, 0.0361794
0.00862893, -0.0395695, 0.0343998
-0.0244739, -0.0179362, 0.0362002
0.0158163, -0.0129621, 0.0344133
0.0231939, -0.495112, 0.0307476
-0.00750351, -0.519528, 0.0329412
-0.00615333, -0.464564, 0.0351553
-0.0168662, -0.494465, 0.0347261
stamp: 7939000000
0.460214, -0.0224629, 0.0361969
0.00862818, -0.0395687, 0.0343961
-0.0244318, -0.0178935, 0.0361463
0.0158171, -0.0130181, 0.0343703
0.0231962, -0.495112, 0.0307348
-0.00748124, -0.519539, 0.0328764
-0.00615577, -0.464565, 0.0351692
-0.0168763, -0.494465, 0.0347253
stamp: 7949000000
0.460227, -0.0224567, 0.0361904
0.00862736, -0.0395764, 0.0343983
-0.0244203, -0.0178943, 0.0361332
0.0158078, -0.012963, 0.0344134
0.0231938, -0.495115, 0.0307429
-0.00746785, -0.519542, 0.0328856
-0.00615418, -0.464569, 0.0351699
-0.016877, -0.494467, 0.0347235
stamp: 7959000000
0.460225, -0.0224598, 0.036192
0.00862762, -0.0395735, 0.0343914
-0.0244716, -0.0179338, 0.0362067
0.0158071, -0.0129562, 0.0344153
0.0231891, -0.495105, 0.0307347
-0.0074804, -0.519542, 0.0328767
-0.00616247, -0.46457, 0.0351589
-0.0168755, -0.494467, 0.0347218
stamp: 7969000000
0.460221, -0.0224552, 0.0361979
0.00861932, -0.039574, 0.0344022
-0.0243836, -0.0178579, 0.0360254
0.0158054, -0.0129643, 0.034415
0.023196, -0.495119, 0.0307494
-0.00747939, -0.519544, 0.0328803
-0.00616104, -0.464563, 0.0351635
-0.0168855, -0.494463, 0.0347207
stamp: 7979000000
0.460226, -0.0224566, 0.036196
0.0086242, -0.0395734, 0.0344081
-0.0244623, -0.0179332, 0.036201
0.0158189, -0.0130228, 0.0343559
0.0231986, -0.495116, 0.0307479
-0.00747681, -0.519543, 0.032879
-0.0061574, -0.464568, 0.0351589
-0.0168731, -0.494458, 0.0347194
stamp: 7989000000
0.460224, -0.0224572, 0.0361971
0.00862645, -0.0395705, 0.0344023
-0.0244389, -0.0178859, 0.0361401
0.0158217, -0.0130305, 0.0343586
0.0231897, -0.495105, 0.0307291
-0.0074783, -0.519541, 0.03289
-0.00616444, -0.464571, 0.0351629
-0.0168694, -0.494461, 0.0347274
stamp: 8000000000
0.460222, -0.0224589, 0.036187
0.00863079, -0.0395762, 0.0343985
-0.0244693, -0.0179315, 0.0362106
0.0158155, -0.0130243, 0.0343693
0.0231892, -0.495117, 0.0307319
-0.00747835, -0.519541, 0.0328757
-0.00615238, -0.464567, 0.0351686
-0.0168737, -0.494465, 0.0347267
stamp: 8009000000
0.46023, -0.022459, 0.0361862
0.00863514, -0.0395687, 0.0343964
-0.0244764, -0.0179423, 0.0362137
0.015813, -0.0129595, 0.0344159
0.0231932, -0.495111, 0.0307381
-0.00750709, -0.519531, 0.0329388
-0.00616057, -0.46457, 0.035155
-0.0168678, -0.494458, 0.0347261
stamp: 8019000000
0.460228, -0.0224583, 0.0361924
0.00862978, -0.0395691, 0.0343935
-0.0244733, -0.0179425, 0.0362147
0.015818, -0.0130119, 0.0343773
0.0231919, -0.49512, 0.0307337
-0.0074777, -0.519548, 0.0328859
-0.00616474, -0.464571, 0.0351666
-0.016871, -0.494464, 0.0347057
stamp: 8029000000
0.460218, -0.0224612, 0.0361978
0.00863045, -0.0395726, 0.0343951
-0.0244346, -0.0178905, 0.036134
0.0158152, -0.0130206, 0.0343617
0.0231832, -0.49512, 0.0307298
-0.00748059, -0.519553, 0.0328738
-0.00616118, -0.464567, 0.0351662
-0.0168774, -0.494465, 0.0347265
stamp: 8039000000
0.460217, -0.0224609, 0.0361872
0.0086228, -0.0395626, 0.0343949
-0.0244275, -0.0178921, 0.036136
0.01581, -0.0129587, 0.0344217
0.0231923, -0.495114, 0.030747
-0.00747305, -0.519539, 0.0328703
-0.00616323, -0.464573, 0.0351669
-0.0168737, -0.494456, 0.0347208
stamp: 8050000000
0.460221, -0.0224608, 0.0361922
0.00862436, -0.0395677, 0.0343991
-0.0244797, -0.0179295, 0.0362047
0.01581, -0.0129595, 0.0344164
0.0231859, -0.495114, 0.0307349
-0.00750701, -0.519529, 0.0329308
-0.00616295, -0.464568, 0.0351628
-0.016866, -0.494456, 0.0347304
stamp: 8059000000
0.460217, -0.0224562, 0.0361921
0.00863167, -0.0395719, 0.0344016
-0.024434, -0.0178898, 0.0361402
0.015807, -0.012956, 0.0344195
0.0231878, -0.495108, 0.0307229
-0.0074844, -0.51954, 0.03288
-0.00616164, -0.464565, 0.0351593
-0.0168699, -0.494463, 0.0347256
stamp: 8069000000
0.460217, -0.0224576, 0.0361742
0.00862399, -0.0395695, 0.0344028
-0.0244183, -0.0178931, 0.0361377
0.0158093, -0.0130206, 0.034344
0.0231905, -0.495112, 0.0307323
-0.00747837, -0.519542, 0.0328869
-0.00615766, -0.46457, 0.035175
-0.0168685, -0.494457, 0.0347343
stamp: 8079000000
0.460211, -0.0224587, 0.036181
0.00862651, -0.0395691, 0.0343982
-0.0244319, -0.0178814, 0.0361283
0.015812, -0.0129629, 0.0344188
0.0231931, -0.495114, 0.0307414
-0.00747091, -0.519531, 0.0328855
-0.00615517, -0.464572, 0.0351675
-0.016873, -0.49446, 0.034717
stamp: 8089000000
0.46022, -0.0224582, 0.0361772
0.00862384, -0.0395724, 0.0343925
-0.0243798, -0.0178571, 0.0360256
0.0158034, -0.0129518, 0.0344201
0.0231919, -0.495108, 0.0307441
-0.00748168, -0.519542, 0.0328686
-0.00616224, -0.464566, 0.0351633
-0.0168771, -0.494465, 0.0347161
stamp: 8100000000
0.460219, -0.02246, 0.0361899
0.00862267, -0.0395654, 0.0344007
-0.0244636, -0.0179347, 0.0362086
0.0158097, -0.0130193, 0.0343552
0.0231973, -0.495117, 0.0307349
-0.00748107, -0.519538, 0.0328814
-0.0061536, -0.464571, 0.0351661
-0.0168757, -0.494462, 0.034728
stamp: 8109000000
0.460221, -0.0224612, 0.0361759
0.0086309, -0.0395669, 0.0344016
-0.0244793, -0.017939, 0.0362135
0.0158099, -0.0129621, 0.0344216
0.0231939, -0.495116, 0.0307383
-0.00748014, -0.51954, 0.0328746
-0.00615524, -0.464563, 0.0351682
-0.0168768, -0.494469, 0.0347247
stamp: 8119000000
0.460227, -0.022469, 0.0361885
0.00862545, -0.039567, 0.0344001
-0.0244286, -0.0178852, 0.0361398
0.0158015, -0.0129492, 0.0344116
0.0231828, -0.495115, 0.0307344
-0.00748955, -0.519539, 0.0328802
-0.00616417, -0.46457, 0.0351694
-0.016866, -0.494467, 0.0347321
stamp: 8129000000
0.460217, -0.0224684, 0.0361947
0.00862135, -0.0395715, 0.034406
-0.0244791, -0.0179356, 0.0362053
0.0158139, -0.0130173, 0.0343607
0.0231915, -0.495114, 0.0307425
-0.00751039, -0.519533, 0.032943
-0.00615761, -0.464562, 0.0351642
-0.0168628, -0.494464, 0.0347291
stamp: 8139000000
0.460212, -0.022463, 0.0361844
0.00862586, -0.0395693, 0.0344015
-0.0244324, -0.0178879, 0.0361443
0.0158066, -0.0129582, 0.034424
0.0231914, -0.495113, 0.0307435
-0.00748281, -0.519537, 0.0328737
-0.00615658, -0.464572, 0.0351643
-0.0168742, -0.494464, 0.0347235
stamp: 8150000000
0.460215, -0.0224505, 0.0361872
0.00862624, -0.0395698, 0.0343979
-0.0244317, -0.0178943, 0.0361283
0.0158129, -0.0129619, 0.034412
0.0231985, -0.495114, 0.0307402
-0.0075228, -0.519371, 0.0327025
-0.00615726, -0.464577, 0.0351723
-0.0168767, -0.494467, 0.0347228
stamp: 8159000000
0.460224, -0.0224665, 0.036186
0.00862646, -0.0395735, 0.0343984
-0.024426, -0.0178944, 0.0361419
0.0158019, -0.0129538, 0.0344203
0.0231939, -0.495105, 0.0307283
-0.00751369, -0.519519, 0.0329058
-0.00615675, -0.464573, 0.0351776
-0.0168789, -0.494463, 0.0347191
stamp: 8169000000
0.460221, -0.0224638, 0.0361773
0.0086237, -0.0395733, 0.0343951
-0.0244731, -0.0179358, 0.0362088
0.015788, -0.0129795, 0.0344362
0.0231934, -0.495114, 0.0307378
-0.00749866, -0.519531, 0.0329414
-0.00615564, -0.464569, 0.0351631
-0.016872, -0.494468, 0.0347129
stamp: 8179000000
0.460226, -0.0224598, 0.0361849
0.00863325, -0.0395685, 0.0343875
-0.0244305, -0.0178932, 0.0361495
0.0157936, -0.0129758, 0.0344524
0.0231914, -0.495112, 0.0307392
-0.00752028, -0.519386, 0.0327026
-0.00616128, -0.464568, 0.0351597
-0.0168856, -0.494463, 0.034721
stamp: 8189000000
0.460222, -0.0224693, 0.0361888
0.00862423, -0.0395671, 0.0343982
-0.0244233, -0.0178926, 0.0361345
0.0158094, -0.0130177, 0.0343649
0.0231942, -0.495122, 0.0307367
-0.00748942, -0.519537, 0.0328515
-0.00615528, -0.46457, 0.0351629
-0.0168737, -0.494462, 0.0347396
stamp: 8199000000
0.460224, -0.0224628, 0.0361795
0.00863392, -0.0395701, 0.0343944
-0.0244667, -0.0179436, 0.0362192
0.0158082, -0.0129679, 0.0344216
0.0231925, -0.495115, 0.0307339
-0.00747274, -0.51955, 0.0328905
-0.00616021, -0.464571, 0.0351568
-0.0168711, -0.49446, 0.0347265
stamp: 8209000000
0.46022, -0.02246, 0.036192
0.00862867, -0.0395612, 0.0344095
-0.0244327, -0.0178968, 0.0361371
0.015806, -0.0130208, 0.0343658
0.0231976, -0.495118, 0.0307356
-0.00746607, -0.519547, 0.0328944
-0.00615334, -0.464572, 0.0351748
-0.0168768, -0.494468, 0.0347191
stamp: 8219000000
0.460213, -0.0224599, 0.0361982
0.00862189, -0.0395664, 0.0343975
-0.0244201, -0.017894, 0.036096
0.015808, -0.0129605, 0.0344204
0.0231899, -0.495116, 0.0307365
-0.00747442, -0.519542, 0.032878
-0.00616435, -0.464571, 0.0351607
-0.0168686, -0.49446, 0.0347227
stamp: 8229000000
0.460223, -0.0224578, 0.0361966
0.00862396, -0.0395681, 0.0344027
-0.0244243, -0.0178894, 0.0361384
0.0158197, -0.0130182, 0.0343483
0.0231954, -0.495115, 0.0307282
-0.00747389, -0.519541, 0.032879
-0.00615894, -0.464574, 0.0351624
-0.0168794, -0.494464, 0.0347254
stamp: 8239000000
0.460215, -0.0224633, 0.0361957
0.00862681, -0.0395704, 0.0343827
-0.0244236, -0.0178923, 0.0361343
0.0158087, -0.0130242, 0.0343502
0.0231942, -0.495112, 0.0307228
-0.00747739, -0.519536, 0.0328813
-0.0061568, -0.464569, 0.0351567
-0.0168736, -0.494457, 0.0347191
stamp: 8249000000
0.46022, -0.0224609, 0.0361841
0.00862601, -0.0395682, 0.0343916
-0.0244773, -0.0179386, 0.0361984
0.0158148, -0.013024, 0.034369
0.023188, -0.495114, 0.0307306
-0.00749134, -0.519544, 0.0328638
-0.0061541, -0.464564, 0.0351682
-0.0168765, -0.494469, 0.0347224
stamp: 8259000000
0.460219, -0.0224645, 0.036186
0.00862934, -0.0395668, 0.0344074
-0.0244376, -0.0178865, 0.0361359
0.0158086, -0.0129617, 0.0344207
0.0231885, -0.495115, 0.0307313
-0.00751049, -0.519528, 0.0329279
-0.00616248, -0.46456, 0.0351674
-0.0168657, -0.49446, 0.0347222
stamp: 8269000000
0.460215, -0.0224595, 0.0361854
0.00862638, -0.0395714, 0.0343916
-0.0244246, -0.0178896, 0.0361422
0.0158228, -0.0130169, 0.0343685
0.023193, -0.495118, 0.0307386
-0.00747862, -0.519545, 0.0328693
-0.00616079, -0.464563, 0.0351473
-0.016869, -0.494469, 0.034725
stamp: 8279000000
0.460219, -0.0224663, 0.036188
0.00862509, -0.0395685, 0.034399
-0.0244726, -0.0179434, 0.0362091
0.0158056, -0.0129627, 0.0344204
0.0231947, -0.495115, 0.0307456
-0.00747645, -0.519543, 0.0328839
-0.00615675, -0.464564, 0.0351611
-0.0168702, -0.49446, 0.0347303
stamp: 8289000000
0.460218, -0.0224664, 0.0361845
0.0086239, -0.0395655, 0.0344059
-0.0244766, -0.0179375, 0.0362185
0.0158122, -0.0129577, 0.0344213
0.0231946, -0.495115, 0.0307349
-0.00748388, -0.519544, 0.0328702
-0.00615773, -0.46457, 0.0351723
-0.0168673, -0.494464, 0.0347218
stamp: 8300000000
0.460231, -0.0224592, 0.0361923
0.00863316, -0.0395699, 0.0343971
-0.0244322, -0.0178782, 0.0361299
0.0158051, -0.0129571, 0.0344128
0.0231894, -0.495118, 0.0307328
-0.00747927, -0.519548, 0.0328805
-0.00615711, -0.464571, 0.0351716
-0.0168686, -0.494462, 0.0347206
stamp: 8309000000
0.460225, -0.0224638, 0.0361783
0.00862471, -0.0395694, 0.0343987
-0.0244734, -0.0179343, 0.0362089
0.0158064, -0.012958, 0.0344159
0.0231888, -0.495114, 0.0307302
-0.00750724, -0.519536, 0.0329314
-0.00615525, -0.464571, 0.0351664
-0.0168688, -0.494474, 0.0347343
stamp: 8319000000
0.460219, -0.0224621, 0.0361907
0.0086327, -0.0395718, 0.0343885
-0.0244326, -0.0178836, 0.0361405
0.0158084, -0.0130192, 0.0343508
0.0231929, -0.49511, 0.0307386
-0.00747845, -0.51954, 0.0328761
-0.00615738, -0.464567, 0.0351634
-0.0168674, -0.494461, 0.034736
stamp: 8329000000
0.460216, -0.02246, 0.036193
0.00862422, -0.0395645, 0.0343984
-0.0244712, -0.0179373, 0.036209
0.015813, -0.0130189, 0.0343559
0.0231844, -0.495106, 0.0307299
-0.00750487, -0.51953, 0.0329213
-0.00615627, -0.464568, 0.0351649
-0.0168792, -0.494463, 0.034726
stamp: 8339000000
0.460214, -0.0224614, 0.036192
0.00861974, -0.0395687, 0.0344136
-0.0244788, -0.0179355, 0.036213
0.0158244, -0.0130171, 0.0343612
0.0231902, -0.49511, 0.030748
-0.00747619, -0.519552, 0.0328739
-0.00616004, -0.46456, 0.0351643
-0.0168794, -0.494463, 0.0347109
stamp: 8349000000
0.460129, -0.022395, 0.0363195
0.00862796, -0.0395682, 0.0343981
-0.02443, -0.017895, 0.0361319
0.0158148, -0.0130211, 0.0343569
0.0231921, -0.495108, 0.0307392
-0.00747651, -0.519548, 0.0328849
-0.0061529, -0.464571, 0.035159
-0.0168721, -0.49446, 0.0347125
stamp: 8359000000
0.460195, -0.0224295, 0.0362153
0.00863213, -0.0395676, 0.0344063
-0.0244721, -0.0179265, 0.0361984
0.0158182, -0.0130183, 0.0343619
0.0231892, -0.495118, 0.0307437
-0.00748009, -0.519543, 0.0328707
-0.00615236, -0.464565, 0.0351579
-0.0168685, -0.494466, 0.0347246
stamp: 8369000000
0.46024, -0.0224608, 0.0361893
0.00863035, -0.0395594, 0.0344003
-0.0244757, -0.0179362, 0.0362131
0.0158173, -0.0130241, 0.0343685
0.0231947, -0.495113, 0.0307384
-0.00748605, -0.519551, 0.0328864
-0.00615799, -0.464562, 0.035162
-0.0168639, -0.494469, 0.0347389
stamp: 8379000000
0.460233, -0.0224684, 0.0361743
0.00862827, -0.0395666, 0.0344056
-0.0244348, -0.0178949, 0.0361383
0.0158084, -0.0130178, 0.0343627
0.0231891, -0.495115, 0.030735
-0.00748577, -0.519548, 0.0328803
-0.00616314, -0.464569, 0.0351584
-0.0168703, -0.494464, 0.0347311
stamp: 8390000000
0.460225, -0.0224656, 0.03618
0.00862349, -0.0395702, 0.034399
-0.0244707, -0.0179304, 0.036211
0.0158126, -0.0129584, 0.0344124
0.0231881, -0.495116, 0.0307435
-0.00747569, -0.519542, 0.0328745
-0.00615222, -0.464558, 0.0351641
-0.0168639, -0.494464, 0.0347237
stamp: 8399000000
0.460119, -0.022409, 0.0363006
0.00862562, -0.0395666, 0.0344038
-0.0244815, -0.0179364, 0.0362199
0.0158161, -0.0130169, 0.034368
0.0231881, -0.495117, 0.0307371
-0.00746886, -0.519544, 0.0328853
-0.00615328, -0.464565, 0.035167
-0.0168684, -0.494466, 0.0347236
stamp: 8409000000
0.460196, -0.0224433, 0.0362179
0.00863036, -0.0395736, 0.0343869
-0.0244347, -0.0178915, 0.0361354
0.0158102, -0.012958, 0.0344148
0.0231884, -0.495112, 0.0307327
-0.00752588, -0.519378, 0.0326986
-0.006161, -0.464565, 0.0351628
-0.0168713, -0.494459, 0.0347209
stamp: 8420000000
0.46023, -0.0224624, 0.036166
0.00863456, -0.0395775, 0.0343913
-0.0244692, -0.0179261, 0.0361988
0.0158133, -0.0129623, 0.0344187
0.0231907, -0.495109, 0.0307344
-0.00748749, -0.519532, 0.0328523
-0.00615568, -0.464571, 0.0351754
-0.0168658, -0.49446, 0.0347208
stamp: 8429000000
0.460234, -0.0224654, 0.0361728
0.00862557, -0.0395697, 0.0343989
-0.0244261, -0.0179033, 0.036105
0.0158051, -0.0129612, 0.0344161
0.0231871, -0.495116, 0.0307385
-0.00747449, -0.519551, 0.0328884
-0.00615825, -0.464568, 0.0351631
-0.0168709, -0.494463, 0.0347224
stamp: 8439000000
0.460227, -0.0224578, 0.0361686
0.00862434, -0.0395679, 0.0344063
-0.0244689, -0.0179224, 0.0361971
0.0158079, -0.0129589, 0.0344247
0.0231864, -0.495119, 0.0307292
-0.00748563, -0.519549, 0.0328733
-0.00616066, -0.464568, 0.0351619
-0.0168714, -0.494466, 0.0347284
stamp: 8450000000
0.460128, -0.0224041, 0.0363008
0.00862626, -0.0395697, 0.0343929
-0.024433, -0.0178874, 0.0361373
0.0158081, -0.0130171, 0.03436
0.0231914, -0.495103, 0.0307288
-0.00747834, -0.519545, 0.0328735
-0.00615485, -0.464581, 0.035167
-0.0168702, -0.494464, 0.034723
stamp: 8459000000
0.460198, -0.0224377, 0.0362138
0.00862532, -0.0395721, 0.0343956
-0.0244769, -0.0179355, 0.0362026
0.0158092, -0.0129526, 0.0344101
0.0231828, -0.495113, 0.0307309
-0.00748034, -0.519535, 0.0328782
-0.00615594, -0.464563, 0.0351518
-0.0168754, -0.494466, 0.0347168
stamp: 8469000000
0.460127, -0.0224063, 0.0362966
0.00863121, -0.0395711, 0.0343998
-0.0244693, -0.0179419, 0.0362146
0.0158138, -0.0130151, 0.0343672
0.0231949, -0.49511, 0.0307327
-0.0075195, -0.519529, 0.0329226
-0.00615098, -0.464576, 0.0351608
-0.016875, -0.494457, 0.0347284
stamp: 8479000000
0.460205, -0.0224446, 0.0362192
0.00862805, -0.0395672, 0.0344027
-0.0244321, -0.0178902, 0.036133
0.0158223, -0.0130186, 0.0343619
0.023189, -0.495109, 0.0307282
-0.00747935, -0.519542, 0.0328796
-0.00616357, -0.464572, 0.0351653
-0.0168739, -0.494464, 0.0347202
stamp: 8489000000
0.46023, -0.0224768, 0.0361958
0.00862499, -0.0395732, 0.0343993
-0.0244163, -0.0179002, 0.0361371
0.0158182, -0.0130155, 0.0343605
0.0231916, -0.495112, 0.0307402
-0.00747904, -0.519547, 0.0328852
-0.00615765, -0.464574, 0.0351664
-0.0168729, -0.494464, 0.0347182
stamp: 8499000000
0.460227, -0.0224695, 0.0361761
0.00862385, -0.0395671, 0.0344055
-0.0244236, -0.0178924, 0.0361373
0.0157856, -0.0129709, 0.0344387
0.0231803, -0.495114, 0.0307387
-0.00747526, -0.519543, 0.0328891
-0.00616325, -0.464573, 0.0351552
-0.0168805, -0.494466, 0.0347245
stamp: 8509000000
0.460225, -0.0224559, 0.036198
0.00861862, -0.039574, 0.0343973
-0.0244775, -0.017933, 0.0362088
0.0158128, -0.0130174, 0.0343593
0.0231924, -0.49511, 0.0307386
-0.00747488, -0.519546, 0.0328679
-0.00615345, -0.464571, 0.035164
-0.0168691, -0.494473, 0.0347359
stamp: 8519000000
0.460222, -0.0224573, 0.0361943
0.00862827, -0.0395731, 0.0343913
-0.024434, -0.0178873, 0.0361362
0.0158158, -0.0130229, 0.0343651
0.023184, -0.495114, 0.0307214
-0.00747929, -0.519544, 0.0328832
-0.00615217, -0.464577, 0.0351686
-0.0168679, -0.494461, 0.0347092
stamp: 8529000000
0.460229, -0.0224729, 0.0361954
0.00862852, -0.0395658, 0.0343983
-0.0244261, -0.0178934, 0.0361314
0.0158075, -0.0129627, 0.0344125
0.0231887, -0.495113, 0.0307385
-0.00748263, -0.51954, 0.0328643
-0.00614804, -0.464568, 0.0351565
-0.0168769, -0.494465, 0.0347117
stamp: 8539000000
0.460214, -0.0224648, 0.0361823
0.00862609, -0.0395613, 0.034389
-0.0244278, -0.0178879, 0.0361385
0.0158017, -0.0129651, 0.0344084
0.023192, -0.495113, 0.030748
-0.00752153, -0.519388, 0.0326926
-0.00615957, -0.464568, 0.035164
-0.0168725, -0.494454, 0.0347246
stamp: 8549000000
0.460227, -0.0224683, 0.0361843
0.00863047, -0.0395767, 0.0343892
-0.0244206, -0.0178927, 0.0361352
0.0158114, -0.0130195, 0.0343786
0.0231972, -0.495124, 0.0307547
-0.00748775, -0.519535, 0.0328577
-0.00615478, -0.464573, 0.0351633
-0.0168671, -0.494464, 0.0347107
stamp: 8559000000
0.460236, -0.0224668, 0.0361928
0.00862462, -0.0395661, 0.0343965
-0.0244223, -0.0178916, 0.0361373
0.0158095, -0.0129602, 0.0344079
0.0231945, -0.495111, 0.030734
-0.00746971, -0.51955, 0.0328902
-0.00615899, -0.464562, 0.0351626
-0.0168682, -0.494463, 0.0347359
stamp: 8569000000
0.460232, -0.022459, 0.0361856
0.00862952, -0.0395692, 0.0343979
-0.0244741, -0.0179338, 0.0362044
0.0158199, -0.0130181, 0.0343608
0.0231918, -0.495119, 0.0307346
-0.00747206, -0.519552, 0.0328817
-0.00615883, -0.464565, 0.0351599
-0.0168688, -0.494461, 0.0347283
stamp: 8579000000
0.460229, -0.0224638, 0.0361789
0.00862461, -0.0395708, 0.0344038
-0.0244753, -0.0179373, 0.0362128
0.0158137, -0.0130239, 0.0343503
0.0231864, -0.495112, 0.0307371
-0.00748614, -0.519541, 0.032863
-0.0061567, -0.464574, 0.035167
-0.0168755, -0.494463, 0.0347162
stamp: 8589000000
0.460224, -0.0224641, 0.0361819
0.00863055, -0.0395679, 0.0343939
-0.0244307, -0.0178908, 0.0361384
0.015811, -0.0130226, 0.034362
0.0231824, -0.495117, 0.030733
-0.00748474, -0.519548, 0.0328795
-0.00616154, -0.464566, 0.0351545
-0.0168718, -0.49446, 0.0347035
stamp: 8599000000
0.460222, -0.0224646, 0.0361846
0.00863216, -0.0395683, 0.0343956
-0.0244754, -0.0179336, 0.0362081
0.0158137, -0.0130236, 0.0343617
0.0231891, -0.49511, 0.0307257
-0.00747895, -0.519546, 0.0328702
-0.00615429, -0.464568, 0.035162
-0.0168763, -0.494468, 0.0347236
stamp: 8609000000
0.460234, -0.0224613, 0.0361973
0.00862917, -0.0395649, 0.0344032
-0.0244741, -0.0179429, 0.0362001
0.0158121, -0.0129665, 0.0344138
0.0231904, -0.495115, 0.0307352
-0.0074768, -0.519544, 0.0328703
-0.00615377, -0.464568, 0.0351635
-0.0168744, -0.494463, 0.0347245
stamp: 8619000000
0.460218, -0.0224638, 0.036178
0.00862863, -0.0395727, 0.0343904
-0.024468, -0.0179335, 0.036202
0.0158147, -0.0130199, 0.0343598
0.0231866, -0.495121, 0.0307398
-0.00748466, -0.519545, 0.032874
-0.00615259, -0.464569, 0.035151
-0.0168782, -0.494466, 0.0347234
stamp: 8629000000
0.460225, -0.0224557, 0.0361841
0.00862663, -0.039571, 0.0343969
-0.0243849, -0.0178605, 0.0360257
0.0158168, -0.0130174, 0.0343602
0.0231915, -0.495112, 0.0307377
-0.00747451, -0.519552, 0.032887
-0.00615086, -0.464577, 0.0351665
-0.0168766, -0.494463, 0.034714
stamp: 8639000000
0.460219, -0.0224583, 0.0361771
0.00863134, -0.0395682, 0.0343939
-0.0244567, -0.0179411, 0.0361946
0.0158168, -0.0130231, 0.0343635
0.0231884, -0.495113, 0.0307191
-0.0074707, -0.519548, 0.0328791
-0.00615706, -0.464576, 0.0351627
-0.016865, -0.494465, 0.0347144
stamp: 8649000000
0.460219, -0.0224662, 0.0361882
0.00862561, -0.0395716, 0.0344019
-0.024475, -0.0179366, 0.036203
0.0158055, -0.012956, 0.0344116
0.0231901, -0.495118, 0.0307281
-0.00747563, -0.519545, 0.0328749
-0.00615919, -0.464567, 0.0351636
-0.0168714, -0.49447, 0.0347113
stamp: 8659000000
0.460228, -0.0224662, 0.0361942
0.00862993, -0.0395678, 0.0343981
-0.024434, -0.0178902, 0.0361262
0.0158099, -0.0129605, 0.0344118
0.0231929, -0.49511, 0.0307423
-0.00747351, -0.519539, 0.0328766
-0.00616115, -0.464576, 0.0351537
-0.0168703, -0.494471, 0.0347157
stamp: 8670000000
0.460219, -0.0224631, 0.0361828
0.00862568, -0.0395744, 0.0343925
-0.0244253, -0.0178908, 0.0361327
0.0158236, -0.0130244, 0.0343663
0.0231896, -0.495118, 0.0307269
-0.00755638, -0.519598, 0.0329566
-0.00615503, -0.464576, 0.0351572
-0.0168716, -0.494463, 0.0347234
stamp: 8679000000
0.460227, -0.022465, 0.0361911
0.0086325, -0.0395665, 0.0343985
-0.0244693, -0.0179373, 0.0362086
0.0158078, -0.0129574, 0.0344199
0.0231886, -0.495109, 0.030728
-0.00748507, -0.519549, 0.0328765
-0.00615839, -0.464573, 0.035169
-0.0168672, -0.49446, 0.0347197
stamp: 8689000000
0.460231, -0.0224676, 0.0361833
0.00863402, -0.0395681, 0.0343965
-0.0244324, -0.0178943, 0.0361405
0.0158037, -0.0129566, 0.0344103
0.0231932, -0.495116, 0.0307392
-0.00747368, -0.519542, 0.0328736
-0.00616586, -0.464573, 0.0351636
-0.0168779, -0.49447, 0.0347129
stamp: 8700000000
0.460234, -0.0224739, 0.0361912
0.0086279, -0.0395723, 0.0343889
-0.0244192, -0.0178924, 0.0361391
0.0158132, -0.0130204, 0.0343606
0.0231862, -0.495115, 0.0307265
-0.0074761, -0.519548, 0.0328803
-0.00615852, -0.464571, 0.0351548
-0.01687, -0.494465, 0.0347125
stamp: 8709000000
0.460223, -0.0224641, 0.0361706
0.0086206, -0.0395649, 0.0343927
-0.0244288, -0.0178945, 0.036132
0.0158172, -0.0130162, 0.0343744
0.023188, -0.495109, 0.030731
-0.00747926, -0.519547, 0.0328711
-0.00615204, -0.464566, 0.0351604
-0.0168737, -0.494469, 0.0347255
stamp: 8719000000
0.460224, -0.0224587, 0.0361885
0.00862426, -0.0395667, 0.0344022
-0.0244713, -0.0179454, 0.036205
0.0158066, -0.0130184, 0.0343537
0.023187, -0.49511, 0.0307267
-0.00747486, -0.519553, 0.032873
-0.00616125, -0.46458, 0.0351593
-0.0168763, -0.494463, 0.0347098
stamp: 8729000000
0.460229, -0.0224546, 0.0361889
0.00862593, -0.0395683, 0.0343997
-0.0244361, -0.0178903, 0.0361378
0.0158059, -0.0129629, 0.0344059
0.0231889, -0.49511, 0.0307263
-0.00748152, -0.519539, 0.0328673
-0.00615481, -0.464577, 0.0351631
-0.01687, -0.494456, 0.0347166
stamp: 8739000000
0.460217, -0.0224664, 0.0361864
0.00862714, -0.0395703, 0.0343943
-0.0243745, -0.0178577, 0.0360228
0.0158226, -0.0130197, 0.0343549
0.0231885, -0.495116, 0.0307199
-0.00746865, -0.519541, 0.0328671
-0.00615381, -0.46457, 0.0351582
-0.0168806, -0.494465, 0.0347196
stamp: 8750000000
0.460221, -0.0224528, 0.0361735
0.00862302, -0.0395675, 0.0343989
-0.02447, -0.0179303, 0.0361988
0.0158096, -0.0129632, 0.0344133
0.0231857, -0.495119, 0.030731
-0.00748066, -0.519546, 0.0328752
-0.00616203, -0.464573, 0.0351616
-0.0168791, -0.494471, 0.0347247
stamp: 8759000000
0.460222, -0.0224667, 0.0361916
0.00863349, -0.0395697, 0.0343876
-0.0244814, -0.0179436, 0.0362184
0.0158114, -0.0129583, 0.0344121
0.0231917, -0.495119, 0.0307494
-0.00747348, -0.519545, 0.0328743
-0.00615679, -0.464567, 0.0351608
-0.0168826, -0.49447, 0.034713
stamp: 8769000000
0.460222, -0.0224762, 0.0361912
0.00863, -0.0395721, 0.0343901
-0.0244755, -0.0179317, 0.0362088
0.0158147, -0.0130163, 0.0343591
0.0231859, -0.495112, 0.0307358
-0.00748348, -0.519544, 0.0328763
-0.0061526, -0.464568, 0.0351631
-0.0168777, -0.494463, 0.0347131
stamp: 8779000000
0.460228, -0.0224615, 0.0361904
0.00861934, -0.0395718, 0.0343949
-0.024476, -0.0179419, 0.0362026
0.0158142, -0.0130187, 0.034348
0.0231933, -0.495122, 0.0307439
-0.00748436, -0.519544, 0.0328719
-0.00616006, -0.464566, 0.0351529
-0.0168744, -0.494467, 0.0347113
stamp: 8790000000
0.460223, -0.0224697, 0.0361964
0.00862303, -0.0395641, 0.0344067
-0.0244367, -0.017887, 0.036134
0.0158169, -0.0130132, 0.0343526
0.0231944, -0.495111, 0.030736
-0.00750379, -0.519536, 0.0329317
-0.00616268, -0.464574, 0.0351515
-0.0168739, -0.494472, 0.0347209
stamp: 8800000000
0.460221, -0.0224645, 0.0361832
0.00862432, -0.0395731, 0.0344054
-0.024476, -0.0179318, 0.0361997
0.0158113, -0.0129615, 0.0344194
0.0231914, -0.495115, 0.0307322
-0.00747903, -0.519543, 0.0328693
-0.00615169, -0.464573, 0.0351576
-0.0168737, -0.494465, 0.0347131
stamp: 8810000000
0.460228, -0.0224707, 0.0361908
0.00862737, -0.0395722, 0.0344018
-0.0244347, -0.0179005, 0.0361482
0.0158201, -0.0129555, 0.0344182
0.023193, -0.495115, 0.0307325
-0.0075008, -0.519543, 0.0329335
-0.0061577, -0.464572, 0.0351627
-0.0168777, -0.494467, 0.0347049
stamp: 8819000000
0.460225, -0.0224629, 0.0361709
0.00862925, -0.0395685, 0.0343993
-0.024471, -0.0179391, 0.0362146
0.0158014, -0.0129595, 0.0344151
0.0231961, -0.495116, 0.0307305
-0.00747767, -0.519537, 0.0328774
-0.00615654, -0.464564, 0.035154
-0.0168799, -0.494466, 0.034702
stamp: 8829000000
0.46022, -0.0224542, 0.0361875
0.00863462, -0.0395741, 0.0343916
-0.0244291, -0.0178923, 0.0361339
0.0158118, -0.0130194, 0.0343528
0.0231873, -0.495113, 0.0307418
-0.00749164, -0.519538, 0.0328646
-0.00615858, -0.464571, 0.0351524
-0.016867, -0.494461, 0.0347232
stamp: 8840000000
0.460226, -0.0224586, 0.0361754
0.00863039, -0.0395691, 0.0343876
-0.0243786, -0.0178579, 0.0360192
0.0158043, -0.012962, 0.0344038
0.023195, -0.495112, 0.0307318
-0.00748284, -0.519546, 0.03287
-0.00615532, -0.464568, 0.0351537
-0.0168653, -0.494463, 0.0347241
stamp: 8849000000
0.460217, -0.0224706, 0.0361701
0.00862368, -0.0395716, 0.0343771
-0.0244759, -0.0179338, 0.0361896
0.0158215, -0.0130175, 0.0343628
0.0231902, -0.495116, 0.0307338
-0.00748196, -0.519538, 0.0328826
-0.00616062, -0.464575, 0.035158
-0.0168706, -0.494463, 0.0347273
stamp: 8859000000
0.460212, -0.0225003, 0.0361677
0.00862652, -0.0395673, 0.0343883
-0.0244771, -0.0179374, 0.0362078
0.0158141, -0.0129505, 0.034411
0.0232004, -0.495101, 0.0307315
-0.00748379, -0.51954, 0.0328853
-0.00615715, -0.464572, 0.0351557
-0.016869, -0.494468, 0.0347129
stamp: 8869000000
0.460219, -0.0224753, 0.0361809
0.00862943, -0.039565, 0.0343894
-0.0244788, -0.0179397, 0.0362035
0.0158149, -0.013016, 0.034362
0.0231932, -0.495107, 0.0307308
-0.00746951, -0.51954, 0.0328846
-0.0061488, -0.464567, 0.0351689
-0.0168663, -0.494467, 0.0347272
stamp: 8879000000
0.460219, -0.0224581, 0.0361878
0.00862736, -0.039566, 0.034399
-0.0244652, -0.0179368, 0.036213
0.0158141, -0.0130249, 0.0343587
0.0231929, -0.495112, 0.0307228
-0.00747526, -0.519537, 0.0328861
-0.00615476, -0.464571, 0.0351646
-0.0168652, -0.494468, 0.0347269
stamp: 8889000000
0.460222, -0.0224528, 0.0361849
0.00862674, -0.0395716, 0.0344032
-0.0244715, -0.0179407, 0.036212
0.0158135, -0.0130236, 0.0343648
0.0231916, -0.495114, 0.0307418
-0.00748456, -0.51954, 0.0328808
-0.00615361, -0.464565, 0.0351579
-0.0168701, -0.494463, 0.0347269
stamp: 8900000000
0.460217, -0.0224681, 0.036196
0.008629, -0.0395709, 0.0344058
-0.0244298, -0.0178997, 0.0361526
0.0158155, -0.0130159, 0.0343541
0.023189, -0.495119, 0.0307386
-0.00747767, -0.519548, 0.0328764
-0.00615385, -0.464573, 0.0351672
-0.0168693, -0.494463, 0.0347226
stamp: 8909000000
0.460221, -0.0224591, 0.0362069
0.00863334, -0.0395671, 0.0344048
-0.0244753, -0.0179358, 0.0362036
0.0158133, -0.0130151, 0.0343621
0.0231956, -0.495113, 0.0307423
-0.00747861, -0.519544, 0.0328796
-0.00615259, -0.464574, 0.0351644
-0.0168734, -0.494456, 0.034717
stamp: 8919000000
0.460223, -0.022453, 0.0361911
0.00862892, -0.0395762, 0.0343932
-0.0244777, -0.0179365, 0.0362119
0.0158114, -0.0129621, 0.034409
0.0232001, -0.495106, 0.0307393
-0.00751172, -0.519532, 0.0329364
-0.0061533, -0.464564, 0.0351612
-0.0168714, -0.494462, 0.0347289
stamp: 8930000000
0.46022, -0.0224567, 0.036194
0.00862988, -0.0395705, 0.0344036
-0.0244282, -0.0178872, 0.036136
0.0158016, -0.0129594, 0.0344067
0.0231879, -0.495105, 0.0307194
-0.0074775, -0.51954, 0.0328799
-0.00616509, -0.464571, 0.0351565
-0.0168616, -0.494464, 0.0347266
stamp: 8939000000
0.460216, -0.0224577, 0.036199
0.00862138, -0.0395643, 0.0343992
-0.0244295, -0.0179003, 0.0361429
0.0158093, -0.0130218, 0.0343609
0.0231925, -0.495112, 0.0307446
-0.00747692, -0.519531, 0.0328734
-0.00616121, -0.464575, 0.0351632
-0.0168668, -0.494456, 0.0347375
stamp: 8950000000
0.46022, -0.0224572, 0.0361946
0.00863126, -0.0395646, 0.034403
-0.0244688, -0.017931, 0.0362105
0.015807, -0.0129655, 0.0344107
0.0231908, -0.495117, 0.030742
-0.00747743, -0.519535, 0.0328834
-0.00616263, -0.46457, 0.0351678
-0.0168682, -0.494454, 0.0347356
stamp: 8960000000
0.460216, -0.0224534, 0.0361951
0.008633, -0.0395732, 0.0344009
-0.0244277, -0.017892, 0.0361414
0.0158048, -0.0129608, 0.0344158
0.0231955, -0.495114, 0.0307327
-0.00752244, -0.519385, 0.0326942
-0.0061519, -0.464569, 0.0351703
-0.0168633, -0.494462, 0.0347389
stamp: 8969000000
0.460219, -0.0224535, 0.0361937
0.00863218, -0.0395692, 0.0343936
-0.0244281, -0.0178948, 0.0361331
0.0158164, -0.0130177, 0.0343553
0.0231936, -0.495108, 0.0307532
-0.00749708, -0.519533, 0.0328594
-0.00616241, -0.464563, 0.0351584
-0.016878, -0.494464, 0.0347236
stamp: 8979000000
0.460229, -0.0224609, 0.0361931
0.00862345, -0.0395673, 0.0343985
-0.0244691, -0.0179338, 0.0362105
0.0158167, -0.0130154, 0.0343624
0.0231921, -0.49511, 0.0307364
-0.00747324, -0.519546, 0.0328925
-0.00615402, -0.464557, 0.0351546
-0.0168637, -0.494457, 0.0347283
stamp: 8989000000
0.460223, -0.0224565, 0.0362071
0.00862413, -0.039569, 0.0343904
-0.0244305, -0.0178937, 0.0361421
0.0158157, -0.0130158, 0.0343569
0.0231911, -0.495112, 0.0307355
-0.00746924, -0.519542, 0.0328837
-0.00615337, -0.464563, 0.0351589
-0.0168614, -0.494466, 0.0347352
stamp: 9000000000
0.46022, -0.0224622, 0.0361987
0.00862756, -0.0395705, 0.034391
-0.0244252, -0.0178949, 0.0361348
0.0158046, -0.0129595, 0.0344031
0.0231939, -0.495118, 0.0307383
-0.00748179, -0.519542, 0.0328729
-0.00614932, -0.464576, 0.03517
-0.0168653, -0.494461, 0.0347195
stamp: 9010000000
0.460226, -0.0224692, 0.0361898
0.00862775, -0.0395702, 0.0344072
-0.0244614, -0.0179321, 0.0362121
0.0158162, -0.0130188, 0.0343689
0.0231885, -0.495116, 0.0307435
-0.00748084, -0.519537, 0.0328771
-0.00615705, -0.464566, 0.0351666
-0.0168715, -0.494463, 0.0347281
stamp: 9020000000
0.460225, -0.0224663, 0.0361954
0.00862963, -0.039569, 0.0343908
-0.0244288, -0.0178949, 0.036139
0.0158061, -0.0129596, 0.0344224
0.0231971, -0.495108, 0.0307409
-0.00747968, -0.519544, 0.0328844
-0.00615349, -0.464561, 0.0351611
-0.0168706, -0.494456, 0.0347311
stamp: 9029000000
0.460227, -0.0224627, 0.0361962
0.00863216, -0.0395717, 0.0343896
-0.0244664, -0.0179286, 0.0362081
0.0158116, -0.0130127, 0.0343604
0.0231818, -0.495118, 0.0307392
-0.00747462, -0.519539, 0.0328819
-0.00616184, -0.464574, 0.0351616
-0.0168653, -0.494465, 0.0347262
stamp: 9039000000
0.460225, -0.0224716, 0.0362026
0.00862615, -0.0395719, 0.0344019
-0.0244765, -0.0179304, 0.0362142
0.0158074, -0.0129595, 0.0344075
0.023186, -0.495106, 0.0307341
-0.00747627, -0.519543, 0.0328817
-0.00616084, -0.464568, 0.035163
-0.016867, -0.494469, 0.0347269
stamp: 9049000000
0.460225, -0.0224577, 0.0361995
0.00863022, -0.0395688, 0.0344018
-0.0244757, -0.0179261, 0.0362071
0.0158125, -0.0129586, 0.0344097
0.0231949, -0.495106, 0.0307352
-0.00747891, -0.519548, 0.0328798
-0.00616244, -0.464578, 0.0351604
-0.0168622, -0.494466, 0.0347281
stamp: 9059000000
0.460216, -0.0224207, 0.0362194
0.00863306, -0.0395641, 0.0343955
-0.0244307, -0.0178825, 0.036137
0.0158182, -0.0130178, 0.0343547
0.0231989, -0.49511, 0.0307365
-0.00750005, -0.519536, 0.0329425
-0.0061556, -0.464565, 0.0351578
-0.0168669, -0.494468, 0.0347188
stamp: 9069000000
0.460225, -0.0224462, 0.0361977
0.00863066, -0.0395673, 0.0343977
-0.0244719, -0.0179292, 0.036207
0.01581, -0.0129621, 0.0344122
0.0231924, -0.495113, 0.0307398
-0.00748107, -0.519549, 0.0328891
-0.00615818, -0.464567, 0.0351601
-0.0168628, -0.494463, 0.0347266
stamp: 9079000000
0.460218, -0.0224534, 0.0361854
0.00862924, -0.0395704, 0.0343973
-0.0244294, -0.0178886, 0.036135
0.0158132, -0.0129588, 0.0344163
0.0231902, -0.495111, 0.0307429
-0.00747972, -0.519542, 0.0328706
-0.00615671, -0.464577, 0.0351651
-0.0168823, -0.494474, 0.0347203
stamp: 9089000000
0.460221, -0.0224639, 0.0361945
0.00862929, -0.0395625, 0.0343957
-0.0244668, -0.0179295, 0.0362005
0.0158189, -0.0130192, 0.0343577
0.0231939, -0.495114, 0.0307337
-0.00747309, -0.519543, 0.0328823
-0.00615349, -0.464571, 0.03517
-0.0168719, -0.494465, 0.0347292
stamp: 9100000000
0.460133, -0.0223967, 0.0363102
0.00862852, -0.0395753, 0.0343965
-0.02448, -0.0179335, 0.0362096
0.0158235, -0.0130179, 0.0343606
0.0231973, -0.495109, 0.0307453
-0.00747643, -0.519552, 0.0328791
-0.00615839, -0.464571, 0.0351598
-0.0168712, -0.494458, 0.0347266
stamp: 9109000000
0.460207, -0.0224257, 0.0362242
0.00863155, -0.0395668, 0.0344022
-0.0244731, -0.0179447, 0.036218
0.015813, -0.0130195, 0.0343627
0.02319, -0.495116, 0.0307383
-0.00747639, -0.519541, 0.0328818
-0.00615596, -0.464572, 0.0351685
-0.0168709, -0.494462, 0.0347162
stamp: 9119000000
0.460227, -0.0224585, 0.0361925
0.00862608, -0.0395687, 0.0343892
-0.0243728, -0.0178593, 0.0360338
0.0158153, -0.0130183, 0.0343616
0.0231907, -0.495111, 0.0307294
-0.00748702, -0.519546, 0.0328852
-0.00615596, -0.464572, 0.0351555
-0.0168613, -0.494467, 0.0347294
stamp: 9130000000
0.460231, -0.0224636, 0.036187
0.00862993, -0.0395715, 0.0343918
-0.0244582, -0.0179365, 0.0361987
0.0158171, -0.0129635, 0.0344156
0.0231952, -0.495115, 0.0307478
-0.00748473, -0.519548, 0.0328912
-0.00615242, -0.464567, 0.0351693
-0.0168712, -0.494465, 0.0347155
stamp: 9139000000
0.460221, -0.0224633, 0.0361926
0.0086325, -0.0395647, 0.0344035
-0.0244274, -0.017894, 0.0361385
0.015816, -0.0130142, 0.0343754
0.0231932, -0.495112, 0.0307353
-0.00747998, -0.519546, 0.0328739
-0.00615412, -0.464566, 0.0351648
-0.0168729, -0.494459, 0.0347262
stamp: 9150000000
0.460214, -0.0224632, 0.0361956
0.00862947, -0.0395694, 0.0343941
-0.0244738, -0.0179299, 0.0361967
0.0158121, -0.0130231, 0.0343618
0.02319, -0.495117, 0.0307323
-0.00750024, -0.519529, 0.0329404
-0.00615322, -0.464577, 0.0351778
-0.016871, -0.494467, 0.034723
stamp: 9159000000
0.460223, -0.0224686, 0.0361867
0.00862936, -0.0395685, 0.0343894
-0.0244357, -0.0178855, 0.0361471
0.0158057, -0.0129612, 0.0344144
0.0231971, -0.495113, 0.0307363
-0.00747829, -0.519546, 0.0328737
-0.00615791, -0.464571, 0.0351572
-0.0168759, -0.494472, 0.0347204
stamp: 9169000000
0.46023, -0.0224614, 0.036193
0.00863231, -0.0395723, 0.0343972
-0.0244272, -0.0178915, 0.0361291
0.0158119, -0.0129558, 0.0344172
0.0231898, -0.495102, 0.0307257
-0.00748073, -0.519544, 0.0328769
-0.00615605, -0.464566, 0.0351639
-0.0168681, -0.494462, 0.0347268
stamp: 9179000000
0.460228, -0.0224583, 0.0361865
0.00863567, -0.0395687, 0.0343993
-0.0244285, -0.0178937, 0.036132
0.0158149, -0.0130189, 0.0343635
0.0231849, -0.495115, 0.0307346
-0.00747233, -0.519545, 0.0328753
-0.00615728, -0.464564, 0.0351603
-0.0168664, -0.494464, 0.0347405
stamp: 9189000000
0.460222, -0.0224655, 0.0362019
0.00863492, -0.0395696, 0.0343898
-0.0244663, -0.0179385, 0.0362047
0.0158214, -0.0130264, 0.0343502
0.0231948, -0.495119, 0.0307365
-0.00747936, -0.519536, 0.0328792
-0.00615105, -0.464573, 0.0351635
-0.0168657, -0.494462, 0.0347291
stamp: 9199000000
0.460224, -0.0224614, 0.0361845
0.00862576, -0.0395722, 0.0343981
-0.0244762, -0.0179411, 0.0362218
0.0158141, -0.0129599, 0.0344211
0.0231891, -0.495109, 0.0307351
-0.00747999, -0.519547, 0.0328751
-0.00615244, -0.46457, 0.035166
-0.0168688, -0.494466, 0.0347107
stamp: 9209000000
0.460233, -0.022454, 0.0361972
0.00862579, -0.0395734, 0.034408
-0.0244197, -0.0179011, 0.0361056
0.0158162, -0.0130143, 0.0343551
0.0231881, -0.495113, 0.0307292
-0.00748051, -0.519539, 0.0328689
-0.00615528, -0.464565, 0.0351622
-0.0168737, -0.494462, 0.0347305
stamp: 9219000000
0.460231, -0.0224502, 0.0361916
0.00863036, -0.0395731, 0.0344041
-0.0244274, -0.0178899, 0.0361342
0.0158156, -0.0130238, 0.0343524
0.0231978, -0.495121, 0.0307419
-0.00747275, -0.519542, 0.0328809
-0.00614907, -0.464569, 0.0351579
-0.0168697, -0.494466, 0.0347303
stamp: 9229000000
0.46022, -0.0224603, 0.0361843
0.00863315, -0.0395653, 0.0344035
-0.0244767, -0.017939, 0.0362125
0.0158217, -0.0130139, 0.0343691
0.0231906, -0.49512, 0.0307498
-0.00747383, -0.519551, 0.0328747
-0.00615173, -0.464565, 0.0351661
-0.0168779, -0.494465, 0.0347271
stamp: 9239000000
0.460229, -0.0224616, 0.0361767
0.00863037, -0.0395706, 0.0343966
-0.024421, -0.0179043, 0.0361069
0.0158141, -0.0130227, 0.0343513
0.0231957, -0.495108, 0.0307395
-0.00747471, -0.51954, 0.0328892
-0.00614889, -0.464575, 0.0351673
-0.0168683, -0.494461, 0.0347252
stamp: 9249000000
0.460223, -0.0224619, 0.0361947
0.00863677, -0.0395756, 0.0343972
-0.0244693, -0.0179352, 0.0361977
0.0158152, -0.0130221, 0.0343575
0.0232035, -0.495105, 0.0307263
-0.00749881, -0.519531, 0.0329345
-0.0061565, -0.464572, 0.0351678
-0.0168698, -0.494466, 0.0347307
stamp: 9259000000
0.460221, -0.0224645, 0.0361922
0.00863399, -0.0395676, 0.0343946
-0.0244761, -0.0179342, 0.0362088
0.0158161, -0.013023, 0.0343561
0.0232006, -0.495113, 0.0307407
-0.00747682, -0.519542, 0.032883
-0.00615919, -0.464569, 0.0351639
-0.0168715, -0.494463, 0.0347251
stamp: 9269000000
0.460224, -0.022458, 0.0361968
0.00863041, -0.0395649, 0.0343972
-0.0244768, -0.0179324, 0.0362089
0.0158097, -0.0129557, 0.0344191
0.0232065, -0.495111, 0.0307424
-0.00747565, -0.51954, 0.0328807
-0.00615163, -0.464566, 0.0351582
-0.0168701, -0.494459, 0.0347185
stamp: 9279000000
0.46023, -0.0224569, 0.0361947
0.00862383, -0.039569, 0.0344006
-0.0244295, -0.0178887, 0.0361303
0.015812, -0.0130124, 0.0343643
0.0231948, -0.495112, 0.0307444
-0.00747764, -0.51954, 0.0328791
-0.00614379, -0.464563, 0.0351577
-0.0168654, -0.494461, 0.0347236
stamp: 9289000000
0.46022, -0.022464, 0.0361923
0.0086279, -0.0395733, 0.0344083
-0.0244434, -0.0180241, 0.03618
0.0158034, -0.0129584, 0.0344085
0.0231967, -0.495111, 0.0307359
-0.00747182, -0.519542, 0.0328873
-0.00615694, -0.464567, 0.0351679
-0.0168674, -0.49446, 0.0347305
stamp: 9300000000
0.460128, -0.0224027, 0.0363032
0.00863101, -0.0395665, 0.0343958
-0.0244567, -0.0179512, 0.0362106
0.015816, -0.0130193, 0.0343649
0.0231923, -0.49511, 0.0307331
-0.00747421, -0.519541, 0.0328832
-0.0061514, -0.464571, 0.0351693
-0.0168638, -0.494457, 0.0347424
stamp: 9309000000
0.460204, -0.0224357, 0.0362128
0.0086244, -0.0395699, 0.0343959
-0.0244714, -0.0179409, 0.0362057
0.0158111, -0.0129545, 0.0344133
0.0231949, -0.495116, 0.0307484
-0.00748602, -0.519537, 0.0328779
-0.00614885, -0.464566, 0.035162
-0.0168647, -0.494461, 0.034728
stamp: 9319000000
0.460225, -0.022456, 0.0361908
0.00863336, -0.0395689, 0.0343957
-0.0244708, -0.017932, 0.0362166
0.0158201, -0.0130164, 0.034358
0.0231941, -0.495115, 0.0307359
-0.00748121, -0.519536, 0.0328682
-0.00614402, -0.464568, 0.035167
-0.0168612, -0.494468, 0.0347373
stamp: 9330000000
0.460229, -0.0224631, 0.0361851
0.00862828, -0.039574, 0.0343895
-0.0244737, -0.0179248, 0.0362107
0.0158086, -0.0129601, 0.0344171
0.0232022, -0.495112, 0.0307408
-0.00747629, -0.519542, 0.03288
-0.00615349, -0.464568, 0.0351701
-0.0168672, -0.494459, 0.0347269
stamp: 9339000000
0.460225, -0.0224623, 0.036186
0.00862872, -0.0395716, 0.0343965
-0.024478, -0.0179348, 0.0362061
0.0158159, -0.0129546, 0.0344215
0.0231969, -0.495108, 0.0307472
-0.00747121, -0.519538, 0.0328787
-0.00615652, -0.464566, 0.0351632
-0.0168626, -0.494458, 0.0347424
stamp: 9349000000
0.460217, -0.0224519, 0.0361918
0.0086323, -0.0395642, 0.0344037
-0.0244708, -0.0179329, 0.0362135
0.0158163, -0.0130144, 0.0343641
0.0231959, -0.49511, 0.030738
-0.00747591, -0.519544, 0.0328908
-0.00615713, -0.464567, 0.0351632
-0.0168706, -0.494465, 0.034722
stamp: 9359000000
0.460221, -0.022453, 0.0361976
0.0086297, -0.0395742, 0.0343983
-0.0244767, -0.0179318, 0.0362127
0.015819, -0.0130174, 0.034364
0.0231959, -0.495109, 0.0307312
-0.00752464, -0.519376, 0.0327054
-0.00615592, -0.464565, 0.0351679
-0.0168622, -0.494462, 0.0347413
stamp: 9369000000
0.46022, -0.0224533, 0.0361934
0.00862581, -0.0395726, 0.0343968
-0.0244304, -0.0178896, 0.0361338
0.0158091, -0.0130226, 0.034353
0.0231976, -0.495107, 0.0307307
-0.0074925, -0.519527, 0.0328638
-0.00614718, -0.464564, 0.0351619
-0.0168592, -0.494458, 0.0347301
stamp: 9379000000
0.460218, -0.0224466, 0.0361852
0.00863579, -0.039564, 0.0344
-0.024417, -0.0178894, 0.0361465
0.01581, -0.0129597, 0.0344173
0.0231942, -0.495112, 0.0307319
-0.00746851, -0.519543, 0.0328986
-0.00615711, -0.464572, 0.035169
-0.0168717, -0.494456, 0.0347335
stamp: 9389000000
0.460231, -0.0224492, 0.0362004
0.00862924, -0.0395695, 0.0344043
-0.0244649, -0.0179341, 0.0362024
0.0158177, -0.0130205, 0.0343587
0.0231976, -0.49512, 0.0307461
-0.00747472, -0.519541, 0.0328915
-0.00615996, -0.464565, 0.0351628
-0.0168721, -0.494461, 0.0347338
stamp: 9400000000
0.460226, -0.0224559, 0.0361909
0.00862488, -0.039567, 0.0343901
-0.0244725, -0.0179341, 0.0362091
0.0158181, -0.0130233, 0.0343605
0.023196, -0.495108, 0.0307386
-0.00747674, -0.519545, 0.0328829
-0.00615401, -0.464566, 0.0351561
-0.0168619, -0.494469, 0.0347252
stamp: 9409000000
0.460228, -0.0224556, 0.0361907
0.00863067, -0.0395728, 0.0343994
-0.0244735, -0.0179308, 0.0362143
0.0158215, -0.0130202, 0.0343545
0.0231952, -0.495109, 0.0307385
-0.00752924, -0.51937, 0.0327
-0.00615213, -0.464568, 0.0351664
-0.0168593, -0.494461, 0.034727
stamp: 9419000000
0.460226, -0.0224502, 0.036193
0.00862772, -0.0395703, 0.0343874
-0.0244683, -0.0179342, 0.0362013
0.0158063, -0.0129607, 0.034413
0.023196, -0.495108, 0.0307378
-0.00748603, -0.519526, 0.0328721
-0.00615549, -0.464563, 0.0351645
-0.0168613, -0.494465, 0.034731
stamp: 9429000000
0.460214, -0.0224531, 0.0361869
0.00862418, -0.0395697, 0.0343881
-0.0244697, -0.0179373, 0.0361999
0.0158147, -0.012956, 0.0344192
0.0231938, -0.495114, 0.0307492
-0.00747274, -0.519543, 0.0329012
-0.00615523, -0.464564, 0.0351667
-0.0168709, -0.494466, 0.0347245
stamp: 9439000000
0.46022, -0.0224526, 0.036195
0.00863026, -0.0395677, 0.0343915
-0.0244287, -0.0178936, 0.0361335
0.0158203, -0.0130204, 0.0343563
0.0231872, -0.495111, 0.030728
-0.00747248, -0.519537, 0.0328703
-0.00615473, -0.464567, 0.0351615
-0.0168678, -0.494454, 0.0347226
stamp: 9449000000
0.460224, -0.0224534, 0.0361956
0.00862655, -0.0395716, 0.0343911
-0.0244224, -0.0178867, 0.0361429
0.0158043, -0.0129565, 0.0344103
0.0231989, -0.495113, 0.0307358
-0.00747453, -0.519547, 0.0328771
-0.006157, -0.464572, 0.035158
-0.0168697, -0.49446, 0.0347223
stamp: 9459000000
0.460225, -0.022458, 0.036186
0.00863551, -0.0395714, 0.0343935
-0.0244726, -0.0179365, 0.036212
0.0158101, -0.0129564, 0.0344188
0.0231933, -0.495112, 0.0307363
-0.00747672, -0.519537, 0.0328885
-0.00614956, -0.464569, 0.0351651
-0.016857, -0.494464, 0.0347346
stamp: 9469000000
0.46023, -0.0224481, 0.0361999
0.00863726, -0.0395686, 0.0343967
-0.0244676, -0.0179319, 0.0362112
0.0158198, -0.013019, 0.0343572
0.0231967, -0.495107, 0.0307346
-0.00750216, -0.519526, 0.0329402
-0.0061567, -0.464571, 0.0351562
-0.0168677, -0.494467, 0.034732
stamp: 9479000000
0.460223, -0.0224551, 0.0362008
0.00862471, -0.0395745, 0.0344043
-0.0244749, -0.0179381, 0.0362097
0.0158113, -0.0130226, 0.0343657
0.0231921, -0.495115, 0.0307398
-0.00746994, -0.519539, 0.032892
-0.00615734, -0.464568, 0.03517
-0.0168655, -0.494462, 0.0347333
stamp: 9489000000
0.460123, -0.0223969, 0.0363251
0.00863527, -0.0395648, 0.0344016
-0.0244277, -0.0178925, 0.0361353
0.0158242, -0.0130196, 0.0343622
0.0231937, -0.49511, 0.0307432
-0.00747259, -0.519541, 0.0328852
-0.0061581, -0.464571, 0.035173
-0.0168599, -0.494468, 0.0347353
stamp: 9499000000
0.460115, -0.0223798, 0.0363263
0.00863515, -0.0395739, 0.0343962
-0.0244215, -0.0178896, 0.0361414
0.0158215, -0.0130127, 0.0343522
0.0231903, -0.495113, 0.0307312
-0.00747484, -0.519536, 0.0328772
-0.00615096, -0.464562, 0.0351646
-0.0168674, -0.494467, 0.0347209
stamp: 9509000000
0.460207, -0.0224389, 0.0362075
0.00863366, -0.0395613, 0.0343943
-0.0244219, -0.0178925, 0.0361395
0.0158202, -0.01302, 0.0343553
0.0231954, -0.495111, 0.0307339
-0.00747862, -0.51954, 0.0328764
-0.00615591, -0.464566, 0.0351577
-0.0168699, -0.494462, 0.0347199
stamp: 9519000000
0.460234, -0.0224649, 0.0361725
0.00862933, -0.0395718, 0.0343984
-0.0244262, -0.0178935, 0.0361429
0.0158099, -0.0130177, 0.034358
0.0231943, -0.495106, 0.0307403
-0.00748133, -0.519544, 0.0328848
-0.00614937, -0.464569, 0.0351718
-0.0168564, -0.494462, 0.0347246
stamp: 9529000000
0.460232, -0.0224642, 0.0361956
0.00863082, -0.0395719, 0.0343936
-0.0244719, -0.0179356, 0.0362164
0.0158172, -0.013017, 0.0343567
0.0231933, -0.495114, 0.030747
-0.00748091, -0.519545, 0.0328781
-0.00615299, -0.464566, 0.0351552
-0.0168754, -0.494459, 0.0347281
stamp: 9539000000
0.460216, -0.022443, 0.0361972
0.00863202, -0.0395656, 0.0344021
-0.0244329, -0.0178916, 0.036149
0.0158149, -0.0130176, 0.0343578
0.0231965, -0.495113, 0.0307329
-0.00747507, -0.519538, 0.0328786
-0.00615027, -0.464563, 0.0351544
-0.0168781, -0.494463, 0.0347296
stamp: 9549000000
0.460216, -0.0224378, 0.0361988
0.00862951, -0.0395687, 0.0343941
-0.0244255, -0.0178941, 0.036138
0.0158115, -0.0130189, 0.0343631
0.0231911, -0.495108, 0.0307325
-0.00752783, -0.519378, 0.032702
-0.00615926, -0.464569, 0.035166
-0.0168634, -0.49446, 0.0347251
stamp: 9559000000
0.460223, -0.0224521, 0.0361996
0.00863681, -0.0395718, 0.0343933
-0.0244636, -0.0179333, 0.0362092
0.0158233, -0.0130152, 0.0343645
0.0232004, -0.495106, 0.0307444
-0.00748327, -0.519528, 0.0328523
-0.00615104, -0.464564, 0.0351587
-0.0168655, -0.494458, 0.0347265
stamp: 9569000000
0.460237, -0.0224521, 0.0362046
0.00863492, -0.0395637, 0.0343969
-0.0244753, -0.0179379, 0.0362107
0.015818, -0.0130245, 0.0343516
0.0231933, -0.495113, 0.030735
-0.0074709, -0.519547, 0.0328816
-0.00615347, -0.464565, 0.0351685
-0.0168606, -0.494466, 0.034717
stamp: 9579000000
0.460225, -0.0224599, 0.0361909
0.00863001, -0.0395675, 0.0343948
-0.0244315, -0.0178857, 0.036135
0.01581, -0.0129516, 0.0344282
0.0231942, -0.495115, 0.0307368
-0.00747742, -0.51954, 0.0328754
-0.00615711, -0.464569, 0.0351653
-0.0168607, -0.494452, 0.0347207
stamp: 9589000000
0.460214, -0.0224592, 0.0361743
0.00863411, -0.0395714, 0.0343874
-0.0244706, -0.0179349, 0.036195
0.0158239, -0.0130152, 0.0343644
0.0231905, -0.495117, 0.0307424
-0.00748156, -0.519542, 0.0328722
-0.0061521, -0.464572, 0.0351629
-0.0168689, -0.494463, 0.034724
stamp: 9599000000
0.460221, -0.0224581, 0.0361886
0.0086273, -0.0395699, 0.0343879
-0.0244738, -0.0179384, 0.0362133
0.015812, -0.0129611, 0.0344208
0.0231937, -0.49511, 0.0307428
-0.00747757, -0.519542, 0.0328846
-0.00615838, -0.464567, 0.0351634
-0.0168683, -0.494459, 0.0347235
stamp: 9609000000
0.460229, -0.022454, 0.0361931
0.00863126, -0.0395632, 0.0343964
-0.0244703, -0.0179344, 0.0362118
0.0158075, -0.0129575, 0.0344179
0.0231875, -0.495109, 0.0307352
-0.00750243, -0.519522, 0.03293
-0.00615213, -0.464561, 0.0351558
-0.0168714, -0.494461, 0.0347265
stamp: 9619000000
0.460229, -0.022453, 0.0361855
0.00863543, -0.0395673, 0.0343922
-0.0244759, -0.017933, 0.0362116
0.0158102, -0.012951, 0.034416
0.0231984, -0.495109, 0.0307337
-0.0074795, -0.519544, 0.0328839
-0.00615098, -0.464566, 0.0351616
-0.0168727, -0.494458, 0.0347235
stamp: 9629000000
0.460133, -0.0224027, 0.036308
0.00862806, -0.0395625, 0.034393
-0.024475, -0.0179313, 0.0362062
0.0158204, -0.0130132, 0.0343494
0.0231952, -0.495116, 0.0307361
-0.00746904, -0.519538, 0.0328862
-0.0061565, -0.464573, 0.0351577
-0.0168605, -0.494456, 0.0347257
stamp: 9639000000
0.46021, -0.0224306, 0.0362165
0.00862231, -0.039563, 0.0343919
-0.0244687, -0.0179329, 0.0362065
0.0158117, -0.0129567, 0.0344075
0.0231982, -0.495105, 0.030735
-0.00747928, -0.519533, 0.0328811
-0.00615391, -0.46457, 0.0351678
-0.0168639, -0.494462, 0.0347308
stamp: 9649000000
0.460226, -0.0224505, 0.0361771
0.00863525, -0.0395648, 0.0343985
-0.0244723, -0.0179346, 0.0362201
0.0158072, -0.0129601, 0.0344161
0.0231893, -0.495111, 0.0307444
-0.00747721, -0.519535, 0.0328761
-0.00615515, -0.464568, 0.0351628
-0.0168733, -0.494466, 0.0347235
stamp: 9659000000
0.460229, -0.0224597, 0.0361901
0.00862418, -0.0395686, 0.0343958
-0.0244671, -0.0179337, 0.0362036
0.0158091, -0.013016, 0.0343553
0.0231914, -0.495112, 0.0307371
-0.00747485, -0.519539, 0.0328794
-0.00615741, -0.464564, 0.0351592
-0.0168628, -0.494456, 0.0347301
stamp: 9669000000
0.460222, -0.0224621, 0.0361879
0.00862838, -0.0395681, 0.0343993
-0.0244272, -0.0178927, 0.0361327
0.0158146, -0.0130281, 0.0343552
0.0231972, -0.495112, 0.0307309
-0.00747815, -0.519546, 0.0328736
-0.00615769, -0.464568, 0.0351713
-0.0168612, -0.494463, 0.0347223
stamp: 9679000000
0.460222, -0.0224578, 0.0361742
0.00862587, -0.0395677, 0.0343978
-0.0244655, -0.0179416, 0.0362034
0.0158224, -0.0130178, 0.0343622
0.0231887, -0.495116, 0.0307329
-0.00747248, -0.519545, 0.0328734
-0.00616002, -0.464567, 0.035167
-0.0168671, -0.494468, 0.0347245
stamp: 9689000000
0.460213, -0.0224574, 0.036201
0.00863052, -0.0395623, 0.0343962
-0.0244371, -0.0178876, 0.0361286
0.0158178, -0.0130202, 0.0343657
0.0231973, -0.495107, 0.0307297
-0.00747185, -0.519539, 0.0328844
-0.00615297, -0.464577, 0.0351703
-0.0168643, -0.494458, 0.0347249
stamp: 9700000000
0.460228, -0.0224501, 0.0361906
0.0086281, -0.039572, 0.0343966
-0.024426, -0.0178891, 0.0361371
0.0158131, -0.0129516, 0.0344182
0.0231946, -0.495108, 0.0307273
-0.00747675, -0.519535, 0.032875
-0.00615925, -0.464566, 0.0351549
-0.0168684, -0.494458, 0.0347057
stamp: 9709000000
0.460226, -0.0224553, 0.0361795
0.0086264, -0.0395704, 0.0343967
-0.0244733, -0.0179392, 0.0362171
0.0158205, -0.0130158, 0.0343567
0.0231879, -0.495113, 0.0307285
-0.00748392, -0.519548, 0.0328832
-0.0061574, -0.464563, 0.0351637
-0.0168642, -0.494465, 0.034724
stamp: 9719000000
0.460228, -0.0224559, 0.036179
0.00863069, -0.0395616, 0.0343952
-0.0244317, -0.0178909, 0.0361485
0.0158142, -0.0129586, 0.0344138
0.0231933, -0.495109, 0.0307483
-0.00747761, -0.519538, 0.0328831
-0.00615595, -0.464568, 0.0351639
-0.0168696, -0.494461, 0.0347249
stamp: 9729000000
0.460228, -0.0224576, 0.0361855
0.00863027, -0.0395713, 0.0343967
-0.024472, -0.0179322, 0.0362038
0.0158172, -0.013021, 0.0343569
0.0231983, -0.495116, 0.03074
-0.00747293, -0.519539, 0.0328848
-0.00615548, -0.464569, 0.0351556
-0.0168677, -0.494457, 0.0347305
stamp: 9739000000
0.460225, -0.0224556, 0.0361842
0.00862725, -0.0395658, 0.0343888
-0.0244729, -0.0179396, 0.0362077
0.0158222, -0.0130183, 0.0343544
0.0231946, -0.495121, 0.0307401
-0.00746913, -0.519544, 0.0328767
-0.00615535, -0.464571, 0.035159
-0.0168579, -0.49446, 0.0347314
stamp: 9750000000
0.460218, -0.0224504, 0.0361947
0.00862833, -0.0395734, 0.0343941
-0.0244341, -0.017894, 0.0361414
0.0158093, -0.012959, 0.0344077
0.0231953, -0.495119, 0.0307487
-0.00747401, -0.519547, 0.0328884
-0.0061607, -0.464572, 0.0351687
-0.0168617, -0.494459, 0.0347331
stamp: 9759000000
0.460224, -0.0224491, 0.0361954
0.00863383, -0.0395697, 0.0343931
-0.0244763, -0.0179291, 0.036205
0.0158175, -0.0130221, 0.0343626
0.0231982, -0.49511, 0.0307317
-0.00748073, -0.519543, 0.0328754
-0.00615231, -0.464571, 0.0351593
-0.0168612, -0.494461, 0.0347387
stamp: 9769000000
0.460226, -0.0224579, 0.0361895
0.00863012, -0.0395696, 0.0344001
-0.0244801, -0.0179324, 0.0362043
0.0158081, -0.0129529, 0.0344149
0.0231906, -0.495109, 0.0307342
-0.00747814, -0.519546, 0.0328883
-0.00615408, -0.464567, 0.0351623
-0.0168673, -0.494457, 0.0347202
stamp: 9779000000
0.460225, -0.0224562, 0.036181
0.00862629, -0.0395666, 0.0343927
-0.0244287, -0.0178911, 0.0361351
0.0158094, -0.0130128, 0.0343642
0.0231918, -0.495116, 0.0307466
-0.00747859, -0.51954, 0.0328829
-0.00615545, -0.464563, 0.0351611
-0.0168676, -0.49446, 0.0347226
stamp: 9789000000
0.460224, -0.022467, 0.0361887
0.00863563, -0.0395701, 0.0343959
-0.0244692, -0.0179266, 0.0362026
0.0158236, -0.0130217, 0.03437
0.0231916, -0.495112, 0.0307236
-0.00747925, -0.519542, 0.0328787
-0.00615582, -0.464557, 0.0351586
-0.0168618, -0.494464, 0.0347144
stamp: 9800000000
0.460226, -0.0224577, 0.0361828
0.00862968, -0.0395666, 0.0344051
-0.0244368, -0.0178931, 0.0361416
0.0158095, -0.0130161, 0.0343508
0.0231904, -0.495112, 0.0307301
-0.00747918, -0.519536, 0.0328823
-0.00615352, -0.464563, 0.0351604
-0.0168671, -0.494459, 0.0347319
stamp: 9809000000
0.460225, -0.0224487, 0.0361768
0.00863449, -0.039559, 0.0343986
-0.0244671, -0.0179372, 0.0362115
0.0158048, -0.0129502, 0.0344082
0.0231945, -0.495113, 0.0307262
-0.00748048, -0.519544, 0.0328854
-0.00615386, -0.464566, 0.035165
-0.0168675, -0.494456, 0.0347253
stamp: 9819000000
0.460226, -0.0224642, 0.0361904
0.00862652, -0.0395582, 0.034401
-0.0243854, -0.0178518, 0.0360255
0.0158187, -0.013012, 0.0343628
0.0231938, -0.495112, 0.0307454
-0.00748435, -0.519544, 0.0328687
-0.00615233, -0.464565, 0.0351677
-0.0168619, -0.49446, 0.0347144
stamp: 9829000000
0.460212, -0.022465, 0.0361903
0.0086272, -0.0395611, 0.0344087
-0.0244664, -0.0179358, 0.0362059
0.0158165, -0.0130143, 0.0343542
0.0231956, -0.495113, 0.0307305
-0.00755535, -0.519366, 0.0327466
-0.00615631, -0.464566, 0.0351624
-0.0168659, -0.494462, 0.0347353
stamp: 9839000000
0.460227, -0.0224581, 0.0361937
0.00862912, -0.0395683, 0.0343927
-0.0244335, -0.0178904, 0.0361368
0.0158142, -0.0130171, 0.0343584
0.023192, -0.49511, 0.0307395
-0.00748396, -0.519534, 0.0328652
-0.00615959, -0.464571, 0.0351644
-0.0168664, -0.494457, 0.0347158
stamp: 9849000000
0.460223, -0.0224603, 0.0361818
0.00862223, -0.0395681, 0.0344022
-0.0244279, -0.0178882, 0.0360971
0.015812, -0.0130129, 0.0343501
0.0231966, -0.495113, 0.0307469
-0.00746772, -0.519539, 0.0328856
-0.00615837, -0.46457, 0.0351653
-0.0168715, -0.494458, 0.0347304
stamp: 9859000000
0.460219, -0.0224544, 0.0361837
0.00862855, -0.0395751, 0.0343984
-0.0244723, -0.0179383, 0.036212
0.0158227, -0.0130151, 0.0343685
0.023194, -0.495114, 0.0307399
-0.00747369, -0.519543, 0.0328903
-0.00616133, -0.46457, 0.0351704
-0.0168758, -0.494454, 0.034717
stamp: 9870000000
0.460224, -0.0224553, 0.0361943
0.00862245, -0.0395708, 0.0343987
-0.0244755, -0.0179325, 0.0362202
0.0158057, -0.0129654, 0.0344104
0.0231914, -0.495101, 0.030731
-0.00747371, -0.519536, 0.0328855
-0.00615424, -0.464564, 0.035161
-0.0168689, -0.494458, 0.0347156
stamp: 9879000000
0.460225, -0.022455, 0.036185
0.00862895, -0.0395654, 0.0343985
-0.0244739, -0.0179421, 0.0362149
0.0158224, -0.0130179, 0.0343611
0.0231867, -0.495113, 0.0307394
-0.00747521, -0.519539, 0.0328815
-0.00615344, -0.464564, 0.0351647
-0.0168701, -0.494463, 0.0347212
stamp: 9889000000
0.460224, -0.0224508, 0.0361973
0.00862763, -0.0395693, 0.0343962
-0.024471, -0.0179347, 0.0362142
0.015814, -0.0130172, 0.0343482
0.0231868, -0.495105, 0.0307324
-0.00747682, -0.519545, 0.0328693
-0.00615365, -0.464568, 0.0351581
-0.0168764, -0.494462, 0.0347166
stamp: 9900000000
0.460228, -0.0224527, 0.0361801
0.00863226, -0.0395667, 0.0343964
-0.0244672, -0.0179388, 0.0362191
0.0158119, -0.0130168, 0.0343595
0.0232021, -0.495051, 0.0307017
-0.00747681, -0.519537, 0.0328809
-0.00608045, -0.464591, 0.035201
-0.0168586, -0.494454, 0.0347146
stamp: 9909000000
0.460243, -0.0225015, 0.0361858
0.00865353, -0.0395608, 0.0343733
-0.024402, -0.0178758, 0.0361651
0.0158198, -0.0129396, 0.0344359
0.0232348, -0.495137, 0.0306585
-0.00748538, -0.519538, 0.0328933
-0.0060376, -0.464528, 0.0352546
-0.0168856, -0.494482, 0.0347656
stamp: 9919000000
0.46026, -0.022479, 0.0362129
0.00863882, -0.0395602, 0.034371
-0.0242743, -0.0178993, 0.0360501
0.0158214, -0.0129374, 0.0344377
0.0232132, -0.495123, 0.0307054
-0.00746234, -0.519515, 0.0328458
-0.00611999, -0.464526, 0.0352354
-0.0168724, -0.494484, 0.0347375
stamp: 9929000000
0.460212, -0.0225061, 0.0361907
0.00863378, -0.0395539, 0.0343797
-0.0242644, -0.0179972, 0.0360956
0.0158158, -0.0129426, 0.0344352
0.023246, -0.49521, 0.0305992
-0.007522, -0.519542, 0.0328894
-0.00599091, -0.464554, 0.0352725
-0.016877, -0.494498, 0.0347912
stamp: 9939000000
0.460244, -0.0224771, 0.0362151
0.00863069, -0.0395768, 0.0343915
-0.0243689, -0.0178945, 0.0361687
0.0158244, -0.0130221, 0.0343724
0.0232468, -0.495181, 0.0306155
-0.00749023, -0.519484, 0.0328963
-0.00601737, -0.464558, 0.0352824
-0.0168788, -0.494471, 0.0347686
stamp: 9950000000
0.460127, -0.0224441, 0.0363097
0.00863642, -0.0395531, 0.0343681
-0.0243986, -0.0178907, 0.0360952
0.0158284, -0.0130136, 0.0343631
0.0232202, -0.495139, 0.0306512
-0.00748597, -0.519516, 0.0328509
-0.00607331, -0.464568, 0.035227
-0.016887, -0.494484, 0.0347584
stamp: 9960000000
0.460216, -0.0224576, 0.0362437
0.00863903, -0.0395541, 0.0343933
-0.0243704, -0.0178753, 0.036145
0.0158002, -0.0129382, 0.034431
0.0232156, -0.495152, 0.0306493
-0.00753904, -0.51952, 0.0329437
-0.00607554, -0.464567, 0.0352369
-0.0168661, -0.494476, 0.0347617
stamp: 9969000000
0.460247, -0.0224718, 0.0362158
0.00866215, -0.0395425, 0.0343861
-0.0243791, -0.0180441, 0.0361777
0.0158153, -0.0129308, 0.0344517
0.0232051, -0.495168, 0.0306613
-0.00751888, -0.51951, 0.0329645
-0.0060331, -0.464536, 0.0352766
-0.016895, -0.494474, 0.0347841
stamp: 9979000000
0.460227, -0.0224809, 0.0362235
0.00864474, -0.0395617, 0.0343953
-0.0243044, -0.0179812, 0.0361452
0.0157996, -0.0129347, 0.0344505
0.0231986, -0.495169, 0.0306857
-0.00753194, -0.519508, 0.0329702
-0.00602132, -0.464566, 0.0352719
-0.0168963, -0.494482, 0.0347837
stamp: 9990000000
0.460187, -0.0224906, 0.0362938
0.00865711, -0.0395453, 0.0343866
-0.0244404, -0.017973, 0.0362073
0.0158106, -0.0130004, 0.0343832
0.0231929, -0.495156, 0.0306853
-0.00763707, -0.519384, 0.0328398
-0.00605437, -0.464562, 0.0352918
-0.0169076, -0.494475, 0.0347906
stamp: 10000000000
0.460174, -0.0224873, 0.0363101
0.0086433, -0.0395363, 0.0343933
-0.024309, -0.0178575, 0.0361802
0.0158188, -0.0129184, 0.0344685
0.0232021, -0.495147, 0.030734
-0.0076204, -0.519551, 0.0330233
-0.00608575, -0.464542, 0.03526
-0.0169107, -0.49448, 0.034785
stamp: 10009000000
0.460069, -0.0224468, 0.0364334
0.00865258, -0.0395362, 0.0343943
-0.0243472, -0.0178893, 0.0362132
0.0158044, -0.0129162, 0.0344711
0.0231943, -0.495159, 0.0307336
-0.00754678, -0.519515, 0.0330082
-0.00608528, -0.464544, 0.0353333
-0.016933, -0.494462, 0.0348381
stamp: 10019000000
0.460143, -0.0224551, 0.0363543
0.00865987, -0.0395355, 0.0344179
-0.0243745, -0.0179255, 0.0363268
0.0157906, -0.0129145, 0.0344968
0.0231785, -0.495159, 0.0307831
-0.00760642, -0.519539, 0.0330958
-0.00609759, -0.464551, 0.0353283
-0.0169301, -0.494466, 0.0348709
stamp: 10029000000
0.460084, -0.0225627, 0.0364207
0.00861647, -0.0395096, 0.0344851
-0.024321, -0.0178811, 0.036266
0.015774, -0.012891, 0.0345327
0.0231589, -0.495145, 0.0308255
-0.00764852, -0.519527, 0.0331276
-0.00610862, -0.464556, 0.0353957
-0.0169567, -0.494464, 0.0349108
stamp: 10039000000
0.460066, -0.0225895, 0.0364948
0.00862476, -0.0395552, 0.0344218
-0.0244024, -0.0178902, 0.0363515
0.0157611, -0.0128533, 0.0346016
0.0231455, -0.495139, 0.0308608
-0.00764471, -0.519536, 0.0331152
-0.00613911, -0.46454, 0.0354274
-0.0169782, -0.494475, 0.0349287
stamp: 10049000000
0.460057, -0.0225598, 0.0365375
0.0086083, -0.0395055, 0.0345387
-0.0244361, -0.0179309, 0.0363494
0.0157454, -0.0129071, 0.0347064
0.0231354, -0.495118, 0.0309516
-0.00764211, -0.519527, 0.0331702
-0.00619566, -0.464499, 0.0353694
-0.0169731, -0.49445, 0.0349667
stamp: 10059000000
0.460057, -0.0226629, 0.0367315
0.00859069, -0.0394967, 0.034578
-0.02443, -0.0178892, 0.036346
0.0157479, -0.0128908, 0.0347104
0.02313, -0.495113, 0.0309741
-0.00765134, -0.519398, 0.0332559
-0.00619509, -0.464474, 0.0353935
-0.016984, -0.494426, 0.0350244
stamp: 10070000000
0.460007, -0.0227299, 0.0368208
0.00856514, -0.0394891, 0.0346147
-0.024403, -0.0179028, 0.0364446
0.0157212, -0.0128862, 0.034786
0.0230848, -0.495122, 0.0311827
-0.0076627, -0.519383, 0.0332961
-0.00622319, -0.464479, 0.0354886
-0.0170013, -0.494398, 0.0350599
stamp: 10079000000
0.460026, -0.022617, 0.0366347
0.0086159, -0.0395852, 0.0345145
-0.0244347, -0.0179231, 0.0364501
0.0157221, -0.0129166, 0.0348453
0.0230752, -0.49511, 0.0312747
-0.00768, -0.51935, 0.0333931
-0.00623533, -0.464469, 0.03561
-0.0170237, -0.494389, 0.0351282
stamp: 10089000000
0.459967, -0.0226032, 0.0368188
0.00860889, -0.0395422, 0.0346067
-0.0245193, -0.0178365, 0.0364863
0.0157076, -0.0128707, 0.0348873
0.0230119, -0.495073, 0.0314347
-0.00777871, -0.519147, 0.0333145
-0.00631959, -0.464475, 0.0357348
-0.0170813, -0.494368, 0.0352065
stamp: 10100000000
0.459904, -0.0225566, 0.0369483
0.00862786, -0.0396146, 0.0345505
-0.0245316, -0.0179048, 0.0365223
0.0157194, -0.0129219, 0.0349084
0.0229503, -0.495002, 0.0315519
-0.0079946, -0.518935, 0.0332551
-0.00647752, -0.464483, 0.0357081
-0.0171423, -0.494334, 0.0352839
stamp: 10109000000
0.459902, -0.0225575, 0.0370317
0.00864292, -0.0395822, 0.0345864
-0.0245039, -0.017876, 0.0365715
0.0157368, -0.0129026, 0.0349439
0.022786, -0.495013, 0.0318599
-0.00808265, -0.518868, 0.0333918
-0.00654443, -0.46441, 0.035803
-0.017225, -0.494298, 0.0354094
stamp: 10119000000
0.459831, -0.0225655, 0.0371362
0.00864806, -0.0395404, 0.0346663
-0.0245122, -0.0178439, 0.0366051
0.0157393, -0.0128696, 0.0349917
0.0225873, -0.49484, 0.0320985
-0.008092, -0.518847, 0.0335817
-0.00662044, -0.464343, 0.0359269
-0.0173586, -0.49429, 0.035583
stamp: 10130000000
0.459763, -0.0226039, 0.0372801
0.00860615, -0.039502, 0.0348382
-0.0245087, -0.0178916, 0.0366643
0.0156568, -0.0128609, 0.0351105
0.0224982, -0.494741, 0.0323424
-0.00813063, -0.518808, 0.0337493
-0.00678006, -0.464172, 0.0361108
-0.0175097, -0.494294, 0.0358083
stamp: 10139000000
0.459693, -0.022689, 0.0374389
0.00859655, -0.0395511, 0.0349039
-0.0245367, -0.0179506, 0.0367171
0.0156435, -0.0129144, 0.0352263
0.022369, -0.494639, 0.0326189
-0.00818669, -0.518754, 0.0339088
-0.00685332, -0.464025, 0.0363077
-0.0176136, -0.494224, 0.0359983
stamp: 10150000000
0.459569, -0.0226969, 0.0375766
0.0084493, -0.0395653, 0.0351734
-0.0245832, -0.0179712, 0.0368275
0.0156124, -0.01295, 0.0353671
0.0223908, -0.494517, 0.033051
-0.00837805, -0.518741, 0.0342035
-0.00697888, -0.463929, 0.0365135
-0.0177063, -0.494154, 0.0361945
stamp: 10160000000
0.459481, -0.0228693, 0.0379927
0.00839428, -0.0395745, 0.0353665
-0.0246474, -0.0180094, 0.0370202
0.0155784, -0.0129941, 0.0355321
0.0222758, -0.494425, 0.0333811
-0.00824165, -0.518934, 0.0350316
-0.00709592, -0.463743, 0.0368685
-0.0177989, -0.494065, 0.0364083
stamp: 10169000000
0.459186, -0.0228631, 0.0382808
0.00835002, -0.0396267, 0.0354815
-0.0246753, -0.0180844, 0.0371874
0.0155487, -0.0130506, 0.0356911
0.0220958, -0.494288, 0.0337999
-0.00840851, -0.518711, 0.0354574
-0.0072207, -0.463593, 0.0371558
-0.0179027, -0.493925, 0.0367226
stamp: 10179000000
0.459049, -0.0229259, 0.0386131
0.00841621, -0.0396994, 0.0357138
-0.0247654, -0.0183083, 0.0374738
0.0155203, -0.013149, 0.035908
0.0220501, -0.494094, 0.0343596
-0.00861688, -0.518568, 0.0358678
-0.00732639, -0.463491, 0.037498
-0.0181156, -0.493754, 0.0372598
stamp: 10189000000
0.459168, -0.0231582, 0.0390786
0.0083375, -0.0397428, 0.0358545
-0.0248161, -0.0184134, 0.0376599
0.015461, -0.0132457, 0.0361949
0.0219009, -0.494017, 0.0350105
-0.00882684, -0.518366, 0.0364682
-0.00736988, -0.4633, 0.0381609
-0.018278, -0.493581, 0.03795
stamp: 10199000000
0.45908, -0.0233172, 0.0398851
0.00822613, -0.0398345, 0.0362308
-0.0248889, -0.0185289, 0.037907
0.0153756, -0.0133812, 0.0366221
0.0217027, -0.493921, 0.0358164
-0.0089282, -0.518147, 0.0371855
-0.00746402, -0.463375, 0.0392916
-0.0183935, -0.493444, 0.0386349
stamp: 10209000000
0.458633, -0.0229744, 0.04112
0.00829442, -0.0400169, 0.0367077
-0.0249742, -0.0186929, 0.0382134
0.0152202, -0.0134691, 0.0372229
0.0216865, -0.493861, 0.0367243
-0.00899011, -0.518212, 0.0381833
-0.00773065, -0.463216, 0.0400093
-0.0185165, -0.493419, 0.0396031
stamp: 10219000000
0.458224, -0.0230573, 0.0421809
0.00845055, -0.0401941, 0.0375351
-0.0250096, -0.0188719, 0.038664
0.0151083, -0.0135111, 0.0379641
0.0215928, -0.493835, 0.0379778
-0.0091209, -0.518162, 0.0390293
-0.00769834, -0.463077, 0.0413989
-0.0186087, -0.493221, 0.0406932
stamp: 10229000000
0.458084, -0.0233544, 0.0431081
0.00832289, -0.0403251, 0.0384069
-0.0251459, -0.0191245, 0.0394838
0.015077, -0.0135644, 0.0388592
0.0213651, -0.493749, 0.0390384
-0.00956907, -0.51795, 0.0406101
-0.00788672, -0.463025, 0.0425153
-0.0187555, -0.492945, 0.0422173
stamp: 10239000000
0.457637, -0.0235599, 0.0446398
0.00811084, -0.0403153, 0.0393807
-0.0252116, -0.0192324, 0.0404461
0.0149271, -0.0135798, 0.0400213
0.0211431, -0.493546, 0.0406249
-0.00964702, -0.517674, 0.0422291
-0.00806559, -0.462828, 0.044321
-0.0190314, -0.49283, 0.0436131
stamp: 10249000000
0.457415, -0.0234379, 0.0461738
0.00794223, -0.0402353, 0.040526
-0.0254843, -0.0193924, 0.041755
0.0147456, -0.0137425, 0.0412841
0.0208861, -0.493443, 0.0422755
-0.0101753, -0.517492, 0.0435365
-0.0082912, -0.46254, 0.0459635
-0.0191944, -0.492711, 0.0455418
stamp: 10259000000
0.45727, -0.0235769, 0.0480702
0.00796392, -0.0405088, 0.0422015
-0.0256785, -0.0195297, 0.0428076
0.0144884, -0.0137924, 0.0426405
0.0205696, -0.493191, 0.0442824
-0.0102355, -0.517277, 0.0457459
-0.00841956, -0.462391, 0.0479559
-0.0194214, -0.492522, 0.0476333
stamp: 10269000000
0.456817, -0.0237814, 0.050101
0.00783871, -0.040526, 0.0440768
-0.0256775, -0.0196375, 0.0444809
0.014315, -0.0138386, 0.0444364
0.0203283, -0.49299, 0.0462886
-0.0107113, -0.517018, 0.0480345
-0.00862549, -0.46222, 0.0502866
-0.0197658, -0.49219, 0.0500348
stamp: 10279000000
0.456414, -0.0240695, 0.0521371
0.00739045, -0.040684, 0.0456412
-0.025988, -0.019866, 0.0464396
0.0140479, -0.0139983, 0.0462685
0.0201468, -0.492773, 0.0489619
-0.0110976, -0.516791, 0.0506078
-0.00902122, -0.461719, 0.052528
-0.0201034, -0.492113, 0.0523711
stamp: 10289000000
0.455932, -0.0238023, 0.0547001
0.00734747, -0.0408909, 0.0478955
-0.0262127, -0.0202255, 0.0484545
0.0139235, -0.0141011, 0.0485453
0.0197825, -0.492607, 0.051805
-0.0110392, -0.516647, 0.0539349
-0.00927751, -0.461804, 0.0553733
-0.0203277, -0.491587, 0.0553172
stamp: 10299000000
0.455439, -0.0240299, 0.057201
0.00721799, -0.0407905, 0.0501846
-0.0266539, -0.0205039, 0.0510527
0.0134287, -0.0141811, 0.0508918
0.0194275, -0.492214, 0.0547271
-0.011609, -0.516345, 0.0567886
-0.00949444, -0.461377, 0.0584718
-0.0205783, -0.49129, 0.0581517
stamp: 10309000000
0.454912, -0.0243077, 0.0603269
0.00689445, -0.0410518, 0.0530958
-0.0268532, -0.0206093, 0.0538368
0.013194, -0.0143242, 0.0537283
0.0190273, -0.492028, 0.0578194
-0.0116522, -0.516148, 0.0598639
-0.0098369, -0.46095, 0.0614366
-0.020907, -0.491204, 0.0614837
stamp: 10319000000
0.45426, -0.0243451, 0.0636064
0.00659888, -0.0411427, 0.0558628
-0.0271928, -0.0207888, 0.0566743
0.0127654, -0.0143412, 0.0564013
0.0187011, -0.491723, 0.0610337
-0.0121386, -0.51572, 0.06292
-0.0101676, -0.460866, 0.0649707
-0.0213897, -0.490882, 0.064796
stamp: 10329000000
0.453659, -0.0244341, 0.0672342
0.00618933, -0.0413123, 0.0588448
-0.0276276, -0.0210676, 0.0600354
0.0124785, -0.0145441, 0.0596464
0.0183131, -0.491572, 0.0645334
-0.0125247, -0.515596, 0.0667808
-0.0105452, -0.46071, 0.0686421
-0.0218134, -0.490623, 0.0682305
stamp: 10339000000
0.45284, -0.0244635, 0.0706453
0.00587111, -0.0414027, 0.0625116
-0.028075, -0.0213195, 0.0634866
0.0119871, -0.0145293, 0.0629629
0.0178898, -0.491344, 0.0682711
-0.0130226, -0.515186, 0.0702906
-0.0109952, -0.460274, 0.0720409
-0.0221852, -0.490355, 0.072063
stamp: 10350000000
0.452105, -0.0247041, 0.0742469
0.0056966, -0.0415943, 0.0661703
-0.0283132, -0.0214097, 0.0673276
0.011743, -0.0147593, 0.0666411
0.0174689, -0.491021, 0.07199
-0.0136328, -0.514936, 0.0740151
-0.0114147, -0.459915, 0.0759295
-0.0226827, -0.490119, 0.0759901
stamp: 10359000000
0.451628, -0.0247421, 0.078566
0.00508921, -0.0418153, 0.0698169
-0.0287307, -0.0216639, 0.0713538
0.0112964, -0.0148598, 0.0703511
0.017269, -0.490869, 0.0763291
-0.0137817, -0.514671, 0.0784941
-0.0119174, -0.459828, 0.0802779
-0.0230283, -0.489758, 0.080035
stamp: 10369000000
0.450783, -0.0249955, 0.0824046
0.00475933, -0.0420245, 0.0737559
-0.0292096, -0.021901, 0.0754873
0.0108262, -0.0149993, 0.0743536
0.0167036, -0.490507, 0.0804917
-0.0143721, -0.514276, 0.0821414
-0.0120301, -0.459334, 0.0846382
-0.0235449, -0.489397, 0.0841219
stamp: 10379000000
0.449976, -0.0251491, 0.0868179
0.00445713, -0.0421776, 0.0781168
-0.0296433, -0.022166, 0.0797095
0.0103409, -0.0151398, 0.0785373
0.0162251, -0.489983, 0.0846214
-0.0148248, -0.513962, 0.0865881
-0.0125958, -0.458885, 0.0887792
-0.0239711, -0.489097, 0.0886411
stamp: 10389000000
0.449562, -0.0254059, 0.0914272
0.00410375, -0.0423238, 0.0825862
-0.0301133, -0.0223049, 0.0842852
0.00981518, -0.0151949, 0.0830357
0.0160385, -0.489813, 0.0894039
-0.0151047, -0.513795, 0.0913763
-0.0130617, -0.458713, 0.0933614
-0.0243858, -0.488854, 0.0930301
stamp: 10399000000
0.448822, -0.0257538, 0.0962549
0.0034238, -0.0423707, 0.0869343
-0.0307831, -0.0226023, 0.0888975
0.00932456, -0.0154714, 0.0875627
0.0154652, -0.489421, 0.0938561
-0.0154987, -0.51334, 0.0960922
-0.0133851, -0.458521, 0.0982365
-0.0246645, -0.488446, 0.0980041
stamp: 10409000000
0.447948, -0.0261272, 0.101145
0.0029419, -0.0424302, 0.092003
-0.0314109, -0.0226793, 0.0937116
0.00879177, -0.0154885, 0.092234
0.0150701, -0.489161, 0.0984293
-0.0161667, -0.51328, 0.10053
-0.0137935, -0.458189, 0.102894
-0.0250019, -0.487991, 0.102827
stamp: 10419000000
0.447224, -0.026379, 0.105896
0.002358, -0.0425453, 0.0968107
-0.0318362, -0.0228018, 0.0984967
0.00834158, -0.0156494, 0.0970844
0.0146074, -0.488805, 0.103305
-0.0165017, -0.512648, 0.10559
-0.0141616, -0.457723, 0.107628
-0.0254676, -0.487738, 0.107559
stamp: 10429000000
0.446517, -0.0264868, 0.110924
0.00187949, -0.0425877, 0.10186
-0.0323241, -0.023, 0.103488
0.00758816, -0.0157395, 0.102102
0.0141597, -0.488463, 0.108378
-0.0169844, -0.5122, 0.110586
-0.0144126, -0.457161, 0.112793
-0.0258796, -0.487501, 0.112831
stamp: 10439000000
0.445674, -0.026535, 0.116161
0.0012203, -0.0428892, 0.106731
-0.0326415, -0.0230815, 0.10888
0.00709976, -0.0158613, 0.107117
0.0137252, -0.488171, 0.113463
-0.0172579, -0.512094, 0.115713
-0.0150232, -0.457009, 0.118069
-0.0262383, -0.486927, 0.118149
stamp: 10449000000
0.444979, -0.0269936, 0.121831
0.000871764, -0.0430333, 0.112039
-0.0332333, -0.0233233, 0.114049
0.00653503, -0.0161205, 0.11216
0.013302, -0.487848, 0.118737
-0.0178169, -0.511813, 0.121206
-0.0154673, -0.456562, 0.123285
-0.0268044, -0.486724, 0.123402
stamp: 10459000000
0.444322, -0.0271711, 0.127211
0.000403509, -0.0430939, 0.117207
-0.0338247, -0.0233461, 0.11954
0.00608208, -0.0162417, 0.117352
0.0129505, -0.487544, 0.12434
-0.0182156, -0.511321, 0.126886
-0.0157664, -0.456291, 0.128994
-0.0271913, -0.486323, 0.128659
stamp: 10469000000
0.443494, -0.0273106, 0.132764
-9.57456e-06, -0.0432442, 0.122479
-0.0341408, -0.0233426, 0.125037
0.00577116, -0.0162471, 0.122797
0.0123936, -0.487013, 0.130133
-0.0185684, -0.511056, 0.132448
-0.0162842, -0.455952, 0.134716
-0.0276433, -0.485995, 0.134661
stamp: 10479000000
0.442768, -0.0274381, 0.138625
-0.000528859, -0.0432717, 0.128114
-0.0347699, -0.023603, 0.130578
0.00516842, -0.0163554, 0.128249
0.0118716, -0.486748, 0.135774
-0.0189473, -0.510739, 0.13836
-0.0167368, -0.455512, 0.140681
-0.0281347, -0.485632, 0.14023
stamp: 10489000000
0.442026, -0.0278314, 0.144445
-0.000890272, -0.0434259, 0.133442
-0.0350918, -0.023663, 0.136168
0.00467679, -0.0164487, 0.133691
0.0116107, -0.486405, 0.141904
-0.0195378, -0.510478, 0.144269
-0.0169465, -0.455255, 0.146382
-0.02849, -0.485256, 0.146398
stamp: 10500000000
0.441323, -0.0281304, 0.150499
-0.00140899, -0.0436366, 0.139065
-0.0355348, -0.0236886, 0.142078
0.00437759, -0.0164835, 0.1395
0.0110655, -0.485892, 0.14803
-0.0196863, -0.509886, 0.150208
-0.017323, -0.454809, 0.152894
-0.0288046, -0.484847, 0.152513
stamp: 10509000000
0.440757, -0.0282619, 0.156622
-0.00193314, -0.0435475, 0.145066
-0.0360678, -0.0238978, 0.147775
0.0038351, -0.0166703, 0.145289
0.0108746, -0.485733, 0.154238
-0.0201036, -0.509683, 0.156974
-0.0177862, -0.454488, 0.159132
-0.0291664, -0.484466, 0.159081
stamp: 10519000000
0.439864, -0.028604, 0.163269
-0.00224864, -0.0437735, 0.150895
-0.0365152, -0.023888, 0.153747
0.00341159, -0.0167717, 0.151166
0.0104231, -0.485388, 0.160899
-0.0203643, -0.509052, 0.163145
-0.0181133, -0.454219, 0.165818
-0.0294773, -0.484065, 0.165638
stamp: 10530000000
0.439273, -0.0288103, 0.16936
-0.00283196, -0.0437985, 0.157196
-0.0369508, -0.0240889, 0.159922
0.00302292, -0.0168235, 0.157391
0.0102146, -0.484808, 0.167446
-0.0209528, -0.508683, 0.170078
-0.0184538, -0.453683, 0.172121
-0.0299697, -0.483589, 0.172074
stamp: 10539000000
0.43847, -0.0291773, 0.176196
-0.00311181, -0.0439589, 0.163607
-0.0372057, -0.0239703, 0.166028
0.00265301, -0.0169053, 0.163681
0.00984931, -0.484509, 0.174257
-0.0211232, -0.508447, 0.177073
-0.0189113, -0.453369, 0.179264
-0.0302167, -0.483338, 0.179245
stamp: 10549000000
0.43798, -0.0293345, 0.183039
-0.00354025, -0.0438537, 0.169679
-0.0378225, -0.0242795, 0.172458
0.00218232, -0.016938, 0.170056
0.00961026, -0.484077, 0.181442
-0.0215227, -0.50791, 0.184028
-0.0190904, -0.452816, 0.186231
-0.0304697, -0.482897, 0.186339
stamp: 10560000000
0.437242, -0.0295655, 0.189864
-0.00371936, -0.0441377, 0.176134
-0.0379064, -0.024284, 0.17892
0.00208985, -0.0170594, 0.176768
0.00924776, -0.483703, 0.18887
-0.0220226, -0.507533, 0.191212
-0.0193401, -0.452669, 0.193932
-0.0308866, -0.482505, 0.193735
stamp: 10569000000
0.436619, -0.0297943, 0.197114
-0.00410987, -0.0441161, 0.182844
-0.0383864, -0.024454, 0.18569
0.00161102, -0.0171114, 0.183464
0.00903055, -0.483458, 0.19667
-0.0220897, -0.507295, 0.199052
-0.0198339, -0.452088, 0.201165
-0.0312484, -0.482198, 0.201196
stamp: 10579000000
0.435891, -0.0299316, 0.204444
-0.00448055, -0.0443514, 0.189711
-0.0385897, -0.0245633, 0.192433
0.00129671, -0.0172608, 0.190322
0.00873048, -0.48325, 0.204178
-0.0224618, -0.507033, 0.206634
-0.0199276, -0.451752, 0.209217
-0.0313389, -0.481812, 0.2091
stamp: 10590000000
0.435413, -0.0301644, 0.212085
-0.00445172, -0.044465, 0.196617
-0.0387087, -0.0246562, 0.199645
0.00124465, -0.0173883, 0.197374
0.00835788, -0.482504, 0.212346
-0.0227508, -0.506722, 0.214871
-0.0202782, -0.451272, 0.217233
-0.0317032, -0.481498, 0.217006
stamp: 10599000000
0.434826, -0.0302827, 0.219465
-0.00499926, -0.0445104, 0.203865
-0.0389805, -0.0249659, 0.207019
0.000925824, -0.0175645, 0.204382
0.00821301, -0.482211, 0.220663
-0.023236, -0.506377, 0.223001
-0.0205153, -0.451104, 0.225666
-0.0319435, -0.481191, 0.225317
stamp: 10609000000
0.434351, -0.0304349, 0.227416
-0.00472352, -0.0446822, 0.211398
-0.0388646, -0.0252556, 0.214546
0.000889879, -0.0176634, 0.211739
0.00798186, -0.481766, 0.229369
-0.0232304, -0.505937, 0.231247
-0.0207062, -0.450905, 0.234216
-0.0321259, -0.480793, 0.23386
stamp: 10619000000
0.433802, -0.0305582, 0.235336
-0.00512777, -0.0447607, 0.218791
-0.0389165, -0.0254327, 0.222337
0.000741743, -0.0178721, 0.219352
0.00752909, -0.481485, 0.237733
-0.0235887, -0.50544, 0.240087
-0.0208051, -0.450606, 0.243134
-0.0325293, -0.480252, 0.242314
stamp: 10629000000
0.433255, -0.030761, 0.243382
-0.00502753, -0.0449866, 0.22658
-0.0389917, -0.0255509, 0.230223
0.000693952, -0.0180348, 0.227009
0.00742493, -0.481142, 0.24657
-0.023623, -0.505111, 0.248885
-0.0213191, -0.450055, 0.251746
-0.0327019, -0.479982, 0.25124
stamp: 10639000000
0.432785, -0.0308451, 0.251766
-0.0047429, -0.0454344, 0.234332
-0.0390438, -0.0258197, 0.238435
0.000760369, -0.018266, 0.234939
0.00723256, -0.480943, 0.255821
-0.0238606, -0.504717, 0.257923
-0.0214099, -0.449754, 0.260885
-0.0328138, -0.479738, 0.260319
stamp: 10649000000
0.432308, -0.0309536, 0.260287
-0.00471557, -0.0456415, 0.242125
-0.0390149, -0.0261269, 0.246499
0.000763478, -0.018522, 0.242927
0.00696864, -0.48051, 0.265044
-0.0238381, -0.504326, 0.267445
-0.0217652, -0.44959, 0.270376
-0.0330439, -0.479522, 0.269663
stamp: 10659000000
0.431781, -0.0310686, 0.269016
-0.0046271, -0.045686, 0.250817
-0.0388545, -0.0264377, 0.254679
0.000865892, -0.018836, 0.251193
0.00694174, -0.480115, 0.274755
-0.0241693, -0.504218, 0.276985
-0.0219005, -0.449017, 0.279632
-0.0331039, -0.479194, 0.279287
stamp: 10669000000
0.431291, -0.0311879, 0.277787
-0.00448014, -0.0459938, 0.25924
-0.0388513, -0.0267483, 0.26308
0.000907539, -0.0190491, 0.25978
0.00665954, -0.480088, 0.28427
-0.024236, -0.503953, 0.286585
-0.0219371, -0.448697, 0.289423
-0.0334709, -0.478942, 0.289011
stamp: 10679000000
0.43084, -0.0313057, 0.28677
-0.00423026, -0.0463307, 0.267615
-0.0385463, -0.0272068, 0.271697
0.00119625, -0.0193608, 0.268434
0.00651636, -0.47959, 0.294407
-0.0244755, -0.503789, 0.2966
-0.0220127, -0.448626, 0.299296
-0.0335075, -0.478659, 0.298892
stamp: 10689000000
0.430407, -0.0312787, 0.296081
-0.00403609, -0.0467705, 0.276399
-0.0383889, -0.0276925, 0.280403
0.00132427, -0.019813, 0.277178
0.00655563, -0.479383, 0.30419
-0.0246016, -0.503335, 0.306497
-0.0223116, -0.448329, 0.309226
-0.0336538, -0.478359, 0.308634
stamp: 10700000000
0.429893, -0.0312626, 0.305318
-0.00389049, -0.0472205, 0.285341
-0.0380409, -0.028123, 0.289648
0.00159058, -0.0202961, 0.286163
0.00628959, -0.478948, 0.314499
-0.0247291, -0.503177, 0.316441
-0.0223165, -0.448001, 0.319573
-0.0338114, -0.478108, 0.318931
stamp: 10709000000
0.429509, -0.0312763, 0.314495
-0.00354528, -0.0476527, 0.29455
-0.0377996, -0.0284764, 0.298771
0.00214267, -0.0206109, 0.295644
0.00619605, -0.478844, 0.324669
-0.0248723, -0.502918, 0.327081
-0.022655, -0.447556, 0.329379
-0.0340136, -0.477816, 0.329002
stamp: 10719000000
0.429221, -0.031449, 0.324501
-0.0029455, -0.0480638, 0.304251
-0.0373445, -0.028829, 0.307751
0.00243153, -0.0211603, 0.305028
0.00611185, -0.478709, 0.335153
-0.0250072, -0.502691, 0.337298
-0.0226225, -0.447757, 0.340262
-0.0339766, -0.477718, 0.339477
stamp: 10729000000
0.428951, -0.0313945, 0.334125
-0.00255346, -0.0486053, 0.313784
-0.0369299, -0.0292738, 0.317544
0.00292056, -0.0217095, 0.314529
0.00598446, -0.478429, 0.345568
-0.0247031, -0.502541, 0.347818
-0.0227712, -0.447279, 0.350589
-0.0342337, -0.477455, 0.34999
stamp: 10739000000
0.428541, -0.031331, 0.343999
-0.00222219, -0.0492564, 0.323721
-0.0365656, -0.0297244, 0.327044
0.00337526, -0.0221151, 0.324321
0.00585111, -0.478119, 0.356133
-0.0253057, -0.502109, 0.357963
-0.0229486, -0.447041, 0.361098
-0.0342318, -0.477138, 0.360421
stamp: 10749000000
0.428211, -0.0312782, 0.353915
-0.00167287, -0.0496383, 0.333735
-0.0360902, -0.0302147, 0.337124
0.00381235, -0.0226951, 0.33424
0.00580929, -0.477906, 0.366745
-0.0252263, -0.502192, 0.368801
-0.0230936, -0.446711, 0.371437
-0.0343191, -0.477032, 0.371172
stamp: 10759000000
0.427969, -0.0312258, 0.363984
-0.0012003, -0.0502997, 0.343852
-0.0355147, -0.0308219, 0.346839
0.00433834, -0.0232068, 0.344404
0.0055485, -0.477726, 0.377475
-0.0254014, -0.501737, 0.37945
-0.0232099, -0.446875, 0.382323
-0.0344579, -0.476834, 0.381727
stamp: 10769000000
0.427858, -0.0310761, 0.374248
-0.000743519, -0.0507831, 0.354373
-0.034984, -0.0312142, 0.357046
0.00480675, -0.0238756, 0.354628
0.00561272, -0.477533, 0.388245
-0.0253636, -0.501603, 0.390234
-0.0232967, -0.446404, 0.393033
-0.0345768, -0.476637, 0.392496
stamp: 10779000000
0.427427, -0.0309947, 0.384522
-0.000302749, -0.0513257, 0.364817
-0.0344974, -0.0318471, 0.367141
0.00549478, -0.0243377, 0.365149
0.00529683, -0.477444, 0.398664
-0.0253169, -0.501529, 0.400979
-0.02359, -0.446363, 0.403577
-0.0346915, -0.476556, 0.403288
stamp: 10789000000
0.427227, -0.0309335, 0.395028
0.000442843, -0.0519976, 0.375346
-0.0339127, -0.032033, 0.377491
0.00606361, -0.0250085, 0.375658
0.00533979, -0.477231, 0.409785
-0.0256158, -0.501201, 0.41174
-0.0233833, -0.446231, 0.414698
-0.0347343, -0.476351, 0.413889
stamp: 10800000000
0.426969, -0.0307, 0.405115
0.000773655, -0.0526598, 0.38637
-0.0333856, -0.0326333, 0.388132
0.00663704, -0.0256797, 0.38652
0.00535582, -0.477073, 0.420392
-0.0254489, -0.501291, 0.42252
-0.0237413, -0.446175, 0.425261
-0.0349623, -0.476135, 0.424624
stamp: 10809000000
0.426896, -0.030547, 0.416031
0.0013644, -0.0530294, 0.397239
-0.0328188, -0.0332651, 0.398988
0.00723473, -0.0261387, 0.397438
0.00501608, -0.476925, 0.431248
-0.0257464, -0.501009, 0.433371
-0.0237633, -0.446021, 0.436178
-0.0349729, -0.476119, 0.435572
stamp: 10819000000
0.426587, -0.0303222, 0.426443
0.00179389, -0.0538633, 0.408467
-0.0323028, -0.0338601, 0.409815
0.0077421, -0.0267555, 0.408409
0.00493103, -0.476882, 0.442198
-0.0257748, -0.500943, 0.444292
-0.0238812, -0.446005, 0.44699
-0.0350148, -0.47587, 0.446411
stamp: 10829000000
0.426308, -0.0302522, 0.437061
0.00230033, -0.0544348, 0.419508
-0.0316, -0.0342346, 0.420963
0.00836374, -0.0275653, 0.419615
0.00491278, -0.476562, 0.452981
-0.0258207, -0.500809, 0.45471
-0.0239289, -0.445649, 0.457922
-0.0351545, -0.475894, 0.457222
stamp: 10839000000
0.426373, -0.0300437, 0.447663
0.00298735, -0.0549191, 0.430974
-0.0310674, -0.034771, 0.432088
0.00914719, -0.0280921, 0.430907
0.004845, -0.476595, 0.463906
-0.0259455, -0.500827, 0.465829
-0.0239187, -0.445582, 0.468805
-0.0351819, -0.475704, 0.468181
stamp: 10850000000
0.426337, -0.0299465, 0.458358
0.00340364, -0.0556073, 0.442245
-0.0305446, -0.0352234, 0.443483
0.00956823, -0.0287384, 0.442236
0.00486116, -0.476394, 0.475018
-0.0260079, -0.500619, 0.476861
-0.0241818, -0.445554, 0.479366
-0.0352603, -0.475635, 0.478933
stamp: 10859000000
0.425987, -0.0296384, 0.468912
0.00393976, -0.0562305, 0.453917
-0.0300042, -0.0357834, 0.454799
0.0101975, -0.0292593, 0.453698
0.0047175, -0.476462, 0.485539
-0.0259417, -0.50053, 0.487765
-0.0242293, -0.445461, 0.490489
-0.0353602, -0.475562, 0.489788
stamp: 10870000000
0.426158, -0.0295022, 0.479769
0.00446244, -0.0567015, 0.465344
-0.0294209, -0.036215, 0.466555
0.0106296, -0.0298702, 0.465198
0.00455741, -0.476261, 0.496602
-0.0259271, -0.500428, 0.498472
-0.0240408, -0.445384, 0.501401
-0.0353397, -0.475582, 0.500795
stamp: 10879000000
0.425882, -0.0292682, 0.490483
0.00493154, -0.0572739, 0.4769
-0.0289013, -0.0366521, 0.478139
0.0113461, -0.0304095, 0.477024
0.00452769, -0.476045, 0.507535
-0.0260673, -0.500405, 0.509409
-0.0243266, -0.445303, 0.512315
-0.035554, -0.475431, 0.511495
stamp: 10889000000
0.425879, -0.0289895, 0.501161
0.00538896, -0.0578491, 0.488866
-0.0285655, -0.0370653, 0.489605
0.0118318, -0.0309979, 0.488638
0.00456341, -0.476036, 0.518393
-0.0262049, -0.500246, 0.520145
-0.0244442, -0.445078, 0.52307
-0.0355667, -0.475454, 0.52249
stamp: 10900000000
0.425808, -0.0287976, 0.511886
0.0058878, -0.0582355, 0.50057
-0.0280185, -0.0375293, 0.501385
0.0121919, -0.0314588, 0.50037
0.00427176, -0.476046, 0.528993
-0.026093, -0.500291, 0.531438
-0.0245059, -0.445185, 0.533887
-0.0356096, -0.475263, 0.533116
stamp: 10909000000
0.425934, -0.0284966, 0.522356
0.00617289, -0.058732, 0.512254
-0.0275824, -0.0378632, 0.512828
0.0127284, -0.031959, 0.512063
0.00443159, -0.475906, 0.540036
-0.0261637, -0.500241, 0.542242
-0.0245195, -0.445056, 0.544778
-0.0355919, -0.475232, 0.544177
stamp: 10919000000
0.425993, -0.0283119, 0.533311
0.00651251, -0.0592395, 0.524022
-0.0272002, -0.0382339, 0.524331
0.0129848, -0.0324306, 0.523491
0.00428923, -0.47571, 0.55089
-0.0262669, -0.500049, 0.552635
-0.0249642, -0.444918, 0.555068
-0.035713, -0.475127, 0.554843
stamp: 10929000000
0.42599, -0.0279422, 0.543782
0.00674474, -0.0596167, 0.535694
-0.0269608, -0.0386096, 0.535971
0.0134678, -0.0327963, 0.535405
0.00424327, -0.475796, 0.561686
-0.0264783, -0.50012, 0.563557
-0.0248871, -0.444944, 0.566069
-0.0357707, -0.475163, 0.565694
stamp: 10939000000
0.42574, -0.0278096, 0.554541
0.00690701, -0.0599297, 0.54735
-0.0264799, -0.0389019, 0.547507
0.013642, -0.0333305, 0.546971
0.00429887, -0.475608, 0.572396
-0.0264656, -0.499911, 0.574301
-0.0249752, -0.445123, 0.576883
-0.0358236, -0.475174, 0.576577
stamp: 10950000000
0.425978, -0.0276958, 0.564867
0.00725585, -0.0603496, 0.558989
-0.0262707, -0.0391369, 0.559154
0.0140325, -0.0337539, 0.558462
0.00402732, -0.475672, 0.582753
-0.0264348, -0.500003, 0.584936
-0.0248354, -0.44498, 0.587812
-0.0357882, -0.475024, 0.587035
stamp: 10959000000
0.426065, -0.0274521, 0.575321
0.00746031, -0.0606873, 0.570656
-0.0259381, -0.0395221, 0.570655
0.0143477, -0.0340134, 0.570169
0.00403387, -0.475535, 0.593651
-0.0263335, -0.499956, 0.595834
-0.025057, -0.445025, 0.598599
-0.0359676, -0.475153, 0.597854
stamp: 10969000000
0.426073, -0.0270586, 0.585547
0.00763273, -0.0611834, 0.582174
-0.0256521, -0.039783, 0.582134
0.014654, -0.0344206, 0.581691
0.00387163, -0.475519, 0.604092
-0.0265472, -0.499979, 0.606125
-0.0252724, -0.444788, 0.60902
-0.0360957, -0.474957, 0.608386
stamp: 10980000000
0.426205, -0.0268181, 0.596005
0.00789769, -0.0613944, 0.593633
-0.0253816, -0.0399665, 0.593575
0.014969, -0.0347165, 0.593306
0.00388451, -0.475556, 0.614904
-0.0266983, -0.499871, 0.616964
-0.0250855, -0.444954, 0.619624
-0.0361184, -0.475142, 0.619045
stamp: 10989000000
0.426387, -0.026726, 0.606212
0.00794984, -0.0616356, 0.605045
-0.0252586, -0.0401649, 0.604843
0.0152236, -0.0349721, 0.604666
0.0037539, -0.475576, 0.625628
-0.0266169, -0.499848, 0.627386
-0.025278, -0.44483, 0.629969
-0.036192, -0.474992, 0.629492
stamp: 11000000000
0.426489, -0.0263858, 0.616481
0.00810152, -0.0619542, 0.616229
-0.0251065, -0.0404164, 0.616321
0.0152754, -0.0352814, 0.615983
0.00379931, -0.475642, 0.636158
-0.0267293, -0.499836, 0.638037
-0.0253199, -0.444866, 0.640542
-0.0361583, -0.474997, 0.640058
stamp: 11009000000
0.426494, -0.0261534, 0.626546
0.0081946, -0.0620883, 0.627486
-0.0249364, -0.0404524, 0.627656
0.0154385, -0.0355143, 0.627176
0.00363334, -0.475452, 0.646301
-0.0268213, -0.499801, 0.648359
-0.0253556, -0.444955, 0.651068
-0.0361664, -0.475063, 0.650572
stamp: 11019000000
0.426687, -0.0258533, 0.636774
0.00830686, -0.0622294, 0.638591
-0.0248572, -0.0404406, 0.638891
0.0154604, -0.0356636, 0.638217
0.00353685, -0.475549, 0.656475
-0.0269897, -0.499859, 0.658673
-0.0253956, -0.444852, 0.661282
-0.0363118, -0.474971, 0.660911
stamp: 11029000000
0.426829, -0.0257647, 0.6466
0.00828418, -0.0624155, 0.649801
-0.0248217, -0.0405694, 0.649802
0.015518, -0.0359581, 0.649315
0.00354794, -0.475589, 0.66702
-0.0271233, -0.499769, 0.66878
-0.0257543, -0.445084, 0.671501
-0.0363399, -0.475077, 0.67117
stamp: 11040000000
0.426923, -0.0254818, 0.656435
0.00824829, -0.0624431, 0.660742
-0.0248175, -0.0406572, 0.660884
0.0156206, -0.0360962, 0.660302
0.00341758, -0.475579, 0.677244
-0.027112, -0.499856, 0.679171
-0.0257635, -0.445043, 0.681736
-0.0364278, -0.474932, 0.681376
stamp: 11049000000
0.427137, -0.0250711, 0.66624
0.00821528, -0.0626645, 0.671618
-0.0247926, -0.0408814, 0.671734
0.0155984, -0.0361348, 0.671227
0.0035285, -0.475502, 0.687433
-0.0271547, -0.500038, 0.689254
-0.0257992, -0.445133, 0.691802
-0.0365777, -0.475028, 0.691467
stamp: 11059000000
0.427196, -0.0247999, 0.675952
0.00810205, -0.0627541, 0.68245
-0.0247766, -0.0407264, 0.682553
0.0156892, -0.0362178, 0.682086
0.0032701, -0.475568, 0.697462
-0.0271567, -0.499944, 0.699344
-0.0256344, -0.44498, 0.702016
-0.0366401, -0.475163, 0.701498
stamp: 11069000000
0.427592, -0.0246843, 0.685542
0.00796796, -0.0625487, 0.693013
-0.02472, -0.0406959, 0.693287
0.015688, -0.0362, 0.692683
0.00333059, -0.475684, 0.707352
-0.027196, -0.499909, 0.709221
-0.025756, -0.445152, 0.712059
-0.0365823, -0.475117, 0.711381
stamp: 11079000000
0.427571, -0.0242267, 0.695035
0.00793631, -0.0626721, 0.703552
-0.0250152, -0.0406958, 0.703709
0.0155417, -0.0362955, 0.70312
0.00324345, -0.475673, 0.717106
-0.0275825, -0.499931, 0.719024
-0.0260256, -0.444884, 0.72164
-0.0367856, -0.475239, 0.721179
stamp: 11089000000
0.427782, -0.0240162, 0.704402
0.00784369, -0.0628699, 0.713975
-0.0250292, -0.0406115, 0.714216
0.015433, -0.0362507, 0.713609
0.00307192, -0.475729, 0.726896
-0.0273801, -0.499962, 0.728848
-0.0259654, -0.445096, 0.731382
-0.0367712, -0.475117, 0.730945
stamp: 11100000000
0.428154, -0.0240681, 0.713566
0.00764153, -0.0627375, 0.724328
-0.0251859, -0.0404719, 0.724427
0.0151264, -0.0363551, 0.723682
0.00309452, -0.475653, 0.736492
-0.0274378, -0.500078, 0.738276
-0.0259322, -0.444846, 0.741092
-0.0367638, -0.475247, 0.740326
stamp: 11109000000
0.428206, -0.0238617, 0.72257
0.007372, -0.0627193, 0.734534
-0.0253945, -0.0403874, 0.734708
0.0152249, -0.036222, 0.734097
0.00291004, -0.475664, 0.745814
-0.0276339, -0.499769, 0.747532
-0.0260577, -0.445138, 0.750443
-0.0369639, -0.47512, 0.749796
stamp: 11119000000
0.428589, -0.0235325, 0.731671
0.00708821, -0.0625351, 0.744367
-0.0256118, -0.0403081, 0.74467
0.0150203, -0.0360933, 0.743994
0.00280477, -0.475673, 0.755111
-0.0276121, -0.499953, 0.757064
-0.0261913, -0.44502, 0.759649
-0.0370065, -0.475296, 0.759246
stamp: 11129000000
0.428741, -0.0234153, 0.740515
0.00683042, -0.0625415, 0.754201
-0.0257815, -0.0402027, 0.754507
0.0147882, -0.036044, 0.753761
0.00287629, -0.475691, 0.764351
-0.0278654, -0.499969, 0.766104
-0.0263038, -0.445016, 0.768555
-0.0371878, -0.475317, 0.76838
stamp: 11139000000
0.428842, -0.0232084, 0.749434
0.00656295, -0.0622585, 0.763803
-0.0259196, -0.0400047, 0.764497
0.014481, -0.0359506, 0.763374
0.00254337, -0.475724, 0.773134
-0.0276634, -0.499991, 0.7753
-0.0263417, -0.445136, 0.777899
-0.037067, -0.475277, 0.777228
stamp: 11150000000
0.429138, -0.0229708, 0.758097
0.0063644, -0.062245, 0.773484
-0.0261991, -0.0398469, 0.773797
0.0142407, -0.0358058, 0.772887
0.00279063, -0.47587, 0.782131
-0.0279144, -0.500112, 0.784218
-0.0266977, -0.445129, 0.786515
-0.0372964, -0.475242, 0.786061
stamp: 11159000000
0.42924, -0.0228894, 0.766517
0.00600348, -0.0620321, 0.782621
-0.0265022, -0.0397142, 0.783361
0.0141264, -0.035644, 0.782377
0.00269926, -0.475764, 0.79081
-0.027825, -0.500331, 0.792926
-0.0265408, -0.445189, 0.795443
-0.0372916, -0.475396, 0.794807
stamp: 11169000000
0.429536, -0.022555, 0.774996
0.00578032, -0.0618453, 0.791879
-0.0267244, -0.0394502, 0.792484
0.0136682, -0.0355191, 0.791383
0.00248892, -0.475798, 0.799349
-0.0280797, -0.500179, 0.801393
-0.0267811, -0.445213, 0.803671
-0.0373991, -0.475281, 0.803246
stamp: 11179000000
0.429792, -0.022458, 0.783107
0.00537131, -0.0616721, 0.800769
-0.0270219, -0.039147, 0.80135
0.0134837, -0.0352876, 0.800355
0.00237454, -0.475945, 0.807566
-0.0282321, -0.50011, 0.809414
-0.0266053, -0.445355, 0.811969
-0.0375206, -0.475417, 0.811579
stamp: 11189000000
0.429973, -0.0220553, 0.791312
0.00521795, -0.061417, 0.809576
-0.0273349, -0.0388825, 0.810349
0.0132011, -0.035106, 0.809259
0.00219089, -0.475973, 0.815691
-0.0281433, -0.500221, 0.817648
-0.0267426, -0.445426, 0.820115
-0.0376166, -0.475509, 0.819691
stamp: 11200000000
0.430138, -0.0220865, 0.799255
0.00494254, -0.0613057, 0.818278
-0.0277675, -0.0387983, 0.81908
0.0128557, -0.0348617, 0.817881
0.00230638, -0.475945, 0.823566
-0.0282457, -0.50029, 0.82561
-0.0270555, -0.445441, 0.82792
-0.0376825, -0.475474, 0.827582
stamp: 11210000000
0.43041, -0.0218562, 0.807092
0.0044658, -0.060971, 0.826652
-0.0278964, -0.0383356, 0.827412
0.0125519, -0.034582, 0.826212
0.00209287, -0.475893, 0.831229
-0.0283903, -0.500275, 0.833374
-0.0269642, -0.445447, 0.835832
-0.0378582, -0.475595, 0.83535
stamp: 11219000000
0.430718, -0.0218326, 0.81469
0.0041329, -0.0606685, 0.834728
-0.0284212, -0.0376574, 0.835683
0.012242, -0.0343492, 0.834474
0.00209849, -0.476022, 0.838585
-0.0284074, -0.500288, 0.840612
-0.0271854, -0.445422, 0.84304
-0.0377819, -0.475575, 0.842731
stamp: 11229000000
0.430977, -0.0215476, 0.822245
0.00357506, -0.0603315, 0.842786
-0.0285826, -0.037608, 0.843707
0.0118763, -0.0340831, 0.842468
0.00187714, -0.476079, 0.845925
-0.0286013, -0.500456, 0.847987
-0.027359, -0.44539, 0.850418
-0.0379927, -0.475591, 0.850066
stamp: 11240000000
0.431145, -0.0213212, 0.829521
0.00333664, -0.0601128, 0.850471
-0.029047, -0.0373566, 0.851628
0.0116167, -0.0337119, 0.850336
0.00191235, -0.476188, 0.853059
-0.0285222, -0.500296, 0.855128
-0.0273494, -0.445417, 0.857452
-0.0381182, -0.475537, 0.856924
stamp: 11250000000
0.431547, -0.0213634, 0.836613
0.00269886, -0.0598351, 0.858003
-0.0292785, -0.0369644, 0.859336
0.0111832, -0.0334289, 0.857855
0.00164954, -0.476067, 0.859912
-0.0285949, -0.500292, 0.861958
-0.0275093, -0.445701, 0.864184
-0.0382579, -0.475712, 0.863888
stamp: 11259000000
0.431753, -0.0210852, 0.843708
0.00253669, -0.0594, 0.865167
-0.0297324, -0.0366124, 0.866695
0.0106892, -0.0330649, 0.865005
0.00168309, -0.475967, 0.866561
-0.0287167, -0.500615, 0.868554
-0.0275907, -0.445746, 0.871055
-0.0383528, -0.475716, 0.870427
stamp: 11269000000
0.431936, -0.0209268, 0.850417
0.00209314, -0.0590452, 0.872408
-0.0300391, -0.0362259, 0.873908
0.0104055, -0.0328216, 0.872317
0.00156766, -0.476093, 0.87291
-0.028697, -0.500625, 0.874926
-0.0277692, -0.445766, 0.877333
-0.0383496, -0.475776, 0.876722
stamp: 11279000000
0.432364, -0.0208089, 0.857
0.00172062, -0.0587696, 0.879363
-0.0303889, -0.0358655, 0.880764
0.0101106, -0.032413, 0.879293
0.00150539, -0.47621, 0.879227
-0.0289979, -0.500501, 0.880927
-0.0278019, -0.445561, 0.883567
-0.0385055, -0.4758, 0.882976
stamp: 11289000000
0.432517, -0.0207388, 0.863422
0.00130689, -0.0583603, 0.885952
-0.0308877, -0.0354459, 0.88758
0.00958224, -0.0320098, 0.885838
0.00141054, -0.47619, 0.885122
-0.028989, -0.500542, 0.886819
-0.0281296, -0.445634, 0.889363
-0.0386257, -0.475881, 0.888959
stamp: 11300000000
0.432509, -0.0204913, 0.869563
0.000880106, -0.0579497, 0.892552
-0.0311754, -0.0350966, 0.894224
0.00925782, -0.031746, 0.892447
0.00115319, -0.476036, 0.890667
-0.0293542, -0.500382, 0.892452
-0.0279589, -0.445592, 0.8952
-0.0386739, -0.475855, 0.894804
stamp: 11309000000
0.432822, -0.0203895, 0.87575
0.000444436, -0.057685, 0.898629
-0.0315903, -0.0347206, 0.900447
0.00899333, -0.0314159, 0.898744
0.00102697, -0.476091, 0.896192
-0.0294055, -0.500402, 0.898161
-0.0282008, -0.445596, 0.900877
-0.0388038, -0.475975, 0.900365
stamp: 11319000000
0.433066, -0.0204022, 0.881578
7.70443e-05, -0.0572391, 0.904918
-0.0319307, -0.034372, 0.906349
0.00858202, -0.0310415, 0.90481
0.000981754, -0.476053, 0.901422
-0.0293684, -0.500542, 0.903533
-0.028273, -0.445693, 0.905893
-0.0389594, -0.475995, 0.905647
stamp: 11329000000
0.433329, -0.0202624, 0.887062
-0.000368998, -0.0569546, 0.910455
-0.0323607, -0.0336781, 0.912374
0.00818221, -0.0306542, 0.910518
0.000815192, -0.47604, 0.906522
-0.0295218, -0.500519, 0.908514
-0.0283252, -0.445636, 0.911156
-0.0390604, -0.475833, 0.910586
stamp: 11339000000
0.433594, -0.0201332, 0.892572
-0.000734627, -0.0565564, 0.916243
-0.0328379, -0.0334003, 0.917958
0.00776245, -0.0303749, 0.91616
0.000792941, -0.475987, 0.911454
-0.0298056, -0.500536, 0.913342
-0.0285258, -0.445647, 0.915999
-0.0392673, -0.475914, 0.915348
stamp: 11350000000
0.433794, -0.0199525, 0.897888
-0.00120077, -0.0561631, 0.92145
-0.0331636, -0.033032, 0.923332
0.0074194, -0.0299243, 0.921595
0.00052999, -0.476058, 0.91596
-0.0298695, -0.500516, 0.918046
-0.0287884, -0.445769, 0.920531
-0.0394705, -0.475804, 0.919948
stamp: 11359000000
0.433982, -0.0198846, 0.902767
-0.00154104, -0.0557481, 0.926511
-0.0335898, -0.0328679, 0.92855
0.00703756, -0.0295432, 0.926617
0.000493206, -0.476168, 0.920462
-0.0299739, -0.500605, 0.922325
-0.0288206, -0.445824, 0.924879
-0.0394972, -0.475847, 0.924323
stamp: 11369000000
0.434189, -0.0197499, 0.907607
-0.00212914, -0.0553702, 0.931375
-0.0338232, -0.032345, 0.933519
0.00668814, -0.0291488, 0.93157
0.000292505, -0.476197, 0.924667
-0.0300403, -0.500611, 0.926701
-0.0289255, -0.445913, 0.929003
-0.0396524, -0.475809, 0.92858
stamp: 11379000000
0.4344, -0.0196174, 0.912193
-0.00251288, -0.0550225, 0.936211
-0.034187, -0.0317192, 0.938235
0.00633198, -0.0288547, 0.936305
0.000134379, -0.476129, 0.928601
-0.03029, -0.500586, 0.930485
-0.0292387, -0.445744, 0.933205
-0.0398585, -0.475962, 0.932548
stamp: 11389000000
0.434761, -0.0195051, 0.91659
-0.00276615, -0.054426, 0.940478
-0.034452, -0.0314225, 0.942631
0.00580488, -0.0283584, 0.940582
7.32996e-06, -0.476124, 0.932495
-0.0305309, -0.500452, 0.934295
-0.0293767, -0.445712, 0.936881
-0.0399925, -0.475839, 0.936331
stamp: 11400000000
0.434937, -0.0194348, 0.920876
-0.00326757, -0.0542454, 0.94461
-0.03481, -0.0311541, 0.947099
0.00559233, -0.0280486, 0.94489
-8.78111e-05, -0.476164, 0.936103
-0.0305899, -0.500576, 0.93788
-0.0294465, -0.445762, 0.940451
-0.0401249, -0.475897, 0.939907
stamp: 11409000000
0.435076, -0.019395, 0.924846
-0.00367522, -0.0538065, 0.94867
-0.0352303, -0.0307077, 0.950998
0.00521266, -0.0276467, 0.948854
-0.000116338, -0.476255, 0.939519
-0.0306045, -0.500606, 0.941338
-0.0297528, -0.44565, 0.943621
-0.0402964, -0.475991, 0.943497
stamp: 11419000000
0.435338, -0.0193709, 0.928682
-0.00393982, -0.0534393, 0.952363
-0.0355873, -0.0303006, 0.954823
0.0048093, -0.0273266, 0.952605
-0.000336661, -0.47627, 0.942651
-0.0308298, -0.500602, 0.944581
-0.029734, -0.445918, 0.947004
-0.0403717, -0.475852, 0.946622
stamp: 11429000000
0.435512, -0.019221, 0.932268
-0.00409806, -0.0531468, 0.955863
-0.0358903, -0.0299731, 0.958356
0.00461103, -0.0270244, 0.956147
-0.000557738, -0.47624, 0.945764
-0.030988, -0.500623, 0.947843
-0.0300151, -0.445738, 0.950025
-0.0405598, -0.475953, 0.949731
stamp: 11439000000
0.435735, -0.0190193, 0.935726
-0.00445934, -0.0527792, 0.959344
-0.0361669, -0.0296237, 0.961562
0.00432704, -0.0266927, 0.959556
-0.000623927, -0.476289, 0.948631
-0.0310989, -0.500589, 0.950783
-0.030198, -0.44573, 0.952937
-0.0407021, -0.475963, 0.952622
stamp: 11449000000
0.435874, -0.0190508, 0.938964
-0.00490883, -0.0523817, 0.962194
-0.0363926, -0.0292589, 0.964966
0.00394634, -0.0262392, 0.962527
-0.000868685, -0.476177, 0.95131
-0.0311669, -0.500555, 0.953378
-0.0303603, -0.445918, 0.955575
-0.0408022, -0.475878, 0.955383
stamp: 11459000000
0.436032, -0.0189017, 0.942008
-0.00514987, -0.0521085, 0.965189
-0.0369049, -0.0289412, 0.967557
0.00367464, -0.0259028, 0.965478
-0.00099202, -0.476148, 0.953875
-0.0313499, -0.500622, 0.955959
-0.0305011, -0.445753, 0.958206
-0.0408519, -0.475975, 0.957842
stamp: 11469000000
0.436296, -0.018853, 0.944861
-0.00550967, -0.0515477, 0.967801
-0.0370383, -0.028408, 0.970106
0.00337068, -0.0256353, 0.968023
-0.00108005, -0.476186, 0.956359
-0.0314701, -0.500721, 0.958351
-0.0301853, -0.445805, 0.960682
-0.0411132, -0.4759, 0.960331
stamp: 11479000000
0.43651, -0.0187536, 0.947652
-0.00581323, -0.0513766, 0.97016
-0.0373428, -0.0281475, 0.972718
0.00305519, -0.0252359, 0.970428
-0.00114135, -0.476219, 0.958595
-0.031687, -0.500603, 0.960455
-0.0307339, -0.445919, 0.962813
-0.0412097, -0.47597, 0.962496
stamp: 11489000000
0.436704, -0.0187852, 0.950194
-0.00594401, -0.0511456, 0.972568
-0.0375846, -0.0276794, 0.974868
0.00283867, -0.0250169, 0.972817
-0.00131044, -0.476113, 0.960593
-0.0318091, -0.500535, 0.962354
-0.0306529, -0.445762, 0.965109
-0.0413502, -0.476056, 0.964631
stamp: 11499000000
0.436857, -0.0186507, 0.952405
-0.00628209, -0.0507907, 0.974517
-0.0379237, -0.0272927, 0.976928
0.00251402, -0.024671, 0.974682
-0.00145622, -0.476236, 0.96253
-0.0318982, -0.500656, 0.964509
-0.0308772, -0.445855, 0.96695
-0.0414834, -0.47588, 0.966628
stamp: 11509000000
0.436843, -0.0184642, 0.954601
-0.00665261, -0.050295, 0.976239
-0.0381541, -0.0271125, 0.97857
0.00228752, -0.0243287, 0.976474
-0.00166872, -0.476155, 0.964371
-0.0320205, -0.500706, 0.966424
-0.0309659, -0.445808, 0.9687
-0.0415467, -0.475898, 0.968366
stamp: 11519000000
0.437096, -0.0185157, 0.956718
-0.00668206, -0.0500954, 0.97792
-0.0384233, -0.0268105, 0.980313
0.00207259, -0.0240603, 0.978126
-0.00178836, -0.476026, 0.966011
-0.0321862, -0.500513, 0.968128
-0.0310733, -0.445792, 0.970509
-0.0418641, -0.475926, 0.969962
stamp: 11529000000
0.43725, -0.0184997, 0.958504
-0.00704095, -0.049823, 0.979306
-0.0385777, -0.0264173, 0.98176
0.00171022, -0.0237483, 0.979508
-0.00190629, -0.476225, 0.967468
-0.0322078, -0.500588, 0.969656
-0.0313496, -0.445774, 0.971951
-0.0419111, -0.47583, 0.971529
stamp: 11539000000
0.43736, -0.0182727, 0.960225
-0.00733989, -0.0495264, 0.980372
-0.0388129, -0.026198, 0.982962
0.0015745, -0.0234766, 0.98069
-0.00198127, -0.476203, 0.968957
-0.0325244, -0.500591, 0.971114
-0.0315287, -0.445689, 0.97334
-0.0420505, -0.475922, 0.972958
stamp: 11549000000
0.437564, -0.0182659, 0.961691
-0.00761571, -0.0492065, 0.981309
-0.0390477, -0.0259731, 0.983808
0.00123062, -0.0232289, 0.981663
-0.00210593, -0.476081, 0.970202
-0.0325966, -0.500476, 0.972141
-0.0315806, -0.445776, 0.974586
-0.0420594, -0.475882, 0.974054
stamp: 11559000000
0.437703, -0.018113, 0.963168
-0.00777765, -0.0490641, 0.982101
-0.0391254, -0.0257138, 0.984887
0.00103223, -0.0229341, 0.982502
-0.00236275, -0.476007, 0.971111
-0.0328622, -0.500487, 0.973307
-0.0318577, -0.445803, 0.975576
-0.0423435, -0.475922, 0.975294
stamp: 11569000000
0.437889, -0.0181638, 0.964388
-0.00792972, -0.0486609, 0.982898
-0.0393335, -0.0254022, 0.985425
0.000850596, -0.0226628, 0.983109
-0.00237166, -0.476017, 0.972193
-0.032823, -0.500654, 0.974213
-0.0318017, -0.445827, 0.976607
-0.0424611, -0.475737, 0.976101
stamp: 11579000000
0.437943, -0.0180861, 0.965621
-0.00818114, -0.048423, 0.983327
-0.0396296, -0.024993, 0.986012
0.000766753, -0.0224761, 0.983769
-0.00253979, -0.476177, 0.973139
-0.0329621, -0.500669, 0.975067
-0.0320586, -0.445675, 0.977574
-0.0426629, -0.475864, 0.977155
stamp: 11589000000
0.438074, -0.0179977, 0.966635
-0.00840145, -0.0480962, 0.983728
-0.0398037, -0.0248815, 0.986323
0.000583612, -0.0222205, 0.984161
-0.00276552, -0.476161, 0.973894
-0.0333071, -0.500576, 0.975906
-0.0322928, -0.445636, 0.978173
-0.0427397, -0.475762, 0.977926
stamp: 11599000000
0.438158, -0.0180375, 0.967436
-0.00853354, -0.0479174, 0.983896
-0.039876, -0.0247191, 0.986615
0.000460204, -0.0220446, 0.984491
-0.0028846, -0.475891, 0.974486
-0.0334515, -0.500478, 0.976397
-0.0323737, -0.445575, 0.978778
-0.042849, -0.475726, 0.978472
stamp: 11609000000
0.438281, -0.0179484, 0.968192
-0.00859796, -0.0477523, 0.984002
-0.0400543, -0.024536, 0.986584
0.000260701, -0.0217581, 0.984435
-0.00304294, -0.475913, 0.975016
-0.0334504, -0.500438, 0.976921
-0.0325444, -0.445509, 0.979245
-0.0430733, -0.475708, 0.979067
stamp: 11619000000
0.438392, -0.0178817, 0.96894
-0.00877932, -0.0476138, 0.983998
-0.0401833, -0.0243735, 0.986616
3.09574e-05, -0.0215468, 0.984325
-0.00306273, -0.475938, 0.975476
-0.033571, -0.500472, 0.977435
-0.0327734, -0.445518, 0.979577
-0.043243, -0.475677, 0.979399
stamp: 11629000000
0.438501, -0.0178452, 0.969525
-0.00887471, -0.0474383, 0.983939
-0.040329, -0.0241955, 0.986371
-5.41148e-05, -0.0212587, 0.984152
-0.00317092, -0.475942, 0.97571
-0.0336992, -0.500425, 0.977709
-0.0327477, -0.44548, 0.979993
-0.0433561, -0.475614, 0.979673
stamp: 11640000000
0.438546, -0.0178276, 0.969931
-0.00888804, -0.0471761, 0.983584
-0.0404765, -0.023996, 0.985931
-0.000183004, -0.0211539, 0.983849
-0.00333192, -0.475923, 0.975895
-0.0339758, -0.50039, 0.977999
-0.0328349, -0.445451, 0.980127
-0.0434827, -0.475526, 0.979862
stamp: 11649000000
0.438632, -0.0178096, 0.970212
-0.00900491, -0.0470208, 0.983245
-0.0406275, -0.0238801, 0.985661
-0.000209593, -0.0210362, 0.983633
-0.0034506, -0.475893, 0.975952
-0.0340724, -0.500349, 0.978066
-0.0329995, -0.445457, 0.980244
-0.0436087, -0.475486, 0.979913
stamp: 11659000000
0.438692, -0.0177714, 0.970433
-0.00917701, -0.046835, 0.982841
-0.0407655, -0.0236411, 0.985094
-0.000262655, -0.020899, 0.983297
-0.00376441, -0.475802, 0.9758
-0.0342848, -0.500294, 0.978006
-0.0331036, -0.445425, 0.980258
-0.0437274, -0.475439, 0.979903
stamp: 11670000000
0.438763, -0.0177204, 0.970586
-0.00934972, -0.0466737, 0.982262
-0.0408048, -0.0233041, 0.984638
-0.000327783, -0.0207835, 0.982846
-0.00389976, -0.47574, 0.975691
-0.0345001, -0.500222, 0.977838
-0.0332048, -0.445379, 0.980198
-0.0438533, -0.475384, 0.97982
stamp: 11679000000
0.43884, -0.0176564, 0.97067
-0.00932178, -0.04655, 0.981706
-0.0408628, -0.0231729, 0.984141
-0.000527247, -0.020468, 0.981942
-0.00401857, -0.475717, 0.975581
-0.034646, -0.500186, 0.977672
-0.0334035, -0.445225, 0.980038
-0.043993, -0.475247, 0.979686
stamp: 11689000000
0.43893, -0.0176131, 0.970699
-0.00923338, -0.0465374, 0.981183
-0.0409397, -0.023072, 0.983518
-0.00046389, -0.0204509, 0.981476
-0.0041517, -0.475677, 0.9754
-0.0347561, -0.500029, 0.97732
-0.0335031, -0.445181, 0.979883
-0.0441215, -0.475186, 0.9795
stamp: 11700000000
0.438991, -0.0175856, 0.970666
-0.00938602, -0.0464776, 0.980401
-0.0409467, -0.0231587, 0.982696
-0.00051999, -0.0203938, 0.980796
-0.00429877, -0.47564, 0.975178
-0.0348771, -0.499993, 0.977077
-0.0335381, -0.445289, 0.979652
-0.0442787, -0.475139, 0.97924
stamp: 11709000000
0.439077, -0.0175436, 0.970577
-0.00951714, -0.046143, 0.979565
-0.0409438, -0.0229731, 0.982031
-0.000602104, -0.0202374, 0.979968
-0.00438036, -0.47549, 0.974793
-0.0352, -0.499887, 0.976742
-0.0335535, -0.445184, 0.979353
-0.044449, -0.475109, 0.978884
stamp: 11719000000
0.4391, -0.0175272, 0.970462
-0.00939963, -0.0461724, 0.97879
-0.0409881, -0.0228874, 0.98121
-0.000757361, -0.0200136, 0.979083
-0.00447561, -0.475428, 0.974463
-0.0353386, -0.499846, 0.976311
-0.0337218, -0.44506, 0.978858
-0.0445792, -0.475104, 0.978511
stamp: 11730000000
0.439151, -0.017441, 0.970268
-0.00941661, -0.0461801, 0.977848
-0.0411306, -0.0229247, 0.9803
-0.000621898, -0.0200349, 0.978332
-0.00471818, -0.475451, 0.973917
-0.0351104, -0.499964, 0.975998
-0.0341582, -0.444958, 0.978388
-0.0447124, -0.474963, 0.977988
stamp: 11739000000
0.439191, -0.0173871, 0.970028
-0.00949134, -0.0460193, 0.977122
-0.0412583, -0.0229691, 0.979351
-0.000582652, -0.0199557, 0.977493
-0.00492546, -0.475358, 0.973428
-0.0353446, -0.499731, 0.975394
-0.0344177, -0.444863, 0.977866
-0.0448542, -0.474926, 0.9776
stamp: 11750000000
0.439317, -0.017361, 0.96973
-0.00958015, -0.0458481, 0.976189
-0.0411719, -0.0228011, 0.978389
-0.000712321, -0.0198703, 0.976559
-0.00508464, -0.47528, 0.972978
-0.0354152, -0.49964, 0.974949
-0.034426, -0.444778, 0.977421
-0.0450347, -0.474841, 0.977044
stamp: 11759000000
0.439346, -0.0173433, 0.969503
-0.00932385, -0.0459461, 0.975328
-0.0411474, -0.0226607, 0.977506
-0.000769047, -0.0197513, 0.975508
-0.00507276, -0.475153, 0.972484
-0.0354487, -0.499604, 0.97456
-0.0343497, -0.444723, 0.976861
-0.0452095, -0.474769, 0.976521
stamp: 11769000000
0.439443, -0.0173535, 0.969215
-0.00944097, -0.0459215, 0.974388
-0.0410623, -0.022826, 0.976672
-0.000653483, -0.019778, 0.97476
-0.00514303, -0.475106, 0.972057
-0.035607, -0.499588, 0.974077
-0.034553, -0.444592, 0.976384
-0.045328, -0.474683, 0.976072
stamp: 11779000000
0.439404, -0.0173034, 0.968823
-0.00952026, -0.0458089, 0.973247
-0.0410814, -0.0226225, 0.975598
-0.00069605, -0.0197766, 0.973863
-0.00541408, -0.474877, 0.971321
-0.0360087, -0.499295, 0.973364
-0.0347043, -0.444545, 0.975924
-0.0454322, -0.474593, 0.975453
stamp: 11789000000
0.439475, -0.0172605, 0.968521
-0.00930605, -0.0457871, 0.972523
-0.0411386, -0.0225582, 0.974736
-0.00073381, -0.0196156, 0.972847
-0.00548178, -0.474797, 0.970686
-0.0359569, -0.499296, 0.973001
-0.0348102, -0.444443, 0.975381
-0.0455513, -0.474528, 0.974953
stamp: 11800000000
0.439516, -0.0171833, 0.96814
-0.00932356, -0.0458562, 0.97164
-0.0410504, -0.0226479, 0.973904
-0.000641428, -0.0196272, 0.972022
-0.00563039, -0.47473, 0.970135
-0.0361907, -0.499041, 0.972339
-0.0349136, -0.444411, 0.974804
-0.0457179, -0.474474, 0.97441
stamp: 11809000000
0.439501, -0.0172008, 0.967732
-0.00920562, -0.0458797, 0.970926
-0.0410229, -0.0227153, 0.972934
-0.000531714, -0.019673, 0.971279
-0.00575593, -0.474545, 0.96962
-0.036212, -0.49903, 0.97165
-0.0353278, -0.444203, 0.974082
-0.0457588, -0.474253, 0.973725
stamp: 11819000000
0.439477, -0.0171912, 0.967384
-0.00924627, -0.0456596, 0.969869
-0.0410609, -0.0224752, 0.972122
-0.00054113, -0.0196664, 0.970291
-0.00596544, -0.474439, 0.96907
-0.0363183, -0.498951, 0.971108
-0.0351026, -0.44413, 0.973458
-0.0458284, -0.474128, 0.97317
stamp: 11829000000
0.439522, -0.0171769, 0.96708
-0.00917589, -0.045631, 0.96926
-0.0410037, -0.0226313, 0.971269
-0.000594503, -0.0195613, 0.969366
-0.00601207, -0.474322, 0.968548
-0.0364278, -0.498863, 0.970622
-0.0352652, -0.444068, 0.972959
-0.0458867, -0.474067, 0.972437
stamp: 11839000000
0.439503, -0.0172031, 0.966748
-0.00927052, -0.0458125, 0.968322
-0.0410358, -0.0226808, 0.970388
-0.000498227, -0.0195953, 0.968695
-0.00603238, -0.474163, 0.967851
-0.0365628, -0.498721, 0.970137
-0.0355105, -0.443873, 0.97229
-0.0461031, -0.474055, 0.971933
stamp: 11850000000
0.439476, -0.017213, 0.966414
-0.00898706, -0.0459425, 0.967458
-0.0409661, -0.0226407, 0.969673
-0.00042773, -0.0196764, 0.968072
-0.00622392, -0.474144, 0.967227
-0.0367368, -0.498568, 0.969321
-0.035726, -0.443721, 0.971678
-0.0462508, -0.473865, 0.971455
stamp: 11859000000
0.439439, -0.0171873, 0.966128
-0.00891263, -0.0459391, 0.966994
-0.0408872, -0.0229122, 0.969078
-0.000324013, -0.0197796, 0.967319
-0.00639997, -0.473975, 0.966537
-0.0369713, -0.498542, 0.968585
-0.0358503, -0.443701, 0.971121
-0.0463392, -0.473887, 0.970852
stamp: 11870000000
0.439417, -0.0171408, 0.965783
-0.00883996, -0.0459662, 0.96648
-0.0407882, -0.0229584, 0.968359
-0.00032461, -0.0198247, 0.966586
-0.00653919, -0.473844, 0.966036
-0.0368731, -0.498525, 0.967964
-0.03585, -0.443499, 0.970552
-0.0464561, -0.473642, 0.9702
stamp: 11879000000
0.439392, -0.0171539, 0.965488
-0.00893772, -0.0459791, 0.965708
-0.0406692, -0.022941, 0.967665
-0.000232408, -0.0198865, 0.96602
-0.00657704, -0.473924, 0.965582
-0.0370234, -0.498414, 0.967458
-0.0359289, -0.443393, 0.970131
-0.0466656, -0.473562, 0.969581
stamp: 11889000000
0.43939, -0.0170753, 0.965108
-0.00876764, -0.0460707, 0.964901
-0.040608, -0.0229358, 0.967082
-0.000269312, -0.0198845, 0.965335
-0.00663384, -0.473668, 0.965027
-0.0371287, -0.498283, 0.966956
-0.0361452, -0.443257, 0.969412
-0.0467311, -0.473371, 0.968862
stamp: 11900000000
0.439349, -0.0170355, 0.964874
-0.00860438, -0.0461074, 0.96434
-0.0404787, -0.0232394, 0.966355
-0.000135649, -0.0199027, 0.964774
-0.00677335, -0.473438, 0.96444
-0.0373136, -0.498034, 0.966403
-0.0361539, -0.443083, 0.968939
-0.0467941, -0.47328, 0.968452
stamp: 11909000000
0.439304, -0.0170542, 0.964622
-0.00859344, -0.046229, 0.96389
-0.0405245, -0.0232919, 0.965729
1.52882e-05, -0.0199076, 0.964251
-0.00678289, -0.473286, 0.963902
-0.0374804, -0.497768, 0.965832
-0.0362155, -0.442984, 0.968575
-0.0468053, -0.473227, 0.968042
stamp: 11919000000
0.439286, -0.0170534, 0.964444
-0.00855706, -0.0463084, 0.963528
-0.0404319, -0.0232418, 0.96538
3.30241e-05, -0.0200197, 0.963776
-0.00689674, -0.473235, 0.963439
-0.0375723, -0.497509, 0.965429
-0.0363868, -0.442891, 0.968051
-0.0468869, -0.473053, 0.9676
stamp: 11930000000
0.439271, -0.0170492, 0.964293
-0.00843497, -0.046295, 0.963128
-0.0403527, -0.0233319, 0.964818
1.32927e-05, -0.0201703, 0.963268
-0.00695924, -0.473204, 0.962982
-0.037622, -0.497414, 0.965056
-0.0363578, -0.442642, 0.967551
-0.0470405, -0.472815, 0.967053
stamp: 11939000000
0.439265, -0.0170525, 0.964169
-0.00827104, -0.046414, 0.962586
-0.0403445, -0.0234065, 0.964439
0.000166032, -0.0201752, 0.962898
-0.0070927, -0.473048, 0.962614
-0.0375393, -0.497393, 0.964554
-0.0364672, -0.442533, 0.967032
-0.0471212, -0.472693, 0.966672
stamp: 11950000000
0.439256, -0.0170386, 0.964077
-0.00800819, -0.0464839, 0.962233
-0.0401888, -0.0235272, 0.964056
0.000271108, -0.0202531, 0.962538
-0.00699747, -0.472868, 0.962177
-0.0376752, -0.49734, 0.964078
-0.0367896, -0.442378, 0.966612
-0.0472502, -0.472594, 0.966264
stamp: 11960000000
0.439267, -0.0169611, 0.963941
-0.00793544, -0.0465629, 0.96198
-0.0401026, -0.0236254, 0.963728
0.000335791, -0.0203402, 0.962224
-0.00718707, -0.472586, 0.961775
-0.0376207, -0.497157, 0.963747
-0.0367951, -0.442196, 0.966296
-0.0472597, -0.472392, 0.965765
stamp: 11969000000
0.439251, -0.0169555, 0.963883
-0.00791209, -0.046711, 0.961621
-0.0400278, -0.023706, 0.96344
0.000374892, -0.0204791, 0.961867
-0.00724477, -0.472444, 0.961458
-0.0376592, -0.496919, 0.963431
-0.0367261, -0.442079, 0.965987
-0.047314, -0.472281, 0.965438
stamp: 11979000000
0.439213, -0.0169663, 0.963846
-0.00788983, -0.0467711, 0.961414
-0.0399751, -0.0237346, 0.963191
0.000489828, -0.0205629, 0.961592
-0.00731756, -0.472323, 0.961194
-0.0378498, -0.496679, 0.962984
-0.036845, -0.44201, 0.965711
-0.0473505, -0.47212, 0.965116
stamp: 11989000000
0.439209, -0.0169429, 0.963813
-0.00781499, -0.046823, 0.961287
-0.0399255, -0.0236814, 0.96283
0.000569908, -0.0206125, 0.961339
-0.00743568, -0.472094, 0.960857
-0.0379074, -0.496548, 0.962766
-0.0368883, -0.441883, 0.96552
-0.0474737, -0.471986, 0.964845
stamp: 12000000000
0.439167, -0.0169033, 0.963815
-0.00791173, -0.0469536, 0.960887
-0.0398274, -0.0236831, 0.962595
0.000637261, -0.020719, 0.961145
-0.00759805, -0.471807, 0.960565
-0.0378966, -0.49641, 0.96262
-0.0370144, -0.441586, 0.965271
-0.0476495, -0.471816, 0.964636
stamp: 12009000000
0.439158, -0.0168773, 0.963799
-0.00793497, -0.0469915, 0.960689
-0.0398409, -0.0238712, 0.962355
0.000695144, -0.0208119, 0.960927
-0.00763748, -0.471675, 0.960387
-0.0379627, -0.496292, 0.962398
-0.0369861, -0.4414, 0.96502
-0.0476964, -0.471669, 0.964464
stamp: 12019000000
0.439144, -0.0168559, 0.963827
-0.00775947, -0.0471242, 0.96056
-0.0398073, -0.023991, 0.962058
0.000763951, -0.0208905, 0.960749
-0.00763313, -0.471567, 0.960216
-0.038048, -0.496203, 0.9622
-0.0371126, -0.441198, 0.964675
-0.0477386, -0.471527, 0.964321
stamp: 12029000000
0.43913, -0.0168313, 0.963844
-0.0077549, -0.0472701, 0.960343
-0.0398137, -0.0241966, 0.961832
0.00086361, -0.0210045, 0.960568
-0.00766443, -0.471398, 0.96004
-0.0381283, -0.496086, 0.962065
-0.0371372, -0.441076, 0.964549
-0.0477242, -0.471322, 0.964095
stamp: 12040000000
0.439117, -0.0168022, 0.96388
-0.00793135, -0.0472519, 0.959973
-0.0396935, -0.0243688, 0.961705
0.000904403, -0.0211106, 0.960436
-0.00767305, -0.471263, 0.959932
-0.0382887, -0.495786, 0.961813
-0.0371646, -0.440949, 0.964464
-0.0477912, -0.471131, 0.963946
stamp: 12050000000
0.439111, -0.0167756, 0.963922
-0.00788421, -0.0472783, 0.959927
-0.0396298, -0.0244087, 0.961631
0.000961435, -0.0211767, 0.960317
-0.00772396, -0.471158, 0.959873
-0.0383627, -0.49564, 0.961681
-0.0371843, -0.440824, 0.964399
-0.047817, -0.471046, 0.963911
stamp: 12059000000
0.439104, -0.0167598, 0.963977
-0.00767166, -0.0474837, 0.959947
-0.0395978, -0.024454, 0.961519
0.00102205, -0.0212365, 0.960201
-0.00787321, -0.471031, 0.959693
-0.0384412, -0.495491, 0.961564
-0.0371693, -0.440667, 0.964418
-0.0478509, -0.470894, 0.963861
stamp: 12069000000
0.439101, -0.0167471, 0.964031
-0.00758114, -0.047579, 0.959854
-0.0395636, -0.024526, 0.961446
0.00105959, -0.0213365, 0.960108
-0.00786698, -0.470898, 0.959572
-0.0385315, -0.495329, 0.961506
-0.0372137, -0.440532, 0.964379
-0.0478784, -0.470758, 0.963808
stamp: 12079000000
0.439098, -0.0167265, 0.964097
-0.0075247, -0.0475798, 0.959781
-0.0394602, -0.0245609, 0.961361
0.000986133, -0.021415, 0.959908
-0.00789899, -0.470682, 0.959542
-0.0385394, -0.495184, 0.961485
-0.0372325, -0.440411, 0.964357
-0.0479166, -0.470487, 0.963816
stamp: 12089000000
0.43909, -0.0167122, 0.964158
-0.00742864, -0.0476529, 0.959665
-0.0394339, -0.0246035, 0.961271
0.00100793, -0.0214764, 0.959809
-0.0079076, -0.470548, 0.959512
-0.038482, -0.494998, 0.961687
-0.0373431, -0.440162, 0.964272
-0.0479342, -0.470339, 0.963783
stamp: 12100000000
0.439098, -0.0166912, 0.964228
-0.00740277, -0.0477366, 0.959567
-0.0394159, -0.0246839, 0.961226
0.00104424, -0.0215578, 0.959756
-0.00792016, -0.470428, 0.959489
-0.0385007, -0.494875, 0.96164
-0.0373927, -0.439932, 0.964151
-0.0479122, -0.470165, 0.963746
stamp: 12109000000
0.439092, -0.0166679, 0.964299
-0.00739919, -0.0477668, 0.959527
-0.0393285, -0.0247005, 0.961146
0.0010544, -0.0216169, 0.959687
-0.00791451, -0.470255, 0.959501
-0.0384578, -0.494811, 0.961521
-0.0373903, -0.439818, 0.964128
-0.0479463, -0.469928, 0.963617
stamp: 12119000000
0.439094, -0.0166604, 0.964369
-0.0073564, -0.0478338, 0.95946
-0.0393147, -0.0246987, 0.961064
0.00109672, -0.0216397, 0.959602
-0.00792389, -0.470129, 0.959474
-0.0384564, -0.494698, 0.96145
-0.0373878, -0.439698, 0.964098
-0.0479567, -0.469782, 0.963581
stamp: 12130000000
0.43911, -0.0166521, 0.964416
-0.00732044, -0.0478959, 0.959399
-0.0392565, -0.0247125, 0.960903
0.00113491, -0.0217046, 0.959516
-0.00791999, -0.469911, 0.959484
-0.0384217, -0.494328, 0.961176
-0.0373936, -0.439579, 0.964069
-0.0479744, -0.469647, 0.963534
stamp: 12139000000
0.439126, -0.0166439, 0.964487
-0.00730068, -0.0479481, 0.959288
-0.0392403, -0.0247449, 0.960829
0.00110322, -0.0218192, 0.959355
-0.00798809, -0.469643, 0.959438
-0.0384407, -0.494182, 0.961134
-0.0374167, -0.439351, 0.96403
-0.0479858, -0.469518, 0.963493
stamp: 12149000000
0.439172, -0.0166017, 0.964595
-0.00729778, -0.0479556, 0.959261
-0.0392326, -0.0247531, 0.960722
0.0011508, -0.0218545, 0.959217
-0.0080172, -0.469419, 0.959321
-0.0384606, -0.493913, 0.961204
-0.0374117, -0.439152, 0.963978
-0.047997, -0.46939, 0.963448
stamp: 12159000000
0.439193, -0.0165898, 0.964632
-0.00728783, -0.048033, 0.959109
-0.0392594, -0.0248116, 0.960572
0.00118159, -0.0218984, 0.959132
-0.00800303, -0.469258, 0.959303
-0.0384852, -0.493695, 0.961126
-0.0372876, -0.438999, 0.964035
-0.0479916, -0.469262, 0.963406
stamp: 12169000000
0.439224, -0.016572, 0.964659
-0.00727466, -0.0480912, 0.958964
-0.0392388, -0.0248633, 0.960484
0.0011893, -0.0219112, 0.959016
-0.0079962, -0.469124, 0.959253
-0.0384769, -0.493545, 0.961114
-0.0372843, -0.43888, 0.964011
-0.0479489, -0.469041, 0.963284
stamp: 12180000000
0.439246, -0.0165581, 0.964658
-0.00739888, -0.0480055, 0.958857
-0.0392131, -0.0248313, 0.960392
0.00122747, -0.0219211, 0.958853
-0.00798199, -0.469002, 0.959206
-0.0384629, -0.493415, 0.961088
-0.0372108, -0.438677, 0.964003
-0.047942, -0.468903, 0.963218
stamp: 12189000000
0.439292, -0.0165458, 0.964648
-0.0073335, -0.047961, 0.958577
-0.0392097, -0.024876, 0.960216
0.00114383, -0.0218645, 0.95854
-0.00798044, -0.468891, 0.95913
-0.038446, -0.49331, 0.961025
-0.0371619, -0.43852, 0.964011
-0.047949, -0.468782, 0.963157
stamp: 12200000000
0.439337, -0.0165322, 0.964628
-0.00732896, -0.0480535, 0.958333
-0.0392126, -0.0249432, 0.960109
0.00115582, -0.0219186, 0.958391
-0.00796526, -0.468696, 0.959063
-0.0384467, -0.493213, 0.960904
-0.0371648, -0.438419, 0.963937
-0.0479316, -0.468659, 0.963102
stamp: 12209000000
0.439387, -0.01652, 0.964606
-0.00735425, -0.0480631, 0.958206
-0.0391417, -0.0248585, 0.959985
0.00119726, -0.0219238, 0.95818
-0.00796334, -0.468578, 0.958979
-0.0384365, -0.49314, 0.96076
-0.0371616, -0.438312, 0.963841
-0.0479393, -0.468465, 0.963017
stamp: 12219000000
0.439432, -0.0164971, 0.964558
-0.00728197, -0.0481115, 0.958075
-0.0391538, -0.0250206, 0.959648
0.00121322, -0.0219417, 0.958031
-0.00793812, -0.468452, 0.958869
-0.0384215, -0.49306, 0.960637
-0.0371382, -0.438208, 0.963758
-0.0479307, -0.468355, 0.962931
stamp: 12229000000
0.439483, -0.0164768, 0.9645
-0.0072794, -0.0481478, 0.957873
-0.0390795, -0.0252024, 0.959456
0.00123891, -0.0219694, 0.957831
-0.00790088, -0.468342, 0.95869
-0.0383368, -0.492946, 0.960421
-0.0370834, -0.437997, 0.963502
-0.0479516, -0.468138, 0.962715
stamp: 12239000000
0.439527, -0.0164565, 0.964438
-0.00728639, -0.0481403, 0.957693
-0.0390479, -0.0251994, 0.959232
0.00127508, -0.0219535, 0.957625
-0.00789483, -0.46825, 0.958527
-0.038297, -0.492754, 0.960271
-0.0370738, -0.4379, 0.96339
-0.047967, -0.468012, 0.962562
stamp: 12250000000
0.43964, -0.0164521, 0.964254
-0.00727918, -0.0481677, 0.957518
-0.0391813, -0.0252747, 0.958936
0.00130616, -0.0219856, 0.957453
-0.00786733, -0.46815, 0.958363
-0.0383631, -0.49263, 0.960084
-0.037096, -0.437832, 0.963215
-0.047944, -0.467906, 0.962401
stamp: 12259000000
0.439702, -0.016438, 0.964138
-0.00733729, -0.048229, 0.95728
-0.0392064, -0.0252821, 0.958765
0.00129857, -0.0220143, 0.957245
-0.00780699, -0.468005, 0.95817
-0.0383504, -0.492506, 0.959931
-0.0370805, -0.437739, 0.963102
-0.0479357, -0.467794, 0.962253
stamp: 12269000000
0.439787, -0.0163689, 0.96402
-0.0074508, -0.0482479, 0.956813
-0.0392207, -0.0252243, 0.958554
0.00131047, -0.0220057, 0.957041
-0.0078079, -0.467835, 0.957978
-0.0382645, -0.492424, 0.959767
-0.0372653, -0.437524, 0.962914
-0.0479093, -0.467688, 0.962095
stamp: 12279000000
0.440013, -0.0163716, 0.963856
-0.00733214, -0.0482737, 0.956531
-0.0392015, -0.0250924, 0.958133
0.0012993, -0.0220054, 0.956805
-0.00777227, -0.467749, 0.957815
-0.0383067, -0.492055, 0.959358
-0.0372497, -0.437433, 0.962768
-0.0478071, -0.467484, 0.961741
stamp: 12289000000
0.440084, -0.0163624, 0.963734
-0.00731706, -0.0482929, 0.956339
-0.0392236, -0.0250679, 0.957894
0.00130576, -0.0220124, 0.956549
-0.0077454, -0.467665, 0.957651
-0.0383268, -0.491926, 0.959177
-0.0371907, -0.437292, 0.962591
-0.0477794, -0.467392, 0.961576
stamp: 12300000000
0.440151, -0.0163548, 0.963604
-0.00729757, -0.0482592, 0.956141
-0.0392116, -0.0250713, 0.95763
0.00126241, -0.0220323, 0.956202
-0.00769673, -0.467556, 0.957474
-0.0381043, -0.491943, 0.959207
-0.0370787, -0.43718, 0.962367
-0.0476914, -0.46723, 0.961435
stamp: 12309000000
0.440263, -0.0163435, 0.963471
-0.00727382, -0.0482738, 0.955895
-0.0392222, -0.0250807, 0.95738
0.00131403, -0.0220551, 0.955911
-0.00765514, -0.467467, 0.957302
-0.0380739, -0.491895, 0.95905
-0.037072, -0.437056, 0.962246
-0.0476532, -0.467151, 0.961286
stamp: 12319000000
0.440305, -0.0163772, 0.963351
-0.00725148, -0.0482421, 0.955516
-0.0391819, -0.025005, 0.957176
0.00121731, -0.0220401, 0.955557
-0.00760098, -0.467314, 0.957136
-0.0381161, -0.491793, 0.958844
-0.0373483, -0.436838, 0.96187
-0.0476134, -0.467077, 0.961144
stamp: 12329000000
0.44036, -0.0163657, 0.963228
-0.00711974, -0.0482353, 0.955219
-0.0391652, -0.0249605, 0.956908
0.00124575, -0.0220045, 0.955232
-0.00751169, -0.467216, 0.956922
-0.0380791, -0.491732, 0.958712
-0.0372903, -0.436759, 0.961715
-0.0476161, -0.467034, 0.960996
stamp: 12339000000
0.440426, -0.0163853, 0.963109
-0.00726785, -0.048046, 0.95481
-0.0391411, -0.0249254, 0.956607
0.00116033, -0.0218626, 0.954822
-0.00746428, -0.467142, 0.956777
-0.0380527, -0.491663, 0.958608
-0.0369423, -0.436655, 0.961434
-0.0475718, -0.466958, 0.960851
stamp: 12349000000
0.440496, -0.0163718, 0.963004
-0.00728241, -0.0481116, 0.954501
-0.039176, -0.0249823, 0.956279
0.001162, -0.0218565, 0.954559
-0.00753225, -0.467049, 0.956528
-0.03803, -0.491575, 0.958565
-0.0370893, -0.43643, 0.961113
-0.0475263, -0.466879, 0.96071
stamp: 12359000000
0.440608, -0.0163462, 0.962869
-0.00736773, -0.048024, 0.954133
-0.0391411, -0.0249618, 0.955979
0.00124889, -0.0217042, 0.954287
-0.00753124, -0.466991, 0.956298
-0.0379864, -0.491511, 0.958469
-0.0370117, -0.436355, 0.961037
-0.0475164, -0.466697, 0.960474
stamp: 12369000000
0.440726, -0.0163008, 0.962651
-0.00734875, -0.0479423, 0.953851
-0.0391658, -0.0249196, 0.955686
0.00123229, -0.0217437, 0.953963
-0.00745495, -0.466935, 0.956145
-0.0379379, -0.49145, 0.95835
-0.0367531, -0.436325, 0.961023
-0.0474652, -0.466623, 0.960352
stamp: 12379000000
0.440808, -0.016254, 0.962537
-0.00733549, -0.0479521, 0.953546
-0.0391945, -0.0249194, 0.955407
0.00123463, -0.0217193, 0.953733
-0.00741331, -0.46687, 0.956048
-0.0376122, -0.49131, 0.957968
-0.0366773, -0.436268, 0.960968
-0.0473442, -0.466558, 0.960297
stamp: 12389000000
0.440879, -0.0162173, 0.962451
-0.00737949, -0.0478146, 0.953298
-0.0392414, -0.0248747, 0.95492
0.00109293, -0.0217206, 0.953384
-0.00732229, -0.466735, 0.956009
-0.0375428, -0.491252, 0.957902
-0.0366337, -0.436207, 0.960892
-0.0472561, -0.466486, 0.960158
stamp: 12399000000
0.440942, -0.0161855, 0.962392
-0.00736627, -0.0477324, 0.953133
-0.0392672, -0.0245848, 0.954655
0.00111771, -0.0216519, 0.953128
-0.0072397, -0.466659, 0.955945
-0.0374601, -0.491178, 0.957843
-0.0364825, -0.436017, 0.960771
-0.0471782, -0.466422, 0.960077
stamp: 12410000000
0.441009, -0.0161541, 0.962336
-0.00730182, -0.0476832, 0.95287
-0.0393021, -0.0246137, 0.954335
0.00118093, -0.0215781, 0.95284
-0.00714781, -0.4666, 0.95585
-0.0375308, -0.491066, 0.95764
-0.0364219, -0.43598, 0.960741
-0.0470538, -0.466337, 0.959935
stamp: 12419000000
0.44109, -0.0161195, 0.962272
-0.00722805, -0.0477466, 0.952496
-0.0392318, -0.0244638, 0.954191
0.00120007, -0.021551, 0.952614
-0.00697905, -0.466598, 0.95581
-0.0374799, -0.49101, 0.957566
-0.0363622, -0.435938, 0.96069
-0.0469772, -0.466289, 0.959886
stamp: 12429000000
0.441178, -0.016099, 0.962219
-0.00714036, -0.0477667, 0.952333
-0.0392082, -0.02439, 0.954041
0.00122541, -0.0215138, 0.952377
-0.00689658, -0.46657, 0.955795
-0.0374127, -0.490986, 0.957506
-0.0364457, -0.435922, 0.960493
-0.0469112, -0.466252, 0.959864
stamp: 12440000000
0.441298, -0.0160637, 0.96221
-0.00726525, -0.047659, 0.952064
-0.0391436, -0.0244732, 0.953835
0.00128676, -0.0214735, 0.952171
-0.00680507, -0.46646, 0.955755
-0.0373528, -0.49096, 0.957482
-0.0363899, -0.435884, 0.960475
-0.046794, -0.466186, 0.959829
stamp: 12449000000
0.441367, -0.0159312, 0.962177
-0.00729405, -0.047626, 0.951732
-0.0391725, -0.0244974, 0.953668
0.00115798, -0.0213659, 0.95187
-0.00663321, -0.466459, 0.955845
-0.0371522, -0.491003, 0.957599
-0.036185, -0.435842, 0.960623
-0.046717, -0.466141, 0.959808
stamp: 12459000000
0.441408, -0.0158886, 0.962171
-0.00730268, -0.0475669, 0.951598
-0.0391689, -0.0244596, 0.953558
0.0011542, -0.0213223, 0.951708
-0.00656547, -0.466432, 0.955862
-0.0370861, -0.490975, 0.957616
-0.0361157, -0.435807, 0.960665
-0.0466411, -0.466116, 0.959835
stamp: 12469000000
0.44146, -0.015846, 0.962174
-0.00726329, -0.0475084, 0.951536
-0.0391742, -0.0244107, 0.953393
0.00118205, -0.0212579, 0.951553
-0.00648874, -0.466405, 0.955876
-0.0369515, -0.490887, 0.957652
-0.0359675, -0.435775, 0.960554
-0.0465632, -0.466082, 0.95985
stamp: 12479000000
0.441507, -0.0158018, 0.962192
-0.00718564, -0.0474768, 0.951335
-0.0391718, -0.0243706, 0.953186
0.00121402, -0.021209, 0.951429
-0.00640966, -0.466377, 0.95592
-0.0367688, -0.490886, 0.957794
-0.035861, -0.435864, 0.96062
-0.0464745, -0.466063, 0.959883
stamp: 12489000000
0.441564, -0.0157464, 0.962242
-0.00718496, -0.0474594, 0.951236
-0.0392621, -0.0243692, 0.952994
0.00120213, -0.0211863, 0.951307
-0.00632525, -0.466353, 0.955969
-0.0366786, -0.490874, 0.95785
-0.0357938, -0.435854, 0.960662
-0.0463985, -0.466049, 0.959931
stamp: 12500000000
0.441621, -0.0156893, 0.962283
-0.00717692, -0.0474042, 0.951062
-0.0393055, -0.0244658, 0.952852
0.00119442, -0.0211204, 0.951189
-0.00622071, -0.466345, 0.956013
-0.0365329, -0.490889, 0.957902
-0.0355779, -0.435776, 0.960852
-0.0463135, -0.466041, 0.959982
stamp: 12509000000
0.441665, -0.0155848, 0.962313
-0.00733697, -0.0473767, 0.950803
-0.0393098, -0.0244526, 0.952734
0.00126468, -0.0211184, 0.951174
-0.00611448, -0.46629, 0.95616
-0.036413, -0.490873, 0.957981
-0.0355042, -0.435766, 0.96092
-0.046229, -0.466042, 0.96005
stamp: 12519000000
0.441719, -0.0154872, 0.962399
-0.00735304, -0.0473572, 0.950727
-0.0393161, -0.0244204, 0.952669
0.00125408, -0.0210841, 0.951088
-0.00602114, -0.466308, 0.956266
-0.0363314, -0.490885, 0.958025
-0.0355178, -0.435817, 0.960919
-0.0461395, -0.466047, 0.960134
stamp: 12529000000
0.441752, -0.015444, 0.962492
-0.00732426, -0.0472909, 0.950703
-0.0392163, -0.0243675, 0.95262
0.00128962, -0.0209517, 0.95096
-0.00592183, -0.466326, 0.956346
-0.0363274, -0.49081, 0.957951
-0.0354395, -0.435813, 0.960983
-0.0460415, -0.466062, 0.960222
stamp: 12539000000
0.441781, -0.0153442, 0.962546
-0.00724993, -0.0471162, 0.950636
-0.0392097, -0.0243225, 0.952519
0.00131763, -0.0208908, 0.950894
-0.00583592, -0.466341, 0.956428
-0.0362201, -0.490802, 0.958058
-0.0353051, -0.435826, 0.960987
-0.0459258, -0.466083, 0.960326
stamp: 12549000000
0.44183, -0.0152253, 0.962586
-0.00723867, -0.0470889, 0.950602
-0.0392505, -0.0241375, 0.952343
0.00133058, -0.0208817, 0.950847
-0.00574562, -0.466341, 0.956509
-0.0361259, -0.490805, 0.958186
-0.035211, -0.435785, 0.961114
-0.0458065, -0.4661, 0.960423
stamp: 12559000000
0.441869, -0.0151823, 0.96264
-0.00723948, -0.0470619, 0.950531
-0.0392378, -0.0241136, 0.952325
0.00133193, -0.0208506, 0.950785
-0.0055837, -0.466388, 0.956605
-0.0360343, -0.490794, 0.958307
-0.0350896, -0.435769, 0.961232
-0.0456987, -0.466115, 0.960518
stamp: 12569000000
0.441908, -0.0151361, 0.962709
-0.00723623, -0.0470172, 0.950473
-0.0392273, -0.0240696, 0.952284
0.00134803, -0.0207914, 0.950727
-0.00546826, -0.466383, 0.956685
-0.0359354, -0.490794, 0.958408
-0.0350112, -0.435777, 0.96131
-0.0455635, -0.466131, 0.960625
stamp: 12579000000
0.441955, -0.0150856, 0.962762
-0.00722804, -0.0470024, 0.950417
-0.0392332, -0.0240481, 0.952213
0.00134899, -0.0207647, 0.950715
-0.00537246, -0.466389, 0.956773
-0.0358428, -0.490805, 0.958482
-0.0349325, -0.435787, 0.961375
-0.0453593, -0.466194, 0.960692
stamp: 12589000000
0.442033, -0.0151287, 0.962888
-0.00721757, -0.0469426, 0.950443
-0.0392214, -0.0239936, 0.952194
0.00134551, -0.0207298, 0.950664
-0.00528413, -0.466403, 0.956836
-0.0357571, -0.490825, 0.958524
-0.0348094, -0.43591, 0.961514
-0.0452383, -0.466226, 0.960764
stamp: 12599000000
0.442081, -0.0150841, 0.962966
-0.00719397, -0.0468789, 0.950424
-0.0391839, -0.0238321, 0.95213
0.00136883, -0.0206551, 0.950624
-0.00518193, -0.466426, 0.956899
-0.0356418, -0.490863, 0.95857
-0.0347183, -0.435931, 0.961549
-0.0451274, -0.466257, 0.960833
stamp: 12609000000
0.442133, -0.0150262, 0.963047
-0.00716918, -0.0468572, 0.950411
-0.039266, -0.023903, 0.952004
0.00138471, -0.0206376, 0.950601
-0.00496939, -0.466481, 0.957089
-0.0354734, -0.490979, 0.95875
-0.0346041, -0.435957, 0.961534
-0.0450281, -0.466285, 0.96089
stamp: 12619000000
0.442184, -0.0148914, 0.963141
-0.00730215, -0.0467211, 0.950368
-0.0391551, -0.0238213, 0.952052
0.00137041, -0.0206013, 0.950588
-0.00486922, -0.466532, 0.957161
-0.0353368, -0.491051, 0.958831
-0.0344105, -0.436114, 0.961616
-0.0448606, -0.466367, 0.96099
stamp: 12629000000
0.442221, -0.0148152, 0.963219
-0.00727626, -0.0466633, 0.950321
-0.03909, -0.0236411, 0.952043
0.00134934, -0.0205341, 0.950545
-0.00477361, -0.466575, 0.957203
-0.0352645, -0.491097, 0.95885
-0.0340426, -0.436286, 0.961822
-0.0447635, -0.466407, 0.961022
stamp: 12639000000
0.44227, -0.0147406, 0.963304
-0.00722297, -0.0466071, 0.950226
-0.0390777, -0.023568, 0.952019
0.00135449, -0.0204744, 0.950549
-0.00461937, -0.466599, 0.957162
-0.0351871, -0.491132, 0.958866
-0.0339136, -0.436303, 0.961783
-0.0446751, -0.466449, 0.961044
stamp: 12649000000
0.442349, -0.0146369, 0.963447
-0.00731224, -0.0465858, 0.950366
-0.0390811, -0.0235414, 0.952011
0.00125322, -0.0204642, 0.950437
-0.00452286, -0.466628, 0.95719
-0.035116, -0.491164, 0.958855
-0.0338302, -0.436471, 0.961793
-0.0445942, -0.466494, 0.961036
stamp: 12659000000
0.442412, -0.0145575, 0.963545
-0.00727127, -0.0464974, 0.950295
-0.0390674, -0.023493, 0.952006
0.00136247, -0.0203606, 0.950498
-0.00444422, -0.466653, 0.957195
-0.0350265, -0.4912, 0.958874
-0.0337589, -0.436511, 0.961802
-0.0445066, -0.466533, 0.961026
stamp: 12669000000
0.442566, -0.0144092, 0.963689
-0.00717424, -0.0464557, 0.950269
-0.0390747, -0.0234543, 0.951981
0.00137735, -0.0203184, 0.950492
-0.00435424, -0.466752, 0.957201
-0.0348932, -0.491207, 0.958932
-0.0336777, -0.436551, 0.961804
-0.0444209, -0.466577, 0.961006
stamp: 12679000000
0.442668, -0.0143521, 0.9639
-0.00718236, -0.0464402, 0.950247
-0.0390727, -0.0234361, 0.952007
0.00136961, -0.0202981, 0.950515
-0.00427305, -0.466791, 0.957167
-0.0348051, -0.491236, 0.95894
-0.0335936, -0.436595, 0.961778
-0.0443365, -0.466625, 0.960974
stamp: 12689000000
0.442779, -0.014273, 0.964023
-0.00719855, -0.0463268, 0.950302
-0.0390928, -0.0233653, 0.952087
0.00134561, -0.0202413, 0.950511
-0.00412048, -0.466778, 0.957058
-0.0347031, -0.491269, 0.958944
-0.0334994, -0.436639, 0.961737
-0.0442443, -0.466685, 0.960915
stamp: 12700000000
0.442834, -0.0142002, 0.964103
-0.00718264, -0.0462641, 0.950306
-0.0391289, -0.0231128, 0.952053
0.00135857, -0.0201622, 0.950524
-0.00402234, -0.466871, 0.956975
-0.0346287, -0.491306, 0.958916
-0.0334082, -0.436686, 0.961678
-0.0441445, -0.466745, 0.960851
stamp: 12709000000
0.442886, -0.0141325, 0.964178
-0.00717094, -0.0462194, 0.95035
-0.0391758, -0.0230083, 0.951981
0.00136592, -0.0201251, 0.950548
-0.0038854, -0.466946, 0.956846
-0.034548, -0.491357, 0.95865
-0.0333185, -0.436732, 0.961594
-0.0440471, -0.466814, 0.96078
stamp: 12719000000
0.442938, -0.0140729, 0.964251
-0.00719501, -0.0461987, 0.950463
-0.0391763, -0.0229669, 0.952015
0.0013562, -0.0200575, 0.950552
-0.00381894, -0.467059, 0.956679
-0.0343733, -0.491452, 0.958427
-0.0332338, -0.436783, 0.961494
-0.0438782, -0.466824, 0.960494
stamp: 12729000000
0.443006, -0.0139891, 0.964331
-0.00723001, -0.0461613, 0.950501
-0.039186, -0.022922, 0.951981
0.00137213, -0.0199927, 0.950556
-0.00373031, -0.467118, 0.956603
-0.0342204, -0.49154, 0.958276
-0.033125, -0.436775, 0.961356
-0.0437771, -0.46689, 0.960385
stamp: 12739000000
0.443056, -0.0139068, 0.964404
-0.00717933, -0.0461421, 0.950478
-0.0392003, -0.0229079, 0.951997
0.00137881, -0.0199602, 0.950618
-0.0036326, -0.467304, 0.956566
-0.03403, -0.491775, 0.958278
-0.0329897, -0.436864, 0.961129
-0.0436794, -0.467044, 0.960275
stamp: 12750000000
0.443124, -0.0138308, 0.964476
-0.00742698, -0.0459782, 0.950339
-0.0391639, -0.0228688, 0.952072
0.0013401, -0.0199062, 0.950639
-0.00349434, -0.467494, 0.956543
-0.0339507, -0.491916, 0.958127
-0.0329651, -0.436996, 0.960828
-0.0435442, -0.467147, 0.960253
stamp: 12759000000
0.443195, -0.0137458, 0.964534
-0.00740673, -0.0459096, 0.95039
-0.0391644, -0.0227982, 0.9521
0.00140564, -0.0197572, 0.950733
-0.0034058, -0.467546, 0.956432
-0.0337962, -0.49196, 0.958011
-0.0328998, -0.437055, 0.960725
-0.0434589, -0.467208, 0.960147
stamp: 12769000000
0.443264, -0.0135465, 0.96458
-0.00739349, -0.0458626, 0.950446
-0.0392104, -0.0227448, 0.952081
0.00141954, -0.0197021, 0.950767
-0.00334847, -0.467688, 0.956284
-0.0336432, -0.492045, 0.957945
-0.0328293, -0.437109, 0.960622
-0.0433751, -0.467282, 0.96003
stamp: 12780000000
0.44335, -0.0134364, 0.964643
-0.00742409, -0.0458173, 0.950484
-0.0391857, -0.0226493, 0.952196
0.00140562, -0.0196485, 0.950816
-0.00323409, -0.467673, 0.956213
-0.0335936, -0.49213, 0.957835
-0.0327558, -0.437166, 0.960538
-0.0432202, -0.467319, 0.959804
stamp: 12789000000
0.443447, -0.0133446, 0.964721
-0.00740555, -0.0457405, 0.950534
-0.039164, -0.0225954, 0.952256
0.00139239, -0.0195787, 0.950835
-0.00302701, -0.467784, 0.956046
-0.0334565, -0.492179, 0.957666
-0.0326164, -0.437369, 0.960353
-0.0431411, -0.467404, 0.959675
stamp: 12799000000
0.443574, -0.0131856, 0.964793
-0.00740644, -0.0457198, 0.950544
-0.0391731, -0.0225553, 0.952295
0.00139856, -0.0195143, 0.950901
-0.00293566, -0.467857, 0.95593
-0.0334082, -0.492273, 0.957533
-0.0325107, -0.43747, 0.960224
-0.0430923, -0.4675, 0.959522
stamp: 12809000000
0.443644, -0.013073, 0.964888
-0.00743681, -0.0456743, 0.950597
-0.0391861, -0.0225894, 0.952447
0.00136708, -0.0194677, 0.95097
-0.00286735, -0.467935, 0.95581
-0.0334932, -0.492306, 0.957211
-0.0324413, -0.43755, 0.960119
-0.0430111, -0.467584, 0.959422
stamp: 12819000000
0.443729, -0.0129955, 0.964989
-0.00744191, -0.0455887, 0.950658
-0.0391864, -0.0225186, 0.952542
0.00126543, -0.0193046, 0.950906
-0.00281433, -0.468116, 0.955673
-0.033437, -0.492521, 0.95722
-0.0322763, -0.437734, 0.960093
-0.0429376, -0.467698, 0.95933
stamp: 12829000000
0.44381, -0.0128664, 0.96507
-0.00742472, -0.0455016, 0.95075
-0.0391965, -0.0224695, 0.952577
0.00128843, -0.0192178, 0.950976
-0.00276784, -0.468277, 0.955508
-0.0333724, -0.492635, 0.957151
-0.0321833, -0.43783, 0.959999
-0.0429006, -0.467856, 0.959234
stamp: 12840000000
0.443896, -0.0127663, 0.965142
-0.00742259, -0.0454565, 0.950793
-0.039206, -0.0224243, 0.952626
0.00127507, -0.0191607, 0.951052
-0.00270261, -0.468372, 0.955431
-0.0331935, -0.492755, 0.956941
-0.032091, -0.437938, 0.959852
-0.0428073, -0.468011, 0.959168
stamp: 12850000000
0.443987, -0.0126578, 0.965199
-0.00738275, -0.0453298, 0.950795
-0.0392173, -0.0223191, 0.952784
0.00125431, -0.0190916, 0.951094
-0.00258119, -0.468444, 0.955203
-0.0331346, -0.492977, 0.956855
-0.0319321, -0.438132, 0.959809
-0.0427406, -0.468137, 0.959098
stamp: 12859000000
0.444073, -0.0125482, 0.965257
-0.00737953, -0.0452564, 0.950837
-0.0392166, -0.0222502, 0.952843
0.00122997, -0.0189965, 0.951174
-0.00253129, -0.468529, 0.955125
-0.0330884, -0.493151, 0.956713
-0.0318961, -0.438237, 0.959754
-0.0426155, -0.468336, 0.958927
stamp: 12869000000
0.444189, -0.0124098, 0.965373
-0.007395, -0.0452224, 0.950873
-0.039233, -0.0222137, 0.952906
0.00119464, -0.0189475, 0.951266
-0.00243509, -0.468939, 0.955052
-0.0330401, -0.493231, 0.956702
-0.0318439, -0.438341, 0.959709
-0.0425286, -0.468587, 0.958815
stamp: 12879000000
0.444299, -0.0122573, 0.965424
-0.00740688, -0.0451254, 0.950951
-0.0392253, -0.0221353, 0.95299
0.00117883, -0.0188572, 0.951322
-0.00247421, -0.469049, 0.954974
-0.0329912, -0.493357, 0.95668
-0.0316421, -0.438497, 0.959742
-0.0424108, -0.468712, 0.958789
stamp: 12889000000
0.444439, -0.0121449, 0.965478
-0.00738907, -0.0450173, 0.951066
-0.0392335, -0.0220418, 0.953002
0.00118068, -0.0187342, 0.951372
-0.00242484, -0.469174, 0.95494
-0.0329406, -0.49348, 0.956613
-0.0315907, -0.438604, 0.959711
-0.0423515, -0.468853, 0.95876
stamp: 12900000000
0.444597, -0.0119545, 0.965538
-0.00732259, -0.0449207, 0.951132
-0.0392632, -0.0219871, 0.953012
0.00117558, -0.0186696, 0.951435
-0.00237891, -0.469305, 0.954933
-0.032854, -0.493659, 0.95651
-0.031568, -0.438839, 0.959598
-0.0422999, -0.468984, 0.958715
stamp: 12909000000
0.444735, -0.0118163, 0.965618
-0.00732471, -0.0447968, 0.951211
-0.0392009, -0.0217361, 0.953091
0.00113628, -0.0185989, 0.951489
-0.00220714, -0.469502, 0.954932
-0.0327444, -0.493839, 0.956485
-0.031385, -0.438979, 0.959604
-0.0422431, -0.469122, 0.958718
stamp: 12919000000
0.444876, -0.011648, 0.965704
-0.00722693, -0.0447092, 0.951418
-0.0391903, -0.0215961, 0.953137
0.00112837, -0.0184291, 0.951478
-0.00214516, -0.469661, 0.954927
-0.0325828, -0.494073, 0.956641
-0.0313106, -0.43924, 0.959583
-0.0421563, -0.469243, 0.958688
stamp: 12929000000
0.445278, -0.0114515, 0.965735
-0.00717424, -0.0445513, 0.951413
-0.0392129, -0.0215409, 0.953164
0.00111929, -0.0183544, 0.95154
-0.00209053, -0.469877, 0.954943
-0.0325628, -0.494239, 0.956631
-0.0313132, -0.439507, 0.959437
-0.0420733, -0.469413, 0.958709
stamp: 12939000000
0.445448, -0.0113228, 0.965784
-0.00735862, -0.0444833, 0.951296
-0.0392104, -0.0214686, 0.953238
0.00109743, -0.0182699, 0.951577
-0.00204867, -0.470052, 0.954982
-0.0325238, -0.494572, 0.956769
-0.031284, -0.439649, 0.95944
-0.0420898, -0.469669, 0.9589
stamp: 12949000000
0.445564, -0.0112047, 0.965817
-0.00744287, -0.0441775, 0.951664
-0.0392022, -0.0213496, 0.953284
0.00109234, -0.0181103, 0.951577
-0.00202348, -0.470216, 0.955002
-0.0324751, -0.494833, 0.956807
-0.0311266, -0.439831, 0.959491
-0.0420386, -0.469871, 0.95896
stamp: 12959000000
0.445709, -0.0110729, 0.965845
-0.00730298, -0.0441627, 0.951609
-0.0392332, -0.0213065, 0.953258
0.00108689, -0.0180345, 0.951601
-0.00192791, -0.470587, 0.955079
-0.0324565, -0.49498, 0.956887
-0.0310902, -0.439975, 0.959524
-0.0420058, -0.470052, 0.95897
stamp: 12969000000
0.445859, -0.01087, 0.965893
-0.00733195, -0.0441376, 0.951542
-0.0392431, -0.0212516, 0.95332
0.00104726, -0.0179584, 0.951622
-0.00197349, -0.470854, 0.95511
-0.0324716, -0.495191, 0.956887
-0.0310361, -0.440237, 0.959662
-0.0419757, -0.470348, 0.958978
stamp: 12979000000
0.446009, -0.010748, 0.965937
-0.00746967, -0.0439603, 0.951713
-0.0392897, -0.0210875, 0.953311
0.0010331, -0.0178456, 0.951659
-0.00196772, -0.471091, 0.955119
-0.0324517, -0.495391, 0.95692
-0.0310178, -0.440392, 0.959668
-0.0418435, -0.470565, 0.958957
stamp: 12989000000
0.446182, -0.0106052, 0.96605
-0.0074439, -0.043884, 0.951748
-0.0393561, -0.0208971, 0.953324
0.00102512, -0.0177361, 0.951683
-0.00194858, -0.471247, 0.955151
-0.0324533, -0.495597, 0.956915
-0.0310425, -0.440604, 0.959722
-0.0418413, -0.470765, 0.958983
stamp: 12999000000
0.446328, -0.0104463, 0.96613
-0.00760275, -0.0438466, 0.951562
-0.0393543, -0.0207308, 0.953415
0.00100767, -0.0176519, 0.951722
-0.00193331, -0.471483, 0.955201
-0.0324284, -0.495741, 0.956972
-0.0309872, -0.440935, 0.959701
-0.0418511, -0.470983, 0.958899
stamp: 13009000000
0.446474, -0.0102937, 0.966169
-0.0074837, -0.0437181, 0.951764
-0.0393444, -0.0206055, 0.953449
0.00101012, -0.0175482, 0.951799
-0.00192305, -0.471667, 0.955226
-0.0325237, -0.49591, 0.956939
-0.030939, -0.441219, 0.959714
-0.041827, -0.471156, 0.958896
stamp: 13019000000
0.446619, -0.0101229, 0.966227
-0.00745894, -0.0436301, 0.951838
-0.0394739, -0.0204239, 0.953425
0.000990587, -0.0174596, 0.951822
-0.00191205, -0.471924, 0.955305
-0.0326716, -0.496035, 0.956726
-0.0309639, -0.441444, 0.959672
-0.041815, -0.47135, 0.958924
stamp: 13029000000
0.446812, -0.0100011, 0.966215
-0.00760556, -0.0435961, 0.951624
-0.0395103, -0.0203761, 0.953431
0.000964465, -0.017393, 0.951846
-0.00191574, -0.472147, 0.955362
-0.0326499, -0.496326, 0.956776
-0.030951, -0.441624, 0.959697
-0.0418111, -0.471553, 0.95892
stamp: 13039000000
0.446955, -0.00987254, 0.966252
-0.00767494, -0.0435199, 0.951611
-0.0395117, -0.0202522, 0.953453
0.00093562, -0.0172896, 0.951854
-0.00191947, -0.47237, 0.955351
-0.0324866, -0.496721, 0.956883
-0.0309597, -0.441808, 0.95971
-0.0418525, -0.471897, 0.959109
stamp: 13049000000
0.44714, -0.00968469, 0.966248
-0.00766979, -0.0433879, 0.951718
-0.0395418, -0.0201441, 0.953419
0.000920776, -0.0171801, 0.95186
-0.00184944, -0.47269, 0.955392
-0.0324861, -0.496953, 0.956939
-0.0309846, -0.442049, 0.95967
-0.0418467, -0.472224, 0.95915
stamp: 13059000000
0.447338, -0.00942376, 0.966254
-0.00766221, -0.0433408, 0.951689
-0.0395642, -0.0200974, 0.953397
0.000900268, -0.0170923, 0.951858
-0.00189295, -0.473043, 0.955372
-0.0325403, -0.497219, 0.956866
-0.0309509, -0.442327, 0.959751
-0.0418303, -0.47243, 0.959171
stamp: 13069000000
0.447509, -0.00928209, 0.966277
-0.00766493, -0.0432113, 0.951684
-0.039584, -0.0200008, 0.95337
0.000889218, -0.0169768, 0.951832
-0.00192569, -0.473326, 0.955271
-0.0325444, -0.497447, 0.956855
-0.0310113, -0.442501, 0.959828
-0.0417599, -0.4727, 0.959185
stamp: 13079000000
0.447776, -0.00905498, 0.966347
-0.00767722, -0.04305, 0.951684
-0.0395979, -0.0198264, 0.953262
0.000878297, -0.0168815, 0.95183
-0.00196506, -0.473567, 0.955241
-0.0325412, -0.497638, 0.956893
-0.030941, -0.442902, 0.959929
-0.0417734, -0.472909, 0.959192
stamp: 13089000000
0.448129, -0.00884852, 0.966458
-0.00769364, -0.0429814, 0.951631
-0.0396366, -0.0197641, 0.953236
0.000839242, -0.0167977, 0.951816
-0.00197275, -0.47377, 0.955243
-0.0326009, -0.497881, 0.956878
-0.0309845, -0.443209, 0.959778
-0.0417929, -0.473121, 0.959182
stamp: 13100000000
0.448337, -0.00870268, 0.966534
-0.00774311, -0.0429096, 0.951538
-0.0396183, -0.01968, 0.953272
0.000804774, -0.0167061, 0.951783
-0.00197043, -0.474018, 0.95525
-0.0326283, -0.498087, 0.956891
-0.0310473, -0.443436, 0.959787
-0.0418796, -0.473383, 0.95923
stamp: 13109000000
0.44866, -0.00857127, 0.966557
-0.00776523, -0.0427918, 0.951558
-0.0396532, -0.0195777, 0.953232
0.00079341, -0.0165924, 0.951759
-0.00198559, -0.47432, 0.955274
-0.0326583, -0.498311, 0.956904
-0.03109, -0.443661, 0.95973
-0.0419493, -0.473647, 0.959176
stamp: 13119000000
0.44885, -0.0084397, 0.966572
-0.0077727, -0.0426848, 0.951597
-0.0397301, -0.0194909, 0.953136
0.000864664, -0.0164093, 0.951797
-0.00200648, -0.474531, 0.955304
-0.032576, -0.498772, 0.95705
-0.0310676, -0.443842, 0.959695
-0.0420147, -0.473972, 0.959354
stamp: 13129000000
0.448994, -0.00829489, 0.966609
-0.00807361, -0.0423548, 0.951302
-0.0397389, -0.0194174, 0.953116
0.000846818, -0.0162659, 0.95172
-0.00204415, -0.474733, 0.955313
-0.0326194, -0.499083, 0.957188
-0.0310918, -0.44404, 0.959705
-0.0420353, -0.474347, 0.959365
stamp: 13139000000
0.449183, -0.00811236, 0.966677
-0.00812534, -0.0422223, 0.951248
-0.0397792, -0.019315, 0.953065
0.000728005, -0.0160123, 0.951538
-0.00203563, -0.475161, 0.955328
-0.0327133, -0.499292, 0.957249
-0.0312775, -0.444345, 0.95957
-0.0420727, -0.474586, 0.959354
stamp: 13150000000
0.449412, -0.00794355, 0.966694
-0.00815445, -0.042157, 0.951239
-0.039812, -0.0192371, 0.953053
0.000505857, -0.0159206, 0.951351
-0.00212783, -0.475447, 0.955435
-0.0327877, -0.499569, 0.95722
-0.0313109, -0.444742, 0.959708
-0.042117, -0.4748, 0.959382
stamp: 13159000000
0.449596, -0.00776226, 0.966663
-0.00809687, -0.0420157, 0.951205
-0.0398532, -0.0189776, 0.953035
0.000454573, -0.0158171, 0.951309
-0.00219656, -0.475704, 0.955446
-0.0328624, -0.499786, 0.957217
-0.0312513, -0.445174, 0.959782
-0.0420747, -0.475033, 0.959341
stamp: 13169000000
0.449814, -0.00764178, 0.966591
-0.00807501, -0.0418751, 0.951221
-0.0398892, -0.0188497, 0.952993
0.00043282, -0.0157054, 0.951283
-0.00224621, -0.475908, 0.955472
-0.0329768, -0.499987, 0.957283
-0.0313008, -0.445366, 0.959795
-0.0421468, -0.475242, 0.959327
stamp: 13180000000
0.450024, -0.0075117, 0.966541
-0.0080955, -0.0417671, 0.951282
-0.0399693, -0.0186418, 0.952945
0.000396701, -0.0155986, 0.95125
-0.00222575, -0.47616, 0.955511
-0.0330459, -0.500204, 0.957246
-0.0312683, -0.445538, 0.959913
-0.0422734, -0.475461, 0.959229
stamp: 13189000000
0.450223, -0.00737186, 0.9665
-0.0081829, -0.0416411, 0.951258
-0.0399956, -0.0185613, 0.952917
0.000358066, -0.0154982, 0.951209
-0.00234317, -0.476427, 0.955506
-0.0331296, -0.50041, 0.957192
-0.0313541, -0.44578, 0.959835
-0.04238, -0.475729, 0.959202
stamp: 13200000000
0.450538, -0.00723498, 0.966464
-0.00810858, -0.04162, 0.951178
-0.0399572, -0.0183372, 0.952961
0.000402261, -0.0153752, 0.951221
-0.00242328, -0.476623, 0.955495
-0.0330083, -0.500802, 0.957379
-0.031415, -0.445986, 0.959844
-0.0424557, -0.475952, 0.959157
stamp: 13210000000
0.450822, -0.00698016, 0.966466
-0.00815206, -0.0415378, 0.951188
-0.0399864, -0.0182227, 0.95293
0.000364139, -0.0152803, 0.951199
-0.00248181, -0.476792, 0.955472
-0.032967, -0.501167, 0.957541
-0.0314798, -0.446173, 0.95981
-0.0424794, -0.476297, 0.959144
stamp: 13219000000
0.451027, -0.0068445, 0.966453
-0.00818109, -0.0414661, 0.951145
-0.040034, -0.0181305, 0.952818
0.000281359, -0.0151851, 0.951194
-0.00251974, -0.477214, 0.955488
-0.0331387, -0.501229, 0.95753
-0.0315868, -0.446445, 0.959749
-0.0425891, -0.476588, 0.959322
stamp: 13229000000
0.451359, -0.0066673, 0.966464
-0.00819798, -0.0413314, 0.95104
-0.0400574, -0.0180328, 0.952806
0.000248382, -0.0150557, 0.951177
-0.00264998, -0.477528, 0.955452
-0.0332485, -0.501563, 0.957657
-0.0316896, -0.446624, 0.959793
-0.0426653, -0.476785, 0.959353
stamp: 13240000000
0.45165, -0.00644533, 0.966396
-0.00821337, -0.0412073, 0.951078
-0.0401093, -0.0179165, 0.952743
0.000226334, -0.0149149, 0.951137
-0.00278799, -0.47778, 0.955415
-0.0334066, -0.501894, 0.957647
-0.0318514, -0.447095, 0.959828
-0.0427379, -0.476996, 0.959397
stamp: 13250000000
0.451825, -0.00629929, 0.966354
-0.00834939, -0.041027, 0.951242
-0.0402594, -0.0178221, 0.952715
0.000185681, -0.0148221, 0.951127
-0.00293419, -0.478036, 0.955358
-0.0335427, -0.502189, 0.957645
-0.0318859, -0.44745, 0.959717
-0.0428746, -0.477351, 0.959587
stamp: 13259000000
0.452048, -0.00619558, 0.966257
-0.00829324, -0.0409626, 0.951067
-0.0402942, -0.0177298, 0.952694
0.000142779, -0.014713, 0.951099
-0.00301716, -0.47825, 0.95537
-0.0336868, -0.502408, 0.957582
-0.0319703, -0.447619, 0.959725
-0.0430258, -0.477596, 0.959559
stamp: 13270000000
0.45226, -0.00598884, 0.966068
-0.0084138, -0.0408262, 0.951172
-0.0404008, -0.0176393, 0.952641
9.53202e-05, -0.0146027, 0.951124
-0.00311498, -0.478545, 0.95538
-0.0338307, -0.502573, 0.957612
-0.0320528, -0.447787, 0.959714
-0.0431392, -0.477821, 0.959528
stamp: 13279000000
0.452465, -0.00588279, 0.96597
-0.00853926, -0.0405877, 0.951153
-0.0404149, -0.017514, 0.952688
8.16577e-06, -0.0145152, 0.951163
-0.00320544, -0.478726, 0.955391
-0.0338973, -0.502883, 0.957573
-0.0321806, -0.447983, 0.959657
-0.0432414, -0.478071, 0.959462
stamp: 13289000000
0.452669, -0.00579399, 0.96586
-0.00859293, -0.0404845, 0.951114
-0.040478, -0.0174031, 0.952762
-6.43074e-05, -0.0143693, 0.951159
-0.0033082, -0.478936, 0.955442
-0.0339862, -0.503099, 0.957562
-0.0323191, -0.448228, 0.959784
-0.0433335, -0.478388, 0.959435
stamp: 13300000000
0.452889, -0.00570869, 0.965747
-0.00863252, -0.0403806, 0.951123
-0.0405224, -0.0172931, 0.952778
-0.000121603, -0.0142299, 0.951169
-0.00342769, -0.479165, 0.955512
-0.0340513, -0.503329, 0.957557
-0.0324538, -0.448493, 0.959811
-0.043432, -0.478583, 0.959412
stamp: 13309000000
0.453224, -0.00560376, 0.965645
-0.00871114, -0.0402737, 0.951307
-0.0406516, -0.0169896, 0.952711
-0.000168587, -0.0141029, 0.951195
-0.00347571, -0.479547, 0.955475
-0.0340738, -0.50371, 0.957674
-0.0325061, -0.448731, 0.959804
-0.0435085, -0.4788, 0.959417
stamp: 13319000000
0.453451, -0.00548383, 0.965568
-0.00886332, -0.0400321, 0.951044
-0.040719, -0.0168748, 0.952712
-0.000322571, -0.0139109, 0.951078
-0.00358014, -0.479817, 0.95548
-0.0342521, -0.503955, 0.957626
-0.0325986, -0.448901, 0.959789
-0.0436029, -0.478974, 0.959417
stamp: 13329000000
0.453704, -0.00536733, 0.965482
-0.00893018, -0.0399694, 0.951097
-0.0407614, -0.0167795, 0.952741
-0.000335107, -0.0137318, 0.95117
-0.00367619, -0.480044, 0.955414
-0.0343373, -0.504138, 0.957614
-0.0328127, -0.449243, 0.959706
-0.0437018, -0.479154, 0.959412
stamp: 13339000000
0.453954, -0.00516808, 0.965404
-0.0089847, -0.0398707, 0.951159
-0.0408325, -0.0165701, 0.952788
-0.000397025, -0.0136052, 0.951226
-0.0037536, -0.480219, 0.955398
-0.0344675, -0.504341, 0.957588
-0.0329053, -0.449428, 0.95969
-0.0437937, -0.47935, 0.959405
stamp: 13350000000
0.454287, -0.005045, 0.965312
-0.009117, -0.0397278, 0.951068
-0.0408914, -0.0164965, 0.952828
-0.000476172, -0.0134964, 0.951268
-0.003846, -0.480373, 0.955366
-0.0346791, -0.504544, 0.95745
-0.0330587, -0.449664, 0.959565
-0.0439537, -0.479591, 0.959414
stamp: 13359000000
0.454513, -0.00487817, 0.965206
-0.00901696, -0.0395904, 0.951151
-0.0409441, -0.0163969, 0.952895
-0.000549421, -0.0133, 0.951275
-0.00407343, -0.480623, 0.955257
-0.0347893, -0.504747, 0.957398
-0.033013, -0.449885, 0.959839
-0.044065, -0.479945, 0.959372
stamp: 13369000000
0.454779, -0.00484177, 0.965091
-0.00905186, -0.0394252, 0.951183
-0.0410026, -0.0162872, 0.952919
-0.000619222, -0.0131686, 0.951332
-0.00425623, -0.480813, 0.955285
-0.0349527, -0.504924, 0.957347
-0.0330959, -0.45005, 0.959857
-0.0442093, -0.480184, 0.959427
stamp: 13379000000
0.454989, -0.0046703, 0.964916
-0.00907055, -0.0392778, 0.951311
-0.0410817, -0.0163269, 0.952996
-0.000672904, -0.0130427, 0.951409
-0.00435898, -0.48099, 0.955279
-0.0350702, -0.505268, 0.957389
-0.0332806, -0.45027, 0.959848
-0.0443147, -0.480325, 0.959427
stamp: 13389000000
0.455186, -0.00457542, 0.964822
-0.00912691, -0.0391868, 0.951307
-0.041192, -0.0162962, 0.953144
-0.000743025, -0.0129304, 0.951498
-0.00449085, -0.481174, 0.955281
-0.0353214, -0.505381, 0.957304
-0.033343, -0.450444, 0.959835
-0.0443939, -0.4806, 0.959396
stamp: 13400000000
0.455384, -0.0044927, 0.964732
-0.00921994, -0.0390326, 0.951465
-0.041239, -0.0160639, 0.953185
-0.00081201, -0.0127785, 0.951569
-0.00460836, -0.481362, 0.955248
-0.0353061, -0.505599, 0.957393
-0.0334726, -0.45068, 0.959776
-0.0444785, -0.480785, 0.95937
stamp: 13410000000
0.455672, -0.00443695, 0.964656
-0.00925795, -0.0389222, 0.951627
-0.041319, -0.0159105, 0.953263
-0.000903692, -0.0126825, 0.951709
-0.00476, -0.481536, 0.95514
-0.0355166, -0.505735, 0.957268
-0.0336032, -0.450935, 0.959799
-0.0446574, -0.481009, 0.959325
stamp: 13419000000
0.45592, -0.00440977, 0.964525
-0.00932249, -0.038851, 0.951626
-0.041418, -0.0158681, 0.953457
-0.000969278, -0.0125509, 0.951809
-0.00486824, -0.481997, 0.955194
-0.0356262, -0.505904, 0.957264
-0.0337642, -0.451139, 0.959678
-0.0447683, -0.481177, 0.959279
stamp: 13429000000
0.45615, -0.00434179, 0.964419
-0.00947045, -0.038635, 0.951864
-0.0414245, -0.0156735, 0.953651
-0.00102458, -0.0124507, 0.952015
-0.00500352, -0.482328, 0.955193
-0.0357328, -0.506088, 0.957263
-0.0338353, -0.451408, 0.95966
-0.044878, -0.481357, 0.959253
stamp: 13440000000
0.456388, -0.00419394, 0.964279
-0.00960067, -0.0383853, 0.952109
-0.0415754, -0.0155023, 0.953832
-0.00110549, -0.0122715, 0.952148
-0.00510553, -0.482507, 0.955199
-0.0358144, -0.506485, 0.957335
-0.0340343, -0.451602, 0.959617
-0.04499, -0.481536, 0.959236
stamp: 13450000000
0.456603, -0.00407847, 0.964162
-0.00965109, -0.0383027, 0.9522
-0.0416331, -0.0154882, 0.954048
-0.00117928, -0.012168, 0.952292
-0.00518088, -0.482725, 0.955207
-0.035867, -0.506688, 0.957407
-0.0342486, -0.45176, 0.959471
-0.045182, -0.481869, 0.959377
stamp: 13459000000
0.456825, -0.00400963, 0.964049
-0.00977802, -0.0381417, 0.952342
-0.0417075, -0.0152555, 0.954261
-0.00127763, -0.0120194, 0.952466
-0.00526069, -0.482903, 0.955245
-0.0359689, -0.506842, 0.95744
-0.0342587, -0.452039, 0.959526
-0.0452829, -0.482037, 0.959422
stamp: 13469000000
0.457168, -0.00392009, 0.964047
-0.00987489, -0.0380095, 0.952662
-0.041885, -0.014834, 0.954311
-0.00136316, -0.0118878, 0.95265
-0.00534251, -0.483056, 0.955269
-0.0360606, -0.507009, 0.957442
-0.0343543, -0.452202, 0.959607
-0.0453745, -0.482218, 0.959466
stamp: 13479000000
0.457387, -0.0038151, 0.964041
-0.00993944, -0.0379314, 0.952783
-0.0419386, -0.014725, 0.954449
-0.00145929, -0.0117715, 0.952838
-0.00537124, -0.48332, 0.95535
-0.036227, -0.507301, 0.957573
-0.0343941, -0.452476, 0.959745
-0.0454551, -0.482394, 0.959515
stamp: 13489000000
0.457578, -0.0037411, 0.964009
-0.0100686, -0.0378147, 0.952925
-0.0419656, -0.014572, 0.954714
-0.00156594, -0.0116598, 0.953003
-0.00544083, -0.483484, 0.955395
-0.0363055, -0.507458, 0.957676
-0.0345055, -0.452675, 0.959726
-0.0455036, -0.482736, 0.959619
stamp: 13499000000
0.457807, -0.00371459, 0.963922
-0.0101634, -0.0376344, 0.953171
-0.0420372, -0.0145084, 0.954904
-0.00160985, -0.0114578, 0.953241
-0.00555421, -0.483655, 0.955472
-0.0364166, -0.507694, 0.957803
-0.0346432, -0.452879, 0.959791
-0.0455874, -0.4829, 0.959664
stamp: 13509000000
0.45804, -0.00370283, 0.963916
-0.0101994, -0.0375325, 0.953358
-0.0421111, -0.0144382, 0.955006
-0.00168891, -0.0113288, 0.953405
-0.00567956, -0.483877, 0.955495
-0.0365572, -0.507907, 0.957824
-0.0348149, -0.453094, 0.959844
-0.0457421, -0.483113, 0.959775
stamp: 13519000000
0.458307, -0.00357184, 0.963851
-0.0102578, -0.0374679, 0.953408
-0.0421638, -0.0143665, 0.955233
-0.001819, -0.0111962, 0.953559
-0.00576567, -0.484031, 0.955552
-0.0366613, -0.508056, 0.957918
-0.0349532, -0.453301, 0.959959
-0.045866, -0.483275, 0.959786
stamp: 13529000000
0.45859, -0.00348687, 0.963845
-0.0103809, -0.0373168, 0.95363
-0.0423079, -0.0141849, 0.955398
-0.00188738, -0.0110507, 0.953715
-0.00582677, -0.484243, 0.955643
-0.0368316, -0.508164, 0.957953
-0.0350057, -0.453449, 0.959994
-0.0459663, -0.483407, 0.959825
stamp: 13539000000
0.458765, -0.003432, 0.96386
-0.0105441, -0.037167, 0.953861
-0.0424857, -0.0138764, 0.955613
-0.00197466, -0.0109157, 0.953903
-0.00592024, -0.484628, 0.955768
-0.0369558, -0.508303, 0.957972
-0.035023, -0.45362, 0.96
-0.0460393, -0.483522, 0.959876
stamp: 13549000000
0.458915, -0.0033992, 0.963859
-0.0105938, -0.0370374, 0.953884
-0.0425661, -0.0138532, 0.955829
-0.0020941, -0.0107884, 0.954083
-0.00605965, -0.484777, 0.955864
-0.0370723, -0.508452, 0.958032
-0.0351065, -0.453735, 0.960046
-0.0460956, -0.483657, 0.959953
stamp: 13559000000
0.459072, -0.00335368, 0.963867
-0.010711, -0.036836, 0.954165
-0.0426258, -0.0137407, 0.955965
-0.00220337, -0.0106355, 0.954261
-0.0061675, -0.484921, 0.955949
-0.0369618, -0.508801, 0.958422
-0.0352032, -0.453901, 0.960165
-0.0462392, -0.483803, 0.960028
stamp: 13569000000
0.459238, -0.00330347, 0.963856
-0.01078, -0.0366328, 0.954444
-0.042641, -0.0135056, 0.956136
-0.00227691, -0.0105019, 0.954396
-0.0062733, -0.485054, 0.956034
-0.0370816, -0.508933, 0.958506
-0.0352813, -0.454, 0.96023
-0.0463441, -0.483911, 0.960105
stamp: 13580000000
0.459394, -0.00320614, 0.96386
-0.0108242, -0.0365445, 0.954503
-0.0426984, -0.0134154, 0.95627
-0.00236127, -0.0103899, 0.954562
-0.00654742, -0.485255, 0.95619
-0.0372059, -0.509026, 0.958579
-0.0353656, -0.454115, 0.960341
-0.0465273, -0.484052, 0.960308
stamp: 13589000000
0.459555, -0.00316353, 0.963916
-0.0109028, -0.036421, 0.954617
-0.0428507, -0.0132596, 0.956387
-0.0024455, -0.0102422, 0.954683
-0.00665344, -0.485375, 0.956312
-0.0373255, -0.509096, 0.958736
-0.0354659, -0.454203, 0.960465
-0.0466473, -0.484157, 0.960427
stamp: 13599000000
0.459719, -0.00313167, 0.963998
-0.0109818, -0.0362961, 0.954786
-0.0429358, -0.0131198, 0.956505
-0.00255882, -0.0101134, 0.954816
-0.00674398, -0.485482, 0.956431
-0.0375575, -0.509209, 0.958967
-0.035577, -0.454306, 0.960621
-0.0468538, -0.484352, 0.960578
stamp: 13609000000
0.460066, -0.00306511, 0.964122
-0.0111595, -0.0360465, 0.954908
-0.0430474, -0.0129151, 0.956643
-0.00266824, -0.00994231, 0.954928
-0.00686166, -0.48558, 0.956539
-0.0378276, -0.509298, 0.959169
-0.0357025, -0.454398, 0.960806
-0.0469702, -0.484444, 0.960701
stamp: 13619000000
0.460309, -0.00303386, 0.964188
-0.0112321, -0.0358992, 0.954983
-0.0431123, -0.0127854, 0.956744
-0.00275261, -0.0097773, 0.955026
-0.0069633, -0.485667, 0.956649
-0.0379295, -0.509383, 0.95923
-0.0357647, -0.454574, 0.961001
-0.0470584, -0.484518, 0.960863
stamp: 13629000000
0.46048, -0.00300847, 0.96426
-0.0112905, -0.0357746, 0.955117
-0.0432529, -0.012538, 0.956813
-0.00277697, -0.0095798, 0.955187
-0.00709659, -0.48574, 0.95679
-0.0380529, -0.509473, 0.959288
-0.0358491, -0.454653, 0.961173
-0.0471544, -0.484581, 0.961002
stamp: 13640000000
0.460698, -0.00299469, 0.964292
-0.0114181, -0.035689, 0.955211
-0.0433211, -0.0123286, 0.956915
-0.00289619, -0.00945595, 0.955286
-0.00721618, -0.485821, 0.956897
-0.0381184, -0.509483, 0.95943
-0.0359333, -0.454713, 0.961268
-0.0472408, -0.484632, 0.961107
stamp: 13649000000
0.460882, -0.00294854, 0.964375
-0.0114962, -0.0355882, 0.955228
-0.0434165, -0.0122476, 0.956955
-0.00298533, -0.0093056, 0.955357
-0.00729517, -0.485878, 0.956966
-0.0382345, -0.509576, 0.959421
-0.0360676, -0.454748, 0.961364
-0.0472991, -0.484785, 0.961314
stamp: 13659000000
0.461173, -0.00282441, 0.964481
-0.0115683, -0.0354842, 0.955246
-0.0434923, -0.0121496, 0.956997
-0.00301662, -0.00918955, 0.955411
-0.00739096, -0.485914, 0.957036
-0.0383166, -0.509642, 0.959476
-0.0361615, -0.454864, 0.961517
-0.0473808, -0.484831, 0.961409
stamp: 13669000000
0.461307, -0.00278271, 0.964549
-0.0118205, -0.0353126, 0.955239
-0.0437073, -0.0119308, 0.957141
-0.00310851, -0.00907349, 0.955474
-0.00747034, -0.485945, 0.957097
-0.038379, -0.509665, 0.959558
-0.0362926, -0.454932, 0.961573
-0.0474663, -0.484881, 0.961493
stamp: 13679000000
0.461426, -0.00275367, 0.964594
-0.0120106, -0.0350237, 0.955296
-0.0437635, -0.0117955, 0.957232
-0.00332926, -0.00882164, 0.955352
-0.00757794, -0.486031, 0.957176
-0.0385413, -0.50976, 0.959646
-0.036377, -0.454966, 0.961645
-0.0475782, -0.484922, 0.961552
stamp: 13689000000
0.461554, -0.00273283, 0.964644
-0.0120512, -0.034896, 0.955333
-0.0438304, -0.0116929, 0.957222
-0.00339937, -0.00867139, 0.955374
-0.00766303, -0.486057, 0.95724
-0.0386182, -0.509791, 0.959688
-0.03649, -0.455036, 0.961775
-0.0476695, -0.484959, 0.961616
stamp: 13699000000
0.461714, -0.00270901, 0.964665
-0.0120751, -0.0347682, 0.955287
-0.0439105, -0.0116209, 0.95723
-0.0035035, -0.00855151, 0.955469
-0.00775649, -0.486059, 0.95728
-0.0386904, -0.509808, 0.95972
-0.0365869, -0.455067, 0.961834
-0.047766, -0.48499, 0.961633
stamp: 13709000000
0.461853, -0.00267937, 0.964711
-0.0121017, -0.0345173, 0.955301
-0.043972, -0.0115168, 0.957281
-0.00360678, -0.00831167, 0.955399
-0.0078376, -0.486055, 0.957277
-0.0387853, -0.5099, 0.959787
-0.0366217, -0.455053, 0.961973
-0.047925, -0.485026, 0.961694
stamp: 13719000000
0.461988, -0.00265842, 0.964758
-0.0122425, -0.0343454, 0.955437
-0.0440249, -0.0114011, 0.957278
-0.00367995, -0.00818729, 0.955452
-0.00796613, -0.486074, 0.957324
-0.039016, -0.509816, 0.959727
-0.036738, -0.455139, 0.96195
-0.0479992, -0.485039, 0.961686
stamp: 13729000000
0.462137, -0.00263665, 0.964862
-0.0122912, -0.0342645, 0.95539
-0.0441096, -0.0113131, 0.95725
-0.0037503, -0.00805837, 0.955496
-0.00803804, -0.486081, 0.957297
-0.0390809, -0.509806, 0.959681
-0.0369154, -0.455202, 0.961884
-0.0480676, -0.48505, 0.961647
stamp: 13739000000
0.462292, -0.00259536, 0.964894
-0.0124149, -0.0340034, 0.955401
-0.0441477, -0.0111502, 0.957262
-0.00375511, -0.00795386, 0.955527
-0.00812851, -0.486141, 0.957228
-0.0391272, -0.509835, 0.959631
-0.0370026, -0.4552, 0.961848
-0.0481227, -0.48506, 0.961612
stamp: 13749000000
0.462431, -0.00254906, 0.964928
-0.0124084, -0.0338178, 0.955473
-0.0441577, -0.0109418, 0.957266
-0.00379395, -0.00776946, 0.955508
-0.00820092, -0.486074, 0.957202
-0.0391584, -0.509846, 0.959575
-0.0370482, -0.455203, 0.961809
-0.048163, -0.485066, 0.961565
stamp: 13759000000
0.462565, -0.00250391, 0.964957
-0.0124262, -0.0337342, 0.955437
-0.0442489, -0.0106917, 0.957243
-0.00383075, -0.00763639, 0.955511
-0.00824954, -0.486121, 0.957092
-0.0391497, -0.509879, 0.959502
-0.0372129, -0.455153, 0.961744
-0.0482823, -0.485074, 0.961448
stamp: 13769000000
0.462698, -0.00249029, 0.964965
-0.0125195, -0.0336907, 0.955456
-0.0443587, -0.0103152, 0.957304
-0.00389781, -0.00754484, 0.955555
-0.00839619, -0.486096, 0.956907
-0.0392744, -0.509852, 0.959317
-0.0372682, -0.455143, 0.961681
-0.048347, -0.485078, 0.961364
stamp: 13779000000
0.462851, -0.00243468, 0.964942
-0.0125597, -0.0335715, 0.955495
-0.0444666, -0.0101562, 0.957402
-0.00394344, -0.0074042, 0.95555
-0.00845633, -0.486083, 0.956813
-0.0393264, -0.50986, 0.959199
-0.0373565, -0.455144, 0.961442
-0.0483062, -0.48506, 0.961206
stamp: 13789000000
0.463049, -0.00236503, 0.964958
-0.0127426, -0.0334602, 0.955328
-0.0445384, -0.0100861, 0.957356
-0.00397777, -0.0072691, 0.955551
-0.00849216, -0.486057, 0.95675
-0.0393106, -0.509822, 0.958998
-0.0374205, -0.455143, 0.961361
-0.048355, -0.48505, 0.961096
stamp: 13800000000
0.463188, -0.00231358, 0.964943
-0.0128143, -0.0333757, 0.95529
-0.0446301, -0.00997313, 0.957254
-0.00402296, -0.00716442, 0.955565
-0.00846217, -0.486025, 0.956615
-0.0393444, -0.50981, 0.958929
-0.0374562, -0.455136, 0.961282
-0.0484383, -0.484952, 0.960905
stamp: 13809000000
0.463419, -0.00227517, 0.964966
-0.0128265, -0.0332032, 0.955375
-0.0446506, -0.00986218, 0.957272
-0.00408723, -0.00702518, 0.955535
-0.00850639, -0.486013, 0.956539
-0.0393722, -0.509804, 0.958845
-0.0374769, -0.455131, 0.961197
-0.0484867, -0.484925, 0.960793
stamp: 13819000000
0.463596, -0.00223169, 0.964962
-0.0128112, -0.0330891, 0.955392
-0.0446813, -0.00977059, 0.95724
-0.00411013, -0.00689485, 0.955524
-0.00853871, -0.485999, 0.956482
-0.0393917, -0.509789, 0.95875
-0.0376668, -0.455051, 0.960956
-0.048524, -0.484901, 0.960697
stamp: 13829000000
0.463701, -0.00216214, 0.964962
-0.0127926, -0.0329732, 0.955299
-0.0447379, -0.00970381, 0.957192
-0.00414558, -0.00681458, 0.955544
-0.00856986, -0.48597, 0.956409
-0.0394035, -0.50977, 0.958678
-0.0376414, -0.455018, 0.960908
-0.0485464, -0.484884, 0.960624
stamp: 13839000000
0.463981, -0.00200404, 0.964918
-0.0129816, -0.0327686, 0.955109
-0.0447406, -0.0096342, 0.957237
-0.004182, -0.00670971, 0.955564
-0.00857924, -0.485942, 0.956338
-0.0393915, -0.509703, 0.95868
-0.0376542, -0.455002, 0.960855
-0.0485697, -0.484864, 0.960552
stamp: 13849000000
0.464085, -0.0019271, 0.964932
-0.0130013, -0.0326529, 0.95513
-0.0447549, -0.00954001, 0.957237
-0.00421611, -0.00657692, 0.95558
-0.0085978, -0.485936, 0.956284
-0.0394416, -0.509743, 0.958555
-0.0376515, -0.454976, 0.960819
-0.0485762, -0.484842, 0.960512
stamp: 13859000000
0.464213, -0.00184659, 0.964951
-0.0130203, -0.0325439, 0.955152
-0.0447916, -0.00944256, 0.957219
-0.00434863, -0.00638754, 0.955519
-0.00859902, -0.485847, 0.956233
-0.0394491, -0.509721, 0.958498
-0.0376941, -0.454851, 0.960726
-0.0486024, -0.484818, 0.96048
stamp: 13869000000
0.464321, -0.00175909, 0.964995
-0.0130322, -0.0324315, 0.955251
-0.0448216, -0.00936805, 0.957217
-0.00438307, -0.00629204, 0.95554
-0.00861338, -0.48581, 0.956228
-0.0394587, -0.509696, 0.958472
-0.0377196, -0.454822, 0.960719
-0.0486034, -0.484783, 0.960483
stamp: 13879000000
0.464432, -0.00153578, 0.965106
-0.0130364, -0.0323336, 0.955258
-0.0448241, -0.00926633, 0.957252
-0.00441037, -0.00614029, 0.955531
-0.00861533, -0.485791, 0.956266
-0.0394248, -0.509603, 0.958588
-0.0377273, -0.454789, 0.960749
-0.0486232, -0.484744, 0.960504
stamp: 13889000000
0.464508, -0.00141877, 0.965184
-0.0130282, -0.0322321, 0.955287
-0.0448226, -0.00917381, 0.95727
-0.00443184, -0.00600233, 0.955525
-0.00860774, -0.485724, 0.956415
-0.0394361, -0.509548, 0.958649
-0.0377874, -0.454769, 0.960767
-0.0486415, -0.484695, 0.960547
stamp: 13900000000
0.464573, -0.00132928, 0.965254
-0.0131488, -0.032036, 0.955338
-0.0448341, -0.00910121, 0.957301
-0.00444686, -0.00591442, 0.955564
-0.0086208, -0.485513, 0.956585
-0.0394393, -0.509498, 0.958719
-0.0378169, -0.454715, 0.960821
-0.0486477, -0.48464, 0.960624
stamp: 13909000000
0.464637, -0.00120248, 0.965409
-0.0132128, -0.0319493, 0.955282
-0.0448209, -0.00894656, 0.957426
-0.0044662, -0.00574935, 0.95555
-0.00872351, -0.485362, 0.956743
-0.039433, -0.50944, 0.958859
-0.0378248, -0.454661, 0.960903
-0.0487487, -0.484583, 0.960808
stamp: 13919000000
0.464708, -0.00110813, 0.96549
-0.0131374, -0.0318002, 0.955282
-0.0447559, -0.00880216, 0.957512
-0.00446454, -0.00564112, 0.955562
-0.00872293, -0.485301, 0.956858
-0.0394936, -0.509347, 0.959021
-0.0378833, -0.454621, 0.96106
-0.0487571, -0.484526, 0.960926
stamp: 13929000000
0.464748, -0.00102361, 0.965553
-0.0131231, -0.0316922, 0.955389
-0.0447481, -0.00871301, 0.957511
-0.00444816, -0.00555761, 0.955604
-0.008805, -0.485169, 0.956992
-0.039495, -0.509297, 0.959128
-0.0378886, -0.454573, 0.961183
-0.0487461, -0.484466, 0.961072
stamp: 13939000000
0.464812, -0.000970554, 0.965652
-0.013103, -0.0316271, 0.955416
-0.0448225, -0.00852694, 0.957532
-0.00444284, -0.00547079, 0.955626
-0.00878857, -0.485097, 0.957121
-0.0394848, -0.509332, 0.959324
-0.037895, -0.454513, 0.961344
-0.0488068, -0.484463, 0.961344
stamp: 13950000000
0.464845, -0.000886515, 0.965732
-0.0130856, -0.0315414, 0.955402
-0.0448339, -0.00839487, 0.957499
-0.00435661, -0.00532429, 0.955694
-0.00875387, -0.485018, 0.957302
-0.0394573, -0.509194, 0.95961
-0.0378381, -0.454306, 0.961674
-0.0487725, -0.484406, 0.961541
stamp: 13959000000
0.464886, -0.00078723, 0.965816
-0.0130694, -0.0314075, 0.955479
-0.0448461, -0.00830171, 0.957474
-0.00434431, -0.0052372, 0.95574
-0.00861734, -0.484958, 0.95757
-0.0394458, -0.509135, 0.959755
-0.0377315, -0.454135, 0.962006
-0.0487493, -0.484326, 0.961722
stamp: 13969000000
0.464914, -0.000678832, 0.965914
-0.0130218, -0.0312989, 0.955569
-0.0448478, -0.00826228, 0.957472
-0.00434737, -0.00517638, 0.955769
-0.00849525, -0.484923, 0.957771
-0.0393329, -0.509126, 0.959956
-0.0375559, -0.454016, 0.962224
-0.0486963, -0.484232, 0.961922
stamp: 13980000000
0.464941, -0.000523004, 0.965991
-0.0129928, -0.031244, 0.95553
-0.0448156, -0.00819661, 0.957519
-0.00427975, -0.00512854, 0.955848
-0.00848139, -0.48486, 0.957923
-0.0394295, -0.509065, 0.960198
-0.0375367, -0.453936, 0.962384
-0.0486568, -0.48413, 0.962145
stamp: 13989000000
0.464965, -0.000388894, 0.966094
-0.0129166, -0.0311474, 0.955539
-0.0447959, -0.0081086, 0.957486
-0.00425452, -0.00503668, 0.955852
-0.0084481, -0.484746, 0.958085
-0.0393206, -0.50882, 0.960239
-0.0373685, -0.453772, 0.962805
-0.0485881, -0.483867, 0.962435
stamp: 13999000000
0.464985, -0.000185753, 0.966228
-0.0128754, -0.0310769, 0.955595
-0.0447417, -0.00796539, 0.957534
-0.00422214, -0.0049706, 0.955856
-0.00839601, -0.484651, 0.958274
-0.0392254, -0.508682, 0.960468
-0.0372611, -0.453651, 0.962928
-0.048485, -0.483696, 0.96266
stamp: 14010000000
0.465001, -3.86159e-05, 0.966348
-0.0128407, -0.0310153, 0.955551
-0.0446866, -0.00789611, 0.957543
-0.0041873, -0.00487263, 0.955817
-0.00833927, -0.484546, 0.958482
-0.0391981, -0.508405, 0.960746
-0.0373458, -0.453602, 0.963004
-0.0483938, -0.4836, 0.962857
stamp: 14019000000
0.464971, 7.19146e-05, 0.966456
-0.0127659, -0.0309046, 0.955438
-0.0446706, -0.00768368, 0.957411
-0.00415112, -0.00478507, 0.955783
-0.00827925, -0.484348, 0.958783
-0.0390893, -0.508226, 0.960998
-0.0373553, -0.453533, 0.963194
-0.048271, -0.483499, 0.963074
stamp: 14029000000
0.464971, 0.000179719, 0.966568
-0.0127568, -0.030853, 0.955413
-0.0446325, -0.00761402, 0.957392
-0.00413168, -0.00472876, 0.955751
-0.00825536, -0.48402, 0.959028
-0.0390753, -0.508071, 0.961166
-0.0374164, -0.453359, 0.963346
-0.0482186, -0.483336, 0.963249
stamp: 14040000000
0.464966, 0.00031563, 0.966702
-0.0127155, -0.0307795, 0.955372
-0.0445764, -0.00755154, 0.957388
-0.0040947, -0.00463344, 0.955685
-0.00821207, -0.48387, 0.959193
-0.0389647, -0.507893, 0.96128
-0.0373249, -0.453209, 0.963544
-0.0481506, -0.483196, 0.963435
stamp: 14050000000
0.464933, 0.000494291, 0.966833
-0.0126493, -0.0306838, 0.95535
-0.0445257, -0.00747267, 0.957318
-0.0040217, -0.00452782, 0.955605
-0.00815736, -0.483716, 0.959442
-0.0389023, -0.507771, 0.961407
-0.0370662, -0.452993, 0.963871
-0.0480789, -0.483053, 0.963603
stamp: 14059000000
0.464933, 0.000647807, 0.966959
-0.0125986, -0.0306214, 0.955271
-0.0444735, -0.0074592, 0.957191
-0.00396914, -0.00448102, 0.955516
-0.00808654, -0.48351, 0.959671
-0.0388117, -0.50764, 0.961541
-0.0370232, -0.452746, 0.964184
-0.0480117, -0.482915, 0.963739
stamp: 14069000000
0.464913, 0.000779548, 0.96709
-0.0125457, -0.0305477, 0.955166
-0.0444245, -0.00739692, 0.957113
-0.00391515, -0.00440054, 0.955383
-0.00799997, -0.483277, 0.959802
-0.038594, -0.507557, 0.961797
-0.0369573, -0.4526, 0.964354
-0.0479533, -0.482773, 0.963858
stamp: 14079000000
0.464865, 0.000946801, 0.967292
-0.0125112, -0.0304694, 0.955108
-0.0443937, -0.00730775, 0.956982
-0.0038635, -0.00431302, 0.955244
-0.0077576, -0.483146, 0.960004
-0.0384596, -0.507384, 0.962105
-0.0368147, -0.452382, 0.9646
-0.047848, -0.482577, 0.964064
stamp: 14089000000
0.46484, 0.00109612, 0.96744
-0.0123849, -0.0304192, 0.954774
-0.0443132, -0.00725486, 0.956895
-0.00375031, -0.00421111, 0.955092
-0.00766361, -0.482916, 0.960035
-0.0383604, -0.507176, 0.962314
-0.0367255, -0.452253, 0.964722
-0.047669, -0.482353, 0.964272
stamp: 14100000000
0.464791, 0.00123621, 0.967555
-0.0123063, -0.0302882, 0.954657
-0.0442207, -0.00716076, 0.956623
-0.00368165, -0.00415253, 0.954928
-0.00751, -0.482778, 0.960021
-0.0382057, -0.506974, 0.962477
-0.0365895, -0.452034, 0.964805
-0.0475634, -0.482099, 0.964405
stamp: 14109000000
0.464792, 0.00145645, 0.967708
-0.0125089, -0.0299642, 0.954426
-0.0441649, -0.00708212, 0.956392
-0.00361529, -0.00404099, 0.954752
-0.00739383, -0.482568, 0.960106
-0.0380923, -0.506672, 0.962562
-0.0366021, -0.451941, 0.964891
-0.0474289, -0.481948, 0.964529
stamp: 14119000000
0.464696, 0.00147142, 0.96785
-0.0123751, -0.0299246, 0.954249
-0.0440096, -0.00706181, 0.956083
-0.00366709, -0.00391117, 0.954499
-0.00730065, -0.482207, 0.960216
-0.037887, -0.506403, 0.962665
-0.0364959, -0.451787, 0.964979
-0.0472592, -0.481791, 0.964649
stamp: 14130000000
0.46463, 0.00156138, 0.967985
-0.012337, -0.0299294, 0.954027
-0.043949, -0.00702437, 0.955987
-0.00361907, -0.00387224, 0.954354
-0.00718918, -0.481952, 0.960267
-0.0378263, -0.506224, 0.96268
-0.0363536, -0.45157, 0.965068
-0.0471215, -0.481629, 0.964734
stamp: 14139000000
0.464543, 0.00185579, 0.96814
-0.0122305, -0.029834, 0.953913
-0.0438888, -0.00695426, 0.955861
-0.00372109, -0.00378495, 0.954057
-0.0070456, -0.481785, 0.960308
-0.0375603, -0.506115, 0.962651
-0.0362069, -0.451394, 0.965144
-0.0470107, -0.481443, 0.964765
stamp: 14150000000
0.464463, 0.00200225, 0.968233
-0.0120611, -0.0298264, 0.95369
-0.0439074, -0.00678637, 0.955716
-0.00346074, -0.00373418, 0.954028
-0.00690673, -0.481607, 0.960336
-0.037409, -0.50581, 0.96247
-0.0360246, -0.451196, 0.965233
-0.0468631, -0.481253, 0.964803
stamp: 14159000000
0.464387, 0.00213611, 0.968317
-0.0120025, -0.0298282, 0.953483
-0.0438556, -0.00680935, 0.955659
-0.00339755, -0.00368508, 0.953862
-0.00674428, -0.481395, 0.960333
-0.0372504, -0.505642, 0.962476
-0.035826, -0.450876, 0.965245
-0.0466517, -0.481029, 0.964723
stamp: 14169000000
0.46422, 0.00227432, 0.968464
-0.0119567, -0.0297567, 0.953418
-0.0437263, -0.00670254, 0.955431
-0.00331498, -0.00361523, 0.953695
-0.00649634, -0.48112, 0.960278
-0.0370654, -0.505433, 0.962567
-0.0356698, -0.450639, 0.965177
-0.0464659, -0.480777, 0.96474
stamp: 14180000000
0.464154, 0.00240404, 0.968545
-0.011856, -0.0297132, 0.953311
-0.043656, -0.00662947, 0.955246
-0.0031828, -0.00356413, 0.953495
-0.00630555, -0.480937, 0.960207
-0.0367893, -0.505259, 0.962448
-0.035427, -0.450453, 0.965015
-0.0462643, -0.480448, 0.964604
stamp: 14189000000
0.464081, 0.00254963, 0.968629
-0.0117374, -0.0296916, 0.953081
-0.0435693, -0.00654868, 0.955096
-0.00309726, -0.00355298, 0.953361
-0.00609221, -0.480689, 0.960161
-0.0366151, -0.505057, 0.962286
-0.0351896, -0.450131, 0.964855
-0.0460787, -0.480292, 0.96446
stamp: 14200000000
0.464003, 0.00269404, 0.968709
-0.0116723, -0.0296714, 0.952952
-0.0434996, -0.00650042, 0.954981
-0.00296655, -0.00355645, 0.953252
-0.00584492, -0.480522, 0.959967
-0.0364348, -0.504868, 0.962155
-0.035164, -0.449835, 0.964694
-0.045854, -0.480098, 0.964312
stamp: 14210000000
0.463739, 0.00291635, 0.968883
-0.0115967, -0.0296094, 0.95289
-0.043431, -0.00638441, 0.954749
-0.0028393, -0.0035014, 0.953081
-0.00567387, -0.48036, 0.959833
-0.036149, -0.504666, 0.961926
-0.0349777, -0.449606, 0.964552
-0.0456552, -0.479917, 0.964181
stamp: 14219000000
0.463596, 0.00312135, 0.968977
-0.0114202, -0.0296779, 0.952728
-0.0433892, -0.00630667, 0.954565
-0.00273039, -0.00349232, 0.952979
-0.00540534, -0.480137, 0.959606
-0.0360147, -0.504259, 0.961579
-0.0344958, -0.449401, 0.964541
-0.0453625, -0.47965, 0.963941
stamp: 14229000000
0.46351, 0.00340241, 0.969132
-0.0113456, -0.0296471, 0.952663
-0.0433905, -0.00624761, 0.954378
-0.00264323, -0.00348214, 0.952868
-0.00503726, -0.479938, 0.959585
-0.0358596, -0.504082, 0.961373
-0.0342524, -0.449344, 0.964538
-0.0450191, -0.479409, 0.963766
stamp: 14239000000
0.463392, 0.00366513, 0.969205
-0.0111984, -0.0294899, 0.952565
-0.043228, -0.00633756, 0.95426
-0.00264376, -0.00339463, 0.952649
-0.00483235, -0.47976, 0.959482
-0.0356541, -0.503763, 0.961286
-0.0339296, -0.449136, 0.964288
-0.0448113, -0.479233, 0.963624
stamp: 14250000000
0.463279, 0.00386349, 0.96928
-0.0110032, -0.0294506, 0.952424
-0.0429964, -0.0063804, 0.954085
-0.00253334, -0.00337661, 0.952531
-0.00453319, -0.479505, 0.959222
-0.0353457, -0.503586, 0.961057
-0.0336701, -0.448918, 0.96406
-0.0445318, -0.478981, 0.963329
stamp: 14259000000
0.463126, 0.00402394, 0.969402
-0.0109316, -0.0294453, 0.95237
-0.0429257, -0.00636173, 0.954007
-0.0024475, -0.00337041, 0.952485
-0.00428867, -0.479291, 0.959078
-0.0350079, -0.503477, 0.960885
-0.0334443, -0.448688, 0.963894
-0.0442675, -0.478765, 0.963208
stamp: 14269000000
0.463046, 0.00430767, 0.969472
-0.0108592, -0.0294419, 0.952314
-0.0428527, -0.00636389, 0.953977
-0.00237301, -0.003382, 0.952432
-0.00400528, -0.479124, 0.958909
-0.0347057, -0.503155, 0.960752
-0.033157, -0.448508, 0.96377
-0.0440093, -0.478581, 0.963063
stamp: 14279000000
0.462905, 0.00457051, 0.969566
-0.0107796, -0.0294562, 0.952195
-0.0426914, -0.00640244, 0.953985
-0.00227487, -0.00335774, 0.952394
-0.00370599, -0.478854, 0.958747
-0.0343755, -0.50297, 0.960656
-0.0328411, -0.448292, 0.96375
-0.0436636, -0.478319, 0.962873
stamp: 14289000000
0.462769, 0.00479692, 0.969723
-0.0107248, -0.0294046, 0.952247
-0.042607, -0.00635719, 0.953953
-0.00215973, -0.00333886, 0.952366
-0.00348608, -0.47846, 0.958699
-0.0340827, -0.502761, 0.960668
-0.0326139, -0.447877, 0.963452
-0.043465, -0.478044, 0.962653
stamp: 14300000000
0.462675, 0.00502666, 0.969829
-0.0106275, -0.0294083, 0.952251
-0.0425203, -0.00626292, 0.953867
-0.00207364, -0.0033339, 0.95237
-0.0032718, -0.478239, 0.958644
-0.0337198, -0.502511, 0.960559
-0.0325191, -0.44775, 0.963268
-0.0432129, -0.477836, 0.962553
stamp: 14309000000
0.462571, 0.00532184, 0.969926
-0.0105617, -0.0294256, 0.952181
-0.0424186, -0.00623748, 0.953861
-0.00184313, -0.00330164, 0.952456
-0.00289868, -0.477987, 0.958616
-0.0334484, -0.502194, 0.960434
-0.0321811, -0.447467, 0.963237
-0.0429179, -0.477663, 0.962546
stamp: 14319000000
0.462441, 0.00564323, 0.969915
-0.0105097, -0.0293805, 0.952265
-0.042324, -0.00619729, 0.953882
-0.00176153, -0.00326432, 0.952478
-0.00254133, -0.477827, 0.958553
-0.0330562, -0.502046, 0.960307
-0.031879, -0.447192, 0.963092
-0.0426733, -0.477464, 0.962532
stamp: 14329000000
0.462355, 0.00590855, 0.969976
-0.0103456, -0.0293542, 0.952331
-0.0422461, -0.00620318, 0.953874
-0.00166363, -0.00326736, 0.952495
-0.00228265, -0.477663, 0.958521
-0.0328423, -0.501955, 0.960201
-0.0316402, -0.447031, 0.96305
-0.04227, -0.477136, 0.962298
stamp: 14339000000
0.462239, 0.00615947, 0.97008
-0.0102287, -0.0294217, 0.952282
-0.042085, -0.00630531, 0.954125
-0.00157484, -0.00328525, 0.952562
-0.00199343, -0.4774, 0.958516
-0.0327302, -0.501665, 0.96002
-0.0310167, -0.446863, 0.963067
-0.0419089, -0.476907, 0.962354
stamp: 14350000000
0.462101, 0.00638096, 0.970174
-0.010178, -0.0294336, 0.952326
-0.0419701, -0.00624816, 0.954127
-0.00150754, -0.00330589, 0.952622
-0.00175078, -0.477236, 0.958553
-0.0323581, -0.50151, 0.960178
-0.0306952, -0.446607, 0.963164
-0.0416602, -0.476618, 0.9624
stamp: 14359000000
0.461987, 0.00656204, 0.970229
-0.0101065, -0.0294139, 0.952448
-0.0418495, -0.00615545, 0.95417
-0.00141431, -0.00327206, 0.952655
-0.00136928, -0.477052, 0.958772
-0.0321419, -0.501334, 0.960194
-0.0303734, -0.446557, 0.96332
-0.0413843, -0.476424, 0.962418
stamp: 14369000000
0.461866, 0.00684774, 0.970316
-0.0100342, -0.0294252, 0.952491
-0.0417603, -0.00616052, 0.954216
-0.00133088, -0.0032956, 0.952744
-0.00115426, -0.47683, 0.958803
-0.0318685, -0.501191, 0.960326
-0.0303214, -0.446485, 0.963278
-0.0411843, -0.47627, 0.96246
stamp: 14380000000
0.461792, 0.00707031, 0.970316
-0.00977296, -0.029453, 0.952709
-0.0416226, -0.00620612, 0.954384
-0.00126233, -0.00332255, 0.952842
-0.000822904, -0.476593, 0.958718
-0.0315997, -0.500837, 0.960388
-0.030008, -0.44625, 0.963444
-0.0409378, -0.476144, 0.962537
stamp: 14389000000
0.46176, 0.00733626, 0.970214
-0.00969712, -0.0294328, 0.952837
-0.0415086, -0.00620915, 0.954539
-0.00118097, -0.00332467, 0.952909
-0.00058883, -0.476441, 0.958779
-0.0312035, -0.500711, 0.960448
-0.0296549, -0.445805, 0.963459
-0.0406298, -0.475962, 0.962698
stamp: 14400000000
0.461696, 0.00754064, 0.970143
-0.00961882, -0.0294429, 0.952934
-0.0414608, -0.0062978, 0.954628
-0.00108106, -0.00332886, 0.953027
-0.000258529, -0.476324, 0.958912
-0.0309039, -0.500444, 0.960551
-0.0295092, -0.445666, 0.963491
-0.0403335, -0.475807, 0.962847
stamp: 14410000000
0.461621, 0.00778455, 0.970044
-0.0095386, -0.0294704, 0.953048
-0.0412763, -0.00636147, 0.954733
-0.000988073, -0.00337575, 0.953147
-7.64652e-07, -0.476166, 0.958991
-0.0305687, -0.500279, 0.96071
-0.0292881, -0.445497, 0.963564
-0.0400668, -0.47561, 0.962987
stamp: 14419000000
0.461558, 0.0079704, 0.969924
-0.00945773, -0.029502, 0.953137
-0.0411972, -0.00640079, 0.954871
-0.000914557, -0.00342147, 0.953272
0.000202798, -0.475986, 0.959093
-0.0304015, -0.500128, 0.960784
-0.0291111, -0.445302, 0.963654
-0.0396925, -0.475337, 0.963059
stamp: 14429000000
0.461516, 0.00813764, 0.969779
-0.00931178, -0.0295984, 0.953392
-0.0411218, -0.00640964, 0.954987
-0.000687026, -0.00358461, 0.953554
0.000565618, -0.475829, 0.959298
-0.0302597, -0.499887, 0.960792
-0.0285263, -0.445091, 0.963805
-0.0394381, -0.475182, 0.963145
stamp: 14440000000
0.461491, 0.0082926, 0.969633
-0.00923986, -0.0296553, 0.953501
-0.0410463, -0.00650451, 0.95519
-0.000561934, -0.0035473, 0.953788
0.000863537, -0.475573, 0.959426
-0.0299737, -0.499671, 0.960836
-0.0281939, -0.444962, 0.964007
-0.0391472, -0.475058, 0.963284
stamp: 14450000000
0.461362, 0.00842408, 0.969454
-0.00921241, -0.0296672, 0.953626
-0.040936, -0.00671316, 0.955395
-0.000373791, -0.00358358, 0.954023
0.00109248, -0.475385, 0.959498
-0.0296542, -0.49953, 0.960942
-0.0279229, -0.444758, 0.964138
-0.0388507, -0.474852, 0.963212
stamp: 14459000000
0.461465, 0.00854372, 0.969167
-0.00899315, -0.0298171, 0.953744
-0.0408705, -0.00673489, 0.955525
-0.000306207, -0.00362123, 0.954136
0.00130211, -0.475284, 0.959617
-0.0294097, -0.499367, 0.961099
-0.0276651, -0.444621, 0.964261
-0.0386233, -0.474744, 0.963299
stamp: 14470000000
0.461494, 0.00867123, 0.968891
-0.00888173, -0.0298554, 0.953898
-0.0407301, -0.00668164, 0.95559
-0.000213288, -0.00364942, 0.95426
0.00153651, -0.475172, 0.959741
-0.0290956, -0.499323, 0.961339
-0.0273991, -0.4445, 0.964287
-0.0383929, -0.474588, 0.963437
stamp: 14479000000
0.46139, 0.00882756, 0.968737
-0.0087896, -0.0298196, 0.954119
-0.0406605, -0.00671806, 0.95569
-0.000146274, -0.00369311, 0.954404
0.00178884, -0.475008, 0.959926
-0.0289085, -0.499239, 0.961381
-0.0271474, -0.444399, 0.964341
-0.0381599, -0.474454, 0.963525
stamp: 14489000000
0.461376, 0.0088824, 0.96852
-0.00871207, -0.0298695, 0.954222
-0.040611, -0.0067696, 0.955802
-0.000108905, -0.0037513, 0.954527
0.00202671, -0.474908, 0.95995
-0.0286641, -0.499134, 0.961471
-0.0269022, -0.444162, 0.964297
-0.0379299, -0.474149, 0.963636
stamp: 14500000000
0.461399, 0.0089254, 0.968278
-0.00849314, -0.0299203, 0.954453
-0.0405143, -0.00680824, 0.956
-5.63722e-05, -0.00378877, 0.954657
0.00230604, -0.474829, 0.959995
-0.02841, -0.499025, 0.96151
-0.0264896, -0.444059, 0.9646
-0.0377206, -0.47399, 0.963706
stamp: 14509000000
0.461403, 0.00897543, 0.967948
-0.0085995, -0.0300254, 0.954655
-0.0404345, -0.00688498, 0.956152
-1.57148e-05, -0.00387748, 0.954779
0.00265039, -0.474651, 0.960217
-0.028134, -0.498792, 0.961553
-0.0263301, -0.443978, 0.964645
-0.0374388, -0.473846, 0.963794
stamp: 14519000000
0.461452, 0.00892291, 0.967681
-0.00858176, -0.030068, 0.954803
-0.0403833, -0.0069521, 0.956293
1.11382e-06, -0.00394958, 0.954943
0.00287919, -0.474562, 0.960283
-0.0279597, -0.498636, 0.961715
-0.0258794, -0.443925, 0.964837
-0.0372025, -0.473802, 0.963862
stamp: 14529000000
0.461557, 0.00887344, 0.967373
-0.00853101, -0.0301048, 0.954884
-0.0403101, -0.00691467, 0.956556
5.98322e-05, -0.00400869, 0.955085
0.00309536, -0.474474, 0.960291
-0.0276602, -0.498483, 0.96178
-0.0257818, -0.443845, 0.96486
-0.0369276, -0.473618, 0.963832
stamp: 14539000000
0.46168, 0.00878893, 0.967062
-0.00850494, -0.0301789, 0.955091
-0.0402517, -0.00704468, 0.956756
0.000130735, -0.00405634, 0.95521
0.00335536, -0.474365, 0.960236
-0.0273547, -0.498328, 0.961784
-0.0253215, -0.443618, 0.964891
-0.0366621, -0.473449, 0.963788
stamp: 14549000000
0.461819, 0.00872769, 0.966716
-0.00847265, -0.0302243, 0.955266
-0.0401816, -0.00706111, 0.956899
0.000340922, -0.00415503, 0.955505
0.00357617, -0.474223, 0.960234
-0.0271803, -0.49825, 0.961781
-0.0251786, -0.443535, 0.964894
-0.0364537, -0.473334, 0.963865
stamp: 14559000000
0.461922, 0.00859433, 0.966407
-0.00845174, -0.0303138, 0.955363
-0.0401219, -0.00709939, 0.957033
0.000492338, -0.00429129, 0.955715
0.00374218, -0.474094, 0.960261
-0.0269798, -0.498163, 0.961829
-0.0251053, -0.443466, 0.964931
-0.0362289, -0.473254, 0.963937
stamp: 14569000000
0.462008, 0.00843306, 0.9661
-0.00827472, -0.0304784, 0.955634
-0.0399968, -0.0071693, 0.957234
0.000514728, -0.00434448, 0.955849
0.00391202, -0.474012, 0.960279
-0.0268005, -0.498074, 0.961863
-0.0248963, -0.443343, 0.964857
-0.0360475, -0.473172, 0.963953
stamp: 14579000000
0.462098, 0.00830452, 0.965837
-0.00828098, -0.0305244, 0.95585
-0.0399698, -0.00718933, 0.95731
0.000555644, -0.00440331, 0.955975
0.00407539, -0.473926, 0.96028
-0.0267793, -0.497915, 0.961766
-0.0247254, -0.443273, 0.964817
-0.0358986, -0.473098, 0.963957
stamp: 14589000000
0.462215, 0.00817035, 0.965583
-0.00827552, -0.0305649, 0.955968
-0.0399288, -0.00723792, 0.957438
0.000594922, -0.00447033, 0.956105
0.00421226, -0.473846, 0.960257
-0.0266322, -0.497826, 0.961758
-0.0246097, -0.443191, 0.964806
-0.0357532, -0.473024, 0.96396
stamp: 14599000000
0.462405, 0.00799018, 0.965285
-0.00824073, -0.0306254, 0.95603
-0.039862, -0.00728393, 0.957678
0.000636565, -0.00452744, 0.956217
0.00440467, -0.473705, 0.960188
-0.0263696, -0.497764, 0.961653
-0.0244729, -0.443111, 0.964802
-0.0356065, -0.472942, 0.963959
stamp: 14609000000
0.462606, 0.00776159, 0.965001
-0.00820743, -0.0306522, 0.956157
-0.0398159, -0.00731541, 0.95778
0.00066951, -0.00457685, 0.956315
0.00452764, -0.473605, 0.960163
-0.0262104, -0.497689, 0.961682
-0.0242556, -0.443047, 0.964803
-0.0354464, -0.472808, 0.963998
stamp: 14619000000
0.462789, 0.0074451, 0.964696
-0.00818981, -0.0306832, 0.95628
-0.0398112, -0.00735496, 0.957885
0.000713522, -0.00463445, 0.956419
0.00469046, -0.473551, 0.960091
-0.0260458, -0.497624, 0.96164
-0.0242367, -0.4428, 0.964763
-0.035299, -0.472724, 0.96399
stamp: 14629000000
0.463155, 0.0072083, 0.964461
-0.00815495, -0.0307324, 0.956358
-0.0398036, -0.00750017, 0.958063
0.00074026, -0.00471156, 0.956493
0.0049585, -0.473491, 0.960176
-0.0257534, -0.497518, 0.961774
-0.0240579, -0.442675, 0.964645
-0.0351429, -0.472636, 0.963941
stamp: 14639000000
0.463503, 0.00697144, 0.964264
-0.00812887, -0.0307936, 0.956352
-0.039733, -0.00765961, 0.958106
0.000757214, -0.00477128, 0.956535
0.00525479, -0.473371, 0.960234
-0.0255601, -0.497412, 0.961724
-0.0239724, -0.442491, 0.964642
-0.0349976, -0.472591, 0.963925
stamp: 14649000000
0.463727, 0.00663994, 0.963874
-0.00786216, -0.0309583, 0.956568
-0.039714, -0.00770993, 0.958111
0.000792815, -0.00485146, 0.956609
0.00540649, -0.473291, 0.960193
-0.0254303, -0.497349, 0.961709
-0.0239075, -0.44243, 0.964612
-0.0348144, -0.472445, 0.963835
stamp: 14659000000
0.463941, 0.0063385, 0.963548
-0.00786673, -0.0310283, 0.956573
-0.0396493, -0.00776849, 0.958204
0.000761751, -0.00491104, 0.956584
0.00542834, -0.473171, 0.960184
-0.0252136, -0.497321, 0.961793
-0.0238117, -0.442382, 0.964639
-0.034687, -0.47238, 0.963816
stamp: 14669000000
0.464202, 0.00602631, 0.963284
-0.00784762, -0.0310515, 0.956594
-0.0395736, -0.00783335, 0.958294
0.000785558, -0.00494103, 0.956581
0.00553971, -0.473095, 0.960192
-0.0250169, -0.497266, 0.961865
-0.0236742, -0.442272, 0.964546
-0.0345533, -0.472311, 0.963806
stamp: 14679000000
0.464453, 0.00569788, 0.963139
-0.00781704, -0.0310933, 0.956617
-0.0395435, -0.00787191, 0.958296
0.000832885, -0.00500172, 0.956566
0.00562792, -0.473036, 0.960209
-0.0249335, -0.497206, 0.961877
-0.0236006, -0.442223, 0.964557
-0.0344531, -0.472267, 0.963812
stamp: 14690000000
0.464709, 0.00535493, 0.962973
-0.00780266, -0.0311657, 0.956564
-0.0395269, -0.00794324, 0.958273
0.000861095, -0.00506964, 0.956558
0.00572432, -0.473002, 0.96026
-0.0248361, -0.497181, 0.961855
-0.0235243, -0.442193, 0.964594
-0.0342815, -0.472197, 0.963722
stamp: 14699000000
0.464963, 0.0050145, 0.962935
-0.007794, -0.0312154, 0.956532
-0.0395035, -0.00798687, 0.958285
0.000884505, -0.00513356, 0.956511
0.00580842, -0.472971, 0.960315
-0.0247392, -0.497145, 0.96187
-0.0232907, -0.442112, 0.964799
-0.0341753, -0.47217, 0.963754
stamp: 14709000000
0.465237, 0.00465009, 0.962852
-0.00777967, -0.0312546, 0.956502
-0.039508, -0.00801413, 0.958238
0.000908497, -0.00516395, 0.956463
0.00594808, -0.472836, 0.960282
-0.0245732, -0.497064, 0.961866
-0.0231606, -0.442049, 0.964863
-0.0340852, -0.472148, 0.963801
stamp: 14720000000
0.465583, 0.00434986, 0.962651
-0.0077743, -0.0313917, 0.956367
-0.0394783, -0.00815326, 0.958066
0.000925513, -0.00524328, 0.956406
0.00603878, -0.472811, 0.960318
-0.0244865, -0.496989, 0.961956
-0.0229796, -0.442007, 0.96499
-0.0339886, -0.472122, 0.963862
stamp: 14729000000
0.466221, 0.00399609, 0.962591
-0.0078, -0.0314871, 0.956226
-0.0394808, -0.00814884, 0.958103
0.000935045, -0.00532345, 0.956325
0.00611618, -0.47279, 0.96035
-0.0244458, -0.496939, 0.962041
-0.0228914, -0.441969, 0.96503
-0.0338264, -0.472097, 0.963974
stamp: 14739000000
0.466499, 0.00355419, 0.962429
-0.00798811, -0.0315167, 0.956014
-0.0394496, -0.00820269, 0.957978
0.000966361, -0.00534511, 0.95623
0.00619069, -0.472765, 0.960389
-0.0243779, -0.496925, 0.962079
-0.0228259, -0.441931, 0.965074
-0.0337037, -0.472085, 0.964092
stamp: 14753000000
0.466765, 0.00313433, 0.962397
-0.00796442, -0.0315405, 0.955984
-0.0395161, -0.00828952, 0.95775
0.000996544, -0.00540239, 0.956109
0.00634356, -0.472808, 0.96044
-0.0243099, -0.496913, 0.962128
-0.0227131, -0.441914, 0.965075
-0.0336175, -0.472059, 0.964177
stamp: 14760000000
0.467104, 0.00275839, 0.962322
-0.00780434, -0.0316892, 0.955675
-0.0395288, -0.00837972, 0.957625
0.00101862, -0.00548903, 0.955995
0.00640928, -0.472794, 0.960499
-0.0242579, -0.496889, 0.962201
-0.0226547, -0.441891, 0.965137
-0.0335315, -0.472057, 0.964267
stamp: 14772000000
0.467414, 0.00238307, 0.962271
-0.00780157, -0.0317412, 0.955554
-0.039523, -0.00835515, 0.957431
0.00096403, -0.00560167, 0.955761
0.00645049, -0.472787, 0.960553
-0.0242209, -0.496887, 0.962255
-0.0226045, -0.44188, 0.965205
-0.0334771, -0.472058, 0.964362
stamp: 14780000000
0.467699, 0.00205454, 0.96222
-0.00781184, -0.0317538, 0.955489
-0.0395321, -0.00829547, 0.957201
0.000978029, -0.00564458, 0.955657
0.00649727, -0.472806, 0.960625
-0.0241886, -0.496888, 0.962306
-0.0224996, -0.441989, 0.965368
-0.0334263, -0.472054, 0.964446
stamp: 14790000000
0.46799, 0.00175164, 0.962205
-0.00780998, -0.0318069, 0.955357
-0.0395633, -0.00838184, 0.956954
0.000981556, -0.00570267, 0.955553
0.0065449, -0.472775, 0.960734
-0.0241622, -0.496886, 0.962348
-0.0224591, -0.442005, 0.96546
-0.0333854, -0.472056, 0.964514
stamp: 14800000000
0.468294, 0.00144752, 0.962178
-0.00774968, -0.0318519, 0.955171
-0.039586, -0.00843776, 0.956835
0.000962531, -0.00575886, 0.955421
0.00654761, -0.472779, 0.960809
-0.0241432, -0.496892, 0.962372
-0.0222939, -0.442052, 0.965697
-0.0333537, -0.472068, 0.964575
stamp: 14810000000
0.468572, 0.00100542, 0.962212
-0.00775806, -0.0318701, 0.955066
-0.0395557, -0.00857952, 0.956668
0.00102649, -0.00583942, 0.955331
0.00651254, -0.472751, 0.96102
-0.0242657, -0.496822, 0.962274
-0.022267, -0.442065, 0.96576
-0.0333344, -0.472078, 0.964631
stamp: 14820000000
0.468971, 0.000610529, 0.962294
-0.00774032, -0.0318714, 0.955023
-0.0395679, -0.0085919, 0.956506
0.00105204, -0.0058676, 0.955173
0.00663127, -0.472871, 0.961116
-0.0241751, -0.496935, 0.962534
-0.0222401, -0.442085, 0.965796
-0.0333062, -0.472086, 0.964669
stamp: 14829000000
0.469434, 0.000268085, 0.962287
-0.00771668, -0.0319461, 0.954853
-0.0395754, -0.0086474, 0.956338
0.000950593, -0.00593899, 0.954915
0.00666416, -0.472834, 0.961252
-0.0241696, -0.496956, 0.962576
-0.0222093, -0.442099, 0.965827
-0.0332987, -0.472098, 0.964698
stamp: 14839000000
0.469769, 1.49788e-05, 0.962351
-0.00770354, -0.0320011, 0.954697
-0.0395677, -0.00868755, 0.956231
0.000941347, -0.00599953, 0.954757
0.00666415, -0.472942, 0.961316
-0.0241771, -0.496988, 0.962604
-0.0221949, -0.442124, 0.965837
-0.0332888, -0.472118, 0.964726
stamp: 14850000000
0.470108, -0.000343959, 0.962391
-0.00770011, -0.0320056, 0.954586
-0.0395694, -0.00868798, 0.956106
0.000995295, -0.00603552, 0.954579
0.00666358, -0.472983, 0.961345
-0.0243272, -0.496926, 0.962486
-0.0221694, -0.442159, 0.965879
-0.0332621, -0.472247, 0.96485
stamp: 14859000000
0.470407, -0.000741792, 0.962444
-0.00767715, -0.0320577, 0.954448
-0.0395661, -0.00873779, 0.955961
0.0010467, -0.00603751, 0.954417
0.00666291, -0.473024, 0.961358
-0.0243538, -0.496934, 0.962523
-0.0221673, -0.442206, 0.965899
-0.0332578, -0.472284, 0.964866
stamp: 14869000000
0.470679, -0.00105882, 0.96249
-0.00757892, -0.0321752, 0.954162
-0.0395393, -0.00873637, 0.955859
0.0010345, -0.00609629, 0.954302
0.0066441, -0.473144, 0.961266
-0.0243514, -0.496996, 0.962542
-0.0221757, -0.442255, 0.965932
-0.0332794, -0.472311, 0.964887
stamp: 14879000000
0.470987, -0.00132634, 0.962508
-0.00760664, -0.0322158, 0.95403
-0.0394156, -0.00878471, 0.95566
0.00102548, -0.00613475, 0.954179
0.00664168, -0.473214, 0.961281
-0.024349, -0.49706, 0.962542
-0.0221525, -0.442334, 0.965989
-0.0332787, -0.472375, 0.964917
stamp: 14889000000
0.471302, -0.00159572, 0.962629
-0.00760127, -0.0322162, 0.953976
-0.0393562, -0.00880838, 0.955505
0.00100951, -0.00614427, 0.954038
0.00664016, -0.473285, 0.96129
-0.0243325, -0.497133, 0.962558
-0.0221554, -0.442399, 0.966008
-0.0332778, -0.472442, 0.964941
stamp: 14899000000
0.471656, -0.00179872, 0.962544
-0.00760078, -0.0322388, 0.953867
-0.0393652, -0.00882514, 0.955391
0.00103693, -0.00615955, 0.953908
0.00663521, -0.473363, 0.961275
-0.0243294, -0.497204, 0.962593
-0.0221514, -0.442459, 0.966026
-0.0332694, -0.47251, 0.964958
stamp: 14909000000
0.47202, -0.00205468, 0.962598
-0.00761897, -0.0322757, 0.953806
-0.0393747, -0.00885768, 0.955322
0.00103192, -0.00620243, 0.953802
0.00662873, -0.473458, 0.961265
-0.0243422, -0.497278, 0.962585
-0.0220959, -0.442661, 0.965998
-0.0332758, -0.472582, 0.96497
stamp: 14919000000
0.47243, -0.00232038, 0.962665
-0.00762501, -0.0323466, 0.953696
-0.0393731, -0.00888745, 0.955277
0.00103416, -0.00622308, 0.953714
0.00661726, -0.473614, 0.961237
-0.0243692, -0.497357, 0.962585
-0.0221262, -0.442881, 0.966056
-0.0332879, -0.472653, 0.964974
stamp: 14929000000
0.472716, -0.00259814, 0.962582
-0.00763419, -0.0323663, 0.953604
-0.0393757, -0.00891556, 0.955192
0.0010488, -0.00624205, 0.953623
0.00659591, -0.473712, 0.961239
-0.0243771, -0.497433, 0.962585
-0.022132, -0.442967, 0.966049
-0.0333058, -0.472732, 0.964984
stamp: 14940000000
0.472934, -0.00274086, 0.962603
-0.00763359, -0.0324034, 0.953543
-0.0393968, -0.00893685, 0.955116
0.00105099, -0.00626857, 0.953575
0.00659322, -0.473814, 0.961237
-0.0244031, -0.497535, 0.962614
-0.0221402, -0.44306, 0.96603
-0.0333198, -0.472822, 0.964987
stamp: 14950000000
0.473116, -0.00291605, 0.962607
-0.00764628, -0.0324342, 0.953515
-0.039442, -0.00894611, 0.95511
0.0010518, -0.00631853, 0.953521
0.00662707, -0.474003, 0.961169
-0.0244403, -0.497626, 0.962635
-0.0221799, -0.443211, 0.965931
-0.0333926, -0.472984, 0.965035
stamp: 14959000000
0.47332, -0.00303095, 0.962627
-0.00765297, -0.0324883, 0.953391
-0.0394539, -0.00898952, 0.955092
0.00103588, -0.00636033, 0.953472
0.00659636, -0.474113, 0.961141
-0.0244815, -0.49775, 0.96261
-0.0221944, -0.443318, 0.965933
-0.0334187, -0.473082, 0.96502
stamp: 14970000000
0.473517, -0.00318092, 0.962653
-0.00771914, -0.0325539, 0.953266
-0.0394271, -0.00900709, 0.95511
0.00102925, -0.00640202, 0.953416
0.00658435, -0.474221, 0.961097
-0.0244645, -0.497999, 0.962555
-0.0222105, -0.44342, 0.965923
-0.0334306, -0.473188, 0.964988
stamp: 14979000000
0.473755, -0.00340529, 0.962669
-0.00772435, -0.032565, 0.95326
-0.0394416, -0.00912624, 0.95513
0.00103987, -0.0064395, 0.953373
0.00644322, -0.474396, 0.960876
-0.0243076, -0.498323, 0.962651
-0.0222639, -0.443588, 0.965777
-0.0334686, -0.473359, 0.964963
stamp: 14989000000
0.47404, -0.00358818, 0.962639
-0.00771079, -0.0326602, 0.953271
-0.0394534, -0.00921147, 0.955112
0.00105363, -0.00650053, 0.953339
0.00649078, -0.474656, 0.960782
-0.02433, -0.498556, 0.962539
-0.0222732, -0.443702, 0.965823
-0.0335186, -0.473718, 0.965083
stamp: 15000000000
0.474303, -0.00368665, 0.96267
-0.00781893, -0.0327733, 0.952933
-0.0394159, -0.00927628, 0.955163
0.00106955, -0.00656735, 0.953276
0.00647867, -0.474906, 0.960657
-0.0243407, -0.498735, 0.962377
-0.0222446, -0.44384, 0.965823
-0.0334865, -0.473942, 0.965079
stamp: 15009000000
0.474537, -0.00377225, 0.962731
-0.00764204, -0.0327861, 0.953061
-0.0393734, -0.00929806, 0.955201
0.00109966, -0.00662288, 0.953231
0.00648303, -0.47506, 0.960564
-0.0241687, -0.498985, 0.962326
-0.0221949, -0.444132, 0.965922
-0.0334028, -0.47412, 0.964919
stamp: 15019000000
0.474931, -0.003983, 0.962836
-0.00758516, -0.0328511, 0.953038
-0.0394164, -0.0095242, 0.955181
0.00115167, -0.00671828, 0.953187
0.0065036, -0.475223, 0.960441
-0.0241399, -0.499177, 0.962249
-0.0222284, -0.444447, 0.966028
-0.0333971, -0.474384, 0.96481
stamp: 15029000000
0.475301, -0.00410742, 0.962915
-0.00770419, -0.0329784, 0.952747
-0.039325, -0.00970884, 0.955198
0.00118786, -0.00683791, 0.95314
0.0065342, -0.475492, 0.960308
-0.0242181, -0.499364, 0.962071
-0.0220953, -0.444854, 0.966028
-0.0333356, -0.474699, 0.964841
stamp: 15039000000
0.475554, -0.00417031, 0.963012
-0.00764011, -0.0330951, 0.952507
-0.0392478, -0.00983328, 0.955297
0.00124349, -0.0069733, 0.953107
0.00653647, -0.475781, 0.960063
-0.0241994, -0.499581, 0.961931
-0.0220691, -0.44509, 0.966039
-0.0333539, -0.47495, 0.96473
stamp: 15050000000
0.475755, -0.0042574, 0.963114
-0.00756888, -0.033177, 0.952497
-0.0391461, -0.00999985, 0.955328
0.00132342, -0.00707229, 0.953084
0.00656732, -0.476007, 0.959862
-0.0241924, -0.500011, 0.961804
-0.0219996, -0.445281, 0.966096
-0.0333011, -0.475196, 0.964664
stamp: 15059000000
0.475946, -0.0043618, 0.963216
-0.00725947, -0.0332903, 0.952617
-0.0390542, -0.0101478, 0.955371
0.00142059, -0.00729037, 0.953082
0.00669211, -0.476502, 0.959762
-0.0241432, -0.500292, 0.96166
-0.0219709, -0.445604, 0.965994
-0.0331885, -0.47562, 0.964615
stamp: 15069000000
0.476173, -0.00458817, 0.963336
-0.0070375, -0.0335062, 0.952294
-0.038868, -0.0104647, 0.955456
0.00146806, -0.00751134, 0.9529
0.00675685, -0.47691, 0.959588
-0.023883, -0.500661, 0.961317
-0.0218554, -0.44606, 0.966011
-0.0330665, -0.475983, 0.964551
stamp: 15079000000
0.476418, -0.00474589, 0.963443
-0.00697075, -0.0337671, 0.952242
-0.0385925, -0.0106669, 0.955565
0.00162593, -0.00773139, 0.952888
0.00698316, -0.47729, 0.959412
-0.0237039, -0.501197, 0.96126
-0.0215164, -0.446557, 0.966047
-0.0329707, -0.476378, 0.964511
stamp: 15089000000
0.476703, -0.00500312, 0.963629
-0.00665224, -0.0341138, 0.952155
-0.038317, -0.010845, 0.95562
0.00182297, -0.00792234, 0.952818
0.0071281, -0.47758, 0.959289
-0.0235482, -0.501694, 0.961069
-0.0213166, -0.446991, 0.966111
-0.0328159, -0.476934, 0.964553
stamp: 15099000000
0.477038, -0.0051876, 0.963763
-0.00647518, -0.0343521, 0.951963
-0.0381246, -0.0111537, 0.955761
0.00209211, -0.00826219, 0.952801
0.007284, -0.478179, 0.95915
-0.0234023, -0.502106, 0.960909
-0.0211978, -0.447424, 0.966002
-0.0325246, -0.47741, 0.964338
stamp: 15109000000
0.477434, -0.00553618, 0.963884
-0.00636359, -0.0347116, 0.95189
-0.0378948, -0.011426, 0.955948
0.00250055, -0.0086468, 0.952904
0.00739712, -0.478649, 0.958834
-0.0232307, -0.502569, 0.960788
-0.0209891, -0.448048, 0.965959
-0.0321604, -0.477907, 0.964374
stamp: 15120000000
0.477787, -0.00582538, 0.964042
-0.00621761, -0.0349792, 0.951783
-0.0375862, -0.0120134, 0.95606
0.00276266, -0.00903149, 0.952872
0.00756448, -0.479181, 0.958636
-0.0230287, -0.503173, 0.960577
-0.0207525, -0.4487, 0.966058
-0.0320242, -0.478537, 0.964497
stamp: 15129000000
0.478258, -0.00619651, 0.964253
-0.00571949, -0.0355981, 0.951663
-0.0372528, -0.0124486, 0.956032
0.00312808, -0.00950882, 0.95292
0.00783417, -0.479971, 0.958542
-0.0227102, -0.503863, 0.960535
-0.0206984, -0.449355, 0.966109
-0.0317647, -0.479171, 0.964418
stamp: 15139000000
0.478744, -0.00651118, 0.964437
-0.00528305, -0.0361461, 0.95151
-0.0368947, -0.0128103, 0.956088
0.00344743, -0.00993654, 0.952843
0.00816675, -0.480502, 0.958441
-0.0224801, -0.50453, 0.960202
-0.0202539, -0.450051, 0.966314
-0.0314138, -0.479937, 0.964349
stamp: 15150000000
0.479261, -0.00700294, 0.964395
-0.00490782, -0.0366284, 0.951355
-0.036344, -0.013382, 0.956262
0.00384062, -0.0105505, 0.952772
0.00858746, -0.481171, 0.958239
-0.022229, -0.505258, 0.960067
-0.0196964, -0.450914, 0.966537
-0.030978, -0.480804, 0.964334
stamp: 15159000000
0.479624, -0.00750507, 0.964509
-0.00460626, -0.037101, 0.951183
-0.0358986, -0.0141537, 0.956271
0.00424869, -0.0111508, 0.952583
0.00907645, -0.482072, 0.958122
-0.0217145, -0.506263, 0.959882
-0.0194512, -0.451621, 0.966471
-0.0305019, -0.481638, 0.964478
stamp: 15169000000
0.480077, -0.00806118, 0.964658
-0.00383851, -0.0378864, 0.951292
-0.0353441, -0.01481, 0.956419
0.00495306, -0.0118545, 0.952706
0.00959585, -0.482948, 0.958055
-0.0211677, -0.507119, 0.959819
-0.0190369, -0.452755, 0.966487
-0.0302499, -0.482585, 0.964256
stamp: 15179000000
0.480575, -0.00881298, 0.964872
-0.0031616, -0.0387004, 0.951024
-0.0349095, -0.0156645, 0.956438
0.00551307, -0.0126011, 0.952641
0.010017, -0.484059, 0.957898
-0.0207321, -0.508064, 0.959472
-0.0186306, -0.45362, 0.966646
-0.0296896, -0.483529, 0.964242
stamp: 15189000000
0.48127, -0.00947748, 0.964979
-0.00264147, -0.0395345, 0.950683
-0.0341751, -0.0165298, 0.956661
0.00610994, -0.0134338, 0.952577
0.0105128, -0.485135, 0.957799
-0.020102, -0.509002, 0.959387
-0.0177508, -0.454781, 0.966914
-0.0291655, -0.48451, 0.964378
stamp: 15199000000
0.482013, -0.0102163, 0.965057
-0.0021321, -0.0403501, 0.950562
-0.0333258, -0.0174677, 0.956766
0.00678203, -0.014353, 0.952441
0.0111567, -0.4861, 0.957763
-0.0193558, -0.510321, 0.959481
-0.0172269, -0.455914, 0.966988
-0.0285011, -0.485692, 0.964338
stamp: 15209000000
0.482714, -0.0110505, 0.965051
-0.00125106, -0.0414324, 0.950487
-0.0325821, -0.0184429, 0.956644
0.00744796, -0.0153602, 0.952359
0.0118979, -0.487408, 0.957636
-0.0189365, -0.511417, 0.959173
-0.0167009, -0.457023, 0.966933
-0.0278119, -0.486972, 0.964345
stamp: 15219000000
0.483419, -0.0120768, 0.965181
-0.000458501, -0.042472, 0.950355
-0.0319123, -0.0196667, 0.956726
0.00836325, -0.0164623, 0.952464
0.0125124, -0.488705, 0.957541
-0.0179871, -0.51275, 0.959206
-0.0157265, -0.458608, 0.967171
-0.0271132, -0.4883, 0.964439
stamp: 15229000000
0.484346, -0.0130558, 0.96529
0.000571318, -0.0436551, 0.950166
-0.0308127, -0.0208925, 0.956662
0.00930975, -0.0176833, 0.952348
0.0133173, -0.489925, 0.957529
-0.017121, -0.514189, 0.959358
-0.0150321, -0.459943, 0.967354
-0.0262896, -0.489729, 0.964603
stamp: 15239000000
0.485288, -0.0142605, 0.965189
0.00163662, -0.0449151, 0.950121
-0.0297687, -0.0221282, 0.956939
0.0104042, -0.0188811, 0.952337
0.01408, -0.491465, 0.95742
-0.0164614, -0.515641, 0.959014
-0.0139415, -0.461405, 0.96776
-0.025391, -0.49129, 0.96458
stamp: 15250000000
0.486207, -0.0155053, 0.965096
0.00257555, -0.0462324, 0.949895
-0.028884, -0.0234321, 0.956927
0.0114378, -0.0202533, 0.952192
0.015101, -0.493118, 0.957458
-0.0152937, -0.517295, 0.959057
-0.0131501, -0.463172, 0.967723
-0.0242693, -0.492891, 0.964648
stamp: 15259000000
0.487384, -0.0168688, 0.965039
0.0037294, -0.0478289, 0.949729
-0.0275343, -0.0250941, 0.956918
0.0124235, -0.0217453, 0.952009
0.0162621, -0.494749, 0.957344
-0.0145419, -0.519, 0.959118
-0.0119373, -0.464918, 0.96804
-0.0233816, -0.494678, 0.964825
stamp: 15269000000
0.488549, -0.0182245, 0.964913
0.00496159, -0.0493056, 0.949482
-0.0263758, -0.0266436, 0.956997
0.013707, -0.0233714, 0.951961
0.0172642, -0.49654, 0.957226
-0.0131981, -0.520869, 0.959081
-0.010992, -0.466743, 0.968177
-0.0221571, -0.496555, 0.964962
stamp: 15279000000
0.489795, -0.0199004, 0.96493
0.00615067, -0.0510073, 0.949095
-0.0249893, -0.0283096, 0.956987
0.0149774, -0.0250151, 0.951873
0.0183848, -0.498381, 0.957261
-0.0120683, -0.522834, 0.958978
-0.00965565, -0.468664, 0.968465
-0.0209774, -0.498461, 0.96498
stamp: 15289000000
0.491224, -0.0215529, 0.964696
0.00754638, -0.0529093, 0.949083
-0.0237535, -0.030199, 0.957005
0.0164543, -0.0268745, 0.951859
0.0197535, -0.500537, 0.957289
-0.0107065, -0.524819, 0.958976
-0.00833569, -0.470801, 0.968648
-0.0197385, -0.500541, 0.965236
stamp: 15300000000
0.492639, -0.0232936, 0.964588
0.00897152, -0.0547231, 0.948777
-0.022131, -0.0322521, 0.957203
0.0177974, -0.0288004, 0.951682
0.0211792, -0.502841, 0.957207
-0.0093708, -0.527005, 0.958942
-0.00707881, -0.473105, 0.968673
-0.0182985, -0.502629, 0.965183
stamp: 15309000000
0.494176, -0.0251311, 0.96441
0.0106719, -0.0568425, 0.948746
-0.0206209, -0.0344371, 0.95688
0.0194665, -0.0307791, 0.951571
0.0224889, -0.505066, 0.957216
-0.00784666, -0.529502, 0.958948
-0.00565696, -0.475292, 0.96886
-0.016825, -0.505127, 0.965362
stamp: 15319000000
0.495781, -0.0273171, 0.964248
0.0120503, -0.0588527, 0.948321
-0.0188648, -0.0363264, 0.956864
0.0212153, -0.0330552, 0.951505
0.0241478, -0.507448, 0.957277
-0.00645516, -0.531852, 0.958982
-0.00402254, -0.477784, 0.969163
-0.0151929, -0.507598, 0.965504
stamp: 15329000000
0.497543, -0.0295014, 0.964126
0.0139555, -0.0611493, 0.948389
-0.017005, -0.0389613, 0.957132
0.0229047, -0.0353338, 0.951301
0.025673, -0.510137, 0.957303
-0.00469443, -0.534332, 0.958991
-0.00218973, -0.480457, 0.969609
-0.0135417, -0.510099, 0.965422
stamp: 15339000000
0.499484, -0.0318325, 0.96384
0.0159926, -0.063736, 0.948197
-0.0152594, -0.0414016, 0.956797
0.0247925, -0.0377198, 0.951164
0.0275019, -0.512753, 0.957231
-0.00299973, -0.537219, 0.959252
-0.000415836, -0.483306, 0.969688
-0.0118075, -0.51275, 0.965624
stamp: 15350000000
0.50152, -0.0343168, 0.963796
0.0177478, -0.0662491, 0.947664
-0.0130534, -0.044103, 0.956902
0.0268281, -0.0404073, 0.951049
0.0292089, -0.515675, 0.957232
-0.00126551, -0.53981, 0.959079
0.00132763, -0.486022, 0.969783
-0.00991202, -0.515617, 0.965781
stamp: 15359000000
0.503518, -0.0368215, 0.963544
0.0200161, -0.0688628, 0.947703
-0.0111464, -0.046682, 0.956781
0.0289497, -0.0430285, 0.950952
0.0311542, -0.518363, 0.957246
0.000734961, -0.542856, 0.959051
0.00333502, -0.489071, 0.969998
-0.00795128, -0.518692, 0.96596
stamp: 15369000000
0.505881, -0.0396328, 0.963407
0.0222039, -0.071789, 0.947576
-0.00878344, -0.0495018, 0.956775
0.0310513, -0.0459232, 0.950837
0.0333244, -0.521662, 0.957348
0.00292933, -0.545848, 0.95922
0.0052818, -0.492118, 0.970095
-0.00592999, -0.521809, 0.966078
stamp: 15379000000
0.508293, -0.0425544, 0.963237
0.0245218, -0.0747842, 0.947168
-0.00654001, -0.0525674, 0.956742
0.0333477, -0.0489083, 0.950588
0.0353003, -0.524943, 0.957191
0.00520882, -0.549157, 0.959282
0.00749697, -0.495473, 0.970188
-0.00363841, -0.525098, 0.966093
stamp: 15389000000
0.510786, -0.045646, 0.963042
0.0270674, -0.0779165, 0.947041
-0.00408914, -0.0557141, 0.956664
0.0357465, -0.0520586, 0.950496
0.0376646, -0.528344, 0.957327
0.00733896, -0.552605, 0.959327
0.00974388, -0.49895, 0.970329
-0.00132594, -0.528621, 0.966329
stamp: 15400000000
0.513405, -0.0487966, 0.962942
0.0295352, -0.0811839, 0.947104
-0.00169334, -0.0590846, 0.956664
0.0383506, -0.0552963, 0.950364
0.0399635, -0.531818, 0.957207
0.00971173, -0.556169, 0.9593
0.0120703, -0.502514, 0.97049
0.000998572, -0.532182, 0.966465
stamp: 15409000000
0.516173, -0.052078, 0.962811
0.0322585, -0.0846304, 0.946945
0.00103222, -0.0626784, 0.956574
0.0409669, -0.0587493, 0.950229
0.0424801, -0.535427, 0.957181
0.0122624, -0.559951, 0.959427
0.0148222, -0.506159, 0.970968
0.00355836, -0.535928, 0.966545
stamp: 15419000000
0.519067, -0.0556699, 0.962698
0.0349431, -0.0882496, 0.946796
0.00399365, -0.0662304, 0.956605
0.0437353, -0.0623429, 0.950123
0.0450461, -0.539168, 0.957183
0.0148028, -0.563708, 0.959309
0.017388, -0.510054, 0.970919
0.00625947, -0.539876, 0.96644
stamp: 15429000000
0.522102, -0.0593893, 0.962745
0.0378641, -0.0918583, 0.94657
0.00693393, -0.0700646, 0.956677
0.0466091, -0.0661042, 0.950014
0.047759, -0.543208, 0.957272
0.0175572, -0.567834, 0.959291
0.0200866, -0.514159, 0.971186
0.00913373, -0.543827, 0.966362
stamp: 15439000000
0.525357, -0.0631198, 0.962576
0.0411009, -0.0959126, 0.946468
0.00995705, -0.0739853, 0.956477
0.0496315, -0.0699663, 0.949878
0.0507756, -0.547485, 0.957387
0.0206968, -0.571867, 0.959193
0.0230137, -0.518474, 0.971317
0.0118967, -0.548027, 0.966444
stamp: 15450000000
0.528567, -0.0671341, 0.962576
0.0440351, -0.0999786, 0.946412
0.0130469, -0.0777877, 0.95634
0.0529169, -0.074048, 0.94981
0.0537448, -0.55152, 0.957192
0.0235448, -0.576245, 0.958979
0.0259913, -0.522738, 0.971397
0.0147681, -0.552352, 0.966567
stamp: 15460000000
0.532123, -0.071244, 0.962614
0.0472958, -0.103982, 0.946281
0.0164689, -0.0822166, 0.956294
0.0562114, -0.0782296, 0.949795
0.0567608, -0.556079, 0.957294
0.0264264, -0.580501, 0.959055
0.0289095, -0.527278, 0.971289
0.0179279, -0.556822, 0.966878
stamp: 15469000000
0.535907, -0.0754347, 0.962615
0.0509474, -0.108468, 0.946091
0.0197755, -0.0865754, 0.95628
0.0595538, -0.0825166, 0.949649
0.060203, -0.560571, 0.957366
0.0297157, -0.584957, 0.959058
0.0323153, -0.532002, 0.971576
0.0212627, -0.561513, 0.966906
stamp: 15479000000
0.539667, -0.0799236, 0.96268
0.0544166, -0.112985, 0.946257
0.0233188, -0.0910564, 0.956399
0.0630762, -0.0870464, 0.949628
0.0634232, -0.565581, 0.957412
0.0328053, -0.589775, 0.959391
0.0357301, -0.536745, 0.971704
0.0245194, -0.566348, 0.967055
stamp: 15490000000
0.543494, -0.0844819, 0.962823
0.0580833, -0.117592, 0.946308
0.0269742, -0.0956352, 0.956341
0.066789, -0.0916441, 0.94958
0.0668934, -0.570501, 0.957577
0.0366679, -0.594867, 0.959469
0.0392099, -0.541605, 0.971763
0.0282133, -0.571219, 0.967278
stamp: 15500000000
0.547739, -0.0892558, 0.962873
0.0620604, -0.122308, 0.946349
0.0306106, -0.100603, 0.956273
0.0705228, -0.0964306, 0.949531
0.0707137, -0.575771, 0.957762
0.0400634, -0.599887, 0.959706
0.0430027, -0.546875, 0.972223
0.0317946, -0.576289, 0.967454
stamp: 15509000000
0.551939, -0.0941747, 0.963062
0.0659082, -0.127186, 0.94602
0.0347327, -0.105659, 0.956249
0.0744487, -0.10146, 0.949518
0.0743036, -0.581236, 0.958165
0.0440303, -0.60541, 0.960002
0.0465871, -0.552025, 0.97225
0.0355545, -0.581775, 0.967785
stamp: 15520000000
0.556455, -0.0992747, 0.963181
0.0698572, -0.132392, 0.946083
0.038713, -0.110708, 0.956358
0.0784884, -0.10657, 0.949537
0.0784663, -0.586508, 0.958358
0.0482212, -0.610976, 0.960479
0.0505955, -0.557576, 0.972368
0.0395435, -0.58727, 0.967982
stamp: 15529000000
0.561005, -0.104402, 0.9635
0.0741182, -0.137657, 0.946295
0.0430861, -0.115867, 0.956562
0.0827002, -0.111736, 0.949535
0.0825041, -0.592246, 0.95856
0.0523371, -0.616724, 0.960799
0.0548673, -0.563432, 0.972897
0.0435451, -0.592936, 0.968319
stamp: 15539000000
0.565695, -0.109815, 0.963785
0.0784491, -0.142972, 0.946321
0.0474021, -0.121227, 0.956746
0.0869898, -0.117157, 0.949594
0.0867132, -0.598007, 0.958801
0.0565849, -0.62262, 0.961211
0.0590728, -0.569238, 0.973165
0.0478909, -0.598791, 0.968611
stamp: 15549000000
0.570572, -0.115379, 0.964073
0.0832646, -0.148593, 0.946547
0.0518516, -0.126853, 0.956795
0.0915375, -0.122705, 0.9496
0.0911113, -0.604027, 0.959185
0.0607976, -0.628568, 0.961601
0.0633246, -0.575163, 0.973516
0.0522729, -0.604436, 0.969162
stamp: 15559000000
0.575514, -0.120964, 0.9644
0.0875643, -0.154241, 0.946673
0.0563976, -0.132544, 0.956887
0.0962105, -0.128388, 0.949807
0.095648, -0.610235, 0.959458
0.0655282, -0.634742, 0.962047
0.0681167, -0.581227, 0.973947
0.0568031, -0.610641, 0.969432
stamp: 15569000000
0.580573, -0.126827, 0.964765
0.0923254, -0.160031, 0.946712
0.0612948, -0.138255, 0.957015
0.100906, -0.134226, 0.949873
0.100228, -0.616317, 0.959693
0.07028, -0.640944, 0.962299
0.0725508, -0.587483, 0.974117
0.0616129, -0.617153, 0.969847
stamp: 15579000000
0.585834, -0.132705, 0.965086
0.0972875, -0.166065, 0.946999
0.0661331, -0.144217, 0.957157
0.105861, -0.140136, 0.950114
0.105162, -0.622809, 0.959853
0.075151, -0.647476, 0.962892
0.0774087, -0.593858, 0.974321
0.0663372, -0.623514, 0.970392
stamp: 15589000000
0.591245, -0.138748, 0.965502
0.102232, -0.172157, 0.947419
0.0711572, -0.150403, 0.957394
0.110803, -0.146202, 0.950286
0.109809, -0.629297, 0.960237
0.0800016, -0.654011, 0.963393
0.0822916, -0.600402, 0.974699
0.0713493, -0.630035, 0.970782
stamp: 15599000000
0.596622, -0.145018, 0.965831
0.107504, -0.178385, 0.947794
0.0761963, -0.156542, 0.957606
0.116088, -0.152495, 0.95065
0.114922, -0.636001, 0.96057
0.0851265, -0.660841, 0.963668
0.0874182, -0.607013, 0.974818
0.0764125, -0.636774, 0.971152
stamp: 15609000000
0.602309, -0.151426, 0.96615
0.112742, -0.184874, 0.947959
0.0815367, -0.162877, 0.957739
0.121328, -0.158835, 0.95082
0.120305, -0.642837, 0.960758
0.0904117, -0.667746, 0.964262
0.0923906, -0.613814, 0.974904
0.08163, -0.643664, 0.971611
stamp: 15619000000
0.608095, -0.157914, 0.966489
0.118157, -0.19131, 0.948404
0.0869425, -0.169378, 0.957942
0.126535, -0.165324, 0.950914
0.125538, -0.649705, 0.96097
0.095912, -0.67471, 0.964856
0.0977746, -0.620676, 0.97519
0.0870248, -0.650643, 0.972016
stamp: 15629000000
0.614225, -0.164494, 0.966733
0.123529, -0.197887, 0.948564
0.0924148, -0.17595, 0.95815
0.132186, -0.171936, 0.951491
0.131136, -0.656944, 0.961779
0.101357, -0.681697, 0.965411
0.103294, -0.627821, 0.975405
0.0924514, -0.657801, 0.97234
stamp: 15639000000
0.620211, -0.1712, 0.967016
0.129412, -0.20466, 0.949329
0.0979422, -0.182756, 0.958596
0.13774, -0.178716, 0.951804
0.136802, -0.664028, 0.962141
0.107028, -0.688922, 0.965755
0.108879, -0.634917, 0.975676
0.0980415, -0.664974, 0.972717
stamp: 15649000000
0.626309, -0.178076, 0.967363
0.135291, -0.211754, 0.949874
0.103631, -0.189617, 0.958791
0.143492, -0.18552, 0.952119
0.142564, -0.671225, 0.962379
0.112899, -0.696277, 0.966308
0.114578, -0.642231, 0.975772
0.103872, -0.672139, 0.973068
stamp: 15659000000
0.632593, -0.185066, 0.967553
0.140944, -0.218654, 0.95017
0.109464, -0.196517, 0.959372
0.149483, -0.192493, 0.952609
0.148312, -0.678617, 0.962668
0.118883, -0.703723, 0.966725
0.120437, -0.649623, 0.976019
0.109784, -0.679526, 0.973379
stamp: 15669000000
0.63907, -0.192049, 0.967739
0.147099, -0.225714, 0.950932
0.115551, -0.203399, 0.959596
0.155428, -0.199577, 0.953025
0.154508, -0.686127, 0.963149
0.124961, -0.711377, 0.967159
0.126449, -0.657124, 0.976185
0.11582, -0.687111, 0.973688
stamp: 15679000000
0.645498, -0.199168, 0.967873
0.153039, -0.232831, 0.951317
0.121612, -0.210554, 0.95997
0.161422, -0.206813, 0.953458
0.160593, -0.693589, 0.963363
0.131188, -0.718791, 0.967478
0.132524, -0.664682, 0.976406
0.122027, -0.694673, 0.973822
stamp: 15689000000
0.65204, -0.206387, 0.968083
0.159305, -0.240017, 0.952082
0.127771, -0.217732, 0.960511
0.1678, -0.214112, 0.954032
0.167098, -0.701281, 0.963478
0.137567, -0.726569, 0.967856
0.138711, -0.672123, 0.976422
0.128206, -0.702419, 0.974245
stamp: 15700000000
0.658679, -0.213664, 0.968281
0.165669, -0.247539, 0.952617
0.134254, -0.225146, 0.961071
0.174123, -0.221374, 0.954308
0.173462, -0.709017, 0.963866
0.144056, -0.734271, 0.968211
0.145112, -0.67983, 0.976562
0.134832, -0.71017, 0.974335
stamp: 15709000000
0.665439, -0.221077, 0.968372
0.17219, -0.255014, 0.953078
0.14085, -0.232552, 0.961634
0.180689, -0.228826, 0.954891
0.179965, -0.716834, 0.963968
0.150585, -0.742021, 0.968573
0.151631, -0.687822, 0.976616
0.141268, -0.717957, 0.974691
stamp: 15719000000
0.672248, -0.228394, 0.968466
0.178841, -0.262475, 0.953702
0.147596, -0.240074, 0.962319
0.187102, -0.236411, 0.95501
0.186753, -0.724516, 0.964191
0.157323, -0.749988, 0.968823
0.158332, -0.695642, 0.976659
0.148009, -0.725839, 0.974832
stamp: 15729000000
0.67922, -0.23593, 0.968453
0.185509, -0.270175, 0.954018
0.15419, -0.247624, 0.96267
0.193951, -0.244008, 0.955625
0.19345, -0.732484, 0.964326
0.164317, -0.75794, 0.969261
0.165157, -0.703632, 0.976756
0.154846, -0.733685, 0.974945
stamp: 15739000000
0.686322, -0.243473, 0.968628
0.19237, -0.277806, 0.954825
0.161023, -0.255372, 0.96319
0.200742, -0.251712, 0.956046
0.200636, -0.740565, 0.964669
0.171218, -0.765858, 0.969613
0.172074, -0.711382, 0.976779
0.161726, -0.741685, 0.97517
stamp: 15749000000
0.693435, -0.25114, 0.968743
0.199224, -0.285546, 0.955368
0.167802, -0.262982, 0.963681
0.20763, -0.259373, 0.956399
0.207556, -0.748725, 0.965
0.178409, -0.774027, 0.96991
0.179113, -0.719506, 0.976709
0.168823, -0.749831, 0.975241
stamp: 15759000000
0.700718, -0.258873, 0.968814
0.206237, -0.293363, 0.956179
0.174881, -0.270746, 0.963926
0.214741, -0.267086, 0.957094
0.214865, -0.756735, 0.965123
0.185623, -0.781958, 0.970102
0.186115, -0.727507, 0.97669
0.176085, -0.757758, 0.975377
stamp: 15769000000
0.708053, -0.266586, 0.968932
0.213282, -0.301124, 0.956788
0.182041, -0.278438, 0.964309
0.221736, -0.274939, 0.957593
0.22216, -0.764889, 0.965163
0.192838, -0.790142, 0.970282
0.193645, -0.735463, 0.976617
0.183325, -0.765883, 0.975457
stamp: 15779000000
0.715513, -0.274335, 0.969071
0.220358, -0.308967, 0.957582
0.188984, -0.286182, 0.964569
0.228894, -0.28284, 0.958166
0.229499, -0.772891, 0.965409
0.200376, -0.798198, 0.970637
0.201051, -0.743658, 0.976689
0.190786, -0.774061, 0.975741
stamp: 15789000000
0.723055, -0.282138, 0.969126
0.227597, -0.316877, 0.958205
0.196192, -0.293878, 0.964709
0.236191, -0.290751, 0.958827
0.237284, -0.781087, 0.965658
0.207944, -0.806434, 0.971092
0.208457, -0.751817, 0.976497
0.198442, -0.782128, 0.975977
stamp: 15800000000
0.730679, -0.289947, 0.969367
0.234888, -0.324824, 0.959018
0.203493, -0.301848, 0.965009
0.243564, -0.298721, 0.95947
0.244741, -0.789321, 0.965952
0.215624, -0.814656, 0.971414
0.216295, -0.759871, 0.976676
0.206063, -0.790247, 0.975999
stamp: 15809000000
0.738293, -0.297651, 0.96958
0.242391, -0.332768, 0.959902
0.210785, -0.30965, 0.965392
0.250989, -0.306627, 0.960179
0.252711, -0.797476, 0.966246
0.223355, -0.822847, 0.971879
0.224124, -0.76805, 0.976328
0.213904, -0.798403, 0.976066
stamp: 15819000000
0.745915, -0.305605, 0.969776
0.249913, -0.340721, 0.96064
0.21836, -0.317594, 0.965903
0.258487, -0.314641, 0.960726
0.260697, -0.805589, 0.966424
0.231333, -0.83092, 0.972006
0.232013, -0.776218, 0.976427
0.221785, -0.806572, 0.976336
stamp: 15829000000
0.753638, -0.313325, 0.969982
0.257538, -0.348734, 0.961517
0.225917, -0.325382, 0.966405
0.265967, -0.322527, 0.961177
0.268621, -0.813941, 0.966665
0.239453, -0.839052, 0.97243
0.239902, -0.784242, 0.9766
0.229791, -0.814617, 0.976498
stamp: 15839000000
0.761524, -0.32116, 0.970149
0.26512, -0.356681, 0.962452
0.233624, -0.333417, 0.966927
0.273666, -0.330511, 0.961781
0.276675, -0.822066, 0.966871
0.24758, -0.847307, 0.972819
0.247972, -0.792355, 0.976488
0.237771, -0.822881, 0.976632
stamp: 15850000000
0.769383, -0.328816, 0.970303
0.272785, -0.364582, 0.96343
0.241484, -0.341248, 0.967684
0.28143, -0.338389, 0.962397
0.285109, -0.830248, 0.967181
0.255505, -0.855384, 0.973406
0.256109, -0.80058, 0.976222
0.245961, -0.830923, 0.97688
stamp: 15860000000
0.777319, -0.336561, 0.970872
0.280625, -0.372395, 0.964352
0.249157, -0.348887, 0.968455
0.289255, -0.346277, 0.962999
0.293443, -0.837981, 0.967394
0.263782, -0.863385, 0.973742
0.264372, -0.808418, 0.976048
0.254257, -0.838991, 0.977081
stamp: 15869000000
0.785225, -0.344152, 0.970968
0.288471, -0.380254, 0.965194
0.257065, -0.356829, 0.969185
0.297069, -0.354214, 0.963486
0.301578, -0.846031, 0.967604
0.272225, -0.871398, 0.974207
0.272749, -0.816533, 0.976089
0.262774, -0.846939, 0.977224
stamp: 15879000000
0.793095, -0.351853, 0.971255
0.296355, -0.388095, 0.966031
0.264925, -0.36465, 0.969885
0.305038, -0.362042, 0.964142
0.310229, -0.854197, 0.968015
0.280673, -0.879358, 0.974442
0.281274, -0.824583, 0.976035
0.271021, -0.854777, 0.977353
stamp: 15889000000
0.801204, -0.359378, 0.971572
0.304321, -0.395801, 0.96673
0.272967, -0.372359, 0.970621
0.313023, -0.369883, 0.964685
0.318785, -0.862107, 0.9683
0.28918, -0.887439, 0.974983
0.289657, -0.832377, 0.976066
0.279533, -0.862636, 0.977557
stamp: 15900000000
0.809284, -0.367012, 0.971827
0.312225, -0.403548, 0.967544
0.280859, -0.37999, 0.971204
0.320971, -0.377622, 0.965362
0.327379, -0.869982, 0.968601
0.297973, -0.895149, 0.975442
0.298118, -0.840173, 0.975963
0.288172, -0.870524, 0.977671
stamp: 15909000000
0.817218, -0.374248, 0.972093
0.320361, -0.411206, 0.968392
0.288858, -0.387557, 0.971655
0.328998, -0.385307, 0.966125
0.336087, -0.877705, 0.96892
0.306762, -0.902907, 0.975764
0.30711, -0.847872, 0.975832
0.296985, -0.878157, 0.977827
stamp: 15919000000
0.825418, -0.381481, 0.972575
0.328259, -0.419007, 0.969116
0.296875, -0.395199, 0.972162
0.337024, -0.393024, 0.966675
0.34491, -0.88561, 0.969137
0.315598, -0.910601, 0.976153
0.315863, -0.855772, 0.975788
0.305705, -0.885886, 0.978024
stamp: 15929000000
0.83361, -0.388773, 0.972829
0.336229, -0.426526, 0.969887
0.305025, -0.40275, 0.972503
0.34505, -0.400585, 0.967284
0.353775, -0.893197, 0.969321
0.324367, -0.91816, 0.976389
0.32487, -0.863123, 0.975537
0.31462, -0.893483, 0.978047
stamp: 15939000000
0.841652, -0.395725, 0.972892
0.344303, -0.433915, 0.970508
0.31305, -0.41024, 0.97293
0.353194, -0.408026, 0.96798
0.362917, -0.900874, 0.969571
0.333374, -0.925701, 0.977009
0.333669, -0.870631, 0.97542
0.323446, -0.901058, 0.97823
stamp: 15950000000
0.849897, -0.402655, 0.973161
0.352654, -0.441339, 0.971054
0.32122, -0.417731, 0.973579
0.361305, -0.415477, 0.968512
0.371714, -0.908318, 0.969876
0.342356, -0.933061, 0.977204
0.342747, -0.878134, 0.975572
0.332564, -0.908317, 0.978246
stamp: 15959000000
0.858197, -0.409508, 0.973524
0.360801, -0.448667, 0.971754
0.329399, -0.42495, 0.973829
0.369506, -0.422829, 0.96881
0.380953, -0.91565, 0.970251
0.351386, -0.940367, 0.977719
0.351672, -0.88554, 0.975356
0.341578, -0.915596, 0.978443
stamp: 15969000000
0.866332, -0.416195, 0.973749
0.369031, -0.455932, 0.972409
0.33764, -0.432021, 0.974338
0.377726, -0.430111, 0.969223
0.390112, -0.922937, 0.970399
0.360372, -0.947469, 0.977785
0.36102, -0.892703, 0.974823
0.350689, -0.922827, 0.978514
stamp: 15979000000
0.874536, -0.422714, 0.973741
0.377517, -0.462955, 0.973034
0.346018, -0.439189, 0.974756
0.386142, -0.437169, 0.969544
0.399108, -0.929901, 0.970578
0.369628, -0.954558, 0.97819
0.370072, -0.899644, 0.974693
0.359854, -0.92976, 0.978526
stamp: 15989000000
0.882608, -0.428807, 0.973975
0.385747, -0.469802, 0.973407
0.354416, -0.446022, 0.975301
0.394398, -0.444128, 0.969735
0.4084, -0.936868, 0.970812
0.378771, -0.961445, 0.978582
0.379225, -0.906639, 0.974617
0.369106, -0.936593, 0.978447
stamp: 15999000000
0.890975, -0.435, 0.97405
0.394159, -0.476534, 0.973948
0.362896, -0.452732, 0.975583
0.402826, -0.450927, 0.969951
0.41772, -0.943865, 0.971067
0.388006, -0.96817, 0.978723
0.388495, -0.913214, 0.974312
0.378208, -0.943357, 0.978538
stamp: 16009000000
0.899059, -0.440968, 0.974184
0.402496, -0.483265, 0.974439
0.371237, -0.459567, 0.975737
0.41126, -0.457513, 0.970151
0.426969, -0.950324, 0.971215
0.397149, -0.974666, 0.978923
0.39774, -0.92007, 0.974277
0.387458, -0.949992, 0.978538
stamp: 16019000000
0.907207, -0.446963, 0.974313
0.410987, -0.489622, 0.974773
0.379724, -0.465949, 0.975967
0.419607, -0.464087, 0.970607
0.436449, -0.957108, 0.971321
0.406596, -0.981216, 0.979118
0.407299, -0.926473, 0.973746
0.396837, -0.956438, 0.978445
stamp: 16029000000
0.915526, -0.452596, 0.974373
0.41967, -0.495924, 0.975225
0.388235, -0.472122, 0.976121
0.428051, -0.470421, 0.970595
0.445626, -0.963408, 0.971439
0.415987, -0.987469, 0.979107
0.416424, -0.932765, 0.973698
0.406061, -0.96259, 0.978349
stamp: 16039000000
0.923872, -0.457916, 0.974311
0.427987, -0.502102, 0.975666
0.396673, -0.47833, 0.976071
0.436638, -0.476562, 0.970542
0.454979, -0.969563, 0.971654
0.425263, -0.993545, 0.979336
0.425917, -0.938899, 0.973178
0.415503, -0.968685, 0.978275
stamp: 16050000000
0.932107, -0.46326, 0.974313
0.436543, -0.508076, 0.975929
0.405213, -0.48417, 0.975947
0.445212, -0.482554, 0.970621
0.464558, -0.975512, 0.971599
0.434451, -0.99944, 0.979428
0.435136, -0.944853, 0.972931
0.424836, -0.974612, 0.978086
stamp: 16059000000
0.940334, -0.468229, 0.974201
0.445162, -0.513729, 0.976049
0.413783, -0.490118, 0.975622
0.453752, -0.488426, 0.970722
0.473824, -0.981201, 0.971737
0.443864, -1.0051, 0.979609
0.444649, -0.950612, 0.97255
0.434249, -0.980327, 0.977795
stamp: 16069000000
0.948625, -0.472942, 0.974114
0.453886, -0.519447, 0.97611
0.422402, -0.495855, 0.975327
0.462346, -0.493999, 0.970532
0.483195, -0.986748, 0.971793
0.453206, -1.01058, 0.97973
0.454039, -0.956043, 0.972232
0.443563, -0.985715, 0.977924
stamp: 16079000000
0.956867, -0.477751, 0.973931
0.462381, -0.524902, 0.976225
0.430973, -0.501288, 0.974985
0.471069, -0.499311, 0.970332
0.492591, -0.992102, 0.971833
0.462575, -1.0158, 0.979813
0.46342, -0.961524, 0.971799
0.452876, -0.991064, 0.977614
stamp: 16089000000
0.965231, -0.48198, 0.973773
0.471134, -0.52988, 0.975985
0.439551, -0.506392, 0.97458
0.47978, -0.504556, 0.969956
0.502042, -0.997175, 0.971946
0.471957, -1.02087, 0.97983
0.472693, -0.966616, 0.971555
0.462186, -0.996214, 0.977304
stamp: 16099000000
0.97356, -0.486182, 0.973526
0.479663, -0.534989, 0.975918
0.448148, -0.511574, 0.974253
0.488433, -0.509692, 0.969818
0.51135, -1.00205, 0.971871
0.481312, -1.02575, 0.979747
0.482135, -0.971411, 0.971273
0.471643, -1.00107, 0.977257
stamp: 16109000000
0.98178, -0.490194, 0.973341
0.488478, -0.539777, 0.975653
0.456988, -0.516245, 0.973961
0.497065, -0.51447, 0.969642
0.520797, -1.00689, 0.971767
0.490614, -1.03035, 0.979744
0.491476, -0.976233, 0.970773
0.480977, -1.00582, 0.976851
stamp: 16119000000
0.990181, -0.493836, 0.973055
0.49714, -0.544381, 0.975599
0.465649, -0.520952, 0.973522
0.505773, -0.519054, 0.969288
0.530137, -1.01119, 0.971584
0.500033, -1.03477, 0.979656
0.500749, -0.980727, 0.970583
0.490289, -1.01017, 0.976809
stamp: 16129000000
0.998441, -0.497258, 0.97284
0.505871, -0.548553, 0.975053
0.47441, -0.525196, 0.973189
0.514636, -0.523364, 0.968781
0.539449, -1.01552, 0.971598
0.50925, -1.03889, 0.97959
0.510082, -0.984913, 0.970281
0.499539, -1.01446, 0.976487
stamp: 16139000000
1.00663, -0.500399, 0.972372
0.514563, -0.552587, 0.974943
0.483196, -0.529135, 0.972661
0.523503, -0.527368, 0.96854
0.548737, -1.01936, 0.971555
0.518631, -1.04288, 0.979459
0.519535, -0.988924, 0.969984
0.508868, -1.01828, 0.97638
stamp: 16150000000
1.01494, -0.503436, 0.972216
0.523368, -0.556522, 0.97483
0.492055, -0.533078, 0.972292
0.532278, -0.531198, 0.968172
0.558028, -1.02308, 0.971398
0.527802, -1.04675, 0.979505
0.528859, -0.992666, 0.969722
0.518193, -1.02195, 0.976153
stamp: 16159000000
1.0233, -0.506062, 0.971807
0.532208, -0.560107, 0.974468
0.500749, -0.5367, 0.971745
0.540967, -0.534835, 0.967884
0.567271, -1.0268, 0.971387
0.537028, -1.05017, 0.979365
0.538071, -0.996295, 0.96929
0.52736, -1.02557, 0.975713
stamp: 16169000000
1.0315, -0.508565, 0.971551
0.540996, -0.563472, 0.974112
0.509428, -0.540027, 0.971384
0.549767, -0.538178, 0.967508
0.576518, -1.02989, 0.971247
0.546323, -1.05336, 0.979321
0.547238, -0.999555, 0.969028
0.536469, -1.02878, 0.97567
stamp: 16179000000
1.03968, -0.510693, 0.971176
0.549743, -0.566394, 0.973913
0.518225, -0.542953, 0.970789
0.558401, -0.541317, 0.967088
0.585733, -1.03297, 0.971127
0.555422, -1.0564, 0.979208
0.556591, -1.00258, 0.968624
0.54579, -1.03181, 0.975479
stamp: 16189000000
1.04782, -0.512764, 0.970933
0.558459, -0.569293, 0.973323
0.526816, -0.545926, 0.970249
0.567165, -0.544154, 0.966657
0.594879, -1.03586, 0.971122
0.564485, -1.05921, 0.979237
0.56554, -1.00538, 0.968496
0.554864, -1.03462, 0.975375
stamp: 16200000000
1.0561, -0.514446, 0.970524
0.567112, -0.571951, 0.973262
0.535772, -0.548588, 0.969879
0.576008, -0.546746, 0.966416
0.603945, -1.03827, 0.971321
0.573537, -1.06162, 0.979183
0.574714, -1.00781, 0.968219
0.56386, -1.03709, 0.975176
stamp: 16209000000
1.06427, -0.516017, 0.970144
0.575882, -0.574192, 0.972931
0.544276, -0.55092, 0.969578
0.584714, -0.54899, 0.966182
0.612947, -1.04057, 0.971319
0.58256, -1.0639, 0.979212
0.58381, -1.01017, 0.968048
0.57288, -1.03929, 0.975063
stamp: 16219000000
1.07247, -0.517211, 0.969762
0.58464, -0.576238, 0.972867
0.553093, -0.552885, 0.969152
0.593375, -0.551076, 0.965867
0.621869, -1.04244, 0.971413
0.591426, -1.06588, 0.979318
0.592767, -1.0121, 0.967873
0.581895, -1.04134, 0.974863
stamp: 16229000000
1.08064, -0.518222, 0.969415
0.59317, -0.578022, 0.972643
0.561753, -0.554891, 0.968552
0.602044, -0.552802, 0.96552
0.630834, -1.04425, 0.971481
0.60034, -1.06762, 0.979322
0.601604, -1.01382, 0.967913
0.590769, -1.04312, 0.974791
stamp: 16239000000
1.08866, -0.519024, 0.969165
0.602154, -0.579382, 0.971958
0.570346, -0.556468, 0.96819
0.610573, -0.554301, 0.965221
0.639618, -1.04579, 0.971769
0.609102, -1.06906, 0.979429
0.610491, -1.01527, 0.967913
0.599516, -1.04453, 0.974875
stamp: 16250000000
1.09666, -0.519478, 0.968943
0.610595, -0.580613, 0.972018
0.578938, -0.55767, 0.967895
0.619294, -0.555473, 0.965111
0.648403, -1.04706, 0.971864
0.617936, -1.0703, 0.979368
0.619382, -1.01653, 0.967976
0.608407, -1.04579, 0.97499
stamp: 16260000000
1.10468, -0.519723, 0.968621
0.619162, -0.581344, 0.971824
0.587408, -0.5585, 0.967671
0.627889, -0.556294, 0.964936
0.657307, -1.0479, 0.971871
0.626707, -1.07123, 0.979657
0.628092, -1.01751, 0.967934
0.617115, -1.04685, 0.975044
stamp: 16269000000
1.11269, -0.519596, 0.968216
0.627883, -0.582002, 0.971659
0.596179, -0.55931, 0.967245
0.636338, -0.557004, 0.964837
0.665811, -1.04863, 0.97225
0.635366, -1.07203, 0.979767
0.636636, -1.01831, 0.968079
0.625773, -1.0476, 0.975158
stamp: 16279000000
1.12058, -0.519337, 0.96799
0.636332, -0.582459, 0.971733
0.604781, -0.559759, 0.967075
0.644922, -0.557236, 0.964693
0.674426, -1.04894, 0.972461
0.643815, -1.07245, 0.980067
0.645157, -1.01868, 0.968174
0.634306, -1.04808, 0.975325
stamp: 16290000000
1.12859, -0.518698, 0.967675
0.644772, -0.582392, 0.971785
0.613112, -0.559898, 0.966707
0.653381, -0.557278, 0.964553
0.682965, -1.04907, 0.972769
0.652539, -1.07257, 0.980305
0.653554, -1.01905, 0.968355
0.642866, -1.04824, 0.975474
stamp: 16300000000
1.13631, -0.518124, 0.967451
0.653459, -0.582107, 0.971339
0.621526, -0.559524, 0.966462
0.661802, -0.556989, 0.964375
0.691348, -1.04893, 0.972997
0.660782, -1.07241, 0.980653
0.662131, -1.01885, 0.968468
0.651204, -1.04811, 0.975797
stamp: 16310000000
1.14431, -0.517151, 0.967216
0.661767, -0.581635, 0.971655
0.629923, -0.559191, 0.966418
0.670128, -0.556535, 0.964484
0.699673, -1.04859, 0.973411
0.669304, -1.07194, 0.98099
0.670273, -1.01866, 0.968569
0.659641, -1.0478, 0.975899
stamp: 16319000000
1.15196, -0.515973, 0.967226
0.670088, -0.580797, 0.971653
0.638299, -0.558463, 0.966274
0.678576, -0.555663, 0.964209
0.707929, -1.04795, 0.973861
0.677402, -1.07132, 0.981389
0.678564, -1.01793, 0.968818
0.667851, -1.0471, 0.976377
stamp: 16329000000
1.15981, -0.514355, 0.967077
0.678502, -0.579601, 0.971218
0.646531, -0.557458, 0.966106
0.686858, -0.554515, 0.964168
0.715941, -1.04696, 0.97432
0.685657, -1.07036, 0.981792
0.68668, -1.01711, 0.968984
0.675943, -1.04616, 0.976641
stamp: 16339000000
1.1675, -0.512731, 0.966955
0.686681, -0.578231, 0.971198
0.654795, -0.555879, 0.965788
0.695003, -0.552887, 0.964227
0.724117, -1.04567, 0.974638
0.693727, -1.06922, 0.9823
0.694674, -1.01595, 0.969138
0.684049, -1.0451, 0.976738
stamp: 16350000000
1.17525, -0.51062, 0.966974
0.694766, -0.576497, 0.971348
0.662886, -0.554386, 0.965748
0.703134, -0.551238, 0.964265
0.732134, -1.04405, 0.975088
0.701795, -1.06774, 0.982558
0.70264, -1.01444, 0.969344
0.692045, -1.04354, 0.97712
stamp: 16359000000
1.18276, -0.508398, 0.967073
0.702927, -0.574701, 0.971321
0.671166, -0.552444, 0.965563
0.711332, -0.549423, 0.964278
0.739986, -1.04229, 0.975463
0.709542, -1.06594, 0.982944
0.710398, -1.01292, 0.969595
0.699873, -1.04197, 0.977164
stamp: 16369000000
1.19039, -0.506036, 0.967279
0.710921, -0.572341, 0.970937
0.679154, -0.550208, 0.965528
0.719284, -0.547226, 0.964231
0.74764, -1.04041, 0.975748
0.717426, -1.06414, 0.983292
0.718253, -1.01089, 0.969884
0.707629, -1.03993, 0.977631
stamp: 16379000000
1.19785, -0.503121, 0.96743
0.719107, -0.569901, 0.971031
0.687089, -0.547783, 0.965421
0.727212, -0.544513, 0.964291
0.75539, -1.03807, 0.976057
0.725205, -1.06178, 0.98353
0.725823, -1.00867, 0.970187
0.715194, -1.03777, 0.977946
stamp: 16389000000
1.20524, -0.500246, 0.96772
0.727023, -0.567303, 0.971115
0.695062, -0.545024, 0.965473
0.735178, -0.541733, 0.964491
0.763055, -1.03547, 0.976499
0.732736, -1.05932, 0.983778
0.733306, -1.00622, 0.970449
0.722822, -1.03534, 0.977926
stamp: 16400000000
1.21257, -0.497058, 0.967986
0.734855, -0.564143, 0.97084
0.702705, -0.541898, 0.965628
0.743098, -0.538681, 0.964605
0.770673, -1.03269, 0.97673
0.740112, -1.05654, 0.983899
0.740802, -1.00336, 0.970634
0.73033, -1.03248, 0.978184
stamp: 16409000000
1.21987, -0.493782, 0.968347
0.742574, -0.560847, 0.971031
0.71049, -0.538588, 0.965829
0.750784, -0.535387, 0.96473
0.777978, -1.02955, 0.976999
0.747624, -1.05365, 0.984052
0.748284, -1.00025, 0.970752
0.737786, -1.02948, 0.978344
stamp: 16419000000
1.22712, -0.490192, 0.968691
0.750283, -0.557348, 0.971209
0.718226, -0.535147, 0.965967
0.758575, -0.531749, 0.964932
0.785238, -1.02634, 0.97717
0.755016, -1.05027, 0.984389
0.755477, -0.997048, 0.970906
0.745078, -1.02626, 0.978371
stamp: 16430000000
1.2344, -0.486208, 0.968982
0.757954, -0.553381, 0.971261
0.725916, -0.53116, 0.966081
0.766194, -0.527915, 0.965069
0.792427, -1.02282, 0.977349
0.762269, -1.04663, 0.984406
0.762623, -0.993509, 0.971255
0.752305, -1.02277, 0.978515
stamp: 16439000000
1.24146, -0.482185, 0.969487
0.765613, -0.549265, 0.971357
0.733572, -0.52722, 0.966373
0.773762, -0.523853, 0.965239
0.799598, -1.01896, 0.977611
0.769366, -1.04289, 0.984439
0.769807, -0.98969, 0.971694
0.759438, -1.01894, 0.978988
stamp: 16450000000
1.24853, -0.477857, 0.969926
0.773069, -0.5451, 0.971957
0.740945, -0.522947, 0.966572
0.78128, -0.519453, 0.965568
0.80648, -1.01485, 0.977664
0.776454, -1.03893, 0.984563
0.776705, -0.985507, 0.971696
0.766463, -1.01478, 0.979025
stamp: 16460000000
1.25553, -0.473387, 0.970304
0.780568, -0.540389, 0.972075
0.748371, -0.518318, 0.966594
0.788623, -0.514873, 0.965762
0.813542, -1.01058, 0.97773
0.783371, -1.03455, 0.984639
0.783625, -0.981066, 0.971837
0.77331, -1.0105, 0.979201
stamp: 16469000000
1.26252, -0.46863, 0.970647
0.787795, -0.535579, 0.972626
0.755696, -0.513443, 0.966803
0.795895, -0.509975, 0.966122
0.820286, -1.00591, 0.977968
0.790087, -1.03009, 0.984596
0.790521, -0.976501, 0.971988
0.780016, -1.00592, 0.979194
stamp: 16479000000
1.26931, -0.463718, 0.971217
0.794959, -0.5304, 0.972697
0.762976, -0.508488, 0.966913
0.803166, -0.504832, 0.966328
0.827029, -1.00124, 0.977915
0.796818, -1.02539, 0.984657
0.797206, -0.971777, 0.972276
0.786767, -1.00111, 0.979396
stamp: 16489000000
1.27608, -0.458518, 0.971602
0.802194, -0.524929, 0.972843
0.769995, -0.503285, 0.967196
0.810229, -0.499552, 0.966553
0.833596, -0.996241, 0.978212
0.803379, -1.02032, 0.984729
0.803644, -0.966541, 0.972433
0.793392, -0.996069, 0.979537
stamp: 16500000000
1.28272, -0.453246, 0.97209
0.809352, -0.519638, 0.973054
0.77706, -0.497763, 0.967154
0.817261, -0.494006, 0.966829
0.840019, -0.990934, 0.978199
0.809774, -1.01502, 0.984636
0.810174, -0.961392, 0.972684
0.799948, -0.990856, 0.979597
stamp: 16509000000
1.28924, -0.447728, 0.972605
0.816311, -0.513765, 0.973426
0.784036, -0.492076, 0.96715
0.824216, -0.488192, 0.966967
0.846434, -0.985428, 0.978414
0.816167, -1.00959, 0.984755
0.816737, -0.955801, 0.972833
0.806335, -0.985337, 0.979665
stamp: 16520000000
1.2959, -0.442092, 0.972924
0.823112, -0.507882, 0.973428
0.790795, -0.486096, 0.967265
0.831133, -0.482184, 0.967222
0.852737, -0.979715, 0.978374
0.822507, -1.00387, 0.984794
0.823087, -0.950146, 0.973244
0.812698, -0.979496, 0.979724
stamp: 16529000000
1.30233, -0.436103, 0.973252
0.830009, -0.501599, 0.973245
0.797722, -0.480072, 0.967339
0.837844, -0.476095, 0.967436
0.858871, -0.973759, 0.978469
0.828802, -0.997735, 0.98469
0.82938, -0.943988, 0.973248
0.818853, -0.973609, 0.979758
stamp: 16539000000
1.30868, -0.42998, 0.973688
0.836656, -0.495366, 0.973781
0.804331, -0.473569, 0.9675
0.844546, -0.469566, 0.967665
0.86506, -0.967552, 0.978704
0.834885, -0.991599, 0.984772
0.83538, -0.937768, 0.973682
0.824933, -0.967417, 0.979894
stamp: 16549000000
1.31492, -0.423796, 0.974005
0.84317, -0.48884, 0.97352
0.810848, -0.467179, 0.967525
0.851085, -0.46297, 0.967909
0.871016, -0.961255, 0.978888
0.840806, -0.985381, 0.984652
0.84129, -0.931475, 0.973814
0.830942, -0.960969, 0.980004
stamp: 16559000000
1.32097, -0.417545, 0.974408
0.84964, -0.481937, 0.973401
0.817404, -0.460632, 0.967681
0.857486, -0.456022, 0.968039
0.876975, -0.954577, 0.978839
0.846551, -0.97872, 0.984637
0.847239, -0.924793, 0.974037
0.836824, -0.954381, 0.980128
stamp: 16569000000
1.32705, -0.411101, 0.974606
0.856139, -0.475105, 0.973223
0.823648, -0.453502, 0.967833
0.863776, -0.449176, 0.968241
0.882741, -0.947931, 0.979064
0.852434, -0.972051, 0.984803
0.853069, -0.918157, 0.974259
0.842649, -0.947648, 0.980067
stamp: 16579000000
1.33314, -0.404009, 0.974909
0.862345, -0.467784, 0.973457
0.829918, -0.44636, 0.96799
0.870044, -0.441824, 0.968538
0.888474, -0.940916, 0.97911
0.858251, -0.964986, 0.984593
0.858991, -0.910782, 0.974198
0.848444, -0.940637, 0.980062
stamp: 16589000000
1.33903, -0.397169, 0.975043
0.868404, -0.460456, 0.973503
0.835946, -0.439056, 0.968229
0.876138, -0.434347, 0.968598
0.894118, -0.933757, 0.979072
0.863833, -0.957752, 0.984416
0.864464, -0.903747, 0.974343
0.85406, -0.933503, 0.980107
stamp: 16599000000
1.34488, -0.390161, 0.975338
0.874438, -0.452923, 0.973805
0.841981, -0.431417, 0.96829
0.882086, -0.426783, 0.968719
0.899647, -0.926439, 0.979123
0.869364, -0.950532, 0.984493
0.870047, -0.896421, 0.974294
0.859558, -0.926025, 0.980057
stamp: 16609000000
1.35051, -0.3829, 0.975519
0.880354, -0.445057, 0.973782
0.847812, -0.423658, 0.968332
0.88792, -0.418947, 0.968961
0.905088, -0.918914, 0.978776
0.874793, -0.942958, 0.98428
0.875626, -0.888708, 0.974266
0.86499, -0.918486, 0.979983
stamp: 16619000000
1.35597, -0.375674, 0.975794
0.885913, -0.436926, 0.973802
0.853587, -0.415899, 0.968509
0.893709, -0.410903, 0.969201
0.910414, -0.911167, 0.978674
0.880232, -0.935244, 0.983979
0.880917, -0.881097, 0.974406
0.870404, -0.910701, 0.979949
stamp: 16629000000
1.36168, -0.368174, 0.975635
0.891761, -0.428914, 0.973843
0.859258, -0.407625, 0.968679
0.899278, -0.402879, 0.969009
0.915696, -0.903056, 0.978711
0.885346, -0.927396, 0.98393
0.886125, -0.873171, 0.974553
0.875685, -0.90287, 0.979826
stamp: 16639000000
1.36716, -0.360575, 0.975728
0.897075, -0.420515, 0.973963
0.864592, -0.399322, 0.968786
0.904915, -0.394497, 0.969301
0.920853, -0.895102, 0.978493
0.890508, -0.919348, 0.983551
0.891252, -0.864984, 0.974527
0.88084, -0.894815, 0.979651
stamp: 16649000000
1.3724, -0.352586, 0.975683
0.902645, -0.412041, 0.973878
0.870007, -0.391015, 0.96871
0.910217, -0.385952, 0.969456
0.925901, -0.886795, 0.978277
0.895621, -0.911161, 0.983162
0.896247, -0.856844, 0.974286
0.885897, -0.886546, 0.979356
stamp: 16659000000
1.37742, -0.345036, 0.975722
0.907911, -0.4034, 0.973818
0.875277, -0.382275, 0.968736
0.915218, -0.377478, 0.969637
0.930871, -0.878272, 0.978111
0.900538, -0.902771, 0.98284
0.901212, -0.848495, 0.974227
0.890775, -0.878222, 0.979056
stamp: 16669000000
1.38225, -0.337117, 0.97581
0.913, -0.394692, 0.973743
0.880397, -0.373627, 0.968821
0.92032, -0.368726, 0.969706
0.93568, -0.869614, 0.978073
0.905457, -0.894122, 0.982352
0.905942, -0.839809, 0.97426
0.895592, -0.869735, 0.978744
stamp: 16679000000
1.38753, -0.328947, 0.975598
0.917864, -0.385909, 0.973892
0.885326, -0.364737, 0.968774
0.925238, -0.359852, 0.969885
0.940503, -0.860795, 0.977778
0.910132, -0.885382, 0.981912
0.910681, -0.831061, 0.974003
0.900382, -0.86095, 0.978442
stamp: 16689000000
1.39237, -0.320733, 0.975615
0.922811, -0.37695, 0.973902
0.8902, -0.355579, 0.968634
0.930177, -0.350764, 0.970126
0.945097, -0.852139, 0.977418
0.914923, -0.876609, 0.981541
0.915319, -0.822161, 0.973753
0.904959, -0.85204, 0.977898
stamp: 16699000000
1.39696, -0.312542, 0.975646
0.927519, -0.367829, 0.973855
0.894907, -0.346433, 0.968629
0.934933, -0.341651, 0.97014
0.949472, -0.842923, 0.976835
0.919389, -0.86753, 0.98089
0.919784, -0.813079, 0.973489
0.909429, -0.843088, 0.977437
stamp: 16709000000
1.40143, -0.304141, 0.975579
0.93212, -0.358773, 0.973755
0.899428, -0.337174, 0.968617
0.939734, -0.33242, 0.969931
0.954001, -0.833827, 0.976503
0.923879, -0.85844, 0.980403
0.924176, -0.803976, 0.973162
0.913988, -0.833894, 0.977002
stamp: 16719000000
1.40566, -0.295662, 0.97565
0.936492, -0.349179, 0.973604
0.903909, -0.32784, 0.968593
0.944014, -0.323071, 0.97018
0.958515, -0.824346, 0.976146
0.928362, -0.849114, 0.979901
0.928573, -0.79468, 0.973003
0.918319, -0.824714, 0.976567
stamp: 16729000000
1.4102, -0.287213, 0.975484
0.940871, -0.339833, 0.973549
0.908221, -0.318338, 0.968657
0.948454, -0.313429, 0.970185
0.96258, -0.815003, 0.97545
0.93254, -0.839884, 0.979341
0.932734, -0.785357, 0.972551
0.922549, -0.815379, 0.97629
stamp: 16739000000
1.41447, -0.278308, 0.975289
0.944644, -0.330176, 0.973656
0.912317, -0.308635, 0.968523
0.95238, -0.303855, 0.970373
0.966723, -0.805426, 0.974914
0.936758, -0.83035, 0.978509
0.936837, -0.77565, 0.972435
0.92672, -0.805878, 0.975809
stamp: 16750000000
1.4184, -0.269701, 0.975271
0.948622, -0.320508, 0.973452
0.916392, -0.29912, 0.968449
0.956679, -0.294213, 0.970144
0.97086, -0.796032, 0.974876
0.94072, -0.820664, 0.977956
0.940835, -0.76607, 0.97207
0.930736, -0.796283, 0.975429
stamp: 16759000000
1.42227, -0.260986, 0.975244
0.952718, -0.310702, 0.973308
0.920264, -0.289115, 0.968359
0.960362, -0.284422, 0.970181
0.974687, -0.786242, 0.974227
0.944716, -0.81106, 0.977281
0.944669, -0.756253, 0.971828
0.934675, -0.786519, 0.975057
stamp: 16769000000
1.42602, -0.252087, 0.97503
0.956579, -0.300741, 0.972937
0.924007, -0.279063, 0.968267
0.964239, -0.274502, 0.97015
0.978375, -0.776401, 0.973842
0.948408, -0.801162, 0.977027
0.948509, -0.746254, 0.971543
0.938375, -0.776693, 0.974574
stamp: 16780000000
1.42967, -0.243259, 0.975062
0.959863, -0.290854, 0.972801
0.927514, -0.269202, 0.968316
0.96776, -0.264581, 0.970104
0.982148, -0.766231, 0.97367
0.952058, -0.791005, 0.976616
0.952157, -0.736409, 0.97125
0.942057, -0.766653, 0.974207
stamp: 16789000000
1.43324, -0.233988, 0.974845
0.963292, -0.28096, 0.97286
0.931148, -0.259069, 0.968042
0.971089, -0.254505, 0.970229
0.985597, -0.756094, 0.973343
0.955514, -0.780882, 0.976248
0.955629, -0.726311, 0.970866
0.945555, -0.756532, 0.973787
stamp: 16800000000
1.43657, -0.224941, 0.974906
0.966246, -0.270547, 0.972859
0.934461, -0.248853, 0.967976
0.974656, -0.244288, 0.970165
0.989051, -0.745949, 0.973067
0.959014, -0.770752, 0.975828
0.958948, -0.71596, 0.970814
0.948964, -0.746285, 0.973584
stamp: 16809000000
1.4399, -0.21586, 0.974816
0.969789, -0.260503, 0.97268
0.937678, -0.238568, 0.967848
0.977855, -0.234135, 0.970017
0.99227, -0.735544, 0.972818
0.962369, -0.760568, 0.975446
0.962261, -0.705694, 0.970516
0.952241, -0.735995, 0.973199
stamp: 16819000000
1.44297, -0.206629, 0.974663
0.97278, -0.250172, 0.972409
0.94079, -0.228219, 0.967769
0.980876, -0.223816, 0.970084
0.995496, -0.725177, 0.972648
0.965405, -0.750161, 0.975246
0.965416, -0.69527, 0.97055
0.95543, -0.725595, 0.973082
stamp: 16829000000
1.44591, -0.19754, 0.974684
0.975799, -0.23995, 0.972141
0.943769, -0.21804, 0.967578
0.98395, -0.213663, 0.969856
0.998479, -0.714777, 0.972586
0.968333, -0.739582, 0.974906
0.96847, -0.684856, 0.970578
0.958409, -0.715063, 0.972742
stamp: 16839000000
1.44877, -0.188033, 0.974462
0.978852, -0.229496, 0.971594
0.946502, -0.207617, 0.967371
0.986716, -0.20316, 0.969746
1.00138, -0.704231, 0.97261
0.971279, -0.728957, 0.974575
0.971404, -0.674273, 0.970596
0.961338, -0.70458, 0.972783
stamp: 16849000000
1.45145, -0.178905, 0.974495
0.981178, -0.219119, 0.971524
0.949241, -0.196987, 0.967317
0.989358, -0.192763, 0.969659
1.00413, -0.693365, 0.972451
0.974218, -0.718382, 0.974392
0.974129, -0.663655, 0.970688
0.964104, -0.693975, 0.972529
stamp: 16860000000
1.45395, -0.169574, 0.974448
0.983844, -0.20882, 0.971484
0.951774, -0.186617, 0.967151
0.992018, -0.182332, 0.969608
1.00679, -0.682732, 0.972303
0.976668, -0.707841, 0.974176
0.976731, -0.652821, 0.970645
0.966798, -0.683244, 0.972455
stamp: 16869000000
1.45638, -0.160026, 0.974343
0.986084, -0.198219, 0.971196
0.954273, -0.176036, 0.96689
0.99424, -0.171832, 0.969414
1.00931, -0.672078, 0.972502
0.979204, -0.696988, 0.973823
0.979154, -0.642122, 0.97092
0.969247, -0.672526, 0.9723
stamp: 16879000000
1.4586, -0.150795, 0.974294
0.988451, -0.187561, 0.970718
0.956503, -0.165426, 0.966721
0.996566, -0.161242, 0.969207
1.01165, -0.661075, 0.972529
0.981617, -0.686229, 0.97375
0.981725, -0.631309, 0.970992
0.971632, -0.661712, 0.972253
stamp: 16890000000
1.4607, -0.141426, 0.974237
0.990721, -0.176893, 0.970132
0.958538, -0.154851, 0.966546
0.998747, -0.150745, 0.969149
1.01396, -0.650181, 0.97272
0.983912, -0.675323, 0.973529
0.983985, -0.620229, 0.971163
0.974012, -0.650901, 0.97217
stamp: 16900000000
1.46264, -0.13176, 0.974208
0.992709, -0.166394, 0.970192
0.96058, -0.144055, 0.966288
1.00075, -0.140149, 0.968997
1.01611, -0.639267, 0.972542
0.98615, -0.66445, 0.973307
0.986166, -0.609413, 0.971401
0.976078, -0.639954, 0.972256
stamp: 16909000000
1.46439, -0.122442, 0.974086
0.994239, -0.155721, 0.970151
0.962455, -0.133382, 0.966115
1.00272, -0.129412, 0.968766
1.01823, -0.628339, 0.972549
0.988193, -0.653527, 0.973072
0.988221, -0.598482, 0.971581
0.978163, -0.629064, 0.972271
stamp: 16920000000
1.46611, -0.113103, 0.974014
0.996046, -0.145002, 0.969901
0.964147, -0.122936, 0.965879
1.00431, -0.118716, 0.968644
1.02002, -0.617496, 0.972621
0.990229, -0.642571, 0.973063
0.990195, -0.587561, 0.971527
0.980171, -0.61799, 0.972226
stamp: 16929000000
1.46765, -0.103429, 0.973896
0.997805, -0.134493, 0.969387
0.965715, -0.112205, 0.965554
1.00613, -0.108103, 0.968506
1.02199, -0.606582, 0.972736
0.992133, -0.631472, 0.973035
0.991958, -0.576604, 0.971844
0.981914, -0.607055, 0.972287
stamp: 16939000000
1.46893, -0.0938723, 0.973889
0.999051, -0.123889, 0.969194
0.967151, -0.101486, 0.965446
1.0075, -0.0974389, 0.968408
1.02369, -0.595339, 0.972744
0.993657, -0.620483, 0.972933
0.993656, -0.565439, 0.9721
0.983702, -0.595904, 0.972278
stamp: 16950000000
1.47026, -0.0845191, 0.973784
1.00068, -0.113378, 0.968731
0.968761, -0.0908605, 0.96518
1.00888, -0.0869271, 0.968114
1.02526, -0.584361, 0.972809
0.995251, -0.609529, 0.972663
0.995151, -0.554562, 0.972292
0.985281, -0.585021, 0.972215
stamp: 16959000000
1.47129, -0.0750598, 0.973575
1.00179, -0.102698, 0.968801
0.969861, -0.0801848, 0.964995
1.01008, -0.0761495, 0.96799
1.02671, -0.57351, 0.972761
0.996867, -0.598561, 0.97251
0.996719, -0.543511, 0.972343
0.986738, -0.574001, 0.972184
stamp: 16969000000
1.4722, -0.0654533, 0.973525
1.00292, -0.0919705, 0.968495
0.970964, -0.0693325, 0.964735
1.01065, -0.0656153, 0.968067
1.02802, -0.56266, 0.972813
0.998213, -0.587549, 0.972402
0.998073, -0.53257, 0.972336
0.988172, -0.562893, 0.972113
stamp: 16979000000
1.47307, -0.0559455, 0.973399
1.00355, -0.0812454, 0.968336
0.971919, -0.0588712, 0.964361
1.01185, -0.0548575, 0.9678
1.02926, -0.551706, 0.972802
0.999343, -0.576414, 0.972364
0.999369, -0.521561, 0.972414
0.989331, -0.551885, 0.97183
stamp: 16989000000
1.47357, -0.0464168, 0.973271
1.0048, -0.0707375, 0.967888
0.972789, -0.0482758, 0.964247
1.01284, -0.0441866, 0.967587
1.03037, -0.540559, 0.972884
1.00045, -0.565257, 0.97217
1.00044, -0.510382, 0.972486
0.99044, -0.540876, 0.971785
stamp: 17000000000
1.47405, -0.0370873, 0.973117
1.00561, -0.0601245, 0.967362
0.973491, -0.0374561, 0.963854
1.01359, -0.0335937, 0.967407
1.03141, -0.529527, 0.972717
1.00158, -0.554236, 0.97181
1.00162, -0.499404, 0.97237
0.991427, -0.529763, 0.971635
stamp: 17009000000
1.47431, -0.0274828, 0.973109
1.0055, -0.0495075, 0.967147
0.973941, -0.0270038, 0.963837
1.01371, -0.0231421, 0.96745
1.03231, -0.51863, 0.972627
1.00248, -0.543212, 0.971486
1.00257, -0.488373, 0.972157
0.992385, -0.518761, 0.971418
stamp: 17019000000
1.47467, -0.0178501, 0.972849
1.00593, -0.0387042, 0.966997
0.974293, -0.0163663, 0.96363
1.01439, -0.0124576, 0.967088
1.03311, -0.507637, 0.972507
1.00324, -0.532177, 0.971133
1.00339, -0.477344, 0.971919
0.993185, -0.507727, 0.971158
stamp: 17029000000
1.47452, -0.00833885, 0.972735
1.00641, -0.0282915, 0.966687
0.974623, -0.00566297, 0.963483
1.01457, -0.00207316, 0.967318
1.03372, -0.496636, 0.972337
1.0039, -0.521137, 0.970829
1.00393, -0.466217, 0.97189
0.99378, -0.496792, 0.970922
stamp: 17039000000
1.47458, 0.000646705, 0.972351
1.0066, -0.017537, 0.966543
0.974861, 0.00471954, 0.963061
1.01472, 0.00853699, 0.966853
1.03425, -0.485503, 0.972196
1.0045, -0.510226, 0.97061
1.00454, -0.455357, 0.971795
0.994337, -0.485657, 0.970524
stamp: 17050000000
1.47424, 0.0101444, 0.972306
1.00641, -0.00713272, 0.966243
0.974513, 0.0153892, 0.963177
1.01466, 0.019083, 0.967095
1.03467, -0.474616, 0.971935
1.00476, -0.499265, 0.970125
1.00493, -0.444486, 0.971672
0.994797, -0.474825, 0.970048
stamp: 17059000000
1.47389, 0.0195191, 0.972084
1.00652, 0.003388, 0.965944
0.974447, 0.025974, 0.963042
1.01444, 0.0295493, 0.966665
1.03492, -0.463679, 0.971528
1.005, -0.488329, 0.969567
1.00515, -0.433618, 0.971558
0.995064, -0.463916, 0.969708
stamp: 17069000000
1.47327, 0.0289219, 0.971908
1.00582, 0.0136467, 0.965817
0.97418, 0.0363329, 0.962701
1.01409, 0.039943, 0.966667
1.03494, -0.452817, 0.9713
1.0052, -0.477489, 0.968986
1.00525, -0.422681, 0.971266
0.995157, -0.453041, 0.969399
stamp: 17079000000
1.47258, 0.0382376, 0.971681
1.00527, 0.0241736, 0.965568
0.973632, 0.0466117, 0.96267
1.01374, 0.0502717, 0.966502
1.03493, -0.442202, 0.971064
1.00507, -0.466648, 0.968401
1.00497, -0.411967, 0.971279
0.994985, -0.442425, 0.969114
stamp: 17089000000
1.47176, 0.0474114, 0.971342
1.00497, 0.0344618, 0.965233
0.973116, 0.057096, 0.962541
1.01313, 0.0606504, 0.966679
1.03449, -0.431393, 0.970846
1.00479, -0.456026, 0.967903
1.00494, -0.40113, 0.971198
0.994807, -0.431501, 0.968591
stamp: 17099000000
1.47075, 0.0567685, 0.971208
1.004, 0.0446023, 0.964816
0.972358, 0.0671225, 0.962331
1.01241, 0.0708542, 0.966218
1.03431, -0.420558, 0.970487
1.00433, -0.445182, 0.967486
1.00449, -0.390449, 0.970915
0.994455, -0.420756, 0.968149
stamp: 17109000000
1.46961, 0.0659952, 0.971086
1.0033, 0.0547813, 0.964659
0.971453, 0.0775925, 0.962282
1.01156, 0.0809741, 0.966245
1.0338, -0.40988, 0.97022
1.00397, -0.434505, 0.966876
1.00392, -0.379807, 0.970706
0.993888, -0.41009, 0.967822
stamp: 17120000000
1.46814, 0.0751311, 0.970912
1.00231, 0.064939, 0.964337
0.970382, 0.0874636, 0.962063
1.0106, 0.0909537, 0.966005
1.03295, -0.39951, 0.97
1.00323, -0.423881, 0.966214
1.00332, -0.369304, 0.970388
0.993196, -0.399453, 0.96741
stamp: 17129000000
1.46675, 0.0843795, 0.970703
1.00125, 0.0748428, 0.96405
0.969374, 0.0977239, 0.961955
1.00943, 0.10113, 0.96613
1.03218, -0.388789, 0.969528
1.00228, -0.413433, 0.96585
1.00246, -0.358739, 0.969883
0.992345, -0.38892, 0.966996
stamp: 17139000000
1.46518, 0.0935778, 0.97048
0.99972, 0.0850931, 0.964127
0.968029, 0.107492, 0.961723
1.00802, 0.111016, 0.966127
1.03116, -0.378392, 0.969143
1.00118, -0.402784, 0.965349
1.00136, -0.348002, 0.96953
0.991325, -0.378324, 0.966507
stamp: 17150000000
1.46339, 0.10283, 0.970342
0.99841, 0.0949025, 0.963945
0.96659, 0.117711, 0.961638
1.00669, 0.121146, 0.966079
1.02987, -0.368009, 0.968741
0.999887, -0.392495, 0.965015
1.00013, -0.337732, 0.969532
0.990034, -0.368034, 0.966296
stamp: 17159000000
1.46159, 0.111712, 0.970179
0.997097, 0.104794, 0.963731
0.96505, 0.127362, 0.961591
1.00501, 0.130917, 0.966066
1.02853, -0.357687, 0.968417
0.998491, -0.381918, 0.964771
0.998891, -0.327456, 0.969157
0.988686, -0.357597, 0.9656
stamp: 17169000000
1.4596, 0.120669, 0.969863
0.995072, 0.114645, 0.963766
0.963352, 0.137498, 0.961511
1.00328, 0.140748, 0.965721
1.02678, -0.347387, 0.968163
0.99689, -0.371767, 0.964465
0.997405, -0.317274, 0.968911
0.98695, -0.347438, 0.965543
stamp: 17179000000
1.45733, 0.129739, 0.969834
0.993274, 0.124416, 0.963739
0.961489, 0.147037, 0.961319
1.00149, 0.15049, 0.965976
1.02513, -0.337182, 0.967934
0.995288, -0.361432, 0.964017
0.995361, -0.307006, 0.968646
0.985501, -0.337227, 0.964969
stamp: 17189000000
1.45495, 0.13876, 0.96967
0.991044, 0.134104, 0.963708
0.959527, 0.156706, 0.961222
0.999518, 0.160004, 0.965676
1.02304, -0.327241, 0.967758
0.993114, -0.351526, 0.963445
0.993581, -0.29698, 0.968551
0.983428, -0.327323, 0.964906
stamp: 17200000000
1.45253, 0.147364, 0.969402
0.989113, 0.143363, 0.963363
0.957284, 0.166327, 0.961083
0.997376, 0.169554, 0.965662
1.02117, -0.317512, 0.967387
0.99082, -0.341535, 0.963295
0.991374, -0.287068, 0.968355
0.98129, -0.317288, 0.964677
stamp: 17209000000
1.44989, 0.156232, 0.969432
0.987027, 0.152738, 0.963187
0.955237, 0.175603, 0.96102
0.995185, 0.179077, 0.96575
1.01879, -0.307645, 0.967131
0.989077, -0.33181, 0.963122
0.989048, -0.277163, 0.968471
0.978972, -0.307351, 0.964429
stamp: 17219000000
1.44712, 0.164867, 0.969264
0.984466, 0.16243, 0.963152
0.952797, 0.1849, 0.961012
0.99279, 0.188412, 0.965619
1.01646, -0.297772, 0.967047
0.986616, -0.321929, 0.962641
0.986638, -0.267254, 0.968264
0.976225, -0.297672, 0.964382
stamp: 17229000000
1.44419, 0.173816, 0.969188
0.981972, 0.171569, 0.96302
0.950313, 0.194325, 0.960826
0.990279, 0.197583, 0.965541
1.01365, -0.288052, 0.967157
0.983919, -0.312239, 0.962479
0.984046, -0.257553, 0.968128
0.973603, -0.287951, 0.964267
stamp: 17239000000
1.44124, 0.182014, 0.968886
0.979099, 0.180818, 0.963109
0.947641, 0.203515, 0.960817
0.987701, 0.206632, 0.965473
1.01089, -0.278358, 0.967031
0.981044, -0.302385, 0.962518
0.981288, -0.247949, 0.968214
0.9709, -0.278179, 0.964171
stamp: 17250000000
1.43796, 0.19083, 0.969068
0.976738, 0.189756, 0.962824
0.944685, 0.212672, 0.960781
0.984872, 0.215814, 0.965452
1.0079, -0.268902, 0.967029
0.977994, -0.293034, 0.962453
0.97829, -0.238452, 0.968193
0.96793, -0.268802, 0.964171
stamp: 17259000000
1.43469, 0.19922, 0.968836
0.973376, 0.198806, 0.962713
0.941682, 0.221591, 0.960714
0.98179, 0.224805, 0.965465
1.00478, -0.259533, 0.967043
0.974798, -0.283791, 0.962521
0.975069, -0.229173, 0.968214
0.964611, -0.259361, 0.964253
stamp: 17269000000
1.43122, 0.207631, 0.968718
0.970277, 0.207695, 0.962689
0.938649, 0.230494, 0.960645
0.978667, 0.233695, 0.96541
1.00148, -0.250231, 0.967147
0.97115, -0.274614, 0.962854
0.971522, -0.220063, 0.968639
0.96142, -0.250083, 0.964167
stamp: 17279000000
1.4275, 0.216013, 0.968673
0.967023, 0.21652, 0.96261
0.93543, 0.239311, 0.960465
0.975428, 0.242539, 0.965497
0.997967, -0.241025, 0.967163
0.967837, -0.265378, 0.962449
0.968109, -0.210773, 0.968513
0.957738, -0.24119, 0.964427
stamp: 17290000000
1.42394, 0.224232, 0.968691
0.963613, 0.225339, 0.962679
0.93196, 0.248063, 0.960471
0.971984, 0.251258, 0.965445
0.994178, -0.231938, 0.967094
0.964142, -0.256313, 0.962392
0.964186, -0.201746, 0.968872
0.954097, -0.232068, 0.964402
stamp: 17300000000
1.41999, 0.232392, 0.968677
0.960035, 0.233862, 0.962542
0.928412, 0.25671, 0.960317
0.968483, 0.259916, 0.965305
0.990312, -0.223096, 0.967279
0.960618, -0.247387, 0.962626
0.960416, -0.192773, 0.969258
0.950525, -0.223025, 0.964353
stamp: 17309000000
1.41603, 0.240562, 0.968558
0.956398, 0.242412, 0.962471
0.92462, 0.265176, 0.960286
0.964763, 0.268317, 0.965235
0.986436, -0.21428, 0.967293
0.956375, -0.238665, 0.962538
0.956741, -0.184152, 0.969034
0.946267, -0.214238, 0.964566
stamp: 17320000000
1.4118, 0.248665, 0.968591
0.952549, 0.250862, 0.962468
0.920737, 0.273655, 0.960238
0.96098, 0.276761, 0.965175
0.982214, -0.205727, 0.967458
0.952577, -0.229835, 0.962513
0.952542, -0.175353, 0.969225
0.942152, -0.205405, 0.964771
stamp: 17329000000
1.40748, 0.256512, 0.968611
0.9486, 0.259462, 0.962505
0.916867, 0.282085, 0.960129
0.957031, 0.285085, 0.964966
0.977876, -0.196943, 0.967642
0.947838, -0.221406, 0.962733
0.948246, -0.166784, 0.969556
0.937813, -0.196854, 0.964989
stamp: 17339000000
1.40306, 0.264514, 0.968539
0.944337, 0.267068, 0.961881
0.912738, 0.29041, 0.960046
0.952866, 0.293402, 0.964987
0.973424, -0.188628, 0.967754
0.943605, -0.212904, 0.962939
0.943681, -0.158334, 0.96982
0.933473, -0.188583, 0.965086
stamp: 17350000000
1.39864, 0.272104, 0.968612
0.940237, 0.275361, 0.961806
0.908542, 0.298451, 0.959891
0.948634, 0.301412, 0.964968
0.968795, -0.180184, 0.96803
0.938736, -0.204767, 0.962826
0.939075, -0.15015, 0.97008
0.92872, -0.180328, 0.96531
stamp: 17359000000
1.3938, 0.279983, 0.968884
0.935616, 0.283754, 0.961948
0.904105, 0.306475, 0.959844
0.944207, 0.309548, 0.96494
0.964079, -0.17224, 0.968001
0.934081, -0.196674, 0.962833
0.934481, -0.142055, 0.970289
0.923935, -0.172228, 0.965473
stamp: 17369000000
1.38907, 0.287514, 0.96895
0.931341, 0.29122, 0.961424
0.899591, 0.314423, 0.959706
0.939759, 0.317502, 0.964765
0.959133, -0.164241, 0.968099
0.928909, -0.188366, 0.963097
0.929271, -0.134148, 0.970735
0.918971, -0.164375, 0.96582
stamp: 17379000000
1.38409, 0.294899, 0.968986
0.926469, 0.299287, 0.961432
0.894916, 0.322279, 0.959664
0.935008, 0.325287, 0.964668
0.953996, -0.156457, 0.968298
0.924299, -0.180786, 0.963188
0.92419, -0.12604, 0.970626
0.914162, -0.156165, 0.965671
stamp: 17390000000
1.37911, 0.302172, 0.968967
0.921812, 0.306695, 0.961149
0.890243, 0.329939, 0.959614
0.930161, 0.332862, 0.964459
0.948926, -0.148759, 0.968039
0.918909, -0.172961, 0.963353
0.919147, -0.118318, 0.970844
0.908809, -0.148393, 0.965857
stamp: 17400000000
1.37391, 0.309266, 0.968817
0.916749, 0.31429, 0.9607
0.885139, 0.337765, 0.959656
0.925219, 0.340602, 0.964424
0.943559, -0.141018, 0.968128
0.91348, -0.165162, 0.963468
0.913965, -0.110731, 0.971014
0.903451, -0.140814, 0.966027
stamp: 17409000000
1.36838, 0.316724, 0.968741
0.911779, 0.321994, 0.960626
0.880262, 0.34514, 0.959357
0.920259, 0.348088, 0.964394
0.938178, -0.133533, 0.968377
0.907895, -0.157666, 0.963462
0.908544, -0.10334, 0.971127
0.897924, -0.133366, 0.966117
stamp: 17419000000
1.36291, 0.323609, 0.968738
0.906635, 0.32924, 0.960516
0.874974, 0.352657, 0.959352
0.914966, 0.355526, 0.964043
0.932359, -0.126291, 0.968297
0.902375, -0.150314, 0.963634
0.902879, -0.0959279, 0.971156
0.892362, -0.125969, 0.966188
stamp: 17429000000
1.35733, 0.330562, 0.968794
0.901107, 0.336608, 0.960385
0.869648, 0.359801, 0.959267
0.90974, 0.362844, 0.964092
0.926671, -0.119094, 0.968238
0.896485, -0.143126, 0.963293
0.89694, -0.088981, 0.971759
0.886539, -0.118982, 0.966312
stamp: 17439000000
1.35154, 0.337531, 0.96894
0.895707, 0.343695, 0.9602
0.864127, 0.366979, 0.959097
0.904098, 0.369944, 0.963816
0.920824, -0.111995, 0.968224
0.890706, -0.136177, 0.962791
0.891094, -0.0818112, 0.972029
0.880803, -0.111894, 0.966397
stamp: 17450000000
1.34582, 0.344299, 0.968998
0.890341, 0.350997, 0.95999
0.858522, 0.374066, 0.959083
0.898484, 0.376892, 0.963694
0.914822, -0.105197, 0.968138
0.884981, -0.129112, 0.963215
0.885181, -0.0750259, 0.972129
0.874891, -0.104874, 0.966328
stamp: 17460000000
1.33989, 0.350975, 0.969112
0.884607, 0.357781, 0.959658
0.852901, 0.381016, 0.959012
0.892764, 0.383902, 0.963663
0.908733, -0.0983593, 0.968196
0.878363, -0.122368, 0.963017
0.879084, -0.0682406, 0.972221
0.868707, -0.0982022, 0.96633
stamp: 17469000000
1.33379, 0.357608, 0.969178
0.878668, 0.364662, 0.959597
0.846916, 0.387856, 0.958909
0.88706, 0.390572, 0.963417
0.90249, -0.0916085, 0.968032
0.872487, -0.115785, 0.962606
0.872686, -0.0617069, 0.972402
0.862365, -0.0915068, 0.966377
stamp: 17479000000
1.32752, 0.363721, 0.969064
0.872646, 0.371259, 0.959404
0.84093, 0.394589, 0.9589
0.881173, 0.39722, 0.963468
0.896096, -0.0854082, 0.968008
0.865905, -0.109439, 0.962679
0.866617, -0.0553302, 0.972519
0.856217, -0.0851212, 0.966464
stamp: 17490000000
1.32122, 0.370087, 0.969012
0.866603, 0.377731, 0.959267
0.834805, 0.401195, 0.958745
0.874985, 0.403778, 0.963231
0.889594, -0.0789966, 0.967943
0.859336, -0.102942, 0.962713
0.859953, -0.049128, 0.972431
0.849553, -0.0788248, 0.966467
stamp: 17500000000
1.3147, 0.376315, 0.969172
0.860214, 0.384271, 0.958938
0.828637, 0.407558, 0.958729
0.868694, 0.41014, 0.963041
0.882878, -0.0729119, 0.967889
0.852711, -0.0967729, 0.962823
0.853329, -0.0429024, 0.972302
0.842939, -0.0727014, 0.966348
stamp: 17509000000
1.3082, 0.382122, 0.969036
0.853944, 0.390596, 0.95919
0.822393, 0.413725, 0.958646
0.862311, 0.416501, 0.963078
0.876199, -0.067158, 0.967942
0.84613, -0.090931, 0.96277
0.84673, -0.0369191, 0.972535
0.836282, -0.066661, 0.96641
stamp: 17519000000
1.30162, 0.388168, 0.968989
0.847619, 0.396663, 0.95881
0.815905, 0.419834, 0.958689
0.856047, 0.422485, 0.962993
0.869422, -0.0614214, 0.967754
0.839112, -0.0852547, 0.96271
0.839846, -0.0311912, 0.972612
0.829329, -0.0609094, 0.96647
stamp: 17529000000
1.29484, 0.393687, 0.968756
0.841049, 0.402661, 0.958744
0.809397, 0.425974, 0.958591
0.850083, 0.428031, 0.962379
0.862404, -0.0558435, 0.967569
0.832181, -0.0795538, 0.962582
0.832827, -0.0254856, 0.972679
0.822357, -0.0552465, 0.966483
stamp: 17539000000
1.28793, 0.399072, 0.968613
0.834346, 0.408432, 0.958607
0.802685, 0.431725, 0.958539
0.843127, 0.434184, 0.962614
0.855481, -0.0500965, 0.967602
0.825387, -0.0740071, 0.96226
0.825862, -0.0200406, 0.972828
0.815309, -0.0498123, 0.966665
stamp: 17549000000
1.28104, 0.404732, 0.968586
0.827465, 0.414377, 0.958675
0.796063, 0.437333, 0.95855
0.836429, 0.439668, 0.962454
0.848427, -0.0449111, 0.96766
0.818223, -0.0686362, 0.962133
0.818689, -0.0147441, 0.972815
0.808171, -0.0445111, 0.966689
stamp: 17559000000
1.2737, 0.410099, 0.968516
0.820653, 0.419689, 0.958305
0.789057, 0.442905, 0.958634
0.829028, 0.445593, 0.962479
0.841133, -0.0399302, 0.967715
0.810839, -0.0637909, 0.962457
0.811663, -0.00959753, 0.97258
0.801117, -0.0392767, 0.966525
stamp: 17569000000
1.26673, 0.415022, 0.968403
0.81366, 0.425256, 0.958284
0.782045, 0.448503, 0.958609
0.822029, 0.450936, 0.962435
0.833801, -0.0349194, 0.967495
0.803479, -0.0587755, 0.962514
0.804071, -0.0047247, 0.972712
0.79361, -0.0344374, 0.966694
stamp: 17579000000
1.25933, 0.420015, 0.96828
0.806511, 0.430433, 0.958096
0.77497, 0.453765, 0.958526
0.814964, 0.456258, 0.962435
0.826405, -0.030171, 0.967505
0.796038, -0.0537824, 0.962326
0.796764, -8.22224e-05, 0.972856
0.78623, -0.0297598, 0.966743
stamp: 17589000000
1.25196, 0.42521, 0.96826
0.799226, 0.435484, 0.957665
0.767703, 0.458947, 0.958609
0.807789, 0.461244, 0.962332
0.818827, -0.0255105, 0.967361
0.788535, -0.0490782, 0.962367
0.789353, 0.00442292, 0.972916
0.778866, -0.0251198, 0.966931
stamp: 17600000000
1.24457, 0.429855, 0.968008
0.79228, 0.440446, 0.957888
0.760336, 0.463658, 0.958937
0.800594, 0.466163, 0.962371
0.811165, -0.0212055, 0.96733
0.781075, -0.0449264, 0.962533
0.781823, 0.00895588, 0.973091
0.771286, -0.0207238, 0.96704
stamp: 17609000000
1.2369, 0.434516, 0.968084
0.784571, 0.445357, 0.957694
0.753072, 0.468549, 0.958848
0.793072, 0.47108, 0.962368
0.803594, -0.0167666, 0.967418
0.773289, -0.0404916, 0.962262
0.77419, 0.0131922, 0.973313
0.763595, -0.0164581, 0.967165
stamp: 17619000000
1.22921, 0.438833, 0.967893
0.777333, 0.450028, 0.957787
0.745657, 0.47315, 0.958919
0.785637, 0.475718, 0.962273
0.795974, -0.0127732, 0.967475
0.765389, -0.0364872, 0.962416
0.766518, 0.0171184, 0.973388
0.75586, -0.012404, 0.967215
stamp: 17629000000
1.22139, 0.443227, 0.967763
0.769603, 0.454525, 0.957568
0.737999, 0.477785, 0.958945
0.778032, 0.480117, 0.962302
0.788096, -0.00895373, 0.96751
0.757792, -0.0327451, 0.962826
0.758573, 0.0209875, 0.973736
0.748099, -0.00854876, 0.967409
stamp: 17639000000
1.21354, 0.446992, 0.967759
0.761892, 0.458986, 0.957744
0.73038, 0.482064, 0.959082
0.77037, 0.48451, 0.962311
0.780143, -0.00526517, 0.967609
0.749745, -0.0287473, 0.962602
0.750763, 0.0248099, 0.973863
0.74013, -0.00481433, 0.967477
stamp: 17649000000
1.20547, 0.451055, 0.967732
0.754249, 0.462934, 0.957416
0.722586, 0.486206, 0.95929
0.762768, 0.488586, 0.962409
0.772273, -0.00155161, 0.967699
0.741599, -0.0252867, 0.962698
0.742603, 0.0282991, 0.974062
0.73208, -0.00121972, 0.967826
stamp: 17660000000
1.19752, 0.454836, 0.96755
0.746383, 0.467076, 0.957534
0.714809, 0.490265, 0.959279
0.754777, 0.492594, 0.962437
0.764131, 0.00181661, 0.967792
0.733762, -0.0220231, 0.962867
0.734627, 0.0316679, 0.974192
0.724161, 0.0019719, 0.968058
stamp: 17669000000
1.18956, 0.458145, 0.967542
0.738333, 0.470726, 0.957232
0.706795, 0.494106, 0.95924
0.746746, 0.496398, 0.962381
0.756085, 0.0048787, 0.967943
0.72576, -0.0190169, 0.963302
0.726661, 0.0347101, 0.974438
0.716057, 0.00525651, 0.968339
stamp: 17679000000
1.18137, 0.46177, 0.967519
0.730327, 0.474547, 0.957574
0.69879, 0.497706, 0.959394
0.738817, 0.500165, 0.962461
0.747916, 0.00779286, 0.968158
0.717419, -0.0158973, 0.963305
0.718482, 0.0376807, 0.974701
0.707984, 0.00823914, 0.968426
stamp: 17690000000
1.17296, 0.465063, 0.967591
0.722504, 0.478073, 0.957332
0.690625, 0.501223, 0.959469
0.730773, 0.503526, 0.962254
0.739757, 0.0107354, 0.968126
0.709282, -0.0129882, 0.96347
0.710212, 0.0405132, 0.975125
0.699731, 0.0109817, 0.968685
stamp: 17700000000
1.1646, 0.468235, 0.96748
0.714253, 0.481331, 0.957422
0.68256, 0.504511, 0.959538
0.722596, 0.506918, 0.962367
0.731546, 0.0133328, 0.968325
0.701114, -0.0103194, 0.963536
0.702104, 0.0430477, 0.97541
0.691569, 0.013595, 0.968956
stamp: 17709000000
1.15623, 0.470991, 0.967454
0.705874, 0.48447, 0.95723
0.674275, 0.507442, 0.959483
0.714359, 0.509933, 0.962316
0.723289, 0.0156684, 0.968424
0.692905, -0.00819341, 0.964025
0.693762, 0.0453676, 0.975707
0.683392, 0.0158019, 0.969547
stamp: 17719000000
1.14781, 0.473873, 0.967597
0.69772, 0.487277, 0.956692
0.66571, 0.510398, 0.959723
0.706143, 0.513012, 0.96232
0.714842, 0.0179601, 0.968559
0.684417, -0.00586041, 0.964225
0.68545, 0.0476265, 0.975832
0.675136, 0.0181715, 0.969651
stamp: 17729000000
1.13935, 0.476289, 0.967598
0.689233, 0.490071, 0.956924
0.657684, 0.513292, 0.959979
0.697657, 0.515718, 0.962142
0.706506, 0.0200189, 0.968776
0.676131, -0.0037101, 0.964252
0.677053, 0.0496685, 0.976199
0.666733, 0.0200941, 0.970029
stamp: 17739000000
1.13058, 0.478554, 0.967581
0.680663, 0.492614, 0.956795
0.649199, 0.515799, 0.959878
0.689223, 0.518244, 0.962281
0.698137, 0.0218212, 0.969066
0.667824, -0.00201388, 0.964773
0.668769, 0.0515323, 0.976514
0.65837, 0.0220854, 0.970096
stamp: 17750000000
1.12194, 0.480834, 0.967646
0.672276, 0.495163, 0.95717
0.640528, 0.518378, 0.959864
0.680703, 0.520676, 0.962155
0.689779, 0.023599, 0.969301
0.659579, -0.000411496, 0.965075
0.66027, 0.0532397, 0.976752
0.649775, 0.0236856, 0.970579
stamp: 17759000000
1.11312, 0.482868, 0.967799
0.663572, 0.497359, 0.956967
0.632061, 0.520544, 0.959819
0.672127, 0.522915, 0.962227
0.681278, 0.0249985, 0.969473
0.650825, 0.00123351, 0.96492
0.651775, 0.0546847, 0.977011
0.64145, 0.0251782, 0.970674
stamp: 17769000000
1.10435, 0.48451, 0.968158
0.655374, 0.499414, 0.956753
0.623333, 0.522621, 0.960098
0.663549, 0.524924, 0.962239
0.672637, 0.0262245, 0.969746
0.642296, 0.00247973, 0.964976
0.643278, 0.0560371, 0.977268
0.632766, 0.0263965, 0.970867
stamp: 17779000000
1.0956, 0.486206, 0.968115
0.646329, 0.501387, 0.9569
0.61476, 0.524285, 0.960107
0.654836, 0.526806, 0.962229
0.664126, 0.027354, 0.96989
0.633984, 0.00367848, 0.965632
0.634609, 0.0572139, 0.977507
0.624239, 0.0275529, 0.971215
stamp: 17789000000
1.08679, 0.487411, 0.968152
0.637826, 0.502859, 0.95651
0.605995, 0.525946, 0.960237
0.646219, 0.528392, 0.962161
0.655543, 0.0283924, 0.969994
0.625291, 0.0045654, 0.966065
0.626036, 0.0580076, 0.977632
0.615689, 0.0284671, 0.971474
stamp: 17799000000
1.07785, 0.488717, 0.968366
0.628854, 0.504356, 0.956575
0.597248, 0.527367, 0.960322
0.637401, 0.529897, 0.962105
0.646986, 0.029134, 0.970099
0.61667, 0.00524655, 0.966029
0.617425, 0.0588953, 0.977976
0.60704, 0.0291976, 0.971572
stamp: 17809000000
1.069, 0.48991, 0.968544
0.620232, 0.505917, 0.956803
0.588296, 0.528762, 0.960253
0.628584, 0.531167, 0.962114
0.638323, 0.0296791, 0.970242
0.608075, 0.0057511, 0.966267
0.608816, 0.0593999, 0.978195
0.598429, 0.0298561, 0.97186
stamp: 17819000000
1.06009, 0.490538, 0.968599
0.611326, 0.507265, 0.956718
0.579691, 0.529563, 0.960493
0.619784, 0.53221, 0.962096
0.629708, 0.0299497, 0.970337
0.599193, 0.0062276, 0.966031
0.600276, 0.0598203, 0.978386
0.589773, 0.0301103, 0.972051
stamp: 17829000000
1.05125, 0.491209, 0.96875
0.602986, 0.508217, 0.957055
0.570796, 0.530782, 0.960663
0.610963, 0.533235, 0.962147
0.621109, 0.0302887, 0.970318
0.59068, 0.00649237, 0.966135
0.591518, 0.0598811, 0.978613
0.581223, 0.0304441, 0.972228
stamp: 17839000000
1.04213, 0.491548, 0.968824
0.594267, 0.508973, 0.956986
0.561958, 0.531405, 0.960986
0.602035, 0.533918, 0.962163
0.612356, 0.0302819, 0.970428
0.582095, 0.0065297, 0.966656
0.582933, 0.059964, 0.97885
0.57253, 0.0303261, 0.972418
stamp: 17850000000
1.03311, 0.491668, 0.968903
0.584995, 0.509469, 0.956875
0.552947, 0.531955, 0.961102
0.59309, 0.534316, 0.96212
0.603724, 0.0301297, 0.970525
0.573473, 0.00633761, 0.966333
0.574273, 0.0598183, 0.979037
0.563861, 0.0302451, 0.972384
stamp: 17859000000
1.02401, 0.491936, 0.96923
0.576167, 0.509733, 0.956845
0.54399, 0.532109, 0.961081
0.584098, 0.534707, 0.962129
0.595002, 0.0298513, 0.97044
0.564876, 0.00599826, 0.966634
0.565723, 0.0593216, 0.979111
0.555195, 0.0297951, 0.972782
stamp: 17869000000
1.01494, 0.491795, 0.96932
0.566964, 0.50984, 0.956583
0.534683, 0.532201, 0.961239
0.575098, 0.534748, 0.96213
0.586269, 0.0293039, 0.97059
0.556005, 0.0053815, 0.966559
0.556986, 0.0589336, 0.979191
0.546496, 0.0293834, 0.972787
stamp: 17879000000
1.00593, 0.491398, 0.969451
0.557747, 0.509649, 0.956391
0.52573, 0.531982, 0.96121
0.566077, 0.534525, 0.96222
0.577635, 0.0285205, 0.970513
0.547341, 0.00484472, 0.966758
0.548226, 0.0580954, 0.979394
0.537834, 0.0285796, 0.972983
stamp: 17889000000
0.996779, 0.4908, 0.969594
0.548892, 0.509235, 0.956739
0.516609, 0.531717, 0.961318
0.55697, 0.534253, 0.962149
0.568913, 0.0276445, 0.970612
0.538647, 0.0036466, 0.966947
0.539565, 0.0572225, 0.979464
0.528927, 0.0278294, 0.972988
stamp: 17899000000
0.987675, 0.490004, 0.969501
0.539739, 0.508769, 0.95635
0.507656, 0.530944, 0.961414
0.548039, 0.533684, 0.96222
0.560146, 0.0266567, 0.970671
0.529841, 0.00281406, 0.967179
0.530932, 0.05618, 0.979609
0.520385, 0.026681, 0.973144
stamp: 17909000000
0.978636, 0.48914, 0.96957
0.530566, 0.508003, 0.956334
0.498508, 0.530226, 0.96137
0.538939, 0.532976, 0.962053
0.551499, 0.025406, 0.970714
0.521087, 0.00156885, 0.966962
0.521982, 0.0548566, 0.979775
0.511621, 0.0253104, 0.973307
stamp: 17919000000
0.96953, 0.48777, 0.969715
0.521601, 0.506907, 0.956269
0.489359, 0.529394, 0.961345
0.529889, 0.531986, 0.962075
0.542826, 0.0238875, 0.970799
0.512323, 0.000105926, 0.967108
0.513378, 0.053476, 0.979838
0.502817, 0.0239577, 0.973344
stamp: 17929000000
0.960668, 0.486517, 0.969776
0.51219, 0.505813, 0.955988
0.480286, 0.528211, 0.961608
0.520751, 0.530885, 0.962113
0.534249, 0.0221208, 0.970794
0.503679, -0.00160991, 0.966966
0.504724, 0.051738, 0.979898
0.494318, 0.0222169, 0.973355
stamp: 17939000000
0.951389, 0.485097, 0.969905
0.503058, 0.504491, 0.956257
0.471462, 0.526829, 0.961743
0.51164, 0.529531, 0.962024
0.525313, 0.0203485, 0.970843
0.495034, -0.00343116, 0.967041
0.496119, 0.0498985, 0.98007
0.485432, 0.020522, 0.973466
stamp: 17950000000
0.942404, 0.483097, 0.969922
0.493947, 0.502696, 0.95579
0.462199, 0.525186, 0.961691
0.502502, 0.52795, 0.962078
0.516668, 0.0183659, 0.970926
0.486278, -0.00552358, 0.967371
0.487284, 0.0477063, 0.980207
0.476658, 0.0184106, 0.973622
stamp: 17959000000
0.933294, 0.481365, 0.969984
0.484819, 0.500862, 0.955785
0.453033, 0.523204, 0.961764
0.493458, 0.526123, 0.962019
0.508134, 0.0162727, 0.970981
0.47785, -0.00753951, 0.967613
0.478643, 0.0456247, 0.980279
0.468019, 0.0162772, 0.973637
stamp: 17969000000
0.92436, 0.479126, 0.970051
0.475654, 0.499062, 0.955904
0.444268, 0.521205, 0.961941
0.48438, 0.524095, 0.961925
0.499304, 0.0138137, 0.971239
0.469172, -0.00997275, 0.9675
0.470019, 0.0432595, 0.98029
0.459437, 0.0138804, 0.973742
stamp: 17979000000
0.915465, 0.476499, 0.96982
0.466615, 0.496792, 0.955603
0.434944, 0.519303, 0.961953
0.475179, 0.521884, 0.961915
0.49082, 0.0112592, 0.971305
0.460545, -0.0125105, 0.967577
0.461324, 0.0406973, 0.980545
0.450856, 0.011279, 0.973876
stamp: 17989000000
0.906248, 0.473971, 0.969901
0.457474, 0.49436, 0.95574
0.425843, 0.51654, 0.962044
0.466128, 0.519474, 0.961803
0.482055, 0.00848236, 0.971283
0.451835, -0.0154418, 0.967537
0.452674, 0.0379526, 0.980664
0.442375, 0.00854002, 0.974187
stamp: 18000000000
0.897381, 0.471308, 0.969872
0.448496, 0.491678, 0.955837
0.416926, 0.513913, 0.962124
0.457293, 0.51704, 0.96178
0.473323, 0.00565979, 0.971385
0.443154, -0.0181058, 0.967852
0.444014, 0.0349814, 0.980693
0.433622, 0.00567305, 0.974188
stamp: 18009000000
0.888421, 0.468321, 0.969772
0.439442, 0.4887, 0.955673
0.407815, 0.51118, 0.962009
0.448112, 0.514073, 0.961751
0.464755, 0.00256559, 0.971384
0.434709, -0.0213228, 0.968111
0.435467, 0.0319002, 0.980825
0.425174, 0.00245393, 0.974431
stamp: 18019000000
0.87946, 0.46508, 0.96977
0.43026, 0.485718, 0.955796
0.39873, 0.508021, 0.962074
0.439262, 0.511035, 0.961861
0.456292, -0.000719975, 0.971605
0.425982, -0.0246844, 0.968051
0.426828, 0.0284963, 0.981063
0.416456, -0.000803365, 0.974536
stamp: 18029000000
0.870524, 0.461629, 0.96975
0.421444, 0.48245, 0.955615
0.38948, 0.504801, 0.962219
0.430167, 0.507732, 0.961885
0.447737, -0.00410105, 0.971762
0.417529, -0.0281682, 0.968219
0.418284, 0.0251053, 0.981365
0.408026, -0.00434698, 0.974753
stamp: 18039000000
0.861787, 0.458073, 0.96967
0.412223, 0.47898, 0.955561
0.380749, 0.501314, 0.962422
0.421029, 0.504375, 0.961662
0.439109, -0.00788329, 0.971825
0.408863, -0.0318156, 0.968404
0.409848, 0.0215248, 0.981558
0.399254, -0.00796531, 0.974814
stamp: 18050000000
0.853039, 0.45452, 0.969606
0.403252, 0.475352, 0.955634
0.371633, 0.497506, 0.962327
0.412135, 0.500649, 0.961869
0.430599, -0.0116408, 0.971982
0.400353, -0.0355793, 0.968507
0.401393, 0.0177745, 0.981519
0.390649, -0.0118084, 0.974985
stamp: 18059000000
0.844159, 0.450336, 0.969395
0.394278, 0.471527, 0.955716
0.362783, 0.493608, 0.962592
0.403155, 0.496773, 0.961861
0.422057, -0.0156194, 0.971964
0.3918, -0.0395905, 0.968703
0.392586, 0.0135651, 0.981837
0.382067, -0.0158034, 0.975073
stamp: 18069000000
0.835388, 0.446474, 0.96945
0.385417, 0.467395, 0.956014
0.353746, 0.489535, 0.96256
0.394201, 0.492729, 0.961929
0.413494, -0.0199219, 0.972135
0.383294, -0.0439251, 0.9688
0.384226, 0.00937457, 0.981984
0.373606, -0.0200672, 0.975333
stamp: 18079000000
0.826653, 0.442052, 0.969324
0.376493, 0.463027, 0.956118
0.344793, 0.485349, 0.962688
0.385335, 0.488485, 0.961945
0.405084, -0.0242308, 0.972258
0.374908, -0.0483441, 0.968992
0.375815, 0.00504614, 0.982151
0.365168, -0.0243833, 0.975465
stamp: 18090000000
0.818132, 0.437554, 0.969117
0.367603, 0.458552, 0.955961
0.336054, 0.480543, 0.962987
0.376319, 0.48398, 0.961958
0.396666, -0.0288785, 0.972293
0.366409, -0.0528763, 0.969096
0.367355, 0.0004892, 0.982137
0.356811, -0.0289869, 0.975601
stamp: 18100000000
0.809523, 0.432839, 0.968982
0.3588, 0.453774, 0.956265
0.327196, 0.475864, 0.962976
0.367635, 0.479313, 0.962206
0.388196, -0.0335049, 0.972464
0.357906, -0.0576582, 0.969342
0.358918, -0.00425578, 0.982417
0.348279, -0.0337491, 0.975733
stamp: 18109000000
0.800937, 0.427915, 0.969004
0.34984, 0.448945, 0.956195
0.318434, 0.471246, 0.963682
0.358757, 0.474358, 0.962288
0.379834, -0.0384921, 0.972569
0.349581, -0.0626683, 0.969552
0.35055, -0.00929027, 0.982721
0.339891, -0.0386278, 0.975995
stamp: 18119000000
0.792485, 0.422818, 0.968905
0.341216, 0.443834, 0.956843
0.309649, 0.466054, 0.963584
0.350005, 0.46931, 0.962572
0.371517, -0.0435839, 0.972657
0.341142, -0.0674968, 0.969576
0.34216, -0.0143032, 0.98263
0.331502, -0.0437408, 0.976183
stamp: 18130000000
0.784072, 0.417601, 0.96877
0.332592, 0.438579, 0.956962
0.301082, 0.460498, 0.963864
0.341284, 0.464087, 0.962699
0.363028, -0.0488432, 0.972794
0.33277, -0.0729196, 0.969773
0.333768, -0.0196595, 0.982829
0.323173, -0.0489406, 0.976294
stamp: 18139000000
0.775633, 0.412181, 0.968717
0.323984, 0.432874, 0.957292
0.29242, 0.455068, 0.964288
0.332766, 0.458471, 0.963063
0.354676, -0.0543257, 0.973037
0.324589, -0.0783716, 0.96978
0.32544, -0.0249859, 0.982912
0.314768, -0.0544235, 0.976388
stamp: 18150000000
0.767355, 0.406534, 0.968727
0.315051, 0.427433, 0.957372
0.283766, 0.449745, 0.96457
0.324057, 0.452922, 0.96319
0.346473, -0.0600554, 0.973081
0.316284, -0.0839558, 0.969929
0.317246, -0.0306191, 0.983165
0.306457, -0.0600108, 0.976464
stamp: 18159000000
0.75921, 0.40059, 0.968711
0.30663, 0.42149, 0.957877
0.275044, 0.443708, 0.964869
0.315457, 0.446974, 0.963683
0.338164, -0.0656911, 0.97331
0.307859, -0.0898114, 0.970221
0.308941, -0.0363569, 0.983294
0.298281, -0.0658957, 0.976713
stamp: 18169000000
0.750877, 0.394691, 0.968576
0.298154, 0.415525, 0.958198
0.266545, 0.437465, 0.965298
0.306857, 0.441013, 0.96391
0.329897, -0.0716841, 0.973459
0.299572, -0.0956303, 0.970516
0.300734, -0.0423331, 0.983517
0.289959, -0.0717878, 0.976764
stamp: 18179000000
0.742974, 0.388596, 0.968522
0.289608, 0.409226, 0.958438
0.258096, 0.431401, 0.965734
0.298416, 0.434755, 0.96437
0.321682, -0.0776637, 0.973599
0.291461, -0.101691, 0.970598
0.292386, -0.0484868, 0.983482
0.28186, -0.0778097, 0.97686
stamp: 18189000000
0.73475, 0.382247, 0.968411
0.281115, 0.403009, 0.958949
0.249562, 0.425151, 0.966235
0.289874, 0.428431, 0.964562
0.313463, -0.0839846, 0.973707
0.283283, -0.108089, 0.970495
0.284209, -0.054659, 0.983567
0.273825, -0.084198, 0.977167
stamp: 18200000000
0.726666, 0.375881, 0.968395
0.272627, 0.396347, 0.959464
0.241061, 0.418503, 0.966332
0.281559, 0.421835, 0.965023
0.305413, -0.0903605, 0.973734
0.275283, -0.114409, 0.970698
0.276142, -0.0611164, 0.983669
0.265713, -0.0906857, 0.977278
stamp: 18209000000
0.718869, 0.369168, 0.96844
0.26428, 0.389573, 0.959686
0.232902, 0.411713, 0.966747
0.273294, 0.415021, 0.965532
0.297291, -0.0969061, 0.973769
0.267008, -0.120992, 0.970724
0.267966, -0.0676818, 0.983592
0.257525, -0.0972526, 0.977235
stamp: 18219000000
0.711055, 0.362367, 0.968366
0.255846, 0.382648, 0.960207
0.224509, 0.404598, 0.967105
0.264871, 0.408187, 0.965749
0.289223, -0.103743, 0.973722
0.258999, -0.127795, 0.970804
0.260062, -0.0744205, 0.983637
0.24952, -0.104014, 0.977333
stamp: 18229000000
0.703263, 0.355368, 0.968352
0.247828, 0.375526, 0.96063
0.216323, 0.397711, 0.967584
0.256648, 0.400984, 0.96625
0.281165, -0.110449, 0.97378
0.250837, -0.134514, 0.970963
0.251791, -0.0812295, 0.983532
0.241453, -0.110823, 0.977517
stamp: 18239000000
0.69566, 0.348325, 0.9684
0.239547, 0.368306, 0.961097
0.208009, 0.390517, 0.967942
0.24844, 0.393838, 0.966442
0.273197, -0.117584, 0.973652
0.243009, -0.141615, 0.971234
0.243768, -0.0882693, 0.98363
0.233492, -0.117993, 0.977523
stamp: 18250000000
0.687942, 0.341096, 0.968387
0.231489, 0.360934, 0.961243
0.200024, 0.38298, 0.968409
0.240368, 0.386385, 0.966919
0.265251, -0.12476, 0.973737
0.234889, -0.148946, 0.971267
0.235979, -0.0954151, 0.983539
0.225428, -0.125009, 0.977639
stamp: 18259000000
0.680485, 0.33372, 0.968506
0.223506, 0.353301, 0.96175
0.191787, 0.375318, 0.968713
0.232287, 0.378723, 0.967425
0.257305, -0.132069, 0.973568
0.227071, -0.156204, 0.971426
0.22789, -0.102638, 0.983673
0.217502, -0.132405, 0.977562
stamp: 18269000000
0.672943, 0.326638, 0.968923
0.215261, 0.345568, 0.962409
0.183636, 0.36777, 0.969016
0.224131, 0.371066, 0.96771
0.249401, -0.1395, 0.973622
0.219154, -0.163723, 0.971311
0.220139, -0.11019, 0.983397
0.209688, -0.139973, 0.977608
stamp: 18279000000
0.665638, 0.318927, 0.969083
0.207138, 0.337537, 0.962669
0.175915, 0.35976, 0.969764
0.216213, 0.363166, 0.968024
0.241447, -0.147195, 0.973743
0.211242, -0.17148, 0.971366
0.212311, -0.117868, 0.983439
0.201721, -0.147521, 0.97773
stamp: 18290000000
0.658036, 0.311153, 0.96921
0.199504, 0.329618, 0.96313
0.167914, 0.351728, 0.970011
0.208318, 0.355159, 0.96846
0.233619, -0.154925, 0.97393
0.203509, -0.179138, 0.971387
0.204343, -0.125656, 0.983645
0.19365, -0.155102, 0.977444
stamp: 18300000000
0.650972, 0.303148, 0.969421
0.19142, 0.321417, 0.963375
0.160104, 0.343752, 0.970462
0.200394, 0.346987, 0.968587
0.225852, -0.162874, 0.973804
0.195462, -0.187104, 0.971534
0.196545, -0.133482, 0.983417
0.185991, -0.163207, 0.977697
stamp: 18309000000
0.643579, 0.295157, 0.969488
0.183631, 0.313115, 0.963882
0.152167, 0.334983, 0.970757
0.192581, 0.338624, 0.969022
0.217948, -0.170773, 0.97383
0.187962, -0.19512, 0.971732
0.188579, -0.141555, 0.983365
0.178069, -0.171066, 0.977542
stamp: 18320000000
0.636294, 0.286856, 0.969408
0.175797, 0.304617, 0.964432
0.144402, 0.326768, 0.971222
0.184874, 0.330122, 0.969405
0.210342, -0.179169, 0.97384
0.180105, -0.203287, 0.971688
0.181156, -0.149691, 0.98351
0.170537, -0.179139, 0.977449
stamp: 18329000000
0.629143, 0.278616, 0.969554
0.168043, 0.295982, 0.9646
0.136699, 0.318235, 0.971447
0.177055, 0.32169, 0.96945
0.202758, -0.18727, 0.973942
0.172656, -0.21157, 0.971801
0.173375, -0.157927, 0.983277
0.163061, -0.187493, 0.977745
stamp: 18339000000
0.622115, 0.270279, 0.969732
0.160748, 0.287265, 0.96516
0.128956, 0.309549, 0.971564
0.16948, 0.312932, 0.969758
0.195108, -0.195767, 0.973904
0.164915, -0.220028, 0.971682
0.165944, -0.166315, 0.983468
0.155233, -0.195911, 0.977778
stamp: 18350000000
0.615183, 0.261716, 0.969821
0.152928, 0.278437, 0.965463
0.121536, 0.300429, 0.97211
0.161883, 0.304071, 0.970076
0.187377, -0.204271, 0.973741
0.157275, -0.228713, 0.971865
0.158317, -0.17486, 0.983195
0.147653, -0.204425, 0.977677
stamp: 18359000000
0.608078, 0.253032, 0.969758
0.14558, 0.269238, 0.965895
0.113964, 0.291559, 0.972417
0.154217, 0.295142, 0.970137
0.180032, -0.212845, 0.973868
0.14972, -0.237386, 0.971931
0.150591, -0.183575, 0.983087
0.140157, -0.213206, 0.977761
stamp: 18369000000
0.601321, 0.24421, 0.969641
0.13801, 0.260242, 0.965896
0.106304, 0.282507, 0.972508
0.146855, 0.286024, 0.970396
0.172369, -0.221719, 0.973914
0.142193, -0.246007, 0.971871
0.14295, -0.19225, 0.982978
0.132524, -0.221908, 0.977812
stamp: 18380000000
0.594378, 0.235512, 0.969732
0.130681, 0.250819, 0.966146
0.0989625, 0.273538, 0.972681
0.139373, 0.276776, 0.970637
0.16483, -0.230575, 0.974127
0.134649, -0.255027, 0.972251
0.135595, -0.201162, 0.983104
0.125104, -0.230932, 0.977783
stamp: 18389000000
0.587355, 0.226767, 0.97
0.123362, 0.241622, 0.966587
0.0917018, 0.264366, 0.973093
0.131949, 0.267532, 0.970639
0.157476, -0.239594, 0.974123
0.127028, -0.263987, 0.972162
0.128121, -0.210012, 0.983019
0.117441, -0.239881, 0.977791
stamp: 18400000000
0.580772, 0.217624, 0.970312
0.115875, 0.232155, 0.966958
0.0844345, 0.254735, 0.972982
0.124723, 0.258097, 0.970801
0.150023, -0.248683, 0.974321
0.11983, -0.273268, 0.972414
0.120723, -0.219072, 0.982911
0.110134, -0.249036, 0.977888
stamp: 18409000000
0.574013, 0.208518, 0.970572
0.108405, 0.222833, 0.967039
0.0771823, 0.245355, 0.973081
0.117477, 0.248622, 0.97103
0.142616, -0.258138, 0.974263
0.112391, -0.282286, 0.972509
0.113332, -0.228334, 0.983054
0.102857, -0.258278, 0.978113
stamp: 18419000000
0.567249, 0.199489, 0.970473
0.101535, 0.213334, 0.967753
0.0698093, 0.235789, 0.973178
0.110235, 0.238948, 0.971141
0.135258, -0.267349, 0.974326
0.104845, -0.29179, 0.972557
0.105879, -0.237747, 0.98291
0.095308, -0.26751, 0.977969
stamp: 18429000000
0.560663, 0.190173, 0.970559
0.0945183, 0.203726, 0.967745
0.0628866, 0.226201, 0.973276
0.102967, 0.229437, 0.971005
0.127795, -0.276718, 0.974508
0.0974743, -0.301157, 0.972675
0.0984069, -0.247188, 0.982867
0.0881659, -0.276903, 0.978133
stamp: 18439000000
0.554143, 0.180916, 0.970696
0.0874926, 0.193832, 0.968078
0.055748, 0.216364, 0.973308
0.0960721, 0.21973, 0.971352
0.120554, -0.28632, 0.974679
0.0901668, -0.310693, 0.972873
0.091105, -0.256685, 0.98304
0.0804652, -0.286402, 0.977846
stamp: 18450000000
0.547473, 0.17154, 0.970747
0.0802675, 0.183999, 0.968234
0.0488159, 0.206806, 0.973262
0.089048, 0.20978, 0.971475
0.113186, -0.295983, 0.974752
0.0828888, -0.320183, 0.972892
0.0836711, -0.266304, 0.982898
0.0733683, -0.29607, 0.978001
stamp: 18460000000
0.541006, 0.162097, 0.970921
0.0733011, 0.174165, 0.968332
0.0417269, 0.1968, 0.97333
0.0821439, 0.199873, 0.97151
0.10597, -0.305687, 0.9748
0.075586, -0.330017, 0.973176
0.076515, -0.27605, 0.982941
0.06619, -0.305791, 0.978302
stamp: 18469000000
0.534622, 0.152565, 0.971017
0.0662798, 0.164123, 0.968147
0.0349177, 0.186704, 0.973269
0.0752091, 0.189965, 0.971444
0.0986127, -0.31553, 0.974938
0.0683403, -0.339727, 0.973187
0.0692679, -0.285545, 0.982763
0.0588585, -0.315476, 0.97849
stamp: 18479000000
0.528138, 0.143153, 0.971075
0.0595019, 0.153897, 0.968475
0.0279443, 0.176777, 0.973185
0.0682021, 0.179906, 0.971417
0.0913083, -0.325362, 0.975114
0.0609013, -0.349575, 0.973439
0.0620268, -0.295572, 0.982836
0.0514254, -0.325217, 0.978128
stamp: 18490000000
0.521757, 0.133507, 0.971047
0.0528607, 0.143815, 0.96867
0.0210046, 0.166516, 0.973149
0.0614084, 0.169734, 0.971411
0.0841371, -0.335222, 0.975125
0.053895, -0.359503, 0.973714
0.0547991, -0.305423, 0.982865
0.0443471, -0.335221, 0.978471
stamp: 18500000000
0.515613, 0.12395, 0.971097
0.0459617, 0.133705, 0.968628
0.0143219, 0.15644, 0.973217
0.0546576, 0.159539, 0.971335
0.0769023, -0.345176, 0.975276
0.0467101, -0.369492, 0.973983
0.0477627, -0.315193, 0.982748
0.0371901, -0.345065, 0.978627
stamp: 18509000000
0.509112, 0.114258, 0.971048
0.0393375, 0.123389, 0.968698
0.00752812, 0.146471, 0.973042
0.0479453, 0.149339, 0.971388
0.069732, -0.35527, 0.975373
0.0393399, -0.379662, 0.974406
0.0404544, -0.325199, 0.982618
0.0300865, -0.355192, 0.978633
stamp: 18519000000
0.502931, 0.104599, 0.971254
0.0323844, 0.113168, 0.968826
0.00080631, 0.135994, 0.972745
0.0413439, 0.139026, 0.971379
0.0625672, -0.365347, 0.975518
0.0322603, -0.389492, 0.974301
0.033432, -0.335186, 0.982656
0.0229013, -0.365244, 0.978946
stamp: 18529000000
0.496602, 0.0947943, 0.971269
0.0257207, 0.102846, 0.968684
-0.0057655, 0.125786, 0.972624
0.0346567, 0.128637, 0.971404
0.0554703, -0.375514, 0.975696
0.0249724, -0.399756, 0.974675
0.0263349, -0.345684, 0.982845
0.015765, -0.375432, 0.978987
stamp: 18539000000
0.490179, 0.0850973, 0.97114
0.0192761, 0.0923846, 0.968874
-0.012357, 0.115685, 0.972608
0.02792, 0.118365, 0.97124
0.0481421, -0.385745, 0.975849
0.0176078, -0.409841, 0.974789
0.0190116, -0.355538, 0.982701
0.00848171, -0.385541, 0.979015
stamp: 18550000000
0.484056, 0.0754155, 0.971192
0.0125959, 0.0820241, 0.968804
-0.0188648, 0.105048, 0.972336
0.0212476, 0.108004, 0.97117
0.0411043, -0.396035, 0.975981
0.0106192, -0.420165, 0.974972
0.011911, -0.365964, 0.982729
0.00104118, -0.395807, 0.978809
stamp: 18559000000
0.47778, 0.065599, 0.971226
0.00610411, 0.0714372, 0.969115
-0.0255198, 0.0945733, 0.972311
0.014764, 0.0975604, 0.97116
0.0338882, -0.406365, 0.976157
0.0033248, -0.430448, 0.974949
0.00478742, -0.376118, 0.982784
-0.00595101, -0.40596, 0.979007
stamp: 18569000000
0.471584, 0.0557507, 0.971211
-0.000457463, 0.0611002, 0.968962
-0.0320802, 0.0843347, 0.97208
0.00826025, 0.0870937, 0.971176
0.0269231, -0.416677, 0.976457
-0.00375886, -0.440748, 0.975334
-0.00247706, -0.386478, 0.982569
-0.0132272, -0.416268, 0.979138
stamp: 18580000000
0.465538, 0.0458314, 0.9713
-0.00691798, 0.0506006, 0.969027
-0.038515, 0.0738858, 0.97182
0.00182185, 0.0764926, 0.971151
0.0197421, -0.426891, 0.976649
-0.0108442, -0.451213, 0.975477
-0.0095787, -0.396842, 0.982643
-0.0203582, -0.42656, 0.979219
stamp: 18589000000
0.459377, 0.0360456, 0.971285
-0.0135696, 0.0400258, 0.96889
-0.0450351, 0.0631147, 0.971639
-0.00471883, 0.0659723, 0.971008
0.0126446, -0.437316, 0.976839
-0.0182329, -0.461579, 0.975682
-0.0168506, -0.407228, 0.982469
-0.0275636, -0.436925, 0.979432
stamp: 18599000000
0.453188, 0.0263069, 0.971279
-0.0200758, 0.0295638, 0.968857
-0.0516342, 0.0526931, 0.971666
-0.0112026, 0.0554992, 0.971028
0.00543774, -0.447835, 0.976993
-0.0251771, -0.471821, 0.975946
-0.0240262, -0.417557, 0.982425
-0.0346352, -0.447353, 0.97941
stamp: 18609000000
0.447111, 0.0164981, 0.97121
-0.026421, 0.0190134, 0.969138
-0.0579695, 0.0423245, 0.971361
-0.0175612, 0.04496, 0.970966
-0.00164785, -0.458141, 0.97707
-0.0324483, -0.482452, 0.976237
-0.0309997, -0.428023, 0.982638
-0.0417741, -0.457733, 0.979485
stamp: 18619000000
0.440977, 0.00683454, 0.971342
-0.0329711, 0.008377, 0.968889
-0.0644843, 0.0317202, 0.971142
-0.0241465, 0.0344512, 0.970781
-0.00885017, -0.468729, 0.977257
-0.0394079, -0.492797, 0.976488
-0.0381265, -0.438432, 0.982803
-0.0489987, -0.46812, 0.979552
stamp: 18629000000
0.434872, -0.00292008, 0.971285
-0.0394023, -0.00219821, 0.96905
-0.0707858, 0.0211174, 0.971018
-0.0306, 0.0238891, 0.970806
-0.0159394, -0.479117, 0.977399
-0.0466857, -0.503257, 0.976651
-0.0453738, -0.448781, 0.982469
-0.0561639, -0.478469, 0.97962
stamp: 18639000000
0.428745, -0.012614, 0.971174
-0.0456519, -0.0126449, 0.968936
-0.0772454, 0.0106243, 0.970897
-0.0369821, 0.0133572, 0.970747
-0.0230674, -0.489639, 0.977614
-0.0539383, -0.5137, 0.976689
-0.0522555, -0.459134, 0.982524
-0.0632012, -0.488864, 0.979589
stamp: 18649000000
0.422668, -0.0221777, 0.971276
-0.0522018, -0.0232127, 0.969003
-0.0835598, 0.00021601, 0.970857
-0.043436, 0.00278128, 0.970571
-0.0302065, -0.499931, 0.97772
-0.0611002, -0.523907, 0.976965
-0.0597388, -0.469542, 0.982403
-0.0704851, -0.499332, 0.979965
stamp: 18659000000
0.416721, -0.0319725, 0.9712
-0.0584854, -0.0336259, 0.969087
-0.089944, -0.0101669, 0.970572
-0.0497212, -0.00764571, 0.970554
-0.037421, -0.510384, 0.977951
-0.0683019, -0.534583, 0.977283
-0.0667761, -0.479816, 0.982311
-0.0775103, -0.509752, 0.979896
stamp: 18669000000
0.410557, -0.0415353, 0.971037
-0.0648227, -0.0441499, 0.969541
-0.0964183, -0.0205997, 0.970433
-0.0560737, -0.0182004, 0.970664
-0.0444798, -0.520777, 0.978078
-0.0755329, -0.544758, 0.977435
-0.0739947, -0.490306, 0.98213
-0.0847407, -0.520151, 0.980189
stamp: 18679000000
0.404497, -0.0511471, 0.970946
-0.0711094, -0.0546664, 0.969327
-0.102839, -0.0311949, 0.970165
-0.0624155, -0.0286143, 0.970661
-0.0518175, -0.531139, 0.9781
-0.0827123, -0.555196, 0.977533
-0.080954, -0.50076, 0.982382
-0.0918726, -0.530493, 0.980035
stamp: 18689000000
0.398463, -0.0606333, 0.970863
-0.0778819, -0.0649806, 0.969184
-0.109161, -0.041432, 0.970043
-0.0687771, -0.0391593, 0.970638
-0.0590342, -0.541432, 0.978165
-0.0899598, -0.565591, 0.977908
-0.0881249, -0.511097, 0.982249
-0.0991322, -0.540931, 0.980287
stamp: 18699000000
0.392306, -0.0701246, 0.97089
-0.0840028, -0.0754731, 0.969496
-0.115498, -0.0519956, 0.969937
-0.075067, -0.0494798, 0.970595
-0.0661008, -0.551921, 0.978543
-0.0970467, -0.576023, 0.978104
-0.0956149, -0.521336, 0.982081
-0.106345, -0.551206, 0.980307
stamp: 18709000000
0.386243, -0.0797327, 0.97075
-0.0903328, -0.0858845, 0.969374
-0.121954, -0.0623688, 0.969837
-0.0814041, -0.0598929, 0.970618
-0.0733484, -0.562315, 0.978508
-0.104425, -0.586397, 0.978037
-0.102744, -0.531672, 0.982109
-0.113546, -0.561636, 0.980408
stamp: 18719000000
0.380065, -0.0890337, 0.970641
-0.0967414, -0.0962372, 0.969597
-0.128309, -0.0726218, 0.969698
-0.0880409, -0.0702269, 0.970414
-0.0805978, -0.572633, 0.978662
-0.111638, -0.596575, 0.978201
-0.109972, -0.541965, 0.982215
-0.120818, -0.571815, 0.980349
stamp: 18729000000
0.374103, -0.0983986, 0.970647
-0.103106, -0.106598, 0.969584
-0.134809, -0.082944, 0.9696
-0.0945523, -0.0805925, 0.970319
-0.0879632, -0.58276, 0.9787
-0.118806, -0.606962, 0.978356
-0.117249, -0.552285, 0.982107
-0.128049, -0.582269, 0.980469
stamp: 18739000000
0.367969, -0.107656, 0.970432
-0.109752, -0.116864, 0.969634
-0.141224, -0.0932947, 0.969274
-0.100916, -0.0908914, 0.970337
-0.095292, -0.593116, 0.978632
-0.126158, -0.617087, 0.978366
-0.12458, -0.562572, 0.981849
-0.135382, -0.592386, 0.980466
stamp: 18749000000
0.361913, -0.11678, 0.970427
-0.11612, -0.127228, 0.969662
-0.147783, -0.103541, 0.969154
-0.107214, -0.101202, 0.970438
-0.102361, -0.603291, 0.978887
-0.133513, -0.627337, 0.978743
-0.131946, -0.57265, 0.981848
-0.142643, -0.602509, 0.980323
stamp: 18759000000
0.355701, -0.125926, 0.970382
-0.123098, -0.137244, 0.969173
-0.154177, -0.113848, 0.969132
-0.113931, -0.111332, 0.970143
-0.109751, -0.613427, 0.978733
-0.140641, -0.637415, 0.978956
-0.139153, -0.582696, 0.981639
-0.150049, -0.612636, 0.980456
stamp: 18769000000
0.349548, -0.135017, 0.970295
-0.129194, -0.147523, 0.969591
-0.160862, -0.124018, 0.968822
-0.120455, -0.121445, 0.970139
-0.117087, -0.623394, 0.97882
-0.148109, -0.647383, 0.979015
-0.146559, -0.592842, 0.98143
-0.157335, -0.622703, 0.980553
stamp: 18779000000
0.343495, -0.143907, 0.970154
-0.135806, -0.157701, 0.969542
-0.167302, -0.133969, 0.968636
-0.127009, -0.131529, 0.970085
-0.124384, -0.633361, 0.978807
-0.155379, -0.657235, 0.979047
-0.153861, -0.602774, 0.981196
-0.1647, -0.632714, 0.980291
stamp: 18789000000
0.337278, -0.152885, 0.969916
-0.142444, -0.167631, 0.969579
-0.173916, -0.143959, 0.968517
-0.133608, -0.141553, 0.970001
-0.131667, -0.643174, 0.978926
-0.162756, -0.667207, 0.979056
-0.161023, -0.612751, 0.981348
-0.171897, -0.642568, 0.980183
stamp: 18799000000
0.331095, -0.161705, 0.969891
-0.149034, -0.177572, 0.969784
-0.180679, -0.153931, 0.968317
-0.140259, -0.151518, 0.969854
-0.139148, -0.653313, 0.978777
-0.170141, -0.677141, 0.979133
-0.16858, -0.622625, 0.981075
-0.179277, -0.652456, 0.980128
stamp: 18809000000
0.324961, -0.170518, 0.969978
-0.15557, -0.187444, 0.969717
-0.187195, -0.163806, 0.968277
-0.146847, -0.161512, 0.969691
-0.146468, -0.663047, 0.978847
-0.177592, -0.687133, 0.979121
-0.175966, -0.632476, 0.980754
-0.186735, -0.662292, 0.979946
stamp: 18819000000
0.318767, -0.179195, 0.969728
-0.162439, -0.197323, 0.969574
-0.193978, -0.173797, 0.968034
-0.153518, -0.171272, 0.969591
-0.153987, -0.672876, 0.978632
-0.184831, -0.696875, 0.97902
-0.183285, -0.642093, 0.980547
-0.194113, -0.672047, 0.979863
stamp: 18829000000
0.312481, -0.187716, 0.969731
-0.169105, -0.206956, 0.969645
-0.200644, -0.183354, 0.967758
-0.160295, -0.181082, 0.969382
-0.161417, -0.682702, 0.978593
-0.192114, -0.706558, 0.978754
-0.19081, -0.651932, 0.980434
-0.201598, -0.681878, 0.97958
stamp: 18839000000
0.306265, -0.196232, 0.969662
-0.175899, -0.216706, 0.969607
-0.207521, -0.193159, 0.967509
-0.166994, -0.19086, 0.969442
-0.16918, -0.692199, 0.978312
-0.199738, -0.716246, 0.978826
-0.198451, -0.661501, 0.980008
-0.209026, -0.691521, 0.979474
stamp: 18849000000
0.299961, -0.204759, 0.969532
-0.182849, -0.226414, 0.969197
-0.214208, -0.202787, 0.967402
-0.173968, -0.200328, 0.968994
-0.176445, -0.701697, 0.978019
-0.207273, -0.725808, 0.978611
-0.205865, -0.671091, 0.979736
-0.216564, -0.701081, 0.979259
stamp: 18859000000
0.293706, -0.212979, 0.969442
-0.18977, -0.235725, 0.969035
-0.221047, -0.212172, 0.967143
-0.180601, -0.209887, 0.969071
-0.184047, -0.710992, 0.977821
-0.214728, -0.735383, 0.978431
-0.213366, -0.680596, 0.979515
-0.224223, -0.710432, 0.978859
stamp: 18869000000
0.287372, -0.221091, 0.969408
-0.196474, -0.245433, 0.969122
-0.228014, -0.221801, 0.966887
-0.187547, -0.219409, 0.968908
-0.191543, -0.720522, 0.977723
-0.222321, -0.744612, 0.978126
-0.220709, -0.689863, 0.979232
-0.23165, -0.719787, 0.978713
stamp: 18879000000
0.280945, -0.229207, 0.969215
-0.203511, -0.254664, 0.968901
-0.234872, -0.231103, 0.966502
-0.19453, -0.228643, 0.968594
-0.199197, -0.7298, 0.977485
-0.229872, -0.754019, 0.977875
-0.228455, -0.699218, 0.978717
-0.23929, -0.729109, 0.978352
stamp: 18889000000
0.274531, -0.237113, 0.968901
-0.210344, -0.263991, 0.968753
-0.241928, -0.240482, 0.966232
-0.201553, -0.238022, 0.968342
-0.206897, -0.738957, 0.977035
-0.23761, -0.763184, 0.977779
-0.236079, -0.708492, 0.978492
-0.246915, -0.738311, 0.977936
stamp: 18900000000
0.268026, -0.244944, 0.968825
-0.217549, -0.273195, 0.968476
-0.249009, -0.249707, 0.965983
-0.208562, -0.247327, 0.968306
-0.21437, -0.748124, 0.97672
-0.245117, -0.772332, 0.977437
-0.243829, -0.717467, 0.977806
-0.254553, -0.747414, 0.977618
stamp: 18909000000
0.261706, -0.252747, 0.968962
-0.224562, -0.282181, 0.968134
-0.256007, -0.258677, 0.965562
-0.215671, -0.25622, 0.967889
-0.222219, -0.757159, 0.97641
-0.252962, -0.781246, 0.977033
-0.251288, -0.726575, 0.977538
-0.262221, -0.75646, 0.977203
stamp: 18919000000
0.255195, -0.26048, 0.968677
-0.231871, -0.291263, 0.968132
-0.263187, -0.267757, 0.965398
-0.222777, -0.265269, 0.967786
-0.229855, -0.766036, 0.975838
-0.260459, -0.790141, 0.977021
-0.259089, -0.735431, 0.976783
-0.269939, -0.765382, 0.976918
stamp: 18929000000
0.248651, -0.268138, 0.968564
-0.238972, -0.300055, 0.967924
-0.270379, -0.276558, 0.965057
-0.230003, -0.274133, 0.967402
-0.237555, -0.774794, 0.975485
-0.268211, -0.798857, 0.97658
-0.267029, -0.743998, 0.976138
-0.277652, -0.77414, 0.976435
stamp: 18939000000
0.242263, -0.275713, 0.968718
-0.246136, -0.308935, 0.967762
-0.277629, -0.285523, 0.964892
-0.237272, -0.282912, 0.966997
-0.245144, -0.783475, 0.975214
-0.27607, -0.807457, 0.976514
-0.274422, -0.752765, 0.975785
-0.285283, -0.782736, 0.976046
stamp: 18950000000
0.235594, -0.283018, 0.968353
-0.253415, -0.31757, 0.967664
-0.284876, -0.294082, 0.964798
-0.244671, -0.291513, 0.966659
-0.252956, -0.792137, 0.974656
-0.283797, -0.816166, 0.976223
-0.282238, -0.761553, 0.974979
-0.29319, -0.79141, 0.975519
stamp: 18959000000
0.229057, -0.29022, 0.96815
-0.260845, -0.326105, 0.967614
-0.292221, -0.302685, 0.96447
-0.25196, -0.300041, 0.966399
-0.260673, -0.800713, 0.974379
-0.291542, -0.82468, 0.97598
-0.290159, -0.769917, 0.9743
-0.300855, -0.799787, 0.975307
stamp: 18969000000
0.222555, -0.297274, 0.968108
-0.268383, -0.334478, 0.967374
-0.299631, -0.311182, 0.964181
-0.259318, -0.308435, 0.966051
-0.268709, -0.80893, 0.973906
-0.299472, -0.833095, 0.975607
-0.2979, -0.778346, 0.973932
-0.308759, -0.808247, 0.97477
stamp: 18979000000
0.216032, -0.304351, 0.968063
-0.275595, -0.342901, 0.967353
-0.30703, -0.319542, 0.963868
-0.266704, -0.316885, 0.966023
-0.276639, -0.817246, 0.97344
-0.307307, -0.841275, 0.975159
-0.305893, -0.786481, 0.973389
-0.316586, -0.816474, 0.974373
stamp: 18989000000
0.209367, -0.311324, 0.968231
-0.283062, -0.351014, 0.96724
-0.314636, -0.327601, 0.963691
-0.274352, -0.325052, 0.965535
-0.284435, -0.825427, 0.973201
-0.315303, -0.849433, 0.974822
-0.313763, -0.794632, 0.972885
-0.32455, -0.824678, 0.974038
stamp: 19000000000
0.202573, -0.318008, 0.967979
-0.290738, -0.359256, 0.96697
-0.322146, -0.335761, 0.963483
-0.281753, -0.333266, 0.965561
-0.29249, -0.833475, 0.97263
-0.323203, -0.857468, 0.974638
-0.321672, -0.802569, 0.972495
-0.332476, -0.83261, 0.973653
stamp: 19009000000
0.195936, -0.324583, 0.967997
-0.298487, -0.367256, 0.966651
-0.329836, -0.343935, 0.963289
-0.289535, -0.341082, 0.96499
-0.300419, -0.841287, 0.972375
-0.331142, -0.865311, 0.974316
-0.329745, -0.810527, 0.971876
-0.340421, -0.840438, 0.973196
stamp: 19019000000
0.189216, -0.331187, 0.967757
-0.306043, -0.374969, 0.966386
-0.337455, -0.351699, 0.963075
-0.297146, -0.348995, 0.964875
-0.308459, -0.848866, 0.97204
-0.339226, -0.872927, 0.974055
-0.337653, -0.818302, 0.971508
-0.348501, -0.848203, 0.972784
stamp: 19029000000
0.182528, -0.337421, 0.967712
-0.313647, -0.382612, 0.966342
-0.345, -0.359381, 0.96285
-0.304716, -0.356751, 0.964783
-0.316378, -0.856669, 0.971736
-0.34723, -0.880516, 0.973695
-0.345546, -0.825941, 0.971161
-0.356582, -0.855858, 0.972383
stamp: 19039000000
0.175608, -0.34351, 0.967613
-0.321429, -0.390258, 0.966273
-0.35283, -0.366869, 0.962677
-0.31255, -0.364295, 0.964452
-0.324339, -0.864167, 0.971397
-0.355242, -0.88803, 0.973586
-0.3537, -0.833356, 0.970639
-0.36456, -0.863189, 0.97207
stamp: 19050000000
0.168748, -0.349681, 0.967506
-0.329211, -0.397522, 0.966259
-0.360665, -0.374313, 0.96256
-0.320305, -0.371701, 0.964226
-0.332524, -0.87134, 0.971081
-0.363523, -0.895265, 0.973258
-0.361787, -0.840688, 0.970145
-0.37266, -0.870493, 0.971782
stamp: 19059000000
0.161836, -0.355675, 0.967569
-0.337058, -0.404961, 0.966004
-0.368436, -0.381724, 0.962441
-0.328081, -0.37896, 0.964268
-0.340734, -0.87859, 0.970633
-0.371647, -0.902475, 0.973019
-0.370066, -0.847771, 0.969625
-0.38074, -0.877682, 0.97141
stamp: 19069000000
0.154855, -0.361351, 0.967483
-0.345005, -0.412078, 0.966014
-0.376395, -0.388954, 0.962339
-0.336037, -0.386193, 0.964084
-0.348789, -0.885653, 0.970321
-0.379754, -0.909436, 0.97268
-0.378009, -0.854854, 0.969351
-0.388851, -0.884754, 0.971226
stamp: 19079000000
0.147912, -0.366897, 0.967462
-0.352788, -0.418991, 0.965996
-0.384305, -0.395846, 0.962263
-0.343958, -0.393162, 0.96398
-0.357072, -0.892519, 0.969991
-0.387888, -0.916201, 0.972363
-0.386129, -0.861805, 0.969096
-0.397097, -0.891612, 0.970793
stamp: 19090000000
0.140793, -0.372586, 0.967295
-0.360907, -0.426028, 0.965915
-0.392191, -0.402615, 0.962199
-0.352002, -0.399854, 0.963656
-0.365277, -0.89919, 0.969842
-0.396099, -0.922893, 0.972279
-0.394249, -0.868553, 0.968853
-0.405252, -0.898333, 0.970626
stamp: 19100000000
0.133751, -0.378134, 0.967448
-0.36887, -0.432504, 0.966096
-0.400181, -0.409279, 0.96213
-0.359936, -0.406652, 0.963775
-0.37358, -0.905735, 0.969642
-0.404426, -0.92953, 0.972232
-0.402792, -0.875093, 0.968397
-0.413458, -0.904824, 0.970408
stamp: 19109000000
0.126623, -0.383245, 0.967242
-0.377035, -0.4391, 0.965856
-0.408286, -0.415912, 0.96212
-0.368085, -0.413152, 0.963619
-0.381892, -0.912123, 0.969348
-0.412597, -0.935872, 0.972113
-0.411072, -0.881368, 0.968062
-0.421808, -0.911209, 0.970195
stamp: 19119000000
0.119428, -0.388374, 0.967171
-0.385116, -0.445515, 0.965991
-0.416444, -0.422282, 0.961993
-0.376191, -0.41968, 0.963719
-0.390146, -0.918296, 0.969241
-0.420907, -0.942099, 0.971881
-0.419279, -0.887708, 0.967854
-0.429988, -0.917403, 0.969985
stamp: 19129000000
0.112315, -0.393299, 0.967259
-0.393117, -0.451671, 0.966039
-0.424597, -0.428535, 0.962076
-0.384322, -0.425902, 0.963684
-0.398322, -0.924491, 0.969158
-0.429183, -0.948244, 0.971771
-0.42764, -0.893845, 0.967534
-0.438335, -0.923581, 0.969849
stamp: 19139000000
0.105103, -0.398093, 0.967423
-0.401471, -0.457826, 0.965835
-0.432826, -0.434721, 0.962124
-0.392521, -0.431966, 0.963662
-0.406775, -0.930358, 0.968899
-0.437523, -0.954098, 0.971722
-0.435985, -0.899767, 0.967187
-0.446718, -0.929446, 0.969669
stamp: 19150000000
0.0977112, -0.402632, 0.967193
-0.409645, -0.463657, 0.966145
-0.441002, -0.440574, 0.962241
-0.400741, -0.437877, 0.963657
-0.415194, -0.936173, 0.968702
-0.445912, -0.959904, 0.971592
-0.444388, -0.905515, 0.966856
-0.455093, -0.935171, 0.969599
stamp: 19159000000
0.0904062, -0.407157, 0.967128
-0.417888, -0.469356, 0.96618
-0.449252, -0.446375, 0.962325
-0.40907, -0.443695, 0.963679
-0.42364, -0.941608, 0.968492
-0.454335, -0.965433, 0.971518
-0.452816, -0.91105, 0.96693
-0.463444, -0.940705, 0.969434
stamp: 19169000000
0.0830716, -0.411495, 0.96719
-0.426178, -0.475051, 0.966391
-0.457646, -0.452002, 0.962316
-0.417293, -0.449278, 0.963885
-0.432004, -0.947013, 0.968435
-0.462626, -0.970812, 0.971739
-0.461205, -0.916416, 0.96659
-0.471852, -0.946168, 0.969335
stamp: 19179000000
0.0757607, -0.415667, 0.967232
-0.434569, -0.48053, 0.966374
-0.465983, -0.457472, 0.962501
-0.425685, -0.454715, 0.963873
-0.440418, -0.952375, 0.96831
-0.471098, -0.976084, 0.971636
-0.469691, -0.921747, 0.966442
-0.480366, -0.951467, 0.96933
stamp: 19189000000
0.068383, -0.419758, 0.967133
-0.44295, -0.485722, 0.966537
-0.474337, -0.462734, 0.962608
-0.434119, -0.45997, 0.963823
-0.448909, -0.957373, 0.968153
-0.479636, -0.981066, 0.971451
-0.478158, -0.926771, 0.966146
-0.4888, -0.956481, 0.969226
stamp: 19200000000
0.0607674, -0.423713, 0.967038
-0.451377, -0.490754, 0.966862
-0.482743, -0.46781, 0.962746
-0.442678, -0.465122, 0.964041
-0.457425, -0.962283, 0.968057
-0.48812, -0.98605, 0.971569
-0.486521, -0.931736, 0.966073
-0.497244, -0.961279, 0.969147
stamp: 19209000000
0.0533125, -0.427213, 0.96722
-0.459798, -0.49582, 0.967027
-0.491201, -0.472753, 0.962905
-0.451107, -0.470083, 0.964082
-0.46604, -0.967056, 0.968022
-0.496615, -0.990664, 0.971557
-0.495178, -0.936392, 0.965966
-0.505795, -0.966083, 0.969209
stamp: 19219000000
0.0458269, -0.430794, 0.967281
-0.468337, -0.500473, 0.967298
-0.499721, -0.477456, 0.963001
-0.459526, -0.47481, 0.964228
-0.474484, -0.971607, 0.967943
-0.505122, -0.995188, 0.97162
-0.503714, -0.940909, 0.965624
-0.514303, -0.970587, 0.969105
stamp: 19230000000
0.03818, -0.434477, 0.967283
-0.476778, -0.505082, 0.967453
-0.508231, -0.482132, 0.96324
-0.467993, -0.479403, 0.964349
-0.483013, -0.975791, 0.967892
-0.513546, -0.999476, 0.971805
-0.512002, -0.945216, 0.965857
-0.522801, -0.974937, 0.969125
stamp: 19239000000
0.0306284, -0.437529, 0.967105
-0.485329, -0.509552, 0.96766
-0.516735, -0.486499, 0.963516
-0.476543, -0.483825, 0.964564
-0.491588, -0.980052, 0.967839
-0.522226, -1.00363, 0.971871
-0.52075, -0.949555, 0.965761
-0.531339, -0.979073, 0.969278
stamp: 19250000000
0.0229663, -0.44061, 0.967088
-0.49392, -0.513684, 0.968044
-0.525329, -0.490778, 0.963727
-0.485094, -0.488036, 0.964682
-0.50006, -0.984097, 0.967818
-0.530717, -1.00767, 0.971947
-0.529185, -0.953369, 0.965442
-0.53994, -0.982991, 0.969166
stamp: 19259000000
0.0153142, -0.443636, 0.967176
-0.502539, -0.517784, 0.968154
-0.533953, -0.494796, 0.963885
-0.493828, -0.492166, 0.96488
-0.508636, -0.987822, 0.967857
-0.539379, -1.01132, 0.972027
-0.537736, -0.957185, 0.965561
-0.548408, -0.986756, 0.969264
stamp: 19269000000
0.00753721, -0.446432, 0.967059
-0.511198, -0.52168, 0.968476
-0.54255, -0.498661, 0.964256
-0.502498, -0.49605, 0.965038
-0.517287, -0.991361, 0.967793
-0.547645, -1.0149, 0.972215
-0.546491, -0.960744, 0.96533
-0.557018, -0.990394, 0.96944
stamp: 19279000000
-0.000158619, -0.449128, 0.966954
-0.519781, -0.525414, 0.968659
-0.551198, -0.502421, 0.964541
-0.511016, -0.499742, 0.9652
-0.525828, -0.994799, 0.967754
-0.556457, -1.01826, 0.972352
-0.555053, -0.964169, 0.965408
-0.565624, -0.993697, 0.969504
stamp: 19289000000
-0.00774347, -0.451531, 0.967107
-0.528573, -0.528802, 0.96901
-0.55986, -0.505841, 0.964858
-0.519747, -0.503211, 0.965454
-0.534423, -0.998003, 0.967835
-0.564793, -1.02143, 0.972552
-0.563702, -0.967345, 0.965327
-0.574139, -0.996941, 0.969561
stamp: 19300000000
-0.0156043, -0.453908, 0.966859
-0.537175, -0.53211, 0.969332
-0.568593, -0.509163, 0.965105
-0.528469, -0.506518, 0.965338
-0.542993, -1.00103, 0.967948
-0.573632, -1.02442, 0.972643
-0.57212, -0.970392, 0.965413
-0.58286, -0.999917, 0.969785
stamp: 19309000000
-0.0234452, -0.456146, 0.966843
-0.546019, -0.53537, 0.969498
-0.577287, -0.512353, 0.965397
-0.5372, -0.509755, 0.965864
-0.551598, -1.00392, 0.96795
-0.582215, -1.02729, 0.972899
-0.580769, -0.973333, 0.965641
-0.591361, -1.00269, 0.969783
stamp: 19320000000
-0.0312652, -0.458139, 0.966824
-0.554641, -0.538216, 0.969882
-0.586019, -0.515364, 0.965713
-0.545965, -0.512721, 0.965994
-0.560219, -1.00642, 0.968084
-0.590488, -1.02989, 0.973148
-0.58938, -0.975852, 0.96565
-0.599997, -1.00528, 0.969976
stamp: 19329000000
-0.0389726, -0.459873, 0.966921
-0.563372, -0.541073, 0.970194
-0.59474, -0.518017, 0.966053
-0.554617, -0.515444, 0.966206
-0.568911, -1.00888, 0.968077
-0.599268, -1.03225, 0.973281
-0.597856, -0.978204, 0.965655
-0.608537, -1.00773, 0.97019
stamp: 19339000000
-0.0469617, -0.461639, 0.966585
-0.57216, -0.543508, 0.970543
-0.603506, -0.520478, 0.966298
-0.563302, -0.518031, 0.966476
-0.577312, -1.01118, 0.968209
-0.607826, -1.03441, 0.97349
-0.606592, -0.980464, 0.965647
-0.61707, -1.00988, 0.970339
stamp: 19350000000
-0.0547684, -0.463183, 0.9666
-0.580745, -0.545851, 0.970976
-0.612255, -0.522874, 0.966576
-0.572023, -0.520331, 0.966496
-0.5858, -1.01309, 0.968377
-0.616387, -1.03649, 0.973729
-0.615193, -0.982483, 0.96565
-0.625702, -1.01191, 0.97053
stamp: 19359000000
-0.0625082, -0.464457, 0.966562
-0.589652, -0.548056, 0.971027
-0.621097, -0.525067, 0.966934
-0.580846, -0.522567, 0.966824
-0.594527, -1.01494, 0.96841
-0.624894, -1.03824, 0.973867
-0.623548, -0.984161, 0.96591
-0.634266, -1.01363, 0.970782
stamp: 19369000000
-0.070375, -0.465565, 0.966525
-0.598341, -0.549964, 0.971513
-0.629758, -0.526903, 0.967305
-0.589648, -0.52459, 0.966922
-0.60316, -1.01647, 0.968259
-0.63363, -1.03983, 0.974139
-0.631947, -0.98569, 0.966036
-0.64286, -1.01519, 0.970898
stamp: 19379000000
-0.0782073, -0.466771, 0.966454
-0.607132, -0.551719, 0.97168
-0.638476, -0.528667, 0.967598
-0.59839, -0.526301, 0.967047
-0.611428, -1.01796, 0.968482
-0.641977, -1.04112, 0.974361
-0.640536, -0.987049, 0.965962
-0.651337, -1.01654, 0.971119
stamp: 19389000000
-0.08598, -0.467542, 0.966385
-0.615845, -0.55333, 0.971976
-0.647219, -0.530197, 0.967954
-0.607089, -0.528001, 0.96719
-0.619994, -1.01895, 0.968514
-0.650371, -1.04221, 0.974726
-0.649071, -0.988203, 0.966034
-0.659772, -1.01776, 0.971317
stamp: 19400000000
-0.0937884, -0.468275, 0.966467
-0.624569, -0.554702, 0.972157
-0.655962, -0.531537, 0.968309
-0.61576, -0.529277, 0.967321
-0.628563, -1.01996, 0.968459
-0.658819, -1.04321, 0.974891
-0.657634, -0.989291, 0.966051
-0.668182, -1.01869, 0.971505
stamp: 19409000000
-0.101662, -0.468835, 0.966401
-0.633382, -0.555802, 0.972237
-0.664644, -0.532598, 0.968663
-0.624628, -0.530549, 0.967459
-0.63686, -1.02078, 0.968639
-0.667299, -1.04393, 0.975023
-0.66585, -0.990097, 0.966247
-0.676671, -1.01942, 0.971696
stamp: 19419000000
-0.109575, -0.469171, 0.966353
-0.642096, -0.556772, 0.972549
-0.673296, -0.533545, 0.968958
-0.633228, -0.531501, 0.967626
-0.645287, -1.0214, 0.968733
-0.675803, -1.04448, 0.975204
-0.674287, -0.990563, 0.966264
-0.685085, -1.01995, 0.97184
stamp: 19430000000
-0.117201, -0.469604, 0.966486
-0.650667, -0.557561, 0.972774
-0.681928, -0.534301, 0.969137
-0.641947, -0.532303, 0.967693
-0.653678, -1.02164, 0.968797
-0.684151, -1.04479, 0.975478
-0.68272, -0.99083, 0.966332
-0.693366, -1.02025, 0.972056
stamp: 19439000000
-0.125114, -0.469887, 0.966426
-0.65937, -0.558088, 0.972904
-0.690598, -0.534864, 0.969387
-0.650621, -0.532841, 0.967694
-0.662126, -1.02174, 0.968825
-0.692376, -1.0449, 0.975628
-0.691117, -0.99109, 0.966547
-0.701758, -1.02036, 0.972158
stamp: 19450000000
-0.133035, -0.469763, 0.966413
-0.668003, -0.55842, 0.972969
-0.699229, -0.535135, 0.969648
-0.659204, -0.533232, 0.967886
-0.670421, -1.0217, 0.968961
-0.700758, -1.04483, 0.975689
-0.699363, -0.990997, 0.966738
-0.710128, -1.02032, 0.972301
stamp: 19460000000
-0.140572, -0.469565, 0.966402
-0.676709, -0.55857, 0.973094
-0.707789, -0.535213, 0.969835
-0.66779, -0.533338, 0.968023
-0.678726, -1.02147, 0.968974
-0.709202, -1.04452, 0.975792
-0.707699, -0.990735, 0.966758
-0.718429, -1.02004, 0.972421
stamp: 19469000000
-0.148425, -0.469171, 0.966432
-0.685015, -0.55842, 0.973412
-0.716351, -0.535059, 0.970034
-0.67636, -0.533297, 0.968048
-0.687009, -1.0211, 0.968942
-0.717488, -1.04409, 0.975824
-0.715838, -0.99029, 0.966731
-0.726656, -1.0196, 0.972503
stamp: 19479000000
-0.156159, -0.468689, 0.966403
-0.693745, -0.558246, 0.973265
-0.724912, -0.534802, 0.970132
-0.68489, -0.532985, 0.968169
-0.695232, -1.02035, 0.968899
-0.725351, -1.04344, 0.976041
-0.724093, -0.989523, 0.966773
-0.734647, -1.0188, 0.972605
stamp: 19490000000
-0.163812, -0.467975, 0.966555
-0.702275, -0.557763, 0.973389
-0.733375, -0.534343, 0.97024
-0.693377, -0.532582, 0.96831
-0.703296, -1.01952, 0.968919
-0.733694, -1.04246, 0.975931
-0.731974, -0.988573, 0.967061
-0.742791, -1.01792, 0.972779
stamp: 19500000000
-0.171491, -0.467106, 0.966526
-0.710736, -0.557019, 0.973592
-0.741789, -0.533645, 0.97037
-0.701855, -0.531859, 0.96833
-0.711355, -1.01837, 0.968819
-0.741639, -1.04139, 0.97607
-0.74023, -0.987594, 0.96699
-0.750987, -1.01683, 0.972812
stamp: 19509000000
-0.179128, -0.465961, 0.966596
-0.719103, -0.556103, 0.973576
-0.750142, -0.532641, 0.970505
-0.710241, -0.53098, 0.968356
-0.719402, -1.01712, 0.968756
-0.749805, -1.04008, 0.976026
-0.748278, -0.986283, 0.966917
-0.759034, -1.01557, 0.97282
stamp: 19520000000
-0.18664, -0.464806, 0.966615
-0.72744, -0.555017, 0.973755
-0.758562, -0.531562, 0.970632
-0.718509, -0.529909, 0.968485
-0.727315, -1.01561, 0.968736
-0.757814, -1.03869, 0.97598
-0.756396, -0.984667, 0.966854
-0.766922, -1.01402, 0.972913
stamp: 19529000000
-0.19436, -0.463407, 0.966612
-0.735803, -0.553761, 0.973642
-0.766825, -0.530218, 0.970788
-0.726883, -0.528558, 0.968435
-0.735309, -1.01398, 0.968605
-0.765763, -1.03692, 0.976051
-0.764121, -0.983023, 0.966971
-0.774838, -1.01227, 0.972955
stamp: 19539000000
-0.201732, -0.461865, 0.966676
-0.744053, -0.552105, 0.973805
-0.775071, -0.528657, 0.970866
-0.735018, -0.527105, 0.968483
-0.743155, -1.01202, 0.968528
-0.773455, -1.03502, 0.97605
-0.772083, -0.981117, 0.967187
-0.782715, -1.01041, 0.972878
stamp: 19549000000
-0.209278, -0.460342, 0.966739
-0.752195, -0.55047, 0.973875
-0.78327, -0.526946, 0.970927
-0.743312, -0.525272, 0.968254
-0.750919, -1.0099, 0.968553
-0.781356, -1.03295, 0.975977
-0.779891, -0.979028, 0.96691
-0.790562, -1.00833, 0.972841
stamp: 19559000000
-0.216859, -0.458474, 0.96675
-0.76036, -0.548599, 0.973871
-0.79143, -0.525007, 0.971066
-0.751384, -0.523462, 0.968472
-0.758777, -1.00764, 0.968405
-0.789217, -1.03063, 0.975848
-0.787683, -0.976752, 0.966897
-0.798263, -1.00603, 0.97288
stamp: 19569000000
-0.224204, -0.456444, 0.966834
-0.768347, -0.546456, 0.973942
-0.799475, -0.522862, 0.971178
-0.759523, -0.521378, 0.968454
-0.766378, -1.00525, 0.968342
-0.796789, -1.02819, 0.975881
-0.795295, -0.97417, 0.967046
-0.805907, -1.00352, 0.972985
stamp: 19579000000
-0.231536, -0.45444, 0.967011
-0.776389, -0.544099, 0.973916
-0.807382, -0.520447, 0.971218
-0.767415, -0.519002, 0.968336
-0.774023, -1.0026, 0.968293
-0.804361, -1.02546, 0.97594
-0.802839, -0.971609, 0.967233
-0.813493, -1.00081, 0.972998
stamp: 19589000000
-0.238813, -0.452268, 0.967101
-0.784407, -0.541598, 0.973898
-0.815351, -0.517809, 0.971205
-0.775412, -0.5165, 0.968387
-0.781531, -0.999674, 0.96822
-0.811886, -1.02251, 0.975919
-0.810365, -0.968572, 0.967106
-0.821039, -0.997909, 0.972978
stamp: 19600000000
-0.246063, -0.449841, 0.967248
-0.792357, -0.53887, 0.973896
-0.823223, -0.515232, 0.971307
-0.783429, -0.513873, 0.968273
-0.788894, -0.996596, 0.968199
-0.81937, -1.01944, 0.975919
-0.817822, -0.965511, 0.96722
-0.828393, -0.994765, 0.973148
stamp: 19609000000
-0.253243, -0.447187, 0.967303
-0.800156, -0.536013, 0.973743
-0.831093, -0.512361, 0.97135
-0.791185, -0.511017, 0.968364
-0.796376, -0.993287, 0.968098
-0.826757, -1.01624, 0.975912
-0.825323, -0.962189, 0.967104
-0.835886, -0.991535, 0.973093
stamp: 19619000000
-0.260421, -0.4445, 0.967445
-0.807782, -0.532806, 0.973781
-0.838869, -0.509155, 0.971403
-0.79903, -0.507897, 0.968243
-0.80367, -0.98982, 0.968095
-0.833933, -1.01282, 0.976006
-0.83245, -0.958699, 0.967162
-0.843075, -0.988092, 0.973284
stamp: 19630000000
-0.267483, -0.44166, 0.967637
-0.815551, -0.529477, 0.973612
-0.846519, -0.505856, 0.971394
-0.806745, -0.504615, 0.968217
-0.81098, -0.986178, 0.968156
-0.841192, -1.00906, 0.976078
-0.839666, -0.955117, 0.967352
-0.850399, -0.984431, 0.973296
stamp: 19639000000
-0.274511, -0.43852, 0.967818
-0.823242, -0.526096, 0.97374
-0.854224, -0.502316, 0.97135
-0.814321, -0.50107, 0.968281
-0.817964, -0.982329, 0.968174
-0.848394, -1.00514, 0.976176
-0.846875, -0.951313, 0.96744
-0.857489, -0.980531, 0.973437
stamp: 19649000000
-0.281491, -0.435299, 0.967985
-0.830825, -0.522336, 0.973746
-0.861758, -0.498593, 0.971387
-0.821708, -0.49735, 0.968173
-0.825155, -0.9783, 0.968172
-0.855501, -1.00118, 0.976217
-0.85383, -0.947222, 0.967665
-0.864478, -0.97649, 0.973619
stamp: 19659000000
-0.288348, -0.432085, 0.967981
-0.838357, -0.518598, 0.973475
-0.869176, -0.494757, 0.971487
-0.829232, -0.493481, 0.968088
-0.832113, -0.974104, 0.96819
-0.862327, -0.996917, 0.976398
-0.860698, -0.943172, 0.96796
-0.871469, -0.972273, 0.973656
stamp: 19669000000
-0.295202, -0.428523, 0.968191
-0.845763, -0.514423, 0.973424
-0.876634, -0.490645, 0.971573
-0.836642, -0.489424, 0.968058
-0.838873, -0.9697, 0.968356
-0.869339, -0.992397, 0.976594
-0.867712, -0.938573, 0.968012
-0.878289, -0.96783, 0.973889
stamp: 19679000000
-0.30189, -0.424935, 0.968332
-0.853044, -0.51015, 0.973456
-0.883954, -0.486378, 0.971647
-0.843999, -0.485129, 0.967927
-0.845609, -0.965137, 0.96843
-0.875956, -0.987955, 0.9767
-0.874327, -0.934149, 0.968515
-0.885046, -0.963228, 0.974115
stamp: 19689000000
-0.308545, -0.421159, 0.968432
-0.860303, -0.505831, 0.973495
-0.891241, -0.481881, 0.971685
-0.851098, -0.480763, 0.967962
-0.852364, -0.960383, 0.968609
-0.88273, -0.983128, 0.976918
-0.880994, -0.929328, 0.968702
-0.891742, -0.958491, 0.97435
stamp: 19699000000
-0.315203, -0.417337, 0.968603
-0.867355, -0.501221, 0.973498
-0.898421, -0.477433, 0.971777
-0.858321, -0.476187, 0.967916
-0.858948, -0.95543, 0.968696
-0.889223, -0.978248, 0.977035
-0.887513, -0.924389, 0.968922
-0.898268, -0.953449, 0.974594
stamp: 19709000000
-0.32176, -0.413258, 0.968835
-0.874576, -0.496504, 0.97324
-0.905387, -0.472559, 0.971985
-0.865353, -0.471364, 0.967864
-0.865365, -0.950365, 0.968964
-0.895787, -0.973001, 0.977345
-0.894048, -0.91921, 0.969163
-0.904758, -0.948391, 0.974782
stamp: 19719000000
-0.328244, -0.409131, 0.968893
-0.881531, -0.491559, 0.97319
-0.912336, -0.467586, 0.972137
-0.872344, -0.466454, 0.967874
-0.871733, -0.94507, 0.969285
-0.902155, -0.967668, 0.977501
-0.900447, -0.914035, 0.969693
-0.91093, -0.943156, 0.975503
stamp: 19729000000
-0.334618, -0.404896, 0.969087
-0.888417, -0.486319, 0.973171
-0.91924, -0.462455, 0.972189
-0.879231, -0.461324, 0.967822
-0.878108, -0.939554, 0.96947
-0.908331, -0.962273, 0.977753
-0.906621, -0.908506, 0.969867
-0.917243, -0.937795, 0.975847
stamp: 19739000000
-0.340898, -0.400361, 0.969231
-0.895239, -0.481126, 0.973149
-0.92597, -0.457075, 0.972302
-0.886116, -0.455969, 0.967819
-0.884177, -0.934106, 0.969745
-0.914626, -0.956659, 0.978032
-0.912797, -0.902841, 0.970066
-0.923391, -0.932165, 0.976048
stamp: 19750000000
-0.347027, -0.395798, 0.969462
-0.901897, -0.475592, 0.973138
-0.932676, -0.451589, 0.972437
-0.892802, -0.450601, 0.967745
-0.890239, -0.928264, 0.970032
-0.920577, -0.950889, 0.978494
-0.918815, -0.897028, 0.970343
-0.929434, -0.926282, 0.976409
stamp: 19759000000
-0.353151, -0.390996, 0.969655
-0.908575, -0.46991, 0.973073
-0.939148, -0.445829, 0.972522
-0.899478, -0.444931, 0.967735
-0.896199, -0.922339, 0.970266
-0.92641, -0.945009, 0.978882
-0.924794, -0.891086, 0.970642
-0.935323, -0.920327, 0.976753
stamp: 19769000000
-0.359143, -0.386173, 0.969746
-0.91507, -0.464071, 0.973165
-0.945693, -0.440012, 0.972582
-0.90589, -0.439033, 0.96776
-0.901993, -0.916202, 0.970441
-0.932381, -0.938873, 0.979021
-0.930598, -0.884998, 0.971013
-0.941172, -0.914156, 0.977038
stamp: 19779000000
-0.365045, -0.38121, 0.970061
-0.921413, -0.458048, 0.973184
-0.952159, -0.43399, 0.972664
-0.91213, -0.432971, 0.967849
-0.907785, -0.90996, 0.970526
-0.938096, -0.932612, 0.979221
-0.936269, -0.878667, 0.971327
-0.946932, -0.9079, 0.97716
stamp: 19789000000
-0.370907, -0.376093, 0.970301
-0.927793, -0.452051, 0.973121
-0.958429, -0.427936, 0.972757
-0.918584, -0.426883, 0.967862
-0.913441, -0.90353, 0.970716
-0.943609, -0.926239, 0.979421
-0.942, -0.872226, 0.971504
-0.952515, -0.901456, 0.977615
stamp: 19800000000
-0.376604, -0.370898, 0.970429
-0.933876, -0.445543, 0.973209
-0.964511, -0.421498, 0.972927
-0.924735, -0.420535, 0.967928
-0.918979, -0.896922, 0.970836
-0.949145, -0.919605, 0.979739
-0.947427, -0.865634, 0.971827
-0.958056, -0.894871, 0.977792
stamp: 19809000000
-0.38223, -0.365452, 0.970585
-0.940033, -0.439202, 0.973212
-0.970785, -0.415134, 0.972756
-0.930732, -0.41403, 0.967936
-0.924291, -0.890161, 0.971006
-0.954423, -0.912795, 0.979886
-0.952833, -0.858793, 0.97197
-0.963379, -0.888153, 0.97798
stamp: 19819000000
-0.387772, -0.35998, 0.970826
-0.945945, -0.43248, 0.973333
-0.976671, -0.408453, 0.972913
-0.936787, -0.407392, 0.967753
-0.929477, -0.883308, 0.971198
-0.95979, -0.905932, 0.980003
-0.958085, -0.851958, 0.972357
-0.968678, -0.88124, 0.97819
stamp: 19830000000
-0.393217, -0.354395, 0.971101
-0.951571, -0.42566, 0.973308
-0.982451, -0.401677, 0.973124
-0.942428, -0.400675, 0.968027
-0.934722, -0.876218, 0.971269
-0.964989, -0.898939, 0.980143
-0.963126, -0.84498, 0.972376
-0.97381, -0.874212, 0.978348
stamp: 19839000000
-0.398517, -0.348677, 0.971371
-0.957133, -0.418786, 0.973487
-0.988149, -0.394824, 0.973235
-0.948198, -0.393693, 0.967994
-0.939774, -0.869122, 0.971371
-0.969923, -0.89178, 0.98023
-0.968315, -0.837762, 0.97245
-0.978827, -0.866986, 0.978505
stamp: 19849000000
-0.403796, -0.342811, 0.971513
-0.963087, -0.411825, 0.973351
-0.993783, -0.387692, 0.973421
-0.953707, -0.386725, 0.968042
-0.944711, -0.861747, 0.971404
-0.974864, -0.884409, 0.980289
-0.973134, -0.830369, 0.972661
-0.983832, -0.859756, 0.978554
stamp: 19860000000
-0.408822, -0.336811, 0.971849
-0.968523, -0.404697, 0.973268
-0.99932, -0.380456, 0.973584
-0.959326, -0.379487, 0.968028
-0.949547, -0.854332, 0.971459
-0.979595, -0.876959, 0.98037
-0.97796, -0.823037, 0.972977
-0.988528, -0.852201, 0.978655
stamp: 19869000000
-0.413858, -0.330748, 0.97204
-0.973905, -0.39725, 0.973307
-1.00461, -0.373109, 0.973774
-0.964652, -0.372184, 0.968046
-0.954219, -0.84672, 0.971479
-0.984306, -0.869337, 0.98037
-0.982681, -0.815379, 0.97314
-0.993236, -0.844602, 0.978672
stamp: 19879000000
-0.418756, -0.324604, 0.9723
-0.979077, -0.389743, 0.973442
-1.00982, -0.365535, 0.973837
-0.969727, -0.364622, 0.968217
-0.958747, -0.839015, 0.971415
-0.988885, -0.861694, 0.980353
-0.987189, -0.807554, 0.973111
-0.997754, -0.836885, 0.978808
stamp: 19889000000
-0.423469, -0.318282, 0.972507
-0.984147, -0.382137, 0.973563
-1.01493, -0.357859, 0.97397
-0.975072, -0.356906, 0.968151
-0.963114, -0.831145, 0.971402
-0.99326, -0.853806, 0.980272
-0.991607, -0.79974, 0.973199
-1.00222, -0.829106, 0.978825
stamp: 19900000000
-0.428014, -0.311888, 0.972857
-0.989226, -0.374285, 0.973351
-1.01985, -0.350047, 0.974165
-0.979995, -0.349129, 0.968249
-0.967385, -0.823191, 0.971368
-0.997625, -0.845856, 0.980243
-0.995866, -0.791734, 0.973242
-1.00651, -0.820963, 0.978858
stamp: 19909000000
-0.432568, -0.305332, 0.972998
-0.993994, -0.366185, 0.973518
-1.02464, -0.341997, 0.974361
-0.984745, -0.341144, 0.96848
-0.971568, -0.815016, 0.971251
-1.00183, -0.837655, 0.980285
-0.999999, -0.783638, 0.973201
-1.0106, -0.812848, 0.97882
stamp: 19919000000
-0.436966, -0.298777, 0.973198
-0.998204, -0.358214, 0.973996
-1.02936, -0.333864, 0.974501
-0.989382, -0.333091, 0.968615
-0.975567, -0.806686, 0.971192
-1.00565, -0.829435, 0.980183
-1.00391, -0.775277, 0.973193
-1.01465, -0.804651, 0.978768
stamp: 19929000000
-0.441261, -0.292024, 0.973465
-1.00292, -0.350095, 0.973916
-1.03394, -0.325767, 0.974626
-0.994071, -0.324915, 0.968664
-0.979588, -0.798356, 0.971059
-1.00972, -0.821007, 0.980033
-1.00795, -0.766873, 0.973201
-1.01859, -0.79627, 0.978823
stamp: 19939000000
-0.445484, -0.285105, 0.973596
-1.00771, -0.341554, 0.973803
-1.03833, -0.317388, 0.974889
-0.99864, -0.3165, 0.968606
-0.98321, -0.789797, 0.971042
-1.01352, -0.812546, 0.979895
-1.01165, -0.758492, 0.973257
-1.02228, -0.787748, 0.97887
stamp: 19950000000
-0.449358, -0.278076, 0.973912
-1.01204, -0.333098, 0.973869
-1.04271, -0.308859, 0.974995
-1.00285, -0.308037, 0.968781
-0.986943, -0.781212, 0.970904
-1.01714, -0.803937, 0.979893
-1.01534, -0.749832, 0.973215
-1.02599, -0.779052, 0.978749
stamp: 19959000000
-0.453343, -0.270951, 0.974041
-1.01579, -0.324644, 0.974197
-1.04685, -0.300264, 0.975202
-1.00692, -0.299472, 0.968958
-0.990519, -0.772407, 0.970764
-1.02065, -0.795214, 0.979807
-1.0188, -0.740952, 0.973201
-1.0294, -0.77029, 0.978832
stamp: 19969000000
-0.457198, -0.263683, 0.97419
-1.0201, -0.315914, 0.974229
-1.05079, -0.291556, 0.975529
-1.01082, -0.290833, 0.969136
-0.993792, -0.763571, 0.970736
-1.02395, -0.786272, 0.979744
-1.02213, -0.732121, 0.973284
-1.03281, -0.761457, 0.978759
stamp: 19979000000
-0.460746, -0.256539, 0.974484
-1.02398, -0.307065, 0.974063
-1.05458, -0.282792, 0.975742
-1.01488, -0.281923, 0.969146
-0.997071, -0.754555, 0.970621
-1.02719, -0.777376, 0.979601
-1.02542, -0.723158, 0.973274
-1.03606, -0.752423, 0.978627
stamp: 19989000000
-0.464422, -0.249093, 0.974618
-1.0278, -0.298055, 0.974256
-1.05827, -0.2737, 0.975945
-1.0185, -0.272986, 0.969254
-1.00012, -0.745468, 0.970562
-1.03021, -0.768352, 0.979396
-1.02831, -0.714096, 0.973336
-1.03911, -0.743266, 0.978558
stamp: 20000000000
-0.467774, -0.241678, 0.974825
-1.03123, -0.289044, 0.974453
-1.06178, -0.264653, 0.976195
-1.02199, -0.263915, 0.969494
-1.00297, -0.736278, 0.970518
-1.03318, -0.75908, 0.979534
-1.03128, -0.704858, 0.97345
-1.0421, -0.734094, 0.97858
stamp: 20009000000
-0.471043, -0.23416, 0.974946
-1.03483, -0.279902, 0.97431
-1.06524, -0.25552, 0.97634
-1.02555, -0.254705, 0.969471
-1.00578, -0.726873, 0.970395
-1.03594, -0.749682, 0.979516
-1.03402, -0.69556, 0.973656
-1.04486, -0.724805, 0.97858
stamp: 20019000000
-0.474126, -0.226473, 0.975074
-1.03811, -0.270542, 0.974526
-1.06854, -0.24613, 0.97656
-1.0288, -0.245425, 0.969576
-1.00839, -0.717403, 0.970349
-1.03852, -0.74033, 0.979296
-1.03671, -0.686322, 0.973905
-1.04754, -0.715436, 0.978656
stamp: 20029000000
-0.477137, -0.218651, 0.975149
-1.04075, -0.261216, 0.974903
-1.07161, -0.23668, 0.976722
-1.03179, -0.235971, 0.969838
-1.01093, -0.707899, 0.97028
-1.04105, -0.730876, 0.979334
-1.03902, -0.67657, 0.973751
-1.04993, -0.705913, 0.978667
stamp: 20039000000
-0.479949, -0.210876, 0.9754
-1.04406, -0.251522, 0.974652
-1.07455, -0.227141, 0.977017
-1.03488, -0.22638, 0.96978
-1.01325, -0.698215, 0.970224
-1.04337, -0.721264, 0.979268
-1.04157, -0.666884, 0.973587
-1.05223, -0.696256, 0.978714
stamp: 20050000000
-0.482788, -0.202959, 0.975413
-1.04692, -0.241914, 0.9749
-1.07725, -0.217464, 0.977144
-1.03763, -0.21682, 0.969989
-1.01546, -0.688539, 0.970226
-1.04557, -0.711461, 0.979197
-1.04369, -0.657257, 0.97379
-1.05445, -0.686536, 0.978734
stamp: 20059000000
-0.48542, -0.19481, 0.975465
-1.04951, -0.232207, 0.975049
-1.07998, -0.207788, 0.977328
-1.04025, -0.207124, 0.970096
-1.0176, -0.678782, 0.970134
-1.04765, -0.701664, 0.97926
-1.04569, -0.647511, 0.974165
-1.05647, -0.676747, 0.978727
stamp: 20069000000
-0.487958, -0.186704, 0.975459
-1.05194, -0.222333, 0.974957
-1.08248, -0.198001, 0.977495
-1.04276, -0.197341, 0.970138
-1.01944, -0.668805, 0.970156
-1.04946, -0.691705, 0.979176
-1.04759, -0.637546, 0.974318
-1.05833, -0.666795, 0.978882
stamp: 20079000000
-0.490383, -0.17845, 0.975495
-1.05438, -0.212537, 0.975024
-1.08479, -0.188059, 0.977601
-1.04502, -0.187442, 0.970328
-1.02118, -0.65879, 0.970066
-1.05124, -0.681784, 0.979072
-1.04931, -0.627544, 0.974244
-1.06004, -0.656881, 0.978888
stamp: 20089000000
-0.492449, -0.170278, 0.975657
-1.0566, -0.202491, 0.97501
-1.08696, -0.178111, 0.977792
-1.04738, -0.177402, 0.970289
-1.02274, -0.648688, 0.970082
-1.05284, -0.67169, 0.979077
-1.05084, -0.617456, 0.97446
-1.06159, -0.646767, 0.979048
stamp: 20100000000
-0.494501, -0.161868, 0.975765
-1.05857, -0.192464, 0.975141
-1.08909, -0.168031, 0.977951
-1.04927, -0.16736, 0.970496
-1.02423, -0.638504, 0.970065
-1.05423, -0.661464, 0.979026
-1.0522, -0.607317, 0.974579
-1.06299, -0.636625, 0.978989
stamp: 20109000000
-0.496528, -0.15338, 0.975637
-1.06048, -0.182313, 0.974942
-1.0908, -0.157815, 0.978169
-1.05122, -0.157132, 0.970542
-1.02556, -0.628186, 0.970071
-1.05542, -0.651189, 0.979042
-1.0536, -0.597006, 0.974803
-1.0643, -0.626388, 0.979108
stamp: 20119000000
-0.498414, -0.144856, 0.97565
-1.06218, -0.172087, 0.97524
-1.09246, -0.147526, 0.97827
-1.05285, -0.146935, 0.970703
-1.02659, -0.617866, 0.970086
-1.05661, -0.640983, 0.978867
-1.05468, -0.58678, 0.974904
-1.06546, -0.616173, 0.979139
stamp: 20129000000
-0.499995, -0.136382, 0.97566
-1.06363, -0.161795, 0.975204
-1.094, -0.137321, 0.978441
-1.05449, -0.136654, 0.970693
-1.02765, -0.607564, 0.969967
-1.05752, -0.630634, 0.978824
-1.05565, -0.576298, 0.974977
-1.0663, -0.605783, 0.979252
stamp: 20139000000
-0.501573, -0.127639, 0.975635
-1.06507, -0.151395, 0.975281
-1.09543, -0.126813, 0.978638
-1.05574, -0.126248, 0.970935
-1.02836, -0.597118, 0.969952
-1.05836, -0.620224, 0.978713
-1.05641, -0.565947, 0.975183
-1.06713, -0.595381, 0.979108
stamp: 20150000000
-0.502981, -0.118961, 0.975619
-1.06623, -0.140872, 0.975492
-1.09632, -0.116457, 0.978773
-1.05739, -0.115425, 0.970721
-1.02899, -0.586635, 0.969952
-1.059, -0.609769, 0.978634
-1.05705, -0.555451, 0.975362
-1.06773, -0.584894, 0.979195
stamp: 20159000000
-0.504077, -0.110207, 0.975773
-1.06744, -0.130402, 0.975286
-1.09725, -0.106015, 0.978953
-1.05796, -0.105153, 0.971146
-1.02961, -0.576028, 0.969923
-1.05941, -0.599204, 0.978687
-1.05753, -0.544973, 0.975584
-1.06815, -0.574361, 0.979371
stamp: 20169000000
-0.505252, -0.101418, 0.975752
-1.06822, -0.119739, 0.975223
-1.09811, -0.0954103, 0.979066
-1.05863, -0.0945712, 0.971165
-1.0299, -0.56535, 0.969984
-1.0597, -0.58851, 0.97859
-1.05782, -0.534249, 0.975598
-1.06847, -0.563819, 0.979437
stamp: 20179000000
-0.506345, -0.0925231, 0.975766
-1.06883, -0.10903, 0.975423
-1.09882, -0.0846796, 0.979209
-1.05918, -0.0838645, 0.971297
-1.03007, -0.554688, 0.969929
-1.05992, -0.577894, 0.978497
-1.05803, -0.523595, 0.975721
-1.06865, -0.553103, 0.979265
stamp: 20189000000
-0.507299, -0.0835353, 0.975618
-1.06903, -0.0984481, 0.975313
-1.09933, -0.0740143, 0.979326
-1.05974, -0.0731509, 0.971336
-1.03004, -0.544024, 0.969977
-1.05993, -0.567282, 0.978458
-1.05801, -0.512894, 0.975851
-1.06861, -0.542417, 0.979424
stamp: 20199000000
-0.507904, -0.0745802, 0.975707
-1.06927, -0.0877266, 0.975442
-1.09976, -0.0632789, 0.979477
-1.06001, -0.0624132, 0.971439
-1.02989, -0.533247, 0.969932
-1.05978, -0.556546, 0.978367
-1.05773, -0.502194, 0.976139
-1.06843, -0.531731, 0.979607
stamp: 20209000000
-0.508396, -0.0655413, 0.975786
-1.0696, -0.0769245, 0.975263
-1.09995, -0.0524928, 0.979585
-1.06031, -0.0516197, 0.971451
-1.02965, -0.52239, 0.96996
-1.05944, -0.545718, 0.978311
-1.05746, -0.491191, 0.97615
-1.06809, -0.520946, 0.979662
stamp: 20219000000
-0.508895, -0.0564233, 0.975749
-1.06956, -0.0660418, 0.975287
-1.09997, -0.0416915, 0.97964
-1.06021, -0.0407275, 0.97168
-1.02909, -0.511573, 0.970006
-1.05896, -0.534891, 0.978257
-1.05708, -0.480384, 0.97638
-1.06763, -0.510148, 0.97942
stamp: 20230000000
-0.50914, -0.0473373, 0.975746
-1.06947, -0.055128, 0.975194
-1.09973, -0.0308119, 0.979869
-1.06007, -0.0297719, 0.971701
-1.02845, -0.500793, 0.970023
-1.05829, -0.524173, 0.978165
-1.05631, -0.469639, 0.976705
-1.06698, -0.499411, 0.979548
stamp: 20239000000
-0.509324, -0.0381587, 0.975816
-1.06858, -0.0442587, 0.975299
-1.09947, -0.0198714, 0.979971
-1.05946, -0.0188336, 0.971771
-1.02766, -0.489866, 0.969984
-1.05751, -0.513371, 0.977998
-1.05548, -0.458812, 0.976914
-1.06608, -0.488535, 0.979785
stamp: 20250000000
-0.5093, -0.0289136, 0.975947
-1.06864, -0.0333197, 0.975101
-1.09896, -0.00896302, 0.980051
-1.05927, -0.00787657, 0.971877
-1.02674, -0.478982, 0.96995
-1.05659, -0.502503, 0.977911
-1.05468, -0.447925, 0.976851
-1.06512, -0.47752, 0.979699
stamp: 20260000000
-0.509322, -0.019718, 0.975845
-1.06801, -0.02225, 0.975005
-1.09838, 0.00186448, 0.980156
-1.05912, 0.00325974, 0.971848
-1.02552, -0.46801, 0.970082
-1.05544, -0.491538, 0.978018
-1.05349, -0.437007, 0.977071
-1.06399, -0.466658, 0.979725
stamp: 20269000000
-0.50892, -0.0105479, 0.975959
-1.06707, -0.0112788, 0.975049
-1.09751, 0.0129472, 0.980228
-1.05794, 0.014179, 0.972067
-1.02424, -0.457074, 0.970156
-1.05414, -0.480564, 0.97794
-1.05199, -0.4262, 0.977279
-1.06265, -0.45587, 0.979957
stamp: 20279000000
-0.508486, -0.00122033, 0.975991
-1.06619, -0.000267656, 0.974868
-1.09652, 0.0239291, 0.980433
-1.05729, 0.0253496, 0.972023
-1.02278, -0.446166, 0.970056
-1.05273, -0.469636, 0.977733
-1.05085, -0.415284, 0.977199
-1.06114, -0.444945, 0.979797
stamp: 20290000000
-0.507986, 0.00803253, 0.976028
-1.06447, 0.010609, 0.97513
-1.09538, 0.0349192, 0.980495
-1.0554, 0.0362477, 0.972236
-1.02127, -0.435274, 0.970031
-1.05107, -0.458769, 0.977744
-1.04917, -0.404448, 0.977389
-1.05973, -0.4341, 0.979712
stamp: 20300000000
-0.507264, 0.0173082, 0.976099
-1.06368, 0.0218375, 0.974773
-1.09405, 0.0458495, 0.980524
-1.05464, 0.0474145, 0.972198
-1.01949, -0.424401, 0.970034
-1.0493, -0.447979, 0.9776
-1.04736, -0.393642, 0.977682
-1.05785, -0.423342, 0.979776
stamp: 20309000000
-0.506387, 0.0265485, 0.976166
-1.06161, 0.032754, 0.975001
-1.09251, 0.0568582, 0.980695
-1.05244, 0.0582834, 0.972459
-1.0178, -0.413636, 0.96979
-1.04751, -0.437088, 0.977371
-1.04538, -0.382748, 0.977822
-1.05606, -0.412547, 0.979829
stamp: 20320000000
-0.505522, 0.0359844, 0.976278
-1.06015, 0.0437418, 0.974808
-1.09083, 0.0679655, 0.980741
-1.05091, 0.069357, 0.972442
-1.01568, -0.402752, 0.969901
-1.04544, -0.42636, 0.977328
-1.04352, -0.371791, 0.977632
-1.05407, -0.401599, 0.979515
stamp: 20329000000
-0.504501, 0.0452342, 0.976259
-1.0583, 0.0547428, 0.97477
-1.08905, 0.0787924, 0.98079
-1.04969, 0.080384, 0.972449
-1.01347, -0.391895, 0.969844
-1.04314, -0.415466, 0.977281
-1.04131, -0.361035, 0.9779
-1.05185, -0.39081, 0.979582
stamp: 20339000000
-0.503227, 0.0546082, 0.976346
-1.05615, 0.0656834, 0.974758
-1.08711, 0.0896634, 0.98079
-1.04744, 0.0912793, 0.972599
-1.01113, -0.381004, 0.969816
-1.04087, -0.404566, 0.977016
-1.03889, -0.350226, 0.978052
-1.04951, -0.380044, 0.97973
stamp: 20350000000
-0.501825, 0.0640044, 0.976496
-1.0542, 0.0766871, 0.97452
-1.08488, 0.100587, 0.980886
-1.04564, 0.102288, 0.972593
-1.00868, -0.370163, 0.969791
-1.0383, -0.393807, 0.976935
-1.03602, -0.339501, 0.978096
-1.04647, -0.369405, 0.97992
stamp: 20359000000
-0.500334, 0.0732657, 0.976584
-1.05202, 0.0875065, 0.974432
-1.08254, 0.111468, 0.98086
-1.04343, 0.113252, 0.972612
-1.00601, -0.359322, 0.969773
-1.03569, -0.38305, 0.976705
-1.03402, -0.328747, 0.978111
-1.04444, -0.358558, 0.979394
stamp: 20369000000
-0.498756, 0.082553, 0.976664
-1.04956, 0.0983064, 0.974363
-1.08005, 0.122269, 0.980977
-1.04049, 0.123903, 0.972783
-1.00322, -0.348603, 0.969716
-1.03291, -0.372391, 0.976515
-1.03117, -0.318039, 0.978356
-1.04161, -0.347857, 0.979449
stamp: 20379000000
-0.496917, 0.0918414, 0.976744
-1.04697, 0.109302, 0.974214
-1.07747, 0.133002, 0.980934
-1.03818, 0.134958, 0.972748
-1.0003, -0.337892, 0.969667
-1.03005, -0.361748, 0.976234
-1.02785, -0.307324, 0.978356
-1.03818, -0.337196, 0.979647
stamp: 20389000000
-0.495035, 0.10105, 0.976892
-1.04413, 0.119979, 0.974075
-1.07482, 0.143656, 0.980968
-1.03552, 0.145742, 0.972757
-0.997217, -0.327185, 0.969644
-1.02691, -0.351104, 0.976157
-1.02486, -0.296652, 0.978338
-1.03509, -0.326609, 0.979633
stamp: 20400000000
-0.49267, 0.110655, 0.977099
-1.04108, 0.13076, 0.974061
-1.07192, 0.154385, 0.981056
-1.03257, 0.156521, 0.972783
-0.993923, -0.316516, 0.969598
-1.02368, -0.340458, 0.976015
-1.0216, -0.286088, 0.978514
-1.03205, -0.31595, 0.979502
stamp: 20409000000
-0.490577, 0.119829, 0.977206
-1.0379, 0.1414, 0.973995
-1.0688, 0.165081, 0.981045
-1.0293, 0.167137, 0.972906
-0.990543, -0.305916, 0.969555
-1.02033, -0.329893, 0.975797
-1.01827, -0.275532, 0.97857
-1.02856, -0.305475, 0.979511
stamp: 20419000000
-0.48826, 0.12903, 0.97736
-1.03476, 0.151927, 0.973716
-1.0655, 0.175583, 0.98112
-1.02599, 0.177698, 0.972955
-0.987088, -0.295339, 0.969549
-1.01686, -0.319411, 0.975609
-1.01482, -0.265036, 0.978698
-1.02516, -0.294957, 0.97938
stamp: 20430000000
-0.485857, 0.138257, 0.977338
-1.03124, 0.162441, 0.973663
-1.06203, 0.186121, 0.98105
-1.02258, 0.188289, 0.972932
-0.983513, -0.284883, 0.969554
-1.01323, -0.309007, 0.97534
-1.01112, -0.254702, 0.978983
-1.02139, -0.284642, 0.979454
stamp: 20439000000
-0.483191, 0.147474, 0.977501
-1.02762, 0.172894, 0.973534
-1.05848, 0.19648, 0.980985
-1.01895, 0.198692, 0.972921
-0.979784, -0.274494, 0.969528
-1.00951, -0.298638, 0.975144
-1.00749, -0.244297, 0.979019
-1.01774, -0.274258, 0.979262
stamp: 20450000000
-0.480432, 0.15665, 0.977714
-1.02399, 0.183309, 0.973248
-1.05477, 0.206803, 0.980894
-1.01527, 0.209097, 0.972893
-0.975848, -0.264217, 0.969514
-1.00552, -0.288316, 0.974867
-1.00346, -0.234055, 0.979258
-1.01379, -0.264025, 0.97923
stamp: 20460000000
-0.477586, 0.165715, 0.977647
-1.0201, 0.193595, 0.9731
-1.05088, 0.217052, 0.980859
-1.01141, 0.219405, 0.97289
-0.971731, -0.253941, 0.969454
-1.00151, -0.278184, 0.974662
-0.999389, -0.223897, 0.979387
-1.00963, -0.253839, 0.979179
stamp: 20469000000
-0.4745, 0.174765, 0.977815
-1.01593, 0.203744, 0.973092
-1.04686, 0.227169, 0.98081
-1.00718, 0.22956, 0.973003
-0.967594, -0.243755, 0.969429
-0.997331, -0.268027, 0.974571
-0.995238, -0.213715, 0.979372
-1.00562, -0.243615, 0.978979
stamp: 20479000000
-0.4713, 0.183709, 0.977897
-1.01186, 0.213846, 0.972899
-1.04269, 0.237248, 0.98072
-1.00318, 0.239678, 0.972877
-0.963131, -0.23356, 0.969424
-0.993065, -0.257926, 0.974533
-0.990971, -0.203713, 0.979445
-1.0013, -0.233682, 0.979049
stamp: 20490000000
-0.46803, 0.192728, 0.977967
-1.00762, 0.223951, 0.972693
-1.0384, 0.247228, 0.980677
-0.998767, 0.249681, 0.97293
-0.958737, -0.223577, 0.969415
-0.988481, -0.247885, 0.974535
-0.986515, -0.193769, 0.979581
-0.996861, -0.223714, 0.979053
stamp: 20500000000
-0.464848, 0.201578, 0.978035
-1.00333, 0.233935, 0.972735
-1.03405, 0.257138, 0.980598
-0.994397, 0.259561, 0.972951
-0.954239, -0.21363, 0.969373
-0.98394, -0.237944, 0.974425
-0.981982, -0.183888, 0.979709
-0.992317, -0.21388, 0.979032
stamp: 20509000000
-0.461338, 0.210234, 0.978041
-0.998473, 0.24357, 0.972611
-1.02929, 0.266911, 0.980504
-0.989681, 0.269373, 0.972985
-0.949574, -0.204001, 0.969358
-0.979261, -0.22836, 0.974163
-0.977468, -0.174158, 0.979645
-0.987633, -0.204104, 0.978855
stamp: 20519000000
-0.457537, 0.219151, 0.978084
-0.993547, 0.253416, 0.97254
-1.02455, 0.276534, 0.980485
-0.985173, 0.279203, 0.972753
-0.944658, -0.194171, 0.969335
-0.974565, -0.21872, 0.973941
-0.972553, -0.164568, 0.979683
-0.982825, -0.194462, 0.978932
stamp: 20529000000
-0.453884, 0.227636, 0.97804
-0.988753, 0.262915, 0.972351
-1.01962, 0.286136, 0.98046
-0.980035, 0.288724, 0.972804
-0.939854, -0.184737, 0.969363
-0.969531, -0.209098, 0.97381
-0.967616, -0.155099, 0.979886
-0.978006, -0.18495, 0.978888
stamp: 20539000000
-0.449928, 0.23619, 0.978032
-0.984078, 0.272596, 0.972168
-1.01453, 0.29564, 0.98049
-0.974977, 0.298255, 0.972682
-0.934947, -0.175372, 0.969295
-0.964581, -0.199739, 0.97363
-0.962651, -0.145601, 0.980119
-0.972811, -0.175556, 0.978912
stamp: 20549000000
-0.445986, 0.244656, 0.977953
-0.978583, 0.281719, 0.972095
-1.00944, 0.305002, 0.980314
-0.969768, 0.307513, 0.972686
-0.929692, -0.165989, 0.969379
-0.959291, -0.190332, 0.973522
-0.957986, -0.136514, 0.980226
-0.96769, -0.166346, 0.978845
stamp: 20559000000
-0.441876, 0.253068, 0.977891
-0.973679, 0.291207, 0.971878
-1.00411, 0.314112, 0.980187
-0.964553, 0.316852, 0.972605
-0.924376, -0.156826, 0.96943
-0.954032, -0.181313, 0.97337
-0.952905, -0.127483, 0.980373
-0.962422, -0.157176, 0.978861
stamp: 20570000000
-0.437656, 0.261227, 0.977802
-0.968247, 0.300182, 0.971749
-0.998556, 0.323259, 0.979973
-0.95913, 0.325848, 0.972491
-0.918918, -0.147659, 0.96952
-0.94876, -0.172215, 0.97326
-0.947415, -0.118435, 0.980615
-0.956883, -0.148137, 0.978974
stamp: 20579000000
-0.433125, 0.269456, 0.977852
-0.962661, 0.309094, 0.9715
-0.993118, 0.332021, 0.979874
-0.953441, 0.334746, 0.972514
-0.913499, -0.138766, 0.969524
-0.943204, -0.163204, 0.973161
-0.941849, -0.109452, 0.980902
-0.951789, -0.139321, 0.978826
stamp: 20589000000
-0.428778, 0.277473, 0.977702
-0.957089, 0.318108, 0.971165
-0.987362, 0.340919, 0.979684
-0.947844, 0.343748, 0.972272
-0.907776, -0.129893, 0.969584
-0.937676, -0.154533, 0.973012
-0.936254, -0.100798, 0.980864
-0.946427, -0.130633, 0.978869
stamp: 20600000000
-0.424097, 0.285441, 0.977688
-0.95111, 0.326717, 0.970955
-0.981577, 0.349645, 0.979442
-0.941924, 0.352348, 0.972142
-0.901984, -0.121208, 0.969644
-0.931778, -0.145734, 0.973046
-0.930277, -0.0919882, 0.981082
-0.940501, -0.121878, 0.978896
stamp: 20609000000
-0.419527, 0.293212, 0.977636
-0.945082, 0.335229, 0.970679
-0.975547, 0.358181, 0.979292
-0.935977, 0.360859, 0.972028
-0.896103, -0.112665, 0.96969
-0.926008, -0.137302, 0.972924
-0.924459, -0.0834813, 0.981256
-0.934633, -0.11331, 0.978895
stamp: 20619000000
-0.414726, 0.300962, 0.977506
-0.938929, 0.343639, 0.970441
-0.969535, 0.366533, 0.978981
-0.92993, 0.369257, 0.971931
-0.890113, -0.104233, 0.969809
-0.919875, -0.128923, 0.97291
-0.918466, -0.0752306, 0.981414
-0.928499, -0.104967, 0.97892
stamp: 20629000000
-0.409723, 0.308609, 0.977318
-0.932702, 0.351891, 0.97019
-0.963392, 0.37477, 0.978735
-0.92367, 0.377574, 0.97177
-0.883909, -0.0960037, 0.969929
-0.913805, -0.120738, 0.972844
-0.912316, -0.0670605, 0.981691
-0.922447, -0.0969253, 0.979008
stamp: 20639000000
-0.404689, 0.316089, 0.977216
-0.926433, 0.360079, 0.96987
-0.957048, 0.382834, 0.978407
-0.917415, 0.38579, 0.971521
-0.877677, -0.0879867, 0.970039
-0.907542, -0.112736, 0.972773
-0.906184, -0.0591359, 0.981882
-0.916218, -0.088934, 0.979068
stamp: 20649000000
-0.399578, 0.323355, 0.977065
-0.919887, 0.368, 0.969548
-0.950475, 0.390707, 0.978272
-0.910901, 0.393717, 0.971321
-0.871318, -0.0800688, 0.970129
-0.901195, -0.10491, 0.972691
-0.899827, -0.05129, 0.982189
-0.909977, -0.0810802, 0.979065
stamp: 20659000000
-0.394337, 0.330492, 0.97694
-0.913252, 0.37583, 0.969303
-0.943916, 0.398501, 0.978018
-0.904323, 0.401582, 0.971101
-0.864918, -0.0723774, 0.970196
-0.894747, -0.0971262, 0.972656
-0.89335, -0.0435956, 0.982392
-0.903437, -0.0733299, 0.979139
stamp: 20669000000
-0.388836, 0.337606, 0.976851
-0.906568, 0.383419, 0.969008
-0.93724, 0.40613, 0.977787
-0.897522, 0.409128, 0.970937
-0.858372, -0.0647354, 0.970339
-0.888229, -0.0895924, 0.972574
-0.886904, -0.036061, 0.9826
-0.89693, -0.0659603, 0.979305
stamp: 20679000000
-0.383428, 0.344575, 0.97671
-0.899807, 0.390966, 0.968603
-0.930405, 0.413639, 0.977487
-0.890724, 0.416578, 0.970697
-0.851715, -0.0574393, 0.970408
-0.881503, -0.0822565, 0.972527
-0.88024, -0.0288457, 0.98286
-0.890314, -0.0585236, 0.979291
stamp: 20689000000
-0.377737, 0.351257, 0.976587
-0.892919, 0.398257, 0.96811
-0.923456, 0.420867, 0.977183
-0.883677, 0.423843, 0.970346
-0.844989, -0.0502101, 0.970551
-0.874771, -0.0750304, 0.972496
-0.873537, -0.0216755, 0.983054
-0.88339, -0.0514096, 0.979518
stamp: 20700000000
-0.372042, 0.357825, 0.976485
-0.885757, 0.405398, 0.967539
-0.916476, 0.427915, 0.976809
-0.876644, 0.431078, 0.97005
-0.838083, -0.0431091, 0.970725
-0.86788, -0.0680792, 0.972483
-0.866566, -0.0147551, 0.983477
-0.87678, -0.0444515, 0.979431
stamp: 20710000000
-0.366357, 0.364345, 0.976302
-0.878401, 0.412238, 0.96728
-0.909374, 0.43481, 0.976414
-0.86946, 0.437949, 0.969901
-0.831141, -0.0363741, 0.97088
-0.860954, -0.0613353, 0.972415
-0.859706, -0.00804582, 0.983746
-0.869892, -0.0377772, 0.979487
stamp: 20719000000
-0.360447, 0.37064, 0.976224
-0.871325, 0.419083, 0.966802
-0.902119, 0.441487, 0.976033
-0.862257, 0.444673, 0.969723
-0.824126, -0.0298017, 0.971096
-0.853831, -0.0546862, 0.972471
-0.852722, -0.00155363, 0.983991
-0.862694, -0.0312311, 0.979616
stamp: 20729000000
-0.354473, 0.37681, 0.976095
-0.863865, 0.425653, 0.966463
-0.894848, 0.44803, 0.975653
-0.854955, 0.451293, 0.969425
-0.816953, -0.0233873, 0.971246
-0.846662, -0.0482299, 0.972472
-0.845607, 0.00472431, 0.984336
-0.855591, -0.0247862, 0.979699
stamp: 20739000000
-0.348404, 0.382796, 0.976047
-0.856366, 0.431976, 0.966036
-0.887376, 0.454332, 0.975263
-0.847363, 0.457448, 0.969329
-0.809672, -0.0172096, 0.971417
-0.839456, -0.0420783, 0.972386
-0.838405, 0.0109283, 0.984432
-0.848454, -0.018646, 0.979742
stamp: 20750000000
-0.342209, 0.388514, 0.976006
-0.848724, 0.438175, 0.965685
-0.879797, 0.460472, 0.974908
-0.839899, 0.463689, 0.969057
-0.802412, -0.0111723, 0.971447
-0.832003, -0.0360411, 0.972467
-0.830902, 0.0168441, 0.984796
-0.841019, -0.012695, 0.979902
stamp: 20759000000
-0.335846, 0.394235, 0.975836
-0.841205, 0.444233, 0.965138
-0.872155, 0.466309, 0.974447
-0.832293, 0.469611, 0.968738
-0.794905, -0.00535659, 0.97163
-0.824681, -0.030277, 0.97237
-0.823682, 0.0226609, 0.984878
-0.833589, -0.00695341, 0.980011
stamp: 20770000000
-0.329627, 0.399646, 0.975729
-0.833536, 0.449989, 0.964821
-0.864488, 0.472028, 0.974054
-0.824503, 0.475455, 0.968564
-0.787354, 0.000203112, 0.97174
-0.817138, -0.0247486, 0.972468
-0.816149, 0.0282313, 0.985006
-0.826057, -0.00142971, 0.98016
stamp: 20779000000
-0.323296, 0.40488, 0.97564
-0.825558, 0.455414, 0.96463
-0.856642, 0.477578, 0.973713
-0.816629, 0.480876, 0.968341
-0.779754, 0.00559919, 0.97178
-0.809444, -0.0193744, 0.972631
-0.808445, 0.0335149, 0.98519
-0.818501, 0.00391238, 0.980254
stamp: 20789000000
-0.316658, 0.410058, 0.975592
-0.817703, 0.460775, 0.964191
-0.848686, 0.482876, 0.973471
-0.808684, 0.486167, 0.968147
-0.772046, 0.0107179, 0.971859
-0.801865, -0.0142178, 0.972629
-0.800727, 0.0385936, 0.985373
-0.810816, 0.0090554, 0.980326
stamp: 20800000000
-0.30997, 0.414971, 0.975583
-0.809681, 0.465906, 0.963962
-0.840691, 0.488041, 0.97319
-0.800631, 0.491352, 0.967925
-0.764205, 0.0156852, 0.972066
-0.793987, -0.00938547, 0.972692
-0.792895, 0.0434502, 0.985703
-0.802983, 0.0138598, 0.980488
stamp: 20809000000
-0.303323, 0.419589, 0.975414
-0.801371, 0.470827, 0.963684
-0.83276, 0.492849, 0.972808
-0.792509, 0.496281, 0.967727
-0.756391, 0.0203662, 0.972272
-0.786157, -0.00461855, 0.972687
-0.785159, 0.0481224, 0.985882
-0.795036, 0.0185917, 0.980607
stamp: 20819000000
-0.296353, 0.42415, 0.975511
-0.793275, 0.475477, 0.963316
-0.82445, 0.497507, 0.972583
-0.784504, 0.500929, 0.967446
-0.748397, 0.024771, 0.97247
-0.778197, -0.000205938, 0.972767
-0.777104, 0.0523984, 0.98627
-0.787158, 0.0230028, 0.980692
stamp: 20829000000
-0.289568, 0.428458, 0.975484
-0.78531, 0.480093, 0.962831
-0.81622, 0.501927, 0.972336
-0.776336, 0.505392, 0.967176
-0.740431, 0.0289645, 0.97274
-0.770157, 0.00396025, 0.972691
-0.769226, 0.0566572, 0.986439
-0.779215, 0.0271666, 0.980738
stamp: 20839000000
-0.282444, 0.432641, 0.975327
-0.776687, 0.48419, 0.96267
-0.807856, 0.506029, 0.972025
-0.767855, 0.509461, 0.96739
-0.732216, 0.032966, 0.972974
-0.762085, 0.00806883, 0.972644
-0.76113, 0.0605605, 0.98655
-0.77109, 0.0311085, 0.980853
stamp: 20850000000
-0.275344, 0.436576, 0.975389
-0.768392, 0.488099, 0.962372
-0.799492, 0.510028, 0.97175
-0.759621, 0.51351, 0.966965
-0.724054, 0.0366712, 0.973145
-0.753913, 0.0117478, 0.972688
-0.752945, 0.0642908, 0.986837
-0.762878, 0.034855, 0.981009
stamp: 20859000000
-0.268212, 0.440156, 0.975192
-0.759873, 0.491936, 0.962152
-0.790989, 0.513704, 0.971604
-0.75089, 0.517147, 0.967013
-0.715782, 0.0402277, 0.973325
-0.745662, 0.0152766, 0.97283
-0.74466, 0.0678056, 0.987011
-0.754612, 0.0383668, 0.981125
stamp: 20869000000
-0.260912, 0.443639, 0.97513
-0.751338, 0.495334, 0.961944
-0.782495, 0.517197, 0.97139
-0.742387, 0.520598, 0.966942
-0.707433, 0.0435232, 0.973571
-0.737244, 0.0186017, 0.972937
-0.736269, 0.0710116, 0.98736
-0.746341, 0.0416677, 0.981213
stamp: 20880000000
-0.253881, 0.447062, 0.975164
-0.742681, 0.498601, 0.961822
-0.773847, 0.520369, 0.971286
-0.733943, 0.523841, 0.967048
-0.699048, 0.0465329, 0.973731
-0.728851, 0.0216927, 0.973091
-0.727942, 0.0741221, 0.98742
-0.737847, 0.0446875, 0.981387
stamp: 20889000000
-0.246232, 0.450194, 0.975079
-0.734091, 0.501604, 0.96167
-0.765212, 0.523362, 0.97113
-0.725281, 0.52678, 0.967004
-0.690578, 0.0493217, 0.973899
-0.720323, 0.0244038, 0.973281
-0.719382, 0.076763, 0.987793
-0.72948, 0.0475104, 0.981444
stamp: 20899000000
-0.238975, 0.453084, 0.975184
-0.725322, 0.504439, 0.961663
-0.756482, 0.526037, 0.971079
-0.71668, 0.52975, 0.966703
-0.681989, 0.0519766, 0.974097
-0.711793, 0.0270438, 0.973287
-0.710842, 0.0792875, 0.988026
-0.721099, 0.0500612, 0.981443
stamp: 20910000000
-0.231346, 0.455887, 0.975392
-0.716626, 0.506921, 0.96156
-0.747698, 0.528632, 0.970919
-0.707894, 0.532273, 0.9666
-0.6734, 0.0541743, 0.974318
-0.703201, 0.0292884, 0.973271
-0.702285, 0.0816692, 0.98821
-0.712301, 0.0523049, 0.981713
stamp: 20919000000
-0.223839, 0.458323, 0.975344
-0.707853, 0.509121, 0.961476
-0.738854, 0.530836, 0.970921
-0.699074, 0.534582, 0.966802
-0.664727, 0.0562751, 0.974537
-0.694527, 0.0313944, 0.973393
-0.693727, 0.0836925, 0.98835
-0.703726, 0.0543876, 0.981763
stamp: 20929000000
-0.216077, 0.460623, 0.975436
-0.698953, 0.511223, 0.961551
-0.730013, 0.53284, 0.971004
-0.690212, 0.536642, 0.966855
-0.655999, 0.0580771, 0.974761
-0.685842, 0.0332281, 0.973452
-0.685011, 0.0855457, 0.988513
-0.694909, 0.0561954, 0.982006
stamp: 20939000000
-0.208662, 0.462769, 0.97543
-0.689942, 0.512961, 0.961721
-0.721077, 0.534608, 0.971043
-0.681169, 0.538307, 0.96691
-0.647135, 0.0596662, 0.974966
-0.677067, 0.0347438, 0.973505
-0.676525, 0.0872621, 0.988512
-0.686388, 0.0578041, 0.981979
stamp: 20949000000
-0.200616, 0.464616, 0.975525
-0.680952, 0.514401, 0.961735
-0.712166, 0.536064, 0.970971
-0.672279, 0.539857, 0.966838
-0.638559, 0.0611363, 0.975017
-0.668233, 0.0360741, 0.973634
-0.667356, 0.0883163, 0.98894
-0.677662, 0.0592207, 0.981983
stamp: 20959000000
-0.193006, 0.466407, 0.975588
-0.671924, 0.515827, 0.961867
-0.703183, 0.537337, 0.970994
-0.663207, 0.541195, 0.967198
-0.629512, 0.0620115, 0.975352
-0.659391, 0.0371963, 0.973789
-0.658596, 0.0894435, 0.989106
-0.668595, 0.0601869, 0.982267
stamp: 20970000000
-0.185124, 0.467904, 0.97548
-0.662921, 0.51675, 0.961877
-0.693953, 0.538324, 0.971058
-0.654064, 0.542084, 0.967268
-0.620518, 0.0628546, 0.975683
-0.650485, 0.0381639, 0.97403
-0.649819, 0.0902637, 0.989257
-0.659582, 0.060995, 0.982462
stamp: 20979000000
-0.177156, 0.469047, 0.975444
-0.653646, 0.517601, 0.961873
-0.684941, 0.539066, 0.971093
-0.644942, 0.542797, 0.967406
-0.611556, 0.0633959, 0.975995
-0.641567, 0.0386517, 0.974048
-0.640782, 0.0908015, 0.989582
-0.650884, 0.0616626, 0.982339
stamp: 20989000000
-0.168979, 0.469989, 0.975518
-0.644461, 0.518107, 0.962177
-0.675786, 0.539702, 0.971152
-0.636025, 0.543476, 0.967674
-0.602662, 0.0637925, 0.97624
-0.632483, 0.039072, 0.974195
-0.631802, 0.0911345, 0.989665
-0.642, 0.0620473, 0.982422
stamp: 21000000000
-0.161133, 0.47084, 0.975734
-0.635436, 0.518371, 0.962346
-0.666679, 0.539981, 0.97124
-0.626723, 0.543764, 0.96802
-0.593491, 0.0637609, 0.976631
-0.623436, 0.0390094, 0.974256
-0.62292, 0.0912878, 0.989834
-0.632824, 0.0620368, 0.982662
stamp: 21009000000
-0.152851, 0.471439, 0.97585
-0.626065, 0.518444, 0.962495
-0.657399, 0.539938, 0.97148
-0.617487, 0.543768, 0.968313
-0.584565, 0.0635974, 0.976891
-0.614387, 0.0389307, 0.974451
-0.613715, 0.0909699, 0.990151
-0.623828, 0.0619304, 0.982827
stamp: 21019000000
-0.144642, 0.47186, 0.975647
-0.616679, 0.518209, 0.962856
-0.648004, 0.539761, 0.971638
-0.608302, 0.543521, 0.968422
-0.575444, 0.063196, 0.977215
-0.605373, 0.0385436, 0.974671
-0.604629, 0.0906149, 0.990246
-0.614635, 0.0614842, 0.98311
stamp: 21030000000
-0.136474, 0.471868, 0.975577
-0.607663, 0.51772, 0.962897
-0.638793, 0.539337, 0.971699
-0.598923, 0.543181, 0.968522
-0.566291, 0.0624478, 0.97734
-0.596374, 0.0379507, 0.97474
-0.595431, 0.0899538, 0.990559
-0.605641, 0.0607858, 0.982961
stamp: 21039000000
-0.128063, 0.471971, 0.975844
-0.598319, 0.517129, 0.962917
-0.629508, 0.538651, 0.971882
-0.589414, 0.542315, 0.968692
-0.55716, 0.0614825, 0.977579
-0.58716, 0.0369402, 0.974916
-0.586624, 0.0892212, 0.990444
-0.596657, 0.0599847, 0.983037
stamp: 21050000000
-0.11979, 0.471664, 0.975778
-0.588912, 0.5162, 0.963182
-0.619991, 0.537713, 0.972202
-0.580258, 0.541533, 0.968864
-0.548042, 0.0603853, 0.977763
-0.577924, 0.0358876, 0.975103
-0.577548, 0.0881097, 0.990611
-0.587438, 0.0587996, 0.983259
stamp: 21059000000
-0.111342, 0.471071, 0.976046
-0.579506, 0.515019, 0.963433
-0.610685, 0.536533, 0.97229
-0.571018, 0.540485, 0.969062
-0.538887, 0.0590028, 0.978058
-0.568819, 0.0345479, 0.975151
-0.568158, 0.0865651, 0.990907
-0.578281, 0.0574626, 0.983466
stamp: 21069000000
-0.102972, 0.470403, 0.975989
-0.570126, 0.513612, 0.963713
-0.601362, 0.535195, 0.972448
-0.561226, 0.539008, 0.969321
-0.529689, 0.0574294, 0.978341
-0.559728, 0.0328549, 0.975496
-0.558996, 0.0849316, 0.991111
-0.569171, 0.0558823, 0.983467
stamp: 21079000000
-0.0945667, 0.469523, 0.976185
-0.560594, 0.512014, 0.963972
-0.591939, 0.533584, 0.972708
-0.551902, 0.53725, 0.969405
-0.520394, 0.0554328, 0.978604
-0.550527, 0.0308965, 0.975683
-0.55002, 0.0832919, 0.991059
-0.560001, 0.0540977, 0.983706
stamp: 21089000000
-0.0861983, 0.468388, 0.976167
-0.551167, 0.510107, 0.964258
-0.582347, 0.531725, 0.972893
-0.542333, 0.535511, 0.969835
-0.511233, 0.053337, 0.979057
-0.541439, 0.0288351, 0.975746
-0.540586, 0.0810305, 0.991457
-0.550468, 0.0520128, 0.98405
stamp: 21100000000
-0.0776739, 0.467074, 0.976198
-0.541757, 0.508096, 0.964551
-0.572912, 0.529711, 0.973101
-0.533092, 0.533381, 0.969889
-0.502183, 0.0509575, 0.979156
-0.532285, 0.0265972, 0.976236
-0.531651, 0.0788604, 0.991433
-0.5412, 0.0497535, 0.984127
stamp: 21109000000
-0.06909, 0.465615, 0.976615
-0.532313, 0.505885, 0.964684
-0.56359, 0.527459, 0.973056
-0.523689, 0.53112, 0.970098
-0.493002, 0.0483031, 0.979327
-0.523018, 0.0239981, 0.976363
-0.522471, 0.0763353, 0.991504
-0.532593, 0.0471452, 0.983993
stamp: 21119000000
-0.0605954, 0.463661, 0.97659
-0.52288, 0.503236, 0.964844
-0.554153, 0.52492, 0.973244
-0.514267, 0.528544, 0.970352
-0.483975, 0.0457275, 0.979526
-0.51379, 0.0212396, 0.976466
-0.513363, 0.0736309, 0.99167
-0.523459, 0.0444777, 0.98413
stamp: 21129000000
-0.0519104, 0.461923, 0.976698
-0.513385, 0.500526, 0.965149
-0.544499, 0.522272, 0.97334
-0.504656, 0.525819, 0.970482
-0.474638, 0.0425387, 0.979958
-0.504862, 0.0182445, 0.976701
-0.504074, 0.0704733, 0.991975
-0.514185, 0.0414112, 0.984575
stamp: 21139000000
-0.0434634, 0.459865, 0.976913
-0.503831, 0.497521, 0.965397
-0.535136, 0.519303, 0.97341
-0.495085, 0.522831, 0.970733
-0.465429, 0.0393169, 0.980196
-0.495641, 0.0151072, 0.976839
-0.495208, 0.0674313, 0.991794
-0.504644, 0.0382078, 0.984861
stamp: 21149000000
-0.0345369, 0.457442, 0.977251
-0.494289, 0.494395, 0.965641
-0.525636, 0.516141, 0.973531
-0.485792, 0.519673, 0.970902
-0.456479, 0.0359621, 0.980322
-0.486507, 0.0114495, 0.977231
-0.486038, 0.0640182, 0.991955
-0.496, 0.0348019, 0.984826
stamp: 21159000000
-0.0259577, 0.454831, 0.977248
-0.48487, 0.49104, 0.965805
-0.516098, 0.512881, 0.97359
-0.475908, 0.516085, 0.97133
-0.447318, 0.0321879, 0.980745
-0.477412, 0.00787769, 0.977508
-0.476698, 0.0601751, 0.992263
-0.48643, 0.0310495, 0.985281
stamp: 21169000000
-0.0173666, 0.452183, 0.977652
-0.475343, 0.487424, 0.966007
-0.506531, 0.509348, 0.973665
-0.46657, 0.512632, 0.971372
-0.438267, 0.0282963, 0.980877
-0.468196, 0.00404338, 0.977828
-0.467546, 0.0563973, 0.992455
-0.477696, 0.0273078, 0.985146
stamp: 21179000000
-0.00890498, 0.449421, 0.977707
-0.465895, 0.483798, 0.966209
-0.49716, 0.5056, 0.973831
-0.456902, 0.508758, 0.971659
-0.429185, 0.0242317, 0.981153
-0.459242, -0.000140907, 0.978016
-0.4585, 0.0524082, 0.992511
-0.468197, 0.0232583, 0.985605
stamp: 21189000000
-0.000140031, 0.446326, 0.977949
-0.456227, 0.479779, 0.96648
-0.487613, 0.501563, 0.973899
-0.447612, 0.504941, 0.971781
-0.420034, 0.0198915, 0.981435
-0.450041, -0.00435235, 0.978333
-0.449684, 0.0483203, 0.992495
-0.459537, 0.0191631, 0.985611
stamp: 21200000000
0.00858024, 0.443001, 0.978215
-0.446832, 0.475637, 0.966599
-0.47802, 0.497436, 0.974063
-0.438224, 0.500586, 0.971835
-0.410933, 0.015405, 0.981704
-0.441111, -0.00877151, 0.978637
-0.440707, 0.043847, 0.992409
-0.450328, 0.014598, 0.985893
stamp: 21209000000
0.0173307, 0.439568, 0.978588
-0.43738, 0.471454, 0.966889
-0.468579, 0.493249, 0.974085
-0.429049, 0.496348, 0.971853
-0.402189, 0.0108149, 0.981901
-0.432317, -0.0135012, 0.978824
-0.431626, 0.0392633, 0.992652
-0.441631, 0.00988733, 0.985999
stamp: 21219000000
0.0259184, 0.435954, 0.978733
-0.42781, 0.466984, 0.967224
-0.459189, 0.488658, 0.974082
-0.419666, 0.491881, 0.97197
-0.393062, 0.00584496, 0.982206
-0.423389, -0.0183194, 0.979148
-0.422558, 0.0344008, 0.992754
-0.432295, 0.00518725, 0.986328
stamp: 21229000000
0.0344864, 0.43221, 0.978955
-0.418332, 0.461924, 0.967516
-0.44971, 0.484038, 0.974237
-0.409819, 0.487173, 0.972345
-0.384146, 0.000839191, 0.982401
-0.414708, -0.0233306, 0.9792
-0.413872, 0.0295327, 0.992627
-0.423698, 0.000254751, 0.986091
stamp: 21239000000
0.043246, 0.428276, 0.979305
-0.408865, 0.456935, 0.967947
-0.440425, 0.479201, 0.97423
-0.400402, 0.482291, 0.97262
-0.37544, -0.00436887, 0.982554
-0.405919, -0.02842, 0.979344
-0.404934, 0.0243816, 0.992823
-0.414719, -0.00491015, 0.986333
stamp: 21250000000
0.0517652, 0.424144, 0.979571
-0.399568, 0.451833, 0.968086
-0.430956, 0.474183, 0.974268
-0.391235, 0.477329, 0.972836
-0.366479, -0.0096833, 0.982772
-0.396609, -0.0338961, 0.9798
-0.396046, 0.0190483, 0.992799
-0.405831, -0.010261, 0.98661
stamp: 21259000000
0.0605304, 0.420033, 0.979606
-0.390209, 0.446661, 0.968283
-0.421611, 0.469017, 0.974398
-0.381739, 0.472109, 0.972927
-0.357673, -0.0152687, 0.982966
-0.387873, -0.0395268, 0.980184
-0.387271, 0.0134926, 0.992742
-0.397174, -0.0157955, 0.986516
stamp: 21269000000
0.0693036, 0.415686, 0.979973
-0.38098, 0.441258, 0.968455
-0.412222, 0.463694, 0.974429
-0.372329, 0.466648, 0.973238
-0.348907, -0.0209349, 0.983189
-0.379003, -0.0452219, 0.980417
-0.378229, 0.00783309, 0.993072
-0.388127, -0.0214534, 0.986985
stamp: 21280000000
0.0776231, 0.411004, 0.980201
-0.371641, 0.435644, 0.968663
-0.402831, 0.458196, 0.97451
-0.362817, 0.461153, 0.973419
-0.340029, -0.0268372, 0.983413
-0.370267, -0.0510021, 0.980588
-0.369414, 0.00208916, 0.993083
-0.37956, -0.0273013, 0.987022
stamp: 21289000000
0.0861882, 0.406406, 0.980444
-0.362304, 0.430016, 0.968996
-0.393591, 0.452463, 0.974599
-0.353554, 0.455613, 0.973402
-0.331461, -0.0328203, 0.98348
-0.36179, -0.0571932, 0.980708
-0.361057, -0.00375952, 0.992855
-0.370957, -0.0333029, 0.987003
stamp: 21300000000
0.0947088, 0.401617, 0.980725
-0.353211, 0.42418, 0.969069
-0.384449, 0.446708, 0.974522
-0.34425, 0.449577, 0.973609
-0.322744, -0.0390282, 0.983748
-0.353109, -0.063247, 0.98117
-0.352303, -0.00974667, 0.992932
-0.362241, -0.0392245, 0.987302
stamp: 21310000000
0.10334, 0.39676, 0.980847
-0.343796, 0.418215, 0.969458
-0.375127, 0.440782, 0.974634
-0.33528, 0.443767, 0.973639
-0.314164, -0.0452747, 0.984053
-0.344598, -0.0694397, 0.981392
-0.343844, -0.016077, 0.992857
-0.353858, -0.0454717, 0.987318
stamp: 21319000000
0.111684, 0.391657, 0.981157
-0.334812, 0.412076, 0.969411
-0.366166, 0.434662, 0.974628
-0.326026, 0.437628, 0.973856
-0.305694, -0.0516748, 0.984198
-0.336186, -0.0757903, 0.981655
-0.335127, -0.022415, 0.992923
-0.345217, -0.0519387, 0.987578
stamp: 21329000000
0.120071, 0.38661, 0.981336
-0.325763, 0.405798, 0.96973
-0.357144, 0.428499, 0.974488
-0.317007, 0.431439, 0.973948
-0.297211, -0.0582068, 0.984441
-0.327631, -0.0823942, 0.982025
-0.327059, -0.028695, 0.992522
-0.337002, -0.0583157, 0.987317
stamp: 21340000000
0.128392, 0.381179, 0.981394
-0.316689, 0.399469, 0.96998
-0.348161, 0.422308, 0.974498
-0.307856, 0.425105, 0.974145
-0.288874, -0.0648868, 0.984766
-0.319344, -0.0889792, 0.982221
-0.318562, -0.0352234, 0.992334
-0.328581, -0.0648614, 0.987406
stamp: 21350000000
0.136947, 0.375888, 0.981616
-0.307753, 0.392993, 0.970299
-0.339128, 0.415894, 0.974414
-0.298948, 0.418709, 0.974215
-0.280606, -0.0715677, 0.984889
-0.310975, -0.0957225, 0.982284
-0.310133, -0.0419865, 0.992438
-0.320074, -0.0716505, 0.987617
stamp: 21359000000
0.145116, 0.370596, 0.981856
-0.298807, 0.386342, 0.97052
-0.330356, 0.409573, 0.974301
-0.290052, 0.412161, 0.974305
-0.272303, -0.0783541, 0.985119
-0.302624, -0.102475, 0.982789
-0.302098, -0.0486337, 0.992158
-0.312083, -0.0784601, 0.987573
stamp: 21370000000
0.153428, 0.364882, 0.981909
-0.290156, 0.379744, 0.970732
-0.321368, 0.40288, 0.974144
-0.281095, 0.405394, 0.974506
-0.264153, -0.0854077, 0.985346
-0.29443, -0.109417, 0.982885
-0.29373, -0.0553936, 0.992085
-0.3039, -0.0852438, 0.987575
stamp: 21379000000
0.16166, 0.359188, 0.981996
-0.281017, 0.373013, 0.971306
-0.312628, 0.396062, 0.974133
-0.272129, 0.398635, 0.9746
-0.256017, -0.0923655, 0.98535
-0.286611, -0.116379, 0.983167
-0.285542, -0.0625737, 0.992228
-0.295639, -0.0922179, 0.987667
stamp: 21389000000
0.169793, 0.353356, 0.982087
-0.272438, 0.366166, 0.97139
-0.304084, 0.389419, 0.974014
-0.263662, 0.391864, 0.974573
-0.248004, -0.0994376, 0.985313
-0.278682, -0.123592, 0.98309
-0.27739, -0.0696684, 0.992162
-0.287485, -0.0993589, 0.987758
stamp: 21400000000
0.177836, 0.347616, 0.982237
-0.263958, 0.359173, 0.971325
-0.295393, 0.382463, 0.974089
-0.255074, 0.38493, 0.974624
-0.239963, -0.106699, 0.985349
-0.270867, -0.130719, 0.983092
-0.26931, -0.0766972, 0.991914
-0.27971, -0.106451, 0.987743
stamp: 21409000000
0.185864, 0.341643, 0.982192
-0.255353, 0.352106, 0.9714
-0.28681, 0.37547, 0.974078
-0.246198, 0.377838, 0.974708
-0.232028, -0.113863, 0.985324
-0.262513, -0.137938, 0.983353
-0.261584, -0.0839806, 0.991647
-0.271654, -0.113696, 0.987855
stamp: 21419000000
0.193759, 0.335704, 0.982166
-0.246774, 0.344985, 0.971703
-0.278334, 0.36838, 0.974173
-0.237787, 0.370824, 0.974704
-0.22414, -0.1211, 0.985248
-0.254751, -0.145261, 0.983442
-0.253817, -0.0911214, 0.991372
-0.264028, -0.120973, 0.987541
stamp: 21429000000
0.201479, 0.329749, 0.982157
-0.238356, 0.337811, 0.971718
-0.269879, 0.361246, 0.974072
-0.229393, 0.36369, 0.974744
-0.216518, -0.128532, 0.985368
-0.246936, -0.152657, 0.983506
-0.246084, -0.0984828, 0.991255
-0.25639, -0.128306, 0.987375
stamp: 21439000000
0.209206, 0.323867, 0.982136
-0.229919, 0.330612, 0.972046
-0.261599, 0.35411, 0.974024
-0.220936, 0.356418, 0.974819
-0.208927, -0.135801, 0.985372
-0.239604, -0.160022, 0.983602
-0.238386, -0.105732, 0.990937
-0.248472, -0.135613, 0.98748
stamp: 21450000000
0.21701, 0.317548, 0.98211
-0.221702, 0.323371, 0.97221
-0.253272, 0.34687, 0.97394
-0.212787, 0.349212, 0.974692
-0.201425, -0.143253, 0.985391
-0.232027, -0.167414, 0.983808
-0.231127, -0.112965, 0.990103
-0.241109, -0.143012, 0.987203
stamp: 21459000000
0.224565, 0.311523, 0.982115
-0.213499, 0.316243, 0.972459
-0.245183, 0.339711, 0.973707
-0.204804, 0.342048, 0.974662
-0.193935, -0.150793, 0.985357
-0.224524, -0.174872, 0.983754
-0.223436, -0.120475, 0.990121
-0.233545, -0.150424, 0.986945
stamp: 21469000000
0.232124, 0.305356, 0.981997
-0.205576, 0.30899, 0.972452
-0.237213, 0.3324, 0.973467
-0.196694, 0.334787, 0.974679
-0.186668, -0.158419, 0.985424
-0.217681, -0.182154, 0.983546
-0.216246, -0.127755, 0.989385
-0.226558, -0.157849, 0.986744
stamp: 21479000000
0.23967, 0.298991, 0.982167
-0.19764, 0.301564, 0.972605
-0.229307, 0.325096, 0.973326
-0.188991, 0.32738, 0.974605
-0.179383, -0.165778, 0.985347
-0.209918, -0.189872, 0.9839
-0.208965, -0.135281, 0.989223
-0.219097, -0.16532, 0.986694
stamp: 21489000000
0.246929, 0.292819, 0.982072
-0.189978, 0.294182, 0.972744
-0.221538, 0.317781, 0.973058
-0.18118, 0.319964, 0.974651
-0.172299, -0.173245, 0.985127
-0.202964, -0.197405, 0.983851
-0.201736, -0.142934, 0.988835
-0.212021, -0.172672, 0.986255
stamp: 21500000000
0.254138, 0.286593, 0.981931
-0.182362, 0.286922, 0.97287
-0.213767, 0.310503, 0.972925
-0.173557, 0.312804, 0.974513
-0.165335, -0.180793, 0.984977
-0.195894, -0.204805, 0.983711
-0.194658, -0.150511, 0.988557
-0.204824, -0.180235, 0.986296
stamp: 21510000000
0.261581, 0.280327, 0.981736
-0.174812, 0.27951, 0.972858
-0.206191, 0.303039, 0.972714
-0.165769, 0.305285, 0.974502
-0.158267, -0.188243, 0.984848
-0.189026, -0.212437, 0.983756
-0.187736, -0.157851, 0.988014
-0.198294, -0.187753, 0.985676
stamp: 21519000000
0.268463, 0.273853, 0.981784
-0.167018, 0.272002, 0.972944
-0.198647, 0.295774, 0.972435
-0.158156, 0.297912, 0.974521
-0.151402, -0.195761, 0.984633
-0.182059, -0.219917, 0.98359
-0.180858, -0.165289, 0.987549
-0.19151, -0.195267, 0.985359
stamp: 21529000000
0.275428, 0.26773, 0.981589
-0.159834, 0.264695, 0.973025
-0.191376, 0.288381, 0.97224
-0.150915, 0.290693, 0.974409
-0.144867, -0.203321, 0.98443
-0.175505, -0.227345, 0.98344
-0.174271, -0.172744, 0.987056
-0.184673, -0.202702, 0.985084
stamp: 21540000000
0.282047, 0.261604, 0.981375
-0.152594, 0.257475, 0.973013
-0.184026, 0.281012, 0.97206
-0.143646, 0.283376, 0.974257
-0.138222, -0.210691, 0.984278
-0.168724, -0.234739, 0.983438
-0.167581, -0.180234, 0.986551
-0.17819, -0.210128, 0.98483
stamp: 21549000000
0.288843, 0.25514, 0.981253
-0.145331, 0.250004, 0.973103
-0.176853, 0.273626, 0.971869
-0.136359, 0.275862, 0.974211
-0.131692, -0.218031, 0.984136
-0.162468, -0.242114, 0.983177
-0.160989, -0.187548, 0.986027
-0.171648, -0.217498, 0.984425
stamp: 21559000000
0.295483, 0.248917, 0.981352
-0.138388, 0.242672, 0.973003
-0.169816, 0.266537, 0.971787
-0.129341, 0.268634, 0.974226
-0.12529, -0.225454, 0.983878
-0.156286, -0.249409, 0.982917
-0.154676, -0.194848, 0.985588
-0.165357, -0.224931, 0.984196
stamp: 21570000000
0.301931, 0.242811, 0.981063
-0.131509, 0.235414, 0.972879
-0.162909, 0.25926, 0.971556
-0.122378, 0.261255, 0.974038
-0.119138, -0.232815, 0.983669
-0.149591, -0.256916, 0.983015
-0.148377, -0.202187, 0.985044
-0.159045, -0.232156, 0.983812
stamp: 21579000000
0.308308, 0.236579, 0.980926
-0.124658, 0.228131, 0.973122
-0.156093, 0.251911, 0.971411
-0.115627, 0.253998, 0.973852
-0.113003, -0.240079, 0.983392
-0.143537, -0.264201, 0.982945
-0.142406, -0.209529, 0.984593
-0.152958, -0.239373, 0.983574
stamp: 21589000000
0.314531, 0.230306, 0.98076
-0.117998, 0.221081, 0.973057
-0.149374, 0.244817, 0.971336
-0.108903, 0.246849, 0.973723
-0.107075, -0.24733, 0.983083
-0.137588, -0.271294, 0.982731
-0.136284, -0.216796, 0.984092
-0.146869, -0.246585, 0.983157
stamp: 21599000000
0.320697, 0.224088, 0.980534
-0.111404, 0.213839, 0.973205
-0.14286, 0.237554, 0.971097
-0.102296, 0.239696, 0.973678
-0.101097, -0.254415, 0.982864
-0.131629, -0.278494, 0.982512
-0.130573, -0.223892, 0.983643
-0.141039, -0.253805, 0.982889
stamp: 21609000000
0.326846, 0.218102, 0.98031
-0.105105, 0.206768, 0.972996
-0.136324, 0.230475, 0.970892
-0.0958839, 0.232627, 0.973502
-0.0954009, -0.261456, 0.982411
-0.125978, -0.285612, 0.982272
-0.124724, -0.230914, 0.983114
-0.135289, -0.261015, 0.982626
stamp: 21619000000
0.332747, 0.212011, 0.979968
-0.0986677, 0.199555, 0.973091
-0.130005, 0.223307, 0.970772
-0.0897347, 0.22548, 0.973247
-0.0896691, -0.268402, 0.98209
-0.120406, -0.292699, 0.982032
-0.118941, -0.237838, 0.982785
-0.129602, -0.268027, 0.982206
stamp: 21629000000
0.33847, 0.20591, 0.979734
-0.0924972, 0.19265, 0.972873
-0.124017, 0.2164, 0.970439
-0.0834726, 0.218502, 0.973135
-0.0841495, -0.275458, 0.981863
-0.114698, -0.299623, 0.981835
-0.113426, -0.244887, 0.982321
-0.1241, -0.27506, 0.98189
stamp: 21639000000
0.344038, 0.200161, 0.97958
-0.0865015, 0.185731, 0.972929
-0.117805, 0.209188, 0.970263
-0.0775444, 0.211605, 0.972985
-0.0788685, -0.282325, 0.981626
-0.109352, -0.306415, 0.981573
-0.108013, -0.251774, 0.981846
-0.118771, -0.281844, 0.981486
stamp: 21649000000
0.349535, 0.194198, 0.97923
-0.0806515, 0.178803, 0.97265
-0.112016, 0.202444, 0.970093
-0.0715351, 0.204744, 0.972863
-0.0735815, -0.28914, 0.981379
-0.104136, -0.31338, 0.981423
-0.102884, -0.258508, 0.981315
-0.113423, -0.28857, 0.981345
stamp: 21659000000
0.354868, 0.188291, 0.978979
-0.0747782, 0.172059, 0.972686
-0.106113, 0.195661, 0.969732
-0.0658473, 0.198014, 0.972556
-0.0683516, -0.295801, 0.98104
-0.0988236, -0.320093, 0.98128
-0.0977603, -0.265256, 0.980928
-0.108322, -0.295174, 0.980928
stamp: 21669000000
0.360043, 0.182621, 0.97871
-0.0692111, 0.165412, 0.972584
-0.100548, 0.189053, 0.969572
-0.0601334, 0.191338, 0.972492
-0.0633179, -0.302426, 0.980768
-0.0938402, -0.326606, 0.980978
-0.0926707, -0.271784, 0.980409
-0.10332, -0.301839, 0.980574
stamp: 21680000000
0.365264, 0.177033, 0.978451
-0.0637666, 0.158778, 0.972447
-0.0951376, 0.182324, 0.969226
-0.054642, 0.1847, 0.97229
-0.0584433, -0.308942, 0.980422
-0.0891173, -0.33308, 0.980803
-0.0878255, -0.278294, 0.980027
-0.0984688, -0.308377, 0.980177
stamp: 21689000000
0.370261, 0.171324, 0.978273
-0.0583201, 0.152244, 0.972336
-0.0896865, 0.175663, 0.969159
-0.0493452, 0.178075, 0.971937
-0.0537695, -0.315514, 0.980105
-0.0842409, -0.339523, 0.980611
-0.0832477, -0.284642, 0.979335
-0.0937152, -0.314865, 0.979936
stamp: 21700000000
0.37491, 0.165934, 0.977844
-0.0528804, 0.145683, 0.972311
-0.0844844, 0.169364, 0.968886
-0.0440629, 0.171656, 0.971702
-0.0492448, -0.321599, 0.979771
-0.0796306, -0.345907, 0.980446
-0.0785912, -0.291052, 0.978997
-0.0891671, -0.321076, 0.979602
stamp: 21710000000
0.37976, 0.160368, 0.977434
-0.0478282, 0.139289, 0.972192
-0.0793915, 0.162853, 0.968691
-0.0390109, 0.165307, 0.971557
-0.0445724, -0.327833, 0.979578
-0.075323, -0.352126, 0.980133
-0.0741698, -0.297373, 0.978673
-0.0846033, -0.327431, 0.979384
stamp: 21719000000
0.384306, 0.1551, 0.977076
-0.0428071, 0.133049, 0.97186
-0.074446, 0.156688, 0.96853
-0.0340821, 0.159041, 0.971318
-0.0401852, -0.333933, 0.979353
-0.070851, -0.358128, 0.979841
-0.0695748, -0.303387, 0.978345
-0.0801934, -0.333427, 0.979021
stamp: 21729000000
0.388589, 0.149845, 0.976777
-0.0379679, 0.126935, 0.971768
-0.0695413, 0.150433, 0.968172
-0.0292099, 0.152835, 0.97099
-0.0360312, -0.339924, 0.978865
-0.0667517, -0.364098, 0.979617
-0.065563, -0.309343, 0.977819
-0.0761158, -0.339498, 0.978813
stamp: 21740000000
0.392959, 0.144713, 0.976465
-0.0331949, 0.120843, 0.971723
-0.0648894, 0.144423, 0.967861
-0.0244674, 0.146789, 0.97081
-0.0318769, -0.345796, 0.978565
-0.0625589, -0.369981, 0.979359
-0.0611648, -0.315233, 0.977606
-0.0718856, -0.345372, 0.978467
stamp: 21750000000
0.397013, 0.139568, 0.97609
-0.028808, 0.114861, 0.971485
-0.0603089, 0.138158, 0.967608
-0.0198117, 0.140808, 0.970554
-0.0278672, -0.351584, 0.978217
-0.0585631, -0.375688, 0.97915
-0.0574975, -0.321015, 0.977301
-0.0678596, -0.351145, 0.978142
stamp: 21759000000
0.401263, 0.134669, 0.975778
-0.0245422, 0.109101, 0.971111
-0.0557935, 0.132348, 0.967444
-0.0154173, 0.134948, 0.970276
-0.0239772, -0.357224, 0.978025
-0.0543607, -0.381494, 0.978953
-0.0533762, -0.326679, 0.976899
-0.0640136, -0.356857, 0.977892
stamp: 21769000000
0.404973, 0.129664, 0.975425
-0.0200278, 0.103234, 0.970967
-0.051523, 0.126596, 0.967051
-0.0111569, 0.129213, 0.96992
-0.020341, -0.362816, 0.977551
-0.0507959, -0.386975, 0.978669
-0.0497351, -0.33223, 0.976331
-0.0602549, -0.362364, 0.977514
stamp: 21779000000
0.408631, 0.12497, 0.975034
-0.0157365, 0.0973917, 0.970752
-0.047286, 0.120886, 0.966882
-0.0069349, 0.123527, 0.969741
-0.0166267, -0.368159, 0.977293
-0.0473211, -0.392353, 0.978295
-0.0462472, -0.337504, 0.975914
-0.056551, -0.367728, 0.977137
stamp: 21789000000
0.412329, 0.120216, 0.974704
-0.0118291, 0.091984, 0.970286
-0.0433413, 0.115383, 0.966623
-0.00304875, 0.117933, 0.96923
-0.0131161, -0.373506, 0.977041
-0.0434347, -0.39766, 0.978331
-0.0423168, -0.342978, 0.975665
-0.0530465, -0.37316, 0.976911
stamp: 21800000000
0.415881, 0.115734, 0.974269
-0.00774323, 0.0864311, 0.970267
-0.0394204, 0.109939, 0.966307
0.000979852, 0.112595, 0.969021
-0.00975614, -0.378652, 0.976577
-0.0401032, -0.402928, 0.97796
-0.0391684, -0.348193, 0.975296
-0.0496208, -0.378317, 0.976652
stamp: 21809000000
0.419146, 0.111414, 0.974147
-0.00411792, 0.0812357, 0.96986
-0.0356152, 0.104501, 0.965906
0.00473284, 0.107306, 0.96857
-0.0065593, -0.383665, 0.976217
-0.0369453, -0.407821, 0.977586
-0.0359528, -0.353214, 0.974901
-0.0463562, -0.383408, 0.976482
stamp: 21820000000
0.422343, 0.106853, 0.97388
-0.000256446, 0.0759165, 0.96967
-0.0320056, 0.0993247, 0.965663
0.0083516, 0.102061, 0.96831
-0.00317887, -0.38869, 0.975972
-0.0337917, -0.41288, 0.97725
-0.0327987, -0.358188, 0.974471
-0.043228, -0.388387, 0.976177
stamp: 21829000000
0.425549, 0.102754, 0.973574
0.00326029, 0.0708391, 0.969526
-0.0285072, 0.0941994, 0.965252
0.0118356, 0.0970461, 0.967836
-0.000149177, -0.3934, 0.975693
-0.030803, -0.41742, 0.976949
-0.0297146, -0.362892, 0.974215
-0.0403131, -0.393168, 0.975855
stamp: 21839000000
0.42855, 0.0986755, 0.973376
0.00663687, 0.0659668, 0.968983
-0.0250284, 0.0890993, 0.965074
0.0152501, 0.0920251, 0.967511
0.00279831, -0.398051, 0.975223
-0.0277214, -0.422178, 0.976719
-0.0267467, -0.367666, 0.973854
-0.037132, -0.397737, 0.975412
stamp: 21850000000
0.431441, 0.0947628, 0.973091
0.00984732, 0.0610561, 0.968965
-0.0217515, 0.0841034, 0.964701
0.0182657, 0.0873312, 0.967037
0.00557253, -0.402417, 0.974866
-0.0249378, -0.426673, 0.976568
-0.023896, -0.372146, 0.973425
-0.0342757, -0.402343, 0.975095
stamp: 21859000000
0.434176, 0.0908672, 0.972774
0.0130985, 0.0563526, 0.968539
-0.0187008, 0.0795198, 0.964428
0.0214642, 0.0825814, 0.966705
0.00836654, -0.406905, 0.974441
-0.0221963, -0.431071, 0.976139
-0.0213107, -0.376502, 0.973176
-0.0316351, -0.40675, 0.974786
stamp: 21869000000
0.436707, 0.08691, 0.972689
0.0159983, 0.0516535, 0.968242
-0.0155922, 0.0748095, 0.964172
0.0245304, 0.0778865, 0.966439
0.0110277, -0.411013, 0.974245
-0.0194205, -0.435439, 0.975934
-0.0185661, -0.380945, 0.972711
-0.0290766, -0.410921, 0.974506
stamp: 21880000000
0.439267, 0.0833037, 0.972487
0.0190948, 0.0472158, 0.967885
-0.0127112, 0.0702561, 0.963929
0.0275813, 0.0733043, 0.966218
0.0135521, -0.415309, 0.973926
-0.0170544, -0.439543, 0.975725
-0.0162568, -0.385057, 0.972483
-0.0266865, -0.415096, 0.974186
stamp: 21889000000
0.441574, 0.0797378, 0.972308
0.0218046, 0.0428116, 0.967686
-0.00992558, 0.0658098, 0.963566
0.0303732, 0.0689507, 0.965956
0.0158052, -0.419283, 0.973458
-0.0145775, -0.443652, 0.975233
-0.0138433, -0.389097, 0.972014
-0.024115, -0.419136, 0.973886
stamp: 21900000000
0.443963, 0.0762646, 0.972129
0.024432, 0.0386569, 0.967372
-0.00732124, 0.0616072, 0.963366
0.0330305, 0.0645922, 0.965691
0.0181522, -0.423123, 0.973041
-0.0123011, -0.44751, 0.974705
-0.0114476, -0.393013, 0.971599
-0.0217363, -0.423058, 0.973667
stamp: 21909000000
0.446162, 0.072879, 0.97193
0.0269222, 0.0344164, 0.967071
-0.00474601, 0.0575674, 0.96314
0.0355884, 0.0605345, 0.965322
0.0203781, -0.426908, 0.972592
-0.0100748, -0.45127, 0.9744
-0.00927286, -0.39677, 0.971433
-0.0195914, -0.426932, 0.973495
stamp: 21919000000
0.448187, 0.0697555, 0.971933
0.0295675, 0.0303291, 0.966605
-0.00235651, 0.0535184, 0.962947
0.038138, 0.0564482, 0.965029
0.0225745, -0.430657, 0.97218
-0.00790204, -0.455022, 0.974127
-0.00704991, -0.40035, 0.97124
-0.0174698, -0.430484, 0.972857
stamp: 21929000000
0.450153, 0.0666345, 0.971684
0.0319609, 0.0264106, 0.966552
8.53564e-05, 0.0493778, 0.962784
0.0406041, 0.0525282, 0.964765
0.0245533, -0.434067, 0.97174
-0.00595583, -0.458412, 0.97387
-0.00540989, -0.403867, 0.970439
-0.015473, -0.434062, 0.972569
stamp: 21940000000
0.452066, 0.0637722, 0.97153
0.0342214, 0.0227047, 0.966304
0.00232167, 0.0455824, 0.962582
0.0427067, 0.048832, 0.96434
0.026468, -0.437508, 0.971437
-0.00392079, -0.461927, 0.973465
-0.00337514, -0.407162, 0.97031
-0.0135083, -0.437555, 0.97228
stamp: 21950000000
0.453701, 0.0608738, 0.971458
0.0362247, 0.0189135, 0.965897
0.00446643, 0.0418775, 0.962532
0.044827, 0.0450721, 0.96412
0.0283387, -0.440725, 0.971156
-0.00192526, -0.465295, 0.973078
-0.00160173, -0.410593, 0.970103
-0.0117295, -0.440833, 0.971942
stamp: 21959000000
0.455499, 0.0580634, 0.971445
0.0383568, 0.0152271, 0.965677
0.00641484, 0.0381845, 0.962343
0.0469046, 0.0415411, 0.963932
0.0300749, -0.443809, 0.970567
-0.00030745, -0.468396, 0.972679
7.85447e-05, -0.413633, 0.96966
-0.0101323, -0.443957, 0.971733
stamp: 21970000000
0.45713, 0.0553468, 0.971269
0.0403661, 0.0118939, 0.965372
0.00841565, 0.0349682, 0.962148
0.0487958, 0.0380794, 0.963755
0.0317651, -0.446923, 0.97034
0.00137876, -0.471535, 0.97244
0.00199606, -0.4168, 0.969491
-0.00823327, -0.446999, 0.971259
stamp: 21979000000
0.458566, 0.052832, 0.971196
0.042028, 0.00863967, 0.965295
0.0101415, 0.0316296, 0.961876
0.0505044, 0.0348157, 0.963497
0.0333361, -0.449882, 0.970043
0.00284363, -0.474329, 0.972121
0.00340282, -0.419724, 0.968936
-0.00671767, -0.449878, 0.97095
stamp: 21989000000
0.46003, 0.0504418, 0.97129
0.0437804, 0.00545973, 0.965006
0.0119239, 0.0283613, 0.961869
0.0523448, 0.0315696, 0.963373
0.0347499, -0.452689, 0.969611
0.00443576, -0.477319, 0.971764
0.0050634, -0.422547, 0.968902
-0.0051505, -0.452848, 0.970869
stamp: 22000000000
0.461371, 0.047948, 0.971133
0.0454171, 0.00231782, 0.964951
0.0135523, 0.0251639, 0.961703
0.0540434, 0.0284513, 0.963242
0.0362177, -0.455502, 0.969119
0.0058599, -0.479987, 0.971398
0.00633018, -0.425155, 0.968671
-0.00377146, -0.45547, 0.970413
stamp: 22009000000
0.462703, 0.0456481, 0.971078
0.0469417, -0.000568989, 0.964613
0.0151194, 0.0223227, 0.961543
0.0553276, 0.0256295, 0.962934
0.0375622, -0.457981, 0.968983
0.00713974, -0.482483, 0.970833
0.00774073, -0.427941, 0.968547
-0.00247412, -0.458071, 0.970174
stamp: 22019000000
0.463857, 0.0435022, 0.971181
0.0484485, -0.00336695, 0.964743
0.0165634, 0.019347, 0.96159
0.0569927, 0.0226051, 0.962951
0.0389088, -0.460571, 0.96853
0.00848259, -0.485248, 0.97064
0.00892984, -0.430426, 0.968441
-0.00122067, -0.460672, 0.970057
stamp: 22029000000
0.46498, 0.041346, 0.97102
0.0499051, -0.00636669, 0.964474
0.0179717, 0.016592, 0.96157
0.058245, 0.0198727, 0.962676
0.0399021, -0.462999, 0.968168
0.00979707, -0.487563, 0.970417
0.0103305, -0.432655, 0.968341
0.000159086, -0.463104, 0.969978
stamp: 22039000000
0.46608, 0.0393412, 0.970987
0.0510715, -0.00902804, 0.964418
0.0192327, 0.0138728, 0.961513
0.0594666, 0.0171719, 0.962709
0.0411125, -0.465288, 0.967906
0.0108176, -0.489909, 0.970053
0.0113222, -0.435098, 0.968099
0.000993097, -0.465342, 0.969646
stamp: 22050000000
0.467198, 0.0374149, 0.971109
0.0523686, -0.011596, 0.96435
0.0203894, 0.011386, 0.961483
0.060779, 0.0146241, 0.962529
0.0422415, -0.467553, 0.967606
0.0120743, -0.492156, 0.969711
0.0124868, -0.437258, 0.967914
0.00220366, -0.467621, 0.969483
stamp: 22059000000
0.468055, 0.0354407, 0.970993
0.0535431, -0.0140371, 0.964341
0.0214788, 0.00895683, 0.96148
0.0618635, 0.0121789, 0.962595
0.0431645, -0.469668, 0.967248
0.0127777, -0.494157, 0.969607
0.0133703, -0.439466, 0.967978
0.0032251, -0.469618, 0.969275
stamp: 22069000000
0.469027, 0.0336064, 0.970882
0.054467, -0.0165376, 0.964189
0.0226165, 0.00644496, 0.961587
0.0629981, 0.00972903, 0.962626
0.0442178, -0.47168, 0.967032
0.0138824, -0.496134, 0.969278
0.014344, -0.441364, 0.967747
0.00413243, -0.471711, 0.96927
stamp: 22079000000
0.469821, 0.0320275, 0.970945
0.0554656, -0.0189085, 0.964291
0.0235644, 0.00411227, 0.961746
0.0638072, 0.0074672, 0.96253
0.0449815, -0.473564, 0.966858
0.0146711, -0.497965, 0.969214
0.0153511, -0.443446, 0.967901
0.0049021, -0.473439, 0.968954
stamp: 22089000000
0.470674, 0.0303264, 0.970941
0.0565842, -0.0209622, 0.964069
0.0244341, 0.00196968, 0.961803
0.0648502, 0.00533258, 0.962564
0.0457868, -0.475386, 0.966733
0.0156078, -0.500045, 0.969015
0.0160379, -0.44526, 0.967976
0.00590107, -0.475394, 0.969136
stamp: 22100000000
0.471569, 0.0286936, 0.970827
0.0569984, -0.0229514, 0.96388
0.0252638, 6.68833e-05, 0.961898
0.0656445, 0.00326077, 0.962603
0.0467296, -0.477141, 0.96655
0.0163677, -0.501834, 0.968959
0.0169523, -0.446998, 0.967891
0.0064899, -0.477316, 0.969013
stamp: 22109000000
0.472195, 0.0271456, 0.970853
0.0579783, -0.0249517, 0.964091
0.0260428, -0.00194742, 0.96207
0.066499, 0.00119644, 0.962758
0.0474076, -0.478871, 0.966446
0.0170785, -0.503407, 0.968592
0.0176781, -0.448785, 0.967994
0.0073737, -0.478925, 0.968968
stamp: 22119000000
0.472949, 0.0257863, 0.970803
0.0586692, -0.026969, 0.964047
0.0265769, -0.0039765, 0.962201
0.0671828, -0.000759253, 0.962729
0.0479934, -0.480529, 0.96627
0.0176671, -0.505108, 0.968471
0.0182017, -0.450286, 0.968105
0.00786352, -0.480587, 0.968951
stamp: 22129000000
0.473574, 0.0243174, 0.970885
0.0591941, -0.0287337, 0.96398
0.0272633, -0.00584014, 0.962333
0.0677397, -0.0025623, 0.962682
0.0487472, -0.482145, 0.966195
0.0185049, -0.506735, 0.968494
0.0189608, -0.451793, 0.968046
0.00863761, -0.481976, 0.969008
stamp: 22139000000
0.474388, 0.0229438, 0.970741
0.0597299, -0.0303673, 0.963966
0.0279135, -0.00744157, 0.962508
0.0682858, -0.00426742, 0.962762
0.0493971, -0.483714, 0.966212
0.0190737, -0.508238, 0.968324
0.0196581, -0.453299, 0.968364
0.00923659, -0.483568, 0.969119
stamp: 22149000000
0.47496, 0.0216562, 0.970711
0.060317, -0.0322166, 0.964147
0.0282526, -0.00916184, 0.962522
0.0688945, -0.0059995, 0.962971
0.0498645, -0.484977, 0.966095
0.0195817, -0.509584, 0.968261
0.0202684, -0.454666, 0.968423
0.00974886, -0.48499, 0.968961
stamp: 22159000000
0.475486, 0.0203955, 0.970699
0.0609266, -0.0338532, 0.964089
0.0289192, -0.0106988, 0.962785
0.0693085, -0.00761123, 0.963016
0.0504285, -0.486385, 0.966158
0.0199615, -0.510963, 0.968083
0.0206685, -0.456065, 0.968538
0.0102204, -0.486481, 0.969111
stamp: 22169000000
0.475978, 0.019189, 0.970721
0.0609549, -0.035266, 0.964004
0.0292089, -0.0123803, 0.962928
0.0696892, -0.0091147, 0.96307
0.0509262, -0.487746, 0.96603
0.0206026, -0.512412, 0.968232
0.021081, -0.457494, 0.968537
0.0109325, -0.487553, 0.969206
stamp: 22179000000
0.476575, 0.0179828, 0.970662
0.0615175, -0.0367859, 0.964101
0.0294777, -0.013756, 0.963031
0.0700376, -0.010625, 0.963101
0.0513331, -0.48881, 0.965946
0.0211053, -0.513437, 0.968338
0.0218843, -0.458654, 0.96893
0.0112644, -0.488982, 0.969188
stamp: 22189000000
0.477347, 0.0168425, 0.970477
0.0616735, -0.0382046, 0.963863
0.0297989, -0.0148834, 0.963159
0.0702881, -0.0120062, 0.963034
0.0519146, -0.490209, 0.96609
0.021568, -0.514695, 0.968251
0.0221857, -0.459901, 0.968852
0.0116906, -0.490149, 0.969217
stamp: 22200000000
0.477745, 0.0156456, 0.970502
0.0621458, -0.0394269, 0.964159
0.030221, -0.0163812, 0.963214
0.0707045, -0.0133955, 0.963251
0.0522817, -0.491386, 0.966054
0.0218065, -0.51604, 0.968165
0.0225619, -0.461164, 0.968993
0.0120386, -0.49133, 0.969443
stamp: 22209000000
0.478259, 0.0146445, 0.970465
0.0622402, -0.0406853, 0.964074
0.0304372, -0.0177988, 0.963364
0.0708885, -0.0145544, 0.963318
0.0526484, -0.492416, 0.966094
0.0223126, -0.51691, 0.968051
0.0227434, -0.462053, 0.969074
0.0125375, -0.492396, 0.969385
stamp: 22220000000
0.478743, 0.0136117, 0.970414
0.0624621, -0.0420992, 0.964257
0.0304727, -0.0190164, 0.963428
0.0710561, -0.0158765, 0.9634
0.053052, -0.493609, 0.966055
0.0227248, -0.518184, 0.96804
0.0235625, -0.463257, 0.969372
0.0129421, -0.493463, 0.969294
stamp: 22229000000
0.479245, 0.0125921, 0.970321
0.0624369, -0.0430802, 0.964098
0.0306533, -0.0201477, 0.963543
0.0711319, -0.0170078, 0.963421
0.0534281, -0.494463, 0.966021
0.0230184, -0.519237, 0.967991
0.0235986, -0.4644, 0.969202
0.0132656, -0.494579, 0.969414
stamp: 22239000000
0.479716, 0.0115749, 0.970344
0.0626506, -0.0443914, 0.964146
0.0307888, -0.020999, 0.9637
0.0711865, -0.0181715, 0.963472
0.0536402, -0.495595, 0.965937
0.0233278, -0.520206, 0.968055
0.0238953, -0.465349, 0.969256
0.0136563, -0.495563, 0.969407
stamp: 22250000000
0.480375, 0.0105919, 0.970278
0.0626613, -0.0452093, 0.964235
0.0308707, -0.0221957, 0.963683
0.071253, -0.019178, 0.963466
0.0538862, -0.49633, 0.965922
0.0236602, -0.521147, 0.968045
0.0242907, -0.466323, 0.969466
0.0139484, -0.496403, 0.969361
stamp: 22259000000
0.480781, 0.00971009, 0.970273
0.0627247, -0.0464491, 0.963879
0.0308308, -0.0232936, 0.963799
0.0712792, -0.0201815, 0.963532
0.054249, -0.497455, 0.965903
0.0241343, -0.521974, 0.968036
0.0245474, -0.467128, 0.969416
0.0142143, -0.497429, 0.969342
stamp: 22269000000
0.481216, 0.00868616, 0.970222
0.0627227, -0.0472842, 0.96414
0.0307606, -0.0242057, 0.963774
0.0712091, -0.021164, 0.963465
0.0546093, -0.498311, 0.965874
0.0242739, -0.522994, 0.968162
0.0249879, -0.468094, 0.969284
0.0144481, -0.498161, 0.969333
stamp: 22279000000
0.481612, 0.00792892, 0.970162
0.0627592, -0.0483058, 0.964163
0.0306857, -0.0251469, 0.963738
0.0711519, -0.0220366, 0.963487
0.0547963, -0.499176, 0.96576
0.0243277, -0.523645, 0.96783
0.0251018, -0.468889, 0.969079
0.0147063, -0.499043, 0.969217
stamp: 22289000000
0.482022, 0.0070329, 0.970146
0.0624197, -0.049133, 0.963992
0.0306067, -0.025964, 0.963717
0.0710592, -0.0228979, 0.963494
0.0549845, -0.499927, 0.965789
0.0246835, -0.524558, 0.967798
0.025298, -0.46972, 0.969112
0.0148718, -0.499862, 0.969266
stamp: 22299000000
0.482535, 0.00628534, 0.970049
0.0622536, -0.0498573, 0.964017
0.0304129, -0.0267409, 0.963674
0.0707563, -0.0236948, 0.963346
0.0552502, -0.500827, 0.965807
0.024792, -0.52529, 0.967759
0.0254735, -0.470373, 0.96912
0.0150542, -0.500607, 0.969197
stamp: 22310000000
0.482933, 0.00545659, 0.96998
0.0621415, -0.0506226, 0.964223
0.0302492, -0.0273201, 0.963588
0.0707275, -0.0244938, 0.963442
0.0554425, -0.501383, 0.965743
0.0248456, -0.525975, 0.967742
0.0256077, -0.471105, 0.969006
0.0152899, -0.501316, 0.969063
stamp: 22319000000
0.483437, 0.0047359, 0.969979
0.0618945, -0.0513414, 0.964052
0.0300515, -0.0280272, 0.963504
0.0705439, -0.0251433, 0.963403
0.0555339, -0.502102, 0.96576
0.0250013, -0.526688, 0.967684
0.0257156, -0.471977, 0.96876
0.0153426, -0.502012, 0.968932
stamp: 22329000000
0.483787, 0.00392715, 0.970029
0.0615361, -0.0520633, 0.963967
0.0297596, -0.0288626, 0.963373
0.07022, -0.0258416, 0.963282
0.0556292, -0.50296, 0.965613
0.0251468, -0.527311, 0.967631
0.0259113, -0.472524, 0.968748
0.0156187, -0.502652, 0.968884
stamp: 22339000000
0.484168, 0.00326613, 0.970054
0.0611677, -0.0525244, 0.964166
0.0294284, -0.0293057, 0.963398
0.0699226, -0.0264243, 0.963218
0.0557066, -0.503457, 0.965559
0.0252201, -0.528003, 0.967633
0.0259713, -0.473082, 0.968622
0.015762, -0.50333, 0.968898
stamp: 22350000000
0.484607, 0.00250538, 0.970087
0.0607095, -0.0530408, 0.96386
0.0291224, -0.0298574, 0.963343
0.0695625, -0.027001, 0.963078
0.0557996, -0.503995, 0.965531
0.0253968, -0.528666, 0.967644
0.0262452, -0.473841, 0.96852
0.0158083, -0.503964, 0.968714
stamp: 22359000000
0.484971, 0.00188982, 0.970072
0.0603529, -0.0536115, 0.963684
0.0287303, -0.0303673, 0.963305
0.0692046, -0.0275159, 0.963049
0.0559048, -0.504641, 0.965515
0.0254318, -0.529255, 0.967484
0.0264667, -0.474327, 0.968645
0.0158608, -0.504491, 0.968588
stamp: 22370000000
0.48537, 0.00127519, 0.970036
0.0600959, -0.0541991, 0.963582
0.0283192, -0.031, 0.963212
0.0686904, -0.0279615, 0.96281
0.055934, -0.505179, 0.96533
0.0255132, -0.529817, 0.96733
0.0263385, -0.474764, 0.968508
0.0159359, -0.505046, 0.968563
stamp: 22379000000
0.485827, 0.000590695, 0.97006
0.0596858, -0.0545359, 0.963556
0.0279799, -0.031326, 0.963162
0.0683407, -0.0283353, 0.96276
0.0559767, -0.505627, 0.965134
0.0256323, -0.530263, 0.967273
0.0264422, -0.475238, 0.968426
0.0160106, -0.505578, 0.968631
stamp: 22389000000
0.486289, 3.09579e-05, 0.970128
0.059271, -0.0549906, 0.963351
0.0275718, -0.0316675, 0.963186
0.0680018, -0.0288, 0.962815
0.0560214, -0.506092, 0.964982
0.0256673, -0.530738, 0.967066
0.0266521, -0.475979, 0.968283
0.0160364, -0.506079, 0.968573
stamp: 22400000000
0.486639, -0.000569302, 0.970104
0.0586909, -0.0552824, 0.963213
0.0271271, -0.0319207, 0.963115
0.0674872, -0.0292298, 0.962691
0.0560667, -0.506663, 0.964902
0.0256614, -0.531229, 0.967054
0.0266371, -0.476297, 0.968222
0.0160106, -0.506459, 0.96847
stamp: 22409000000
0.486976, -0.00111132, 0.970181
0.0582169, -0.055521, 0.963147
0.0263919, -0.0322491, 0.963119
0.067081, -0.0295102, 0.962566
0.0560318, -0.507051, 0.964811
0.0256953, -0.531666, 0.966989
0.0266426, -0.476593, 0.968193
0.0159994, -0.506883, 0.968327
stamp: 22419000000
0.487258, -0.00151347, 0.970272
0.0576783, -0.0558044, 0.963069
0.0259428, -0.0326136, 0.963031
0.0664579, -0.0297188, 0.962328
0.0559968, -0.507359, 0.964718
0.0256092, -0.531928, 0.966946
0.0266239, -0.476982, 0.968142
0.0158885, -0.507244, 0.968219
stamp: 22429000000
0.487572, -0.00204476, 0.970286
0.0571512, -0.0560765, 0.962835
0.0254303, -0.032783, 0.963098
0.0657959, -0.0298864, 0.962288
0.0559008, -0.507683, 0.964761
0.025485, -0.532239, 0.966869
0.0265445, -0.477214, 0.968208
0.0158777, -0.507579, 0.968158
stamp: 22439000000
0.487834, -0.0025648, 0.970383
0.0565358, -0.0562178, 0.9629
0.0249048, -0.0330494, 0.962992
0.0653094, -0.030086, 0.962301
0.0558508, -0.507918, 0.964748
0.0253789, -0.532507, 0.966761
0.0263397, -0.477585, 0.968088
0.0158415, -0.507935, 0.968236
stamp: 22450000000
0.488093, -0.00295265, 0.970542
0.0558721, -0.0562306, 0.962762
0.0243304, -0.0331965, 0.962908
0.0646466, -0.0301624, 0.962149
0.055804, -0.508125, 0.964737
0.0252746, -0.532759, 0.966672
0.0263005, -0.477799, 0.968066
0.0157299, -0.508185, 0.968216
stamp: 22459000000
0.488367, -0.00339639, 0.970538
0.0553334, -0.0564916, 0.962707
0.023582, -0.0334184, 0.962945
0.0640105, -0.0303784, 0.96203
0.055741, -0.508491, 0.964688
0.0252348, -0.532976, 0.966639
0.0262462, -0.478174, 0.968221
0.0156151, -0.508378, 0.968164
stamp: 22469000000
0.48876, -0.00381323, 0.970613
0.0546874, -0.0566391, 0.962564
0.0229751, -0.0334115, 0.962923
0.0634145, -0.0304551, 0.962044
0.0557061, -0.508737, 0.964665
0.0252762, -0.533291, 0.966686
0.0260978, -0.478364, 0.968217
0.0155271, -0.508557, 0.968135
stamp: 22480000000
0.489128, -0.00412239, 0.970705
0.0539849, -0.0565603, 0.962716
0.022236, -0.0332235, 0.962863
0.0627414, -0.0304254, 0.962067
0.0555446, -0.508993, 0.964638
0.025166, -0.533517, 0.966691
0.0257949, -0.478581, 0.968031
0.0154229, -0.508778, 0.96806
stamp: 22489000000
0.489363, -0.00433771, 0.970788
0.0533639, -0.0565556, 0.962485
0.0216263, -0.0333249, 0.962867
0.062048, -0.0304117, 0.961949
0.05544, -0.509217, 0.964662
0.0250743, -0.533637, 0.966682
0.0257047, -0.4787, 0.968068
0.0153413, -0.508922, 0.968072
stamp: 22500000000
0.489607, -0.00456585, 0.970902
0.0525108, -0.0564595, 0.962317
0.0208668, -0.0331807, 0.962875
0.0614028, -0.0303462, 0.961897
0.0552952, -0.509346, 0.964638
0.0249476, -0.533746, 0.966646
0.025525, -0.478859, 0.968245
0.0151983, -0.509065, 0.96816
stamp: 22510000000
0.489849, -0.00486612, 0.970994
0.0519433, -0.0563839, 0.962344
0.0201896, -0.0329823, 0.963057
0.0606334, -0.0303436, 0.961824
0.055132, -0.509436, 0.964692
0.0248125, -0.53397, 0.966798
0.025417, -0.47897, 0.968311
0.0150996, -0.509199, 0.968234
stamp: 22519000000
0.490061, -0.00528796, 0.971137
0.0513582, -0.0563424, 0.962305
0.0195046, -0.0329507, 0.963032
0.0599149, -0.0301963, 0.961824
0.0548894, -0.509507, 0.964607
0.0246763, -0.534066, 0.966804
0.0253482, -0.47913, 0.968424
0.0149153, -0.509355, 0.968345
stamp: 22529000000
0.490258, -0.00556749, 0.971312
0.0504258, -0.0561638, 0.96219
0.0187293, -0.0328666, 0.963019
0.0592105, -0.0301558, 0.961905
0.0547338, -0.509556, 0.964622
0.0244896, -0.534213, 0.966833
0.0250348, -0.479212, 0.968319
0.0147493, -0.509385, 0.968438
stamp: 22539000000
0.490446, -0.00578501, 0.97143
0.0496698, -0.0562008, 0.962333
0.0179798, -0.0328226, 0.963042
0.0583998, -0.0300154, 0.961872
0.0545726, -0.509579, 0.964683
0.0243149, -0.534267, 0.966842
0.0248414, -0.47927, 0.968463
0.014522, -0.509413, 0.968648
stamp: 22549000000
0.490606, -0.00605671, 0.971543
0.0490922, -0.0560313, 0.96231
0.0173799, -0.0326844, 0.963148
0.0577102, -0.0298432, 0.961888
0.0543775, -0.509662, 0.964761
0.0239768, -0.534293, 0.966813
0.0246731, -0.47928, 0.968629
0.0143626, -0.509436, 0.968695
stamp: 22559000000
0.490833, -0.00624453, 0.971613
0.0481394, -0.0557885, 0.961909
0.0164786, -0.0325806, 0.96315
0.0569296, -0.0295648, 0.961787
0.0541957, -0.50967, 0.964808
0.0237543, -0.534289, 0.96688
0.0245932, -0.479239, 0.968861
0.0141695, -0.509427, 0.968716
stamp: 22569000000
0.491033, -0.00640304, 0.97165
0.047283, -0.0555288, 0.962172
0.0156554, -0.0321545, 0.963182
0.0560754, -0.029287, 0.961652
0.0539533, -0.509654, 0.964888
0.0235865, -0.534279, 0.966907
0.0244149, -0.479179, 0.968979
0.0139101, -0.509409, 0.968695
stamp: 22579000000
0.491197, -0.0066053, 0.971725
0.0467303, -0.0554281, 0.962151
0.0149844, -0.0319671, 0.96323
0.0553904, -0.0291445, 0.961804
0.0537676, -0.509539, 0.96494
0.0234301, -0.534269, 0.966941
0.024252, -0.47915, 0.969041
0.0138012, -0.509283, 0.968561
stamp: 22590000000
0.491352, -0.00677261, 0.971765
0.0460331, -0.0551441, 0.962161
0.0144, -0.0317897, 0.963348
0.0546926, -0.0289137, 0.961879
0.0536377, -0.509415, 0.965019
0.0230744, -0.534072, 0.966838
0.0240556, -0.479111, 0.969242
0.0135465, -0.509324, 0.968745
stamp: 22599000000
0.491503, -0.00692246, 0.971793
0.0450268, -0.0548314, 0.962119
0.0134335, -0.0316406, 0.963497
0.0539888, -0.0287056, 0.961899
0.0534118, -0.509459, 0.965047
0.0228958, -0.534025, 0.966848
0.0237993, -0.479118, 0.969208
0.0133223, -0.509277, 0.968757
stamp: 22609000000
0.491762, -0.00710313, 0.97177
0.0442748, -0.0545315, 0.961953
0.0126315, -0.0313369, 0.963448
0.0530129, -0.0283434, 0.961683
0.0531748, -0.509365, 0.964946
0.0227132, -0.533971, 0.967123
0.0236111, -0.479077, 0.969316
0.0131179, -0.509219, 0.96876
stamp: 22620000000
0.49193, -0.00724522, 0.971805
0.0436622, -0.0543217, 0.961964
0.0119218, -0.0309014, 0.963398
0.0522371, -0.0281285, 0.961749
0.0528485, -0.509102, 0.965045
0.0225288, -0.53391, 0.967119
0.0234399, -0.479025, 0.969363
0.0128551, -0.509186, 0.968799
stamp: 22629000000
0.492172, -0.00739801, 0.971845
0.0428856, -0.0539142, 0.961939
0.0112341, -0.0306912, 0.963485
0.0515701, -0.0278364, 0.961796
0.0526177, -0.509032, 0.965055
0.0222962, -0.533723, 0.966985
0.0232474, -0.478953, 0.969384
0.0125591, -0.50916, 0.968881
stamp: 22639000000
0.492337, -0.00752079, 0.971886
0.0420215, -0.0535752, 0.962041
0.0103479, -0.0303871, 0.963497
0.0508818, -0.027501, 0.961784
0.0523713, -0.508956, 0.965044
0.0220883, -0.533633, 0.966952
0.0229742, -0.478722, 0.96949
0.0123113, -0.509074, 0.968878
stamp: 22650000000
0.492448, -0.00762915, 0.971894
0.0413246, -0.053253, 0.9618
0.00958025, -0.0301171, 0.963535
0.0499903, -0.0271118, 0.961679
0.0520503, -0.508774, 0.964904
0.0217937, -0.533441, 0.966884
0.022399, -0.478574, 0.969226
0.0120897, -0.508908, 0.968917
stamp: 22659000000
0.492551, -0.00770696, 0.9719
0.0407202, -0.0530305, 0.961819
0.00886767, -0.0297658, 0.963527
0.0492649, -0.0268565, 0.961714
0.0517772, -0.508667, 0.964887
0.0214248, -0.533431, 0.96683
0.0221791, -0.478377, 0.969141
0.0117953, -0.508761, 0.968915
stamp: 22669000000
0.492677, -0.00776458, 0.971859
0.0399186, -0.0527642, 0.961844
0.00828484, -0.0293536, 0.963556
0.0485911, -0.0265638, 0.961701
0.0515448, -0.508649, 0.9649
0.0212082, -0.533345, 0.966799
0.0219383, -0.478302, 0.969179
0.0114953, -0.508641, 0.968854
stamp: 22680000000
0.492795, -0.00793781, 0.97187
0.0389708, -0.0522156, 0.96156
0.00745119, -0.0292132, 0.963597
0.0478661, -0.0261864, 0.961673
0.0512526, -0.508601, 0.964962
0.0209501, -0.533265, 0.966794
0.0216724, -0.478293, 0.969335
0.0112529, -0.508523, 0.968813
stamp: 22689000000
0.492899, -0.00804286, 0.971835
0.038386, -0.0518924, 0.961598
0.00663662, -0.0286979, 0.963573
0.047072, -0.025765, 0.961589
0.051023, -0.508526, 0.964955
0.0206105, -0.533098, 0.966697
0.0214894, -0.47819, 0.969353
0.0109583, -0.508262, 0.968774
stamp: 22700000000
0.493009, -0.00815311, 0.97181
0.0377111, -0.0516642, 0.96149
0.00596731, -0.0282243, 0.963437
0.0463516, -0.0255222, 0.9616
0.0506805, -0.50833, 0.964905
0.0203873, -0.532999, 0.966615
0.0213552, -0.477928, 0.969431
0.0106906, -0.508124, 0.968731
stamp: 22709000000
0.493127, -0.0082755, 0.971759
0.037026, -0.0513798, 0.961636
0.00534531, -0.0277476, 0.963327
0.0455963, -0.0251487, 0.961444
0.0504568, -0.508199, 0.964877
0.0201595, -0.532869, 0.966651
0.0210059, -0.477875, 0.96942
0.0104475, -0.507995, 0.968694
stamp: 22719000000
0.493254, -0.00836367, 0.971672
0.0360907, -0.0508461, 0.961416
0.00454167, -0.0277114, 0.963427
0.044971, -0.0248384, 0.961436
0.0501771, -0.507958, 0.964834
0.0197986, -0.532659, 0.96666
0.0207935, -0.477765, 0.969425
0.0101981, -0.50787, 0.968636
stamp: 22729000000
0.493433, -0.00844011, 0.971605
0.0355826, -0.0504973, 0.961406
0.00395168, -0.0273865, 0.96339
0.0442864, -0.0243691, 0.96141
0.0499218, -0.507616, 0.964825
0.0195793, -0.532409, 0.966608
0.0202631, -0.477465, 0.96932
0.00986596, -0.507766, 0.968595
stamp: 22740000000
0.493531, -0.00852553, 0.971539
0.0349634, -0.0502544, 0.961259
0.00313454, -0.0269317, 0.963412
0.0436875, -0.0240967, 0.961429
0.0495646, -0.507459, 0.964643
0.0192312, -0.53216, 0.966537
0.019881, -0.47731, 0.969149
0.00961534, -0.507625, 0.968561
stamp: 22750000000
0.493609, -0.00867128, 0.971425
0.0342085, -0.0499169, 0.961153
0.00257667, -0.0263965, 0.963299
0.042869, -0.0237957, 0.961242
0.0493035, -0.507333, 0.964598
0.0190102, -0.531999, 0.966528
0.0196711, -0.47708, 0.969074
0.00931866, -0.507446, 0.968542
stamp: 22759000000
0.493692, -0.00877271, 0.971327
0.0333228, -0.0494759, 0.96113
0.00195926, -0.026313, 0.963397
0.0422567, -0.0234673, 0.961274
0.0490172, -0.507229, 0.96462
0.0187894, -0.531874, 0.966493
0.0194343, -0.476972, 0.969129
0.00894592, -0.507248, 0.968656
stamp: 22769000000
0.49379, -0.00887772, 0.971213
0.0327429, -0.0492083, 0.961068
0.00127946, -0.0260043, 0.963227
0.0415683, -0.0230477, 0.961194
0.0487803, -0.507125, 0.964563
0.0184959, -0.531714, 0.966388
0.0192757, -0.476856, 0.969143
0.00867659, -0.507037, 0.968638
stamp: 22779000000
0.49384, -0.00900608, 0.97103
0.0322847, -0.04891, 0.961017
0.000595657, -0.0256926, 0.963322
0.041019, -0.0227914, 0.961193
0.048375, -0.506988, 0.964558
0.0182694, -0.5316, 0.966316
0.018945, -0.476716, 0.969286
0.00841246, -0.506843, 0.968646
stamp: 22789000000
0.493949, -0.00908005, 0.970901
0.0318661, -0.048688, 0.960976
4.58805e-05, -0.0250566, 0.963261
0.0403513, -0.0224283, 0.961097
0.0481133, -0.506827, 0.964557
0.0181562, -0.531556, 0.96648
0.0187273, -0.476574, 0.969345
0.00817318, -0.506685, 0.968653
stamp: 22799000000
0.494067, -0.00914613, 0.970729
0.0310809, -0.0481756, 0.96117
-0.000557811, -0.0248485, 0.963246
0.0397405, -0.022112, 0.961165
0.0478712, -0.506615, 0.964513
0.0177479, -0.531158, 0.966367
0.0183325, -0.476328, 0.969271
0.00792834, -0.50653, 0.968662
stamp: 22809000000
0.494161, -0.00927007, 0.97057
0.0303977, -0.0478812, 0.961087
-0.00120625, -0.0247253, 0.963307
0.0391236, -0.0217495, 0.961108
0.0476413, -0.506473, 0.964503
0.0173829, -0.531001, 0.966508
0.01791, -0.4763, 0.969248
0.00766748, -0.506404, 0.968669
stamp: 22820000000
0.494244, -0.00937566, 0.970425
0.029866, -0.0476443, 0.960839
-0.0018804, -0.024513, 0.963366
0.0385793, -0.0214855, 0.961136
0.0471624, -0.506116, 0.964456
0.01713, -0.53085, 0.966541
0.0177395, -0.476016, 0.969448
0.00738103, -0.506267, 0.968634
stamp: 22829000000
0.494437, -0.00952518, 0.970241
0.0293979, -0.0474163, 0.960943
-0.00244464, -0.0242015, 0.963398
0.0380624, -0.0211788, 0.96118
0.0468915, -0.505955, 0.964449
0.0167322, -0.530626, 0.966458
0.0175182, -0.475888, 0.969501
0.00703484, -0.506153, 0.968657
stamp: 22839000000
0.494574, -0.00962966, 0.970055
0.0288267, -0.0469486, 0.961102
-0.00289705, -0.0239462, 0.963401
0.0375655, -0.0208424, 0.961246
0.0466893, -0.50587, 0.964511
0.0163562, -0.53051, 0.966471
0.0171409, -0.475712, 0.969512
0.00675321, -0.505992, 0.968673
stamp: 22850000000
0.494785, -0.00971675, 0.969909
0.0282836, -0.0467845, 0.961215
-0.00337068, -0.0234379, 0.963372
0.0369333, -0.0206498, 0.961363
0.0464463, -0.505789, 0.964635
0.0161729, -0.530412, 0.966518
0.016902, -0.475492, 0.969501
0.00636831, -0.505692, 0.968775
stamp: 22859000000
0.494906, -0.00989038, 0.969786
0.0276452, -0.0464096, 0.961167
-0.00395236, -0.0231453, 0.963621
0.0365051, -0.0204085, 0.961468
0.0461211, -0.505575, 0.964798
0.0159769, -0.530298, 0.966608
0.0166343, -0.475313, 0.969702
0.00610196, -0.505515, 0.968837
stamp: 22869000000
0.494985, -0.0100024, 0.969654
0.0272033, -0.0461904, 0.961186
-0.00443739, -0.0230338, 0.963792
0.0360102, -0.0199825, 0.961514
0.0458025, -0.505521, 0.964994
0.0156689, -0.530134, 0.966611
0.0164069, -0.475214, 0.969941
0.00588136, -0.505369, 0.968902
stamp: 22880000000
0.49506, -0.0101136, 0.96952
0.0266992, -0.0459533, 0.96129
-0.00490266, -0.0228482, 0.963797
0.0355867, -0.0197386, 0.961621
0.0456084, -0.505327, 0.965169
0.0154875, -0.529932, 0.966885
0.0162329, -0.475024, 0.969984
0.00560466, -0.50526, 0.96905
stamp: 22889000000
0.495124, -0.0102167, 0.96941
0.026342, -0.0457018, 0.961471
-0.00536017, -0.0226355, 0.963938
0.035098, -0.0195368, 0.961804
0.0453622, -0.504983, 0.965257
0.0151691, -0.529682, 0.966916
0.0160384, -0.474911, 0.970093
0.00538003, -0.505104, 0.969204
stamp: 22900000000
0.495245, -0.0102636, 0.969275
0.0259363, -0.0455059, 0.961639
-0.00575229, -0.0224042, 0.963964
0.0343865, -0.0192734, 0.961723
0.0451298, -0.504818, 0.965311
0.0147136, -0.529589, 0.967012
0.0156473, -0.47481, 0.970063
0.00516305, -0.504992, 0.969289
stamp: 22910000000
0.495329, -0.0103575, 0.969127
0.0254909, -0.0452281, 0.961779
-0.00626648, -0.021801, 0.964091
0.0340797, -0.01912, 0.961953
0.0448695, -0.504703, 0.965402
0.0145003, -0.52948, 0.967067
0.0153248, -0.474646, 0.970081
0.00491128, -0.504849, 0.969342
stamp: 22919000000
0.495389, -0.0106037, 0.968896
0.0250915, -0.0450759, 0.962019
-0.00675446, -0.0217603, 0.964274
0.0337946, -0.018878, 0.962214
0.0446539, -0.504618, 0.96548
0.0143122, -0.529372, 0.967313
0.0150584, -0.474591, 0.970187
0.00470871, -0.504721, 0.9695
stamp: 22929000000
0.495438, -0.0107213, 0.968787
0.0247117, -0.0448786, 0.962153
-0.00707632, -0.0215932, 0.96439
0.0333889, -0.0186782, 0.962354
0.0443833, -0.50455, 0.965626
0.0141215, -0.529276, 0.967381
0.0148083, -0.474477, 0.970282
0.00442063, -0.504613, 0.969554
stamp: 22939000000
0.495501, -0.0108414, 0.968723
0.0242916, -0.0447791, 0.96232
-0.00746787, -0.0214737, 0.964568
0.032943, -0.0184779, 0.962574
0.044084, -0.504451, 0.965731
0.013819, -0.529143, 0.967341
0.0146299, -0.474407, 0.970372
0.00413218, -0.504426, 0.969694
stamp: 22950000000
0.495587, -0.0109691, 0.968639
0.0236311, -0.0443027, 0.962251
-0.00791178, -0.0212787, 0.964627
0.0325388, -0.0183763, 0.962677
0.0438198, -0.504304, 0.965764
0.013607, -0.529061, 0.967435
0.0143743, -0.474264, 0.970546
0.00380915, -0.504359, 0.96992
stamp: 22960000000
0.495653, -0.0110749, 0.968585
0.0233843, -0.0441717, 0.962365
-0.00833649, -0.0211561, 0.964815
0.0320873, -0.0181146, 0.962699
0.0434605, -0.504227, 0.965801
0.0134175, -0.52892, 0.967598
0.014131, -0.474179, 0.970923
0.00351401, -0.504285, 0.970032
stamp: 22969000000
0.495681, -0.0111892, 0.968573
0.0230632, -0.0440661, 0.9625
-0.00861746, -0.0210299, 0.964917
0.0317801, -0.0179504, 0.962818
0.0432355, -0.504079, 0.965897
0.0129552, -0.528814, 0.967719
0.0138812, -0.473973, 0.97108
0.00328137, -0.504158, 0.970129
stamp: 22979000000
0.495764, -0.0113726, 0.968531
0.0226525, -0.0439193, 0.962717
-0.00898019, -0.020816, 0.96505
0.0315514, -0.01775, 0.963046
0.0428944, -0.503885, 0.965985
0.012751, -0.528583, 0.967816
0.0134785, -0.473568, 0.970884
0.00307172, -0.503928, 0.970112
stamp: 22990000000
0.495821, -0.0114828, 0.968498
0.0223946, -0.0438252, 0.962822
-0.00934265, -0.020618, 0.965161
0.0311498, -0.0175808, 0.963184
0.0426644, -0.503785, 0.966061
0.012593, -0.528644, 0.968101
0.0131299, -0.473632, 0.970822
0.00274407, -0.503879, 0.970277
stamp: 23000000000
0.495893, -0.0116435, 0.968461
0.0219949, -0.0436091, 0.962911
-0.0095997, -0.0205344, 0.965339
0.0308476, -0.0174017, 0.963301
0.0424803, -0.503708, 0.966128
0.0123484, -0.528486, 0.968196
0.0127682, -0.47356, 0.970834
0.00253758, -0.503793, 0.970328
stamp: 23009000000
0.495952, -0.0117555, 0.968448
0.0216665, -0.0434619, 0.963154
-0.00986749, -0.0203775, 0.965413
0.030405, -0.0172107, 0.963271
0.0422877, -0.503592, 0.966238
0.0119924, -0.528307, 0.968211
0.0126365, -0.47339, 0.970925
0.00232743, -0.503704, 0.970351
stamp: 23020000000
0.49601, -0.0119112, 0.968459
0.0214614, -0.0433586, 0.963296
-0.0104117, -0.0200956, 0.965422
0.0301173, -0.0171299, 0.963381
0.0420302, -0.503535, 0.966305
0.0117944, -0.528242, 0.968239
0.0123829, -0.473357, 0.971064
0.00206805, -0.503578, 0.970393
stamp: 23029000000
0.496072, -0.0120644, 0.968491
0.0212564, -0.0432496, 0.963349
-0.0106406, -0.0199438, 0.96544
0.02995, -0.0170462, 0.963528
0.0418235, -0.503488, 0.96631
0.0116132, -0.528192, 0.968231
0.0121584, -0.473287, 0.971192
0.00183323, -0.503501, 0.970386
stamp: 23039000000
0.496131, -0.012179, 0.968496
0.0209357, -0.0431404, 0.963451
-0.0108525, -0.0197706, 0.965393
0.0297163, -0.016943, 0.963633
0.0416022, -0.503424, 0.966322
0.0113443, -0.527974, 0.968103
0.0119885, -0.473222, 0.971208
0.00160775, -0.503439, 0.970366
stamp: 23050000000
0.496201, -0.0122825, 0.968502
0.0206607, -0.0429999, 0.963584
-0.0111375, -0.0196963, 0.965461
0.0294379, -0.0168451, 0.963723
0.0413018, -0.503286, 0.966222
0.0110058, -0.52788, 0.968003
0.0118194, -0.47316, 0.971198
0.00133953, -0.503276, 0.970337
stamp: 23059000000
0.496254, -0.012401, 0.968509
0.0204135, -0.0429569, 0.963707
-0.0114224, -0.0196694, 0.965574
0.0291432, -0.0167468, 0.963778
0.041037, -0.503173, 0.96624
0.0106946, -0.527811, 0.968053
0.0115047, -0.473129, 0.971247
0.0010987, -0.503167, 0.970279
stamp: 23069000000
0.496314, -0.012529, 0.968488
0.0201145, -0.0428119, 0.963494
-0.0116526, -0.0196156, 0.965582
0.0289047, -0.0166132, 0.963826
0.0408389, -0.503104, 0.966233
0.0104763, -0.527745, 0.967973
0.0113029, -0.473062, 0.97123
0.000804891, -0.503133, 0.970261
stamp: 23080000000
0.496375, -0.012607, 0.968511
0.0198182, -0.0427016, 0.963554
-0.0118597, -0.0194526, 0.965601
0.0286594, -0.0165205, 0.963885
0.0404884, -0.503012, 0.966168
0.0102458, -0.527677, 0.967914
0.0111482, -0.473006, 0.971202
0.000589841, -0.503048, 0.970249
stamp: 23089000000
0.496405, -0.0127026, 0.968518
0.0193407, -0.0424637, 0.963459
-0.0120372, -0.0193517, 0.965604
0.0284271, -0.0164304, 0.963881
0.0403249, -0.502888, 0.966143
0.0100625, -0.527715, 0.968017
0.010895, -0.472858, 0.97108
0.000391519, -0.502966, 0.970244
stamp: 23100000000
0.496457, -0.0128016, 0.96851
0.01919, -0.0423807, 0.963457
-0.0122855, -0.0192355, 0.965489
0.0281192, -0.0162412, 0.96373
0.0401416, -0.502835, 0.966108
0.0097953, -0.527542, 0.967928
0.0104531, -0.472726, 0.970788
0.000184024, -0.50288, 0.970198
stamp: 23109000000
0.4965, -0.0129102, 0.968486
0.0190132, -0.0423399, 0.963403
-0.0126478, -0.0189735, 0.965452
0.0278739, -0.016146, 0.963702
0.0399367, -0.502801, 0.966075
0.00955445, -0.527443, 0.96785
0.0101758, -0.472436, 0.970609
-0.00014356, -0.50282, 0.9702
stamp: 23119000000
0.496551, -0.0130115, 0.968471
0.0188246, -0.042283, 0.963379
-0.0129876, -0.0187256, 0.965272
0.0273909, -0.0160765, 0.963498
0.0396815, -0.502645, 0.966031
0.00935003, -0.527488, 0.967886
0.00998152, -0.472465, 0.970642
-0.000419998, -0.502752, 0.970145
stamp: 23129000000
0.496579, -0.013145, 0.968425
0.0185702, -0.0420933, 0.963384
-0.0132134, -0.0186508, 0.965213
0.0271508, -0.0159578, 0.963453
0.0394298, -0.5026, 0.966049
0.00919063, -0.527445, 0.967892
0.00978138, -0.472476, 0.970677
-0.00064854, -0.502697, 0.970086
stamp: 23139000000
0.496645, -0.0132653, 0.968301
0.0183252, -0.0419853, 0.96336
-0.0134328, -0.0185667, 0.965116
0.0269664, -0.0158875, 0.963427
0.0392089, -0.502556, 0.966025
0.00885771, -0.527382, 0.967743
0.00953454, -0.472454, 0.970757
-0.000859085, -0.502639, 0.970046
stamp: 23150000000
0.496714, -0.013368, 0.96821
0.0181047, -0.0419717, 0.963356
-0.013611, -0.0185014, 0.965089
0.0268395, -0.0158875, 0.963482
0.0388831, -0.502462, 0.966027
0.00865681, -0.52723, 0.967815
0.00931268, -0.472394, 0.970859
-0.00112686, -0.50257, 0.97003
stamp: 23159000000
0.496733, -0.0134602, 0.968151
0.0179238, -0.0418671, 0.963384
-0.0137841, -0.0184007, 0.965038
0.0266441, -0.0157723, 0.963451
0.0386734, -0.502411, 0.96602
0.0084777, -0.527166, 0.967866
0.00914245, -0.472344, 0.970853
-0.00134357, -0.50251, 0.970012
stamp: 23169000000
0.496756, -0.0136386, 0.968111
0.0175604, -0.0418005, 0.963349
-0.0139956, -0.0183181, 0.964953
0.0264511, -0.0156928, 0.963391
0.0384793, -0.502363, 0.966022
0.00829001, -0.527057, 0.967942
0.00897861, -0.47229, 0.970842
-0.00153591, -0.502454, 0.970011
stamp: 23179000000
0.49676, -0.0137329, 0.968034
0.0173606, -0.041771, 0.963209
-0.0141708, -0.0182816, 0.964887
0.0262263, -0.0156128, 0.963345
0.0381925, -0.502318, 0.965934
0.00794667, -0.526939, 0.967897
0.00883987, -0.472243, 0.970838
-0.00174524, -0.502391, 0.970005
stamp: 23189000000
0.496776, -0.0138136, 0.967977
0.0171748, -0.0416947, 0.963192
-0.0144077, -0.0181871, 0.964772
0.0260146, -0.0155381, 0.963284
0.0379783, -0.502236, 0.965928
0.00773984, -0.526918, 0.967831
0.00868687, -0.472208, 0.970866
-0.00193466, -0.502341, 0.97004
stamp: 23200000000
0.496774, -0.0139033, 0.967895
0.0170525, -0.0415801, 0.963075
-0.014696, -0.0181639, 0.964711
0.0258052, -0.0154498, 0.963229
0.0377631, -0.502206, 0.966016
0.00729887, -0.52686, 0.967702
0.00812758, -0.472068, 0.970742
-0.00214693, -0.502219, 0.9701
stamp: 23210000000
0.496781, -0.0139863, 0.967818
0.0167352, -0.0414719, 0.962917
-0.0149558, -0.0181252, 0.964426
0.0256211, -0.015332, 0.9633
0.0375513, -0.502177, 0.966112
0.00709651, -0.526814, 0.967667
0.00796514, -0.472045, 0.970794
-0.00241514, -0.502174, 0.970171
stamp: 23219000000
0.496782, -0.0141041, 0.967657
0.0163343, -0.0412649, 0.962886
-0.015169, -0.0180102, 0.96448
0.0252131, -0.0151632, 0.962983
0.0373641, -0.50209, 0.966192
0.00693869, -0.526765, 0.967737
0.00768855, -0.472049, 0.970764
-0.0026227, -0.502099, 0.970226
stamp: 23229000000
0.496798, -0.0141947, 0.967511
0.0161771, -0.0411722, 0.962887
-0.0153647, -0.0179732, 0.964359
0.0249997, -0.0150454, 0.962946
0.0371009, -0.502067, 0.966329
0.00701184, -0.526788, 0.968089
0.00758716, -0.471888, 0.970976
-0.00289522, -0.502014, 0.970286
stamp: 23239000000
0.496922, -0.0142683, 0.967417
0.0160233, -0.0411089, 0.962874
-0.0156425, -0.0178338, 0.964344
0.0247882, -0.0149266, 0.962912
0.0369073, -0.502037, 0.966394
0.00664333, -0.526711, 0.968224
0.00731877, -0.47187, 0.971077
-0.00310333, -0.501959, 0.970334
stamp: 23250000000
0.496957, -0.0143452, 0.967331
0.0158452, -0.0410431, 0.962887
-0.0159307, -0.0175889, 0.964503
0.0245912, -0.0148607, 0.962914
0.0367123, -0.501995, 0.96645
0.00649612, -0.526613, 0.968369
0.00716982, -0.471839, 0.971128
-0.00329749, -0.501912, 0.970394
stamp: 23259000000
0.496946, -0.0144048, 0.96726
0.0156123, -0.0408691, 0.962915
-0.0161121, -0.0175145, 0.964532
0.0243848, -0.0147761, 0.962907
0.0364434, -0.50187, 0.966502
0.0062663, -0.526598, 0.968434
0.0070313, -0.471807, 0.971177
-0.00357882, -0.501939, 0.970642
stamp: 23269000000
0.496937, -0.0144552, 0.967207
0.0152429, -0.0407467, 0.96275
-0.0163401, -0.0174293, 0.964555
0.0242284, -0.0146996, 0.962973
0.0362156, -0.501882, 0.966545
0.00610087, -0.526575, 0.968472
0.00672717, -0.471701, 0.971247
-0.00375561, -0.501903, 0.970705
stamp: 23279000000
0.496937, -0.0145076, 0.967154
0.0150338, -0.040666, 0.962812
-0.0165763, -0.0173693, 0.964524
0.0239499, -0.0146819, 0.963011
0.0359938, -0.50166, 0.966609
0.0056168, -0.526455, 0.968501
0.00657474, -0.471678, 0.971304
-0.00394386, -0.501872, 0.97074
stamp: 23289000000
0.496917, -0.0145651, 0.967105
0.0148203, -0.0406557, 0.962921
-0.0168165, -0.0171732, 0.964533
0.0236935, -0.0146035, 0.963087
0.0357998, -0.501618, 0.966635
0.00541039, -0.526405, 0.96849
0.00620759, -0.471623, 0.971366
-0.00412488, -0.501847, 0.970781
stamp: 23300000000
0.496917, -0.0146571, 0.96705
0.0146468, -0.0406072, 0.962936
-0.0170122, -0.017074, 0.964623
0.0234544, -0.0145041, 0.963154
0.0355211, -0.501603, 0.966715
0.00521569, -0.526358, 0.968498
0.00598818, -0.47157, 0.97149
-0.00433777, -0.501818, 0.970817
stamp: 23309000000
0.49693, -0.0146282, 0.966975
0.0143933, -0.0405121, 0.963093
-0.0172121, -0.017065, 0.964734
0.0232338, -0.0143821, 0.963216
0.0353046, -0.501586, 0.966801
0.00504805, -0.52632, 0.968552
0.0058902, -0.471414, 0.971545
-0.0045524, -0.501761, 0.970867
stamp: 23319000000
0.496908, -0.0147256, 0.966962
0.0142223, -0.040414, 0.963229
-0.017461, -0.0170049, 0.964735
0.0230226, -0.0143052, 0.963286
0.0350604, -0.50152, 0.96684
0.0049168, -0.526231, 0.968694
0.00560256, -0.471322, 0.971527
-0.00493207, -0.501708, 0.970989
stamp: 23329000000
0.496883, -0.0147783, 0.96692
0.013958, -0.0403449, 0.963278
-0.0176175, -0.0168467, 0.964786
0.0228176, -0.0141695, 0.963427
0.0348273, -0.501508, 0.966929
0.00473831, -0.526193, 0.968763
0.00546801, -0.471294, 0.971572
-0.00520596, -0.501665, 0.971012
stamp: 23339000000
0.496864, -0.0148081, 0.966888
0.0137124, -0.040268, 0.963371
-0.0179521, -0.0167164, 0.964987
0.0225327, -0.0140575, 0.963403
0.0345263, -0.501529, 0.966927
0.00433611, -0.526319, 0.968815
0.00489653, -0.471387, 0.97162
-0.00540328, -0.501627, 0.971075
stamp: 23349000000
0.496861, -0.0148187, 0.966862
0.0134612, -0.040102, 0.963524
-0.0182412, -0.016764, 0.965101
0.0223184, -0.0139569, 0.963487
0.034351, -0.501504, 0.967
0.00414893, -0.526293, 0.968872
0.00473804, -0.471357, 0.971682
-0.00560574, -0.501576, 0.971127
stamp: 23360000000
0.496847, -0.0148433, 0.966834
0.0133017, -0.0400453, 0.963587
-0.0184522, -0.0167431, 0.965151
0.0221106, -0.0138812, 0.963573
0.0341904, -0.501489, 0.967084
0.00391861, -0.526238, 0.968991
0.00457033, -0.471337, 0.971776
-0.00581661, -0.501519, 0.971235
stamp: 23369000000
0.496846, -0.0149117, 0.966784
0.0129438, -0.0398137, 0.96343
-0.0187156, -0.0166251, 0.965236
0.0218655, -0.0138188, 0.963664
0.0340784, -0.501487, 0.967217
0.00384894, -0.526237, 0.969294
0.00442583, -0.471304, 0.971861
-0.00604761, -0.501354, 0.971287
stamp: 23379000000
0.496826, -0.0149323, 0.966759
0.0127154, -0.0396702, 0.963601
-0.0189538, -0.0164716, 0.965333
0.0213599, -0.0136393, 0.963654
0.0337914, -0.501342, 0.967304
0.00355924, -0.526213, 0.969488
0.00432791, -0.471234, 0.972048
-0.00626152, -0.501311, 0.971348
stamp: 23389000000
0.496801, -0.0149376, 0.966751
0.0125048, -0.039647, 0.963691
-0.0191562, -0.0164166, 0.965402
0.0211369, -0.0135599, 0.963768
0.033534, -0.501361, 0.967434
0.00337681, -0.526196, 0.96953
0.00410618, -0.471224, 0.972224
-0.00645134, -0.501281, 0.971423
stamp: 23400000000
0.496776, -0.0149325, 0.966746
0.0122955, -0.0395594, 0.963754
-0.0194904, -0.0162072, 0.965463
0.0209309, -0.013459, 0.963863
0.0332888, -0.501369, 0.967587
0.00312491, -0.526115, 0.969505
0.003892, -0.471132, 0.97239
-0.00677225, -0.501343, 0.971658
stamp: 23409000000
0.496735, -0.0148822, 0.966798
0.0119714, -0.0394452, 0.963745
-0.019664, -0.0159732, 0.965623
0.0207147, -0.0133072, 0.963937
0.0330949, -0.501368, 0.967686
0.00294516, -0.526091, 0.969541
0.00368985, -0.471099, 0.972512
-0.00697621, -0.501299, 0.971759
stamp: 23419000000
0.496692, -0.0148788, 0.966819
0.0115729, -0.0391821, 0.963998
-0.0199454, -0.0157263, 0.965712
0.0205649, -0.013145, 0.964079
0.0328773, -0.501278, 0.967877
0.00270981, -0.526056, 0.96963
0.00355497, -0.471076, 0.97257
-0.00715009, -0.501265, 0.971843
stamp: 23429000000
0.496557, -0.0148773, 0.966859
0.0113413, -0.0391541, 0.964022
-0.0202185, -0.015681, 0.965798
0.0203467, -0.0130634, 0.964159
0.0327069, -0.501264, 0.967959
0.00239816, -0.526077, 0.96968
0.00308963, -0.471042, 0.972566
-0.00732683, -0.501243, 0.971917
stamp: 23439000000
0.496526, -0.0148751, 0.966884
0.011081, -0.0390194, 0.964078
-0.0204335, -0.0156819, 0.96589
0.0201272, -0.0129592, 0.964232
0.0324618, -0.501107, 0.967969
0.00221595, -0.526072, 0.96971
0.00273167, -0.470983, 0.972538
-0.00750108, -0.501229, 0.972
stamp: 23450000000
0.496475, -0.0148654, 0.966948
0.0108556, -0.0389483, 0.964269
-0.0207126, -0.0155281, 0.965893
0.0198719, -0.0128363, 0.964352
0.0322801, -0.501064, 0.96799
0.00188364, -0.525959, 0.969668
0.00255943, -0.470964, 0.97259
-0.00770708, -0.501202, 0.972114
stamp: 23459000000
0.496426, -0.0148671, 0.967004
0.0106907, -0.0388858, 0.964321
-0.020904, -0.0154605, 0.965946
0.0196456, -0.0127857, 0.964501
0.0320851, -0.501045, 0.968017
0.00168659, -0.525915, 0.969711
0.00238401, -0.470952, 0.972642
-0.0079841, -0.501222, 0.972076
stamp: 23469000000
0.49641, -0.0148668, 0.967054
0.0105128, -0.0387986, 0.964334
-0.0211017, -0.0154503, 0.966114
0.0192309, -0.0127612, 0.96443
0.0318787, -0.501096, 0.967962
0.00140377, -0.525728, 0.969793
0.00223191, -0.470938, 0.972704
-0.00817368, -0.501195, 0.972084
stamp: 23479000000
0.496365, -0.0148583, 0.967113
0.0103098, -0.0386638, 0.96449
-0.0213175, -0.0152579, 0.966139
0.0190195, -0.0126206, 0.964489
0.0316036, -0.501058, 0.968061
0.00114594, -0.52562, 0.969881
0.00207349, -0.470924, 0.972764
-0.00838184, -0.501162, 0.97208
stamp: 23489000000
0.496333, -0.0148419, 0.967186
0.0101493, -0.0384577, 0.964587
-0.0215677, -0.0152033, 0.966199
0.0188373, -0.0124641, 0.96452
0.0314433, -0.500985, 0.968087
0.00112281, -0.525545, 0.970058
0.00185006, -0.470887, 0.972944
-0.00860288, -0.501134, 0.972077
stamp: 23499000000
0.496314, -0.0148263, 0.967276
0.00997617, -0.0384142, 0.964535
-0.021758, -0.0151593, 0.966224
0.0186278, -0.0123609, 0.964537
0.0311557, -0.500929, 0.968107
0.000974118, -0.525525, 0.9701
0.00168732, -0.470846, 0.973009
-0.00884828, -0.501094, 0.972137
stamp: 23509000000
0.496268, -0.0148174, 0.967354
0.00982017, -0.0383145, 0.964516
-0.0219458, -0.0149652, 0.966301
0.018391, -0.0122121, 0.964553
0.0308506, -0.500884, 0.968019
0.000815258, -0.525504, 0.970112
0.00136576, -0.470807, 0.972915
-0.0090415, -0.501077, 0.972175
stamp: 23519000000
0.49623, -0.0147923, 0.967439
0.00950139, -0.038171, 0.964631
-0.0222565, -0.0148157, 0.966215
0.0182112, -0.0121069, 0.964587
0.0306096, -0.500883, 0.968108
0.0005185, -0.525503, 0.970003
0.00123265, -0.470789, 0.972922
-0.00921328, -0.501061, 0.972202
stamp: 23529000000
0.496192, -0.0147751, 0.967522
0.0091392, -0.0379453, 0.964419
-0.022456, -0.0146396, 0.966242
0.0180671, -0.0119611, 0.964651
0.0304453, -0.500938, 0.968172
0.000395808, -0.525509, 0.97006
0.00108422, -0.470769, 0.972927
-0.0094108, -0.501054, 0.972255
stamp: 23539000000
0.49613, -0.0147829, 0.967643
0.00873385, -0.0378503, 0.964301
-0.0227394, -0.0143048, 0.966265
0.0177697, -0.011729, 0.964477
0.0302852, -0.50094, 0.968191
0.000134627, -0.525615, 0.970129
0.000786055, -0.470846, 0.972886
-0.00956998, -0.501041, 0.972275
stamp: 23549000000
0.496113, -0.0147782, 0.967706
0.00844228, -0.0376142, 0.96427
-0.0229619, -0.0141214, 0.966259
0.0175853, -0.0115914, 0.964483
0.0301234, -0.500924, 0.96819
-2.72021e-05, -0.525601, 0.97014
0.000631112, -0.470846, 0.972888
-0.00974249, -0.501025, 0.972279
stamp: 23559000000
0.49608, -0.0147359, 0.967774
0.00824847, -0.0375429, 0.964371
-0.0231844, -0.0141148, 0.966274
0.01734, -0.0114765, 0.964503
0.0299505, -0.500939, 0.968164
-0.000275688, -0.525532, 0.97012
0.000348373, -0.470759, 0.972804
-0.0100095, -0.50105, 0.972425
stamp: 23569000000
0.496042, -0.0147088, 0.96783
0.00809805, -0.0374742, 0.964302
-0.0234001, -0.0140006, 0.966199
0.0171321, -0.011344, 0.964466
0.0297597, -0.500923, 0.968185
-0.00044038, -0.525533, 0.970079
0.000199869, -0.470746, 0.972977
-0.010186, -0.501004, 0.97245
stamp: 23579000000
0.49601, -0.0146827, 0.967878
0.0079746, -0.037371, 0.964286
-0.0235204, -0.0138919, 0.966193
0.0169819, -0.0112566, 0.964455
0.0295858, -0.500924, 0.968155
-0.000570303, -0.52558, 0.970124
7.70421e-05, -0.470734, 0.972974
-0.010395, -0.500975, 0.972374
stamp: 23590000000
0.495955, -0.0146144, 0.967945
0.00781987, -0.0372855, 0.964293
-0.0237518, -0.0138802, 0.966131
0.0167973, -0.0111431, 0.964439
0.0294267, -0.500922, 0.968127
-0.00083529, -0.525531, 0.969974
-0.000121353, -0.47074, 0.972888
-0.0105844, -0.50085, 0.972335
stamp: 23599000000
0.495915, -0.0145872, 0.967965
0.00768218, -0.0372094, 0.964242
-0.0238934, -0.013718, 0.96598
0.0165085, -0.0110277, 0.964317
0.0292749, -0.500929, 0.968041
-0.00111425, -0.525529, 0.97002
-0.000290856, -0.470772, 0.972791
-0.010768, -0.500812, 0.972262
stamp: 23609000000
0.495876, -0.0145517, 0.967971
0.00756001, -0.0370876, 0.964098
-0.0241417, -0.0135921, 0.965935
0.0162203, -0.0109622, 0.964216
0.0291104, -0.500909, 0.968024
-0.00125681, -0.525512, 0.969993
-0.000413251, -0.470756, 0.972747
-0.010953, -0.500789, 0.972193
stamp: 23620000000
0.495824, -0.0144854, 0.96804
0.00740606, -0.0369585, 0.964058
-0.0243648, -0.0135215, 0.965929
0.0160463, -0.0108365, 0.964157
0.0289474, -0.50082, 0.967965
-0.001392, -0.525444, 0.970012
-0.000598857, -0.47062, 0.972679
-0.0111807, -0.500656, 0.972007
stamp: 23629000000
0.49579, -0.0144418, 0.968038
0.00725136, -0.0367925, 0.964095
-0.0245368, -0.0134406, 0.965843
0.0158768, -0.0107316, 0.964107
0.0287099, -0.500774, 0.967859
-0.00162455, -0.525418, 0.9699
-0.000827408, -0.470507, 0.97253
-0.0113384, -0.50062, 0.971947
stamp: 23639000000
0.495737, -0.0144129, 0.967983
0.00694131, -0.0365637, 0.963785
-0.0246644, -0.0132947, 0.965712
0.0155887, -0.0105172, 0.963938
0.028421, -0.500776, 0.96775
-0.00184065, -0.525431, 0.969747
-0.000947664, -0.470493, 0.972475
-0.0114909, -0.500589, 0.971886
stamp: 23650000000
0.495668, -0.0143511, 0.96795
0.00668593, -0.03645, 0.963593
-0.0248843, -0.0130359, 0.965674
0.0154468, -0.0103447, 0.963829
0.0282544, -0.500776, 0.967679
-0.00198195, -0.525401, 0.969693
-0.00107002, -0.470483, 0.972413
-0.0116476, -0.50056, 0.971812
stamp: 23659000000
0.495664, -0.0143459, 0.967804
0.00644435, -0.0362393, 0.96359
-0.0250649, -0.0129298, 0.965585
0.0152842, -0.010238, 0.963797
0.0281291, -0.500756, 0.967618
-0.00211414, -0.525373, 0.969643
-0.00124806, -0.470494, 0.972427
-0.0118295, -0.500558, 0.971668
stamp: 23669000000
0.495629, -0.0142987, 0.967737
0.00620189, -0.0361155, 0.963632
-0.0253151, -0.0127993, 0.965635
0.0151244, -0.0101268, 0.963741
0.027961, -0.500742, 0.967564
-0.00235683, -0.525358, 0.969515
-0.00136336, -0.470484, 0.972386
-0.0120243, -0.500571, 0.971693
stamp: 23679000000
0.495598, -0.0142565, 0.967683
0.00608301, -0.0360616, 0.963518
-0.0255854, -0.0126951, 0.965442
0.0149542, -0.0100197, 0.96367
0.0277972, -0.500709, 0.967558
-0.00247466, -0.525347, 0.96943
-0.00158247, -0.470448, 0.972417
-0.0121547, -0.500556, 0.971641
stamp: 23689000000
0.495563, -0.0142075, 0.967598
0.00595004, -0.0359685, 0.963468
-0.0257128, -0.0124721, 0.965415
0.0148054, -0.00990117, 0.963657
0.0276808, -0.500701, 0.967518
-0.00270382, -0.525335, 0.969306
-0.0020042, -0.470408, 0.972175
-0.0123346, -0.500607, 0.971663
stamp: 23699000000
0.495523, -0.0141572, 0.967526
0.00582656, -0.0358738, 0.963482
-0.025904, -0.0122996, 0.965224
0.0146598, -0.00981699, 0.963616
0.0275463, -0.500581, 0.967378
-0.00283897, -0.525328, 0.969218
-0.002109, -0.470257, 0.972121
-0.0124574, -0.500597, 0.97162
stamp: 23709000000
0.495514, -0.0141037, 0.967463
0.00564448, -0.035732, 0.963444
-0.0260413, -0.0122093, 0.965164
0.0144204, -0.00970283, 0.96346
0.027419, -0.500566, 0.967327
-0.00283423, -0.52543, 0.969367
-0.00222958, -0.470235, 0.972063
-0.0125413, -0.500458, 0.971416
stamp: 23719000000
0.495488, -0.0140038, 0.967376
0.00548813, -0.0356736, 0.963377
-0.0261895, -0.0121044, 0.965143
0.0142803, -0.00957674, 0.963384
0.02723, -0.500579, 0.967366
-0.00311106, -0.525217, 0.969249
-0.00237859, -0.470284, 0.971951
-0.0127653, -0.500425, 0.971329
stamp: 23730000000
0.495451, -0.0138702, 0.967239
0.00534445, -0.0355442, 0.96343
-0.0263381, -0.0119628, 0.965041
0.0141548, -0.00944168, 0.963336
0.0270965, -0.500543, 0.967337
-0.00323614, -0.525173, 0.969246
-0.00251525, -0.470249, 0.971928
-0.012965, -0.500399, 0.971254
stamp: 23739000000
0.495426, -0.0137951, 0.967122
0.00513368, -0.0353579, 0.963307
-0.0264796, -0.0118896, 0.964948
0.0140216, -0.0093484, 0.963286
0.0269346, -0.50031, 0.967362
-0.00344991, -0.524988, 0.969097
-0.00272425, -0.470253, 0.972023
-0.0131471, -0.5004, 0.971232
stamp: 23750000000
0.495353, -0.0137382, 0.967011
0.0048557, -0.0351883, 0.962963
-0.026589, -0.0118344, 0.964921
0.0139164, -0.00919595, 0.963191
0.0268052, -0.500273, 0.96737
-0.00356362, -0.524933, 0.969116
-0.00276792, -0.470175, 0.971944
-0.0132926, -0.50036, 0.971213
stamp: 23760000000
0.495314, -0.0136686, 0.966925
0.00469788, -0.035061, 0.962841
-0.0266995, -0.0117357, 0.964865
0.0136958, -0.00895453, 0.963054
0.0265684, -0.500247, 0.967279
-0.00368426, -0.524995, 0.969202
-0.00300289, -0.470037, 0.971723
-0.0134557, -0.500347, 0.971178
stamp: 23769000000
0.495258, -0.0135667, 0.96675
0.00455958, -0.0349693, 0.962816
-0.0269032, -0.0114437, 0.964807
0.0134952, -0.00882339, 0.963029
0.0264411, -0.500219, 0.967253
-0.0038059, -0.524975, 0.969191
-0.00312894, -0.470108, 0.97179
-0.0136578, -0.500423, 0.971345
stamp: 23779000000
0.495202, -0.0134957, 0.966634
0.00435032, -0.0347869, 0.962754
-0.0271242, -0.0113554, 0.964734
0.013357, -0.0087248, 0.96298
0.0262281, -0.500177, 0.967234
-0.00396705, -0.525018, 0.969113
-0.00330737, -0.47017, 0.97191
-0.0137949, -0.50042, 0.971375
stamp: 23789000000
0.495157, -0.013424, 0.966567
0.00425093, -0.0347133, 0.962667
-0.0271907, -0.0112958, 0.964728
0.0132277, -0.00861143, 0.962918
0.0260765, -0.500156, 0.967277
-0.00412369, -0.524953, 0.969121
-0.00344006, -0.470149, 0.97203
-0.0139099, -0.500411, 0.971397
stamp: 23800000000
0.495105, -0.0133643, 0.966501
0.00410965, -0.0346122, 0.962674
-0.0273811, -0.0111547, 0.964651
0.0131529, -0.00854087, 0.962928
0.0259471, -0.500142, 0.967311
-0.00426927, -0.52493, 0.969108
-0.00354221, -0.470129, 0.972079
-0.0140228, -0.500387, 0.971423
stamp: 23809000000
0.495052, -0.013308, 0.966429
0.00402133, -0.0344672, 0.962734
-0.0274975, -0.0110798, 0.964585
0.0129442, -0.0084712, 0.962779
0.025821, -0.500138, 0.967336
-0.00453395, -0.524904, 0.96923
-0.00365337, -0.470123, 0.972137
-0.0141314, -0.500323, 0.971507
stamp: 23820000000
0.49501, -0.0132453, 0.966353
0.00394578, -0.0344243, 0.962645
-0.0276756, -0.0110271, 0.964351
0.0128253, -0.00839997, 0.962711
0.0256952, -0.500134, 0.967375
-0.00467164, -0.524869, 0.969279
-0.00375428, -0.470111, 0.972187
-0.0142552, -0.500297, 0.971535
stamp: 23829000000
0.494966, -0.013175, 0.966289
0.00386476, -0.0343531, 0.962579
-0.0277794, -0.0109493, 0.964295
0.0127259, -0.00826333, 0.962633
0.0255809, -0.500131, 0.967429
-0.00482306, -0.524814, 0.969444
-0.00384677, -0.47009, 0.972227
-0.0143317, -0.500247, 0.971647
stamp: 23839000000
0.494928, -0.0131091, 0.966224
0.00376101, -0.034278, 0.962568
-0.0279024, -0.0108517, 0.96418
0.0126028, -0.00816146, 0.962586
0.025468, -0.50012, 0.967473
-0.00501772, -0.524759, 0.969439
-0.00395002, -0.470078, 0.97226
-0.0144417, -0.500219, 0.9717
stamp: 23850000000
0.494887, -0.0129872, 0.966147
0.00370247, -0.0341654, 0.962448
-0.0280095, -0.0107924, 0.964111
0.012495, -0.00808123, 0.962531
0.0253191, -0.500108, 0.967561
-0.00513322, -0.524735, 0.969475
-0.00404014, -0.470062, 0.97232
-0.0145711, -0.50017, 0.971716
stamp: 23859000000
0.49483, -0.012893, 0.966103
0.00360918, -0.0341276, 0.962318
-0.0280932, -0.0107407, 0.964088
0.0123769, -0.00799751, 0.962475
0.0251779, -0.500101, 0.96766
-0.00522161, -0.524724, 0.969538
-0.00450956, -0.470043, 0.972243
-0.0146838, -0.500151, 0.97176
stamp: 23869000000
0.494786, -0.0128243, 0.966066
0.00349818, -0.0340339, 0.962281
-0.0281698, -0.0106464, 0.964058
0.0122807, -0.00790325, 0.962424
0.0250719, -0.500085, 0.967704
-0.00530956, -0.524707, 0.969571
-0.00463364, -0.470022, 0.972334
-0.0147954, -0.500127, 0.971808
stamp: 23879000000
0.494718, -0.0127376, 0.966033
0.00327099, -0.0338121, 0.962098
-0.0282925, -0.0105606, 0.963972
0.0120793, -0.00773288, 0.962246
0.0249116, -0.500108, 0.967809
-0.0054088, -0.524701, 0.96959
-0.00472859, -0.470021, 0.972389
-0.0149694, -0.500144, 0.971923
stamp: 23889000000
0.494528, -0.0126151, 0.966011
0.0030474, -0.0337715, 0.961864
-0.0283839, -0.0104349, 0.963947
0.0119861, -0.00765169, 0.962204
0.0248105, -0.5001, 0.967864
-0.00550637, -0.524693, 0.969628
-0.00481764, -0.469947, 0.972506
-0.0151531, -0.500108, 0.971929
stamp: 23899000000
0.494461, -0.0125176, 0.965999
0.00296887, -0.0337262, 0.961782
-0.0284575, -0.010353, 0.963906
0.0119011, -0.00756952, 0.962166
0.0246156, -0.500125, 0.967947
-0.00559603, -0.524681, 0.969655
-0.00485064, -0.469923, 0.972595
-0.0152534, -0.500102, 0.97198
stamp: 23909000000
0.494406, -0.0124324, 0.966002
0.00289199, -0.0336261, 0.9618
-0.0285275, -0.0102658, 0.963857
0.0118185, -0.00744366, 0.9621
0.024514, -0.500134, 0.967995
-0.00570292, -0.524681, 0.9697
-0.00495142, -0.469986, 0.972692
-0.0154179, -0.500119, 0.972035
stamp: 23919000000
0.49436, -0.0123594, 0.965986
0.00285953, -0.0335562, 0.961832
-0.0286523, -0.0101802, 0.963746
0.0117331, -0.00736141, 0.962054
0.0243514, -0.500146, 0.968078
-0.00581521, -0.524684, 0.969759
-0.00502343, -0.469985, 0.972719
-0.0156062, -0.500176, 0.972233
stamp: 23929000000
0.494293, -0.0122553, 0.965989
0.00280776, -0.0335509, 0.961727
-0.0288145, -0.0100107, 0.963726
0.0116378, -0.00729671, 0.962047
0.0242528, -0.500171, 0.96813
-0.00583032, -0.524839, 0.970028
-0.00509967, -0.469977, 0.972743
-0.015731, -0.500168, 0.972303
stamp: 23939000000
0.494241, -0.0121867, 0.96599
0.0026033, -0.0333818, 0.961694
-0.0288928, -0.0100148, 0.963826
0.0115532, -0.00722793, 0.962012
0.0241575, -0.500178, 0.968168
-0.005948, -0.52485, 0.970075
-0.00531242, -0.47006, 0.97291
-0.0158721, -0.500066, 0.972359
stamp: 23950000000
0.494196, -0.0121192, 0.966003
0.00253634, -0.0332802, 0.961757
-0.029059, -0.00991113, 0.963747
0.0114856, -0.00713611, 0.962029
0.0240651, -0.500183, 0.968218
-0.00608537, -0.524848, 0.97016
-0.00547233, -0.470103, 0.972886
-0.0160095, -0.500063, 0.972381
stamp: 23960000000
0.494117, -0.0120511, 0.966032
0.00250224, -0.0332406, 0.96176
-0.0291325, -0.00988452, 0.963712
0.0114149, -0.00706835, 0.962017
0.0239549, -0.50017, 0.968271
-0.00630154, -0.524854, 0.970354
-0.00556806, -0.470113, 0.972937
-0.0161431, -0.500051, 0.972464
stamp: 23969000000
0.494057, -0.0119807, 0.966031
0.00245446, -0.0332283, 0.961679
-0.0291833, -0.0098581, 0.96373
0.0112523, -0.00705132, 0.961989
0.0238024, -0.50008, 0.968261
-0.00638835, -0.524837, 0.970457
-0.00562449, -0.470104, 0.973063
-0.0162507, -0.50005, 0.972519
stamp: 23979000000
0.494027, -0.0119083, 0.966049
0.00230944, -0.0331197, 0.961816
-0.0292416, -0.0096217, 0.963845
0.0112157, -0.00701194, 0.962048
0.0237001, -0.500077, 0.968312
-0.00651602, -0.524824, 0.970594
-0.00572948, -0.470097, 0.973205
-0.0163812, -0.50004, 0.972529
stamp: 23990000000
0.493973, -0.0118385, 0.966062
0.00228979, -0.0330432, 0.961902
-0.029298, -0.00957122, 0.963861
0.0111761, -0.00694252, 0.962067
0.0235973, -0.5001, 0.96836
-0.00665598, -0.524795, 0.970664
-0.00580461, -0.470097, 0.973246
-0.0164852, -0.50006, 0.97257
stamp: 24000000000
0.493941, -0.0117728, 0.966058
0.00225157, -0.0330288, 0.961878
-0.0293562, -0.00957568, 0.963836
0.0111341, -0.00690446, 0.962084
0.0234446, -0.500182, 0.968474
-0.00683698, -0.52479, 0.970524
-0.00589261, -0.470129, 0.97328
-0.0165892, -0.50008, 0.972609
stamp: 24009000000
0.493891, -0.0116924, 0.966066
0.00220971, -0.032998, 0.961874
-0.0294049, -0.00954508, 0.963874
0.0110723, -0.00685924, 0.962104
0.0233561, -0.500215, 0.968514
-0.0068415, -0.524896, 0.970555
-0.00602432, -0.470139, 0.973364
-0.0166974, -0.500085, 0.97263
stamp: 24020000000
0.493861, -0.0115787, 0.966084
0.00215739, -0.032919, 0.961961
-0.0294996, -0.00943674, 0.963792
0.0110179, -0.00679823, 0.962119
0.0232557, -0.500237, 0.968535
-0.00692792, -0.524933, 0.970528
-0.00614449, -0.47, 0.973405
-0.0168148, -0.500177, 0.972724
stamp: 24029000000
0.493786, -0.0114748, 0.966132
0.00213244, -0.0328896, 0.961992
-0.0296068, -0.00940282, 0.963806
0.0109745, -0.00675765, 0.96216
0.0231813, -0.500239, 0.968582
-0.00711895, -0.524913, 0.97042
-0.00622985, -0.470001, 0.973474
-0.0169147, -0.500164, 0.972775
stamp: 24039000000
0.493631, -0.0113811, 0.966174
0.00207432, -0.0328951, 0.961934
-0.0296503, -0.00938853, 0.963861
0.0109132, -0.00672894, 0.962193
0.0229956, -0.500327, 0.968669
-0.00725581, -0.52496, 0.970384
-0.00630814, -0.470017, 0.973477
-0.0169944, -0.500177, 0.972788
stamp: 24050000000
0.493563, -0.0112771, 0.966214
0.00202229, -0.032837, 0.962013
-0.0296751, -0.00932776, 0.963913
0.0108549, -0.00668631, 0.962231
0.0228935, -0.500309, 0.968678
-0.00734192, -0.524971, 0.970399
-0.0064713, -0.470064, 0.97344
-0.0170766, -0.500198, 0.972777
stamp: 24059000000
0.493507, -0.0110672, 0.966208
0.00191903, -0.0326422, 0.962148
-0.0297139, -0.00926903, 0.963912
0.0108141, -0.00661455, 0.962254
0.022809, -0.500375, 0.968631
-0.00742895, -0.52498, 0.970423
-0.00656959, -0.470079, 0.97345
-0.0171663, -0.500215, 0.972763
stamp: 24070000000
0.493455, -0.010963, 0.966246
0.00189417, -0.0326234, 0.962185
-0.0298146, -0.00931627, 0.963891
0.0107814, -0.00659296, 0.962297
0.022726, -0.500389, 0.968626
-0.00750241, -0.524982, 0.970446
-0.00681221, -0.470057, 0.973263
-0.0172537, -0.500239, 0.972734
stamp: 24079000000
0.493388, -0.0107902, 0.966396
0.00184468, -0.0326095, 0.962182
-0.0298554, -0.00929938, 0.963919
0.0107312, -0.00656029, 0.962324
0.0225424, -0.500391, 0.968517
-0.00766504, -0.524965, 0.970406
-0.00684028, -0.470078, 0.973378
-0.0174441, -0.500269, 0.972692
stamp: 24089000000
0.493334, -0.0107056, 0.966451
0.00179523, -0.0325447, 0.962256
-0.0299379, -0.00922113, 0.963946
0.0106946, -0.0065072, 0.962333
0.0224502, -0.500415, 0.968464
-0.0076603, -0.525012, 0.970394
-0.00715792, -0.470135, 0.97331
-0.0175227, -0.500296, 0.972662
stamp: 24100000000
0.493269, -0.0106619, 0.966523
0.00177732, -0.0325345, 0.962259
-0.0299954, -0.0092169, 0.963933
0.0106529, -0.00648373, 0.962363
0.0223664, -0.500443, 0.968449
-0.00772862, -0.525047, 0.970348
-0.00721892, -0.470163, 0.973286
-0.0175078, -0.500351, 0.972569
stamp: 24109000000
0.493227, -0.0105729, 0.966595
0.00173813, -0.03255, 0.962224
-0.0300162, -0.00921264, 0.963999
0.0105741, -0.00648902, 0.962422
0.0223002, -0.500475, 0.968432
-0.00783573, -0.525155, 0.970351
-0.00728143, -0.470189, 0.973239
-0.0176745, -0.500351, 0.97257
stamp: 24119000000
0.49317, -0.0104761, 0.966668
0.00164757, -0.0325176, 0.962235
-0.0300357, -0.00916851, 0.964064
0.0105215, -0.00644349, 0.962485
0.0222378, -0.500491, 0.968391
-0.00789251, -0.525188, 0.970318
-0.00744076, -0.470271, 0.973014
-0.0177427, -0.500382, 0.972567
stamp: 24130000000
0.493126, -0.0104021, 0.966753
0.0016244, -0.0324482, 0.962325
-0.0300738, -0.00910274, 0.964062
0.0105504, -0.00632494, 0.962553
0.0221112, -0.50048, 0.968284
-0.00804879, -0.525171, 0.9702
-0.00749997, -0.470296, 0.972974
-0.0178152, -0.500417, 0.972514
stamp: 24139000000
0.493068, -0.0102593, 0.966858
0.00160538, -0.0324426, 0.962335
-0.030124, -0.00909719, 0.964034
0.0105085, -0.00630223, 0.962577
0.0220456, -0.500498, 0.968237
-0.0081186, -0.525191, 0.970162
-0.00744912, -0.470439, 0.972994
-0.0179446, -0.500443, 0.972433
stamp: 24149000000
0.492992, -0.010223, 0.966945
0.00155946, -0.032427, 0.962325
-0.0301631, -0.00907097, 0.964052
0.0104592, -0.00627385, 0.962599
0.0219555, -0.500645, 0.968217
-0.00818409, -0.525216, 0.970125
-0.00760085, -0.470384, 0.97292
-0.018011, -0.500462, 0.972377
stamp: 24159000000
0.49292, -0.0100634, 0.967036
0.0015041, -0.032352, 0.962399
-0.0301892, -0.00894359, 0.963977
0.0104099, -0.00622284, 0.962591
0.0218774, -0.500686, 0.968174
-0.00826749, -0.525253, 0.970059
-0.00765441, -0.470408, 0.972872
-0.0180672, -0.500589, 0.972281
stamp: 24169000000
0.492825, -0.0100396, 0.967131
0.00149775, -0.0323232, 0.962414
-0.0302263, -0.00891239, 0.963962
0.0103719, -0.00618195, 0.96261
0.0218197, -0.500725, 0.96813
-0.00834169, -0.525293, 0.969999
-0.00772771, -0.470453, 0.972758
-0.0181463, -0.500613, 0.972196
stamp: 24179000000
0.492777, -0.00990211, 0.9672
0.00146206, -0.0323455, 0.962368
-0.0303175, -0.00894594, 0.964044
0.0102333, -0.00617327, 0.962528
0.021824, -0.500792, 0.96808
-0.00842089, -0.525343, 0.969911
-0.00778213, -0.470493, 0.97271
-0.0182403, -0.500655, 0.972125
stamp: 24189000000
0.49269, -0.00982021, 0.967305
0.00139725, -0.0323222, 0.962353
-0.0303733, -0.00896102, 0.964189
0.0101259, -0.00615185, 0.962548
0.0217508, -0.500829, 0.968032
-0.00855277, -0.525433, 0.969848
-0.00786749, -0.470554, 0.972604
-0.018332, -0.500692, 0.972032
stamp: 24200000000
0.492638, -0.00971263, 0.9674
0.00134568, -0.0322457, 0.962434
-0.0303954, -0.00883839, 0.964096
0.0100819, -0.00608358, 0.962557
0.0216763, -0.500851, 0.968018
-0.00860859, -0.525463, 0.969797
-0.00791747, -0.470593, 0.972556
-0.0184533, -0.500745, 0.971983
stamp: 24209000000
0.492578, -0.0096321, 0.967469
0.00132796, -0.0322268, 0.962429
-0.0304493, -0.00883105, 0.96405
0.0100377, -0.00605706, 0.962588
0.0216267, -0.500881, 0.967971
-0.00870634, -0.525472, 0.969809
-0.00797086, -0.47063, 0.9725
-0.018551, -0.500789, 0.971882
stamp: 24220000000
0.492532, -0.00957034, 0.967524
0.001291, -0.0322176, 0.962395
-0.0304864, -0.00872522, 0.964125
0.00998324, -0.00602697, 0.962592
0.0215737, -0.500905, 0.967912
-0.00875693, -0.525487, 0.969798
-0.0080639, -0.470711, 0.972475
-0.0186199, -0.500823, 0.97182
stamp: 24229000000
0.492463, -0.00944838, 0.967596
0.00124191, -0.0321542, 0.962464
-0.0305153, -0.00865331, 0.964159
0.00993729, -0.00596567, 0.962609
0.0215006, -0.500923, 0.967865
-0.00888674, -0.525506, 0.969727
-0.00812241, -0.470736, 0.972408
-0.0187029, -0.50086, 0.971726
stamp: 24239000000
0.492384, -0.00938928, 0.967646
0.0011597, -0.0320854, 0.962553
-0.0305588, -0.00862064, 0.964132
0.00990232, -0.00591424, 0.962607
0.0214439, -0.500946, 0.967819
-0.00894856, -0.525538, 0.969678
-0.00818332, -0.470765, 0.972353
-0.018805, -0.500894, 0.971639
stamp: 24250000000
0.492321, -0.00931675, 0.967692
0.0011293, -0.0320833, 0.96252
-0.0306309, -0.00859991, 0.96414
0.00985091, -0.00590268, 0.962623
0.0213757, -0.500967, 0.967781
-0.00900237, -0.525568, 0.969628
-0.00822494, -0.470779, 0.972284
-0.0188776, -0.500929, 0.971598
stamp: 24259000000
0.492252, -0.00923939, 0.967745
0.000902278, -0.0319448, 0.962273
-0.0307544, -0.00858778, 0.964219
0.00965135, -0.00577851, 0.962523
0.0213006, -0.501006, 0.967753
-0.00893567, -0.525698, 0.969716
-0.00844168, -0.470767, 0.972056
-0.0189397, -0.500964, 0.971573
stamp: 24269000000
0.492163, -0.0091903, 0.967813
0.000849319, -0.0318539, 0.962385
-0.0308659, -0.00838749, 0.964249
0.0095767, -0.00567957, 0.962532
0.021139, -0.501019, 0.967691
-0.00902778, -0.525791, 0.969637
-0.00848616, -0.470791, 0.972013
-0.0189985, -0.500997, 0.971549
stamp: 24280000000
0.492095, -0.00908155, 0.967829
0.000767086, -0.0318617, 0.962397
-0.0309265, -0.0083429, 0.964228
0.00952053, -0.00563593, 0.962549
0.0209744, -0.501026, 0.967551
-0.00909433, -0.525822, 0.96962
-0.00853733, -0.470807, 0.971987
-0.0190605, -0.501042, 0.971536
stamp: 24289000000
0.491905, -0.00898809, 0.967839
0.000624954, -0.0317396, 0.962387
-0.0309635, -0.00833114, 0.964266
0.00945415, -0.00560552, 0.962566
0.0208564, -0.50106, 0.967475
-0.00916706, -0.525842, 0.969627
-0.00858423, -0.470829, 0.971981
-0.0191295, -0.501072, 0.97151
stamp: 24300000000
0.491836, -0.00890488, 0.96784
0.000567326, -0.0316774, 0.962413
-0.0309914, -0.00827699, 0.964326
0.00939587, -0.00554346, 0.962577
0.0207945, -0.501085, 0.96746
-0.00928689, -0.525918, 0.969565
-0.00864773, -0.470845, 0.971962
-0.0191961, -0.501098, 0.971488
stamp: 24310000000
0.49177, -0.00881788, 0.967804
0.000390722, -0.0315296, 0.962641
-0.0309551, -0.00808682, 0.964379
0.00935507, -0.00546847, 0.962583
0.0207366, -0.501088, 0.967446
-0.00945985, -0.525932, 0.969686
-0.00870922, -0.470871, 0.971967
-0.0192502, -0.501122, 0.971476
stamp: 24319000000
0.491674, -0.00872293, 0.96774
0.000462609, -0.0315499, 0.962558
-0.0311585, -0.00815733, 0.9642
0.00930164, -0.0054313, 0.962584
0.0206791, -0.501094, 0.967452
-0.00951767, -0.525936, 0.969684
-0.00883346, -0.470938, 0.972003
-0.0193, -0.50116, 0.971462
stamp: 24329000000
0.49157, -0.00867487, 0.967662
0.000312023, -0.0315183, 0.962525
-0.0312181, -0.00815483, 0.964215
0.00923635, -0.00539965, 0.96258
0.0206183, -0.501095, 0.96743
-0.00956297, -0.525951, 0.969666
-0.00888486, -0.470955, 0.971998
-0.0193467, -0.501187, 0.971439
stamp: 24339000000
0.491513, -0.00857182, 0.967539
0.000250745, -0.0314574, 0.962545
-0.0311806, -0.00796369, 0.964268
0.00918882, -0.00535045, 0.96256
0.0205728, -0.501091, 0.967381
-0.00960407, -0.52596, 0.969622
-0.00897126, -0.471001, 0.971888
-0.0193979, -0.50121, 0.9714
stamp: 24350000000
0.491441, -0.00849834, 0.967383
0.000184497, -0.0314216, 0.962527
-0.0312431, -0.00787773, 0.964217
0.00911826, -0.00531285, 0.962539
0.020517, -0.501104, 0.967315
-0.00964116, -0.525989, 0.969544
-0.00902289, -0.471019, 0.971826
-0.0194489, -0.501233, 0.971332
stamp: 24359000000
0.491366, -0.00841137, 0.967209
-4.44105e-06, -0.0314082, 0.962284
-0.0313828, -0.00801122, 0.964136
0.00905207, -0.00527982, 0.962473
0.0204469, -0.501189, 0.96716
-0.00977317, -0.52589, 0.969101
-0.0091641, -0.471062, 0.971681
-0.0195024, -0.501262, 0.971239
stamp: 24369000000
0.491289, -0.00832555, 0.967003
-5.85223e-05, -0.0313794, 0.962187
-0.0313948, -0.00778567, 0.964069
0.00898691, -0.00520962, 0.962399
0.020401, -0.501182, 0.967008
-0.00982734, -0.525904, 0.968944
-0.00923344, -0.471078, 0.971538
-0.0195864, -0.501333, 0.971078
stamp: 24379000000
0.491203, -0.00824396, 0.966768
-0.000120664, -0.0313009, 0.962182
-0.0315578, -0.00779876, 0.963853
0.00894193, -0.00516384, 0.962286
0.0203622, -0.501177, 0.966829
-0.0098637, -0.525922, 0.968779
-0.00944587, -0.471038, 0.971287
-0.019629, -0.501355, 0.970896
stamp: 24389000000
0.491121, -0.00811745, 0.966322
-0.000230821, -0.0312529, 0.961951
-0.0316436, -0.00769276, 0.963642
0.00888126, -0.00509602, 0.962191
0.020333, -0.501203, 0.966505
-0.00985236, -0.525899, 0.968531
-0.00950259, -0.471047, 0.971079
-0.0197161, -0.501362, 0.970648
stamp: 24400000000
0.491096, -0.00795318, 0.965914
-0.000174919, -0.0311509, 0.961795
-0.0317394, -0.00762372, 0.963456
0.00880722, -0.00503217, 0.962016
0.0202809, -0.501173, 0.966213
-0.00988414, -0.525981, 0.968176
-0.00961874, -0.471094, 0.970662
-0.0197899, -0.501347, 0.970309
stamp: 24409000000
0.491063, -0.00778796, 0.965481
-0.000124134, -0.0311304, 0.961541
-0.0318176, -0.00757711, 0.963155
0.00862502, -0.00501874, 0.961707
0.0201966, -0.501123, 0.965832
-0.00989659, -0.525901, 0.967774
-0.00959693, -0.470981, 0.970212
-0.0198598, -0.501354, 0.969991
stamp: 24419000000
0.49099, -0.00770025, 0.965005
-0.000174509, -0.0310718, 0.961191
-0.0318635, -0.00756537, 0.962871
0.00858585, -0.00496908, 0.961404
0.0200565, -0.501123, 0.965324
-0.010116, -0.525757, 0.967158
-0.0095462, -0.470898, 0.969771
-0.0198345, -0.50125, 0.969413
stamp: 24429000000
0.49087, -0.00769947, 0.964333
-0.000356363, -0.0309073, 0.960915
-0.0318926, -0.00750138, 0.962414
0.00840491, -0.00479377, 0.960912
0.0200898, -0.501093, 0.964711
-0.0103785, -0.525812, 0.96652
-0.00962526, -0.471023, 0.969281
-0.0199033, -0.501245, 0.968777
stamp: 24439000000
0.490773, -0.00756328, 0.963687
-0.000453754, -0.0308137, 0.96041
-0.0320675, -0.00739933, 0.961948
0.00834728, -0.00474679, 0.960515
0.020124, -0.501192, 0.964033
-0.0102311, -0.5259, 0.96612
-0.00962628, -0.471029, 0.968628
-0.0199626, -0.501269, 0.968215
stamp: 24449000000
0.490752, -0.00744133, 0.962867
-0.000716566, -0.030765, 0.959839
-0.0321922, -0.00696501, 0.961489
0.00825295, -0.00472112, 0.96
0.0199716, -0.501194, 0.963166
-0.0101379, -0.525945, 0.96516
-0.00965023, -0.471093, 0.967689
-0.0200436, -0.501259, 0.967239
stamp: 24459000000
0.490692, -0.00729531, 0.962061
-0.000857491, -0.0305868, 0.959374
-0.0323722, -0.00689607, 0.960981
0.00825308, -0.00466049, 0.959427
0.0198906, -0.501179, 0.962214
-0.0102311, -0.526029, 0.964094
-0.00974291, -0.471139, 0.966756
-0.0202167, -0.501311, 0.966389
stamp: 24469000000
0.490536, -0.00731964, 0.961096
-0.00083159, -0.0306486, 0.958723
-0.0323496, -0.00699752, 0.960305
0.0080835, -0.00460047, 0.958653
0.019869, -0.50105, 0.961028
-0.0103677, -0.5259, 0.962994
-0.00970293, -0.471114, 0.965757
-0.0201907, -0.501285, 0.965139
stamp: 24479000000
0.490489, -0.00719556, 0.95998
-0.0010175, -0.0304506, 0.957877
-0.0324784, -0.0069557, 0.959348
0.00792661, -0.00445536, 0.957804
0.0197188, -0.501097, 0.959726
-0.0100597, -0.525876, 0.96184
-0.0098469, -0.47102, 0.964495
-0.0201639, -0.501323, 0.963816
stamp: 24489000000
0.49054, -0.00700801, 0.958796
-0.00130514, -0.0305209, 0.956868
-0.0326483, -0.00692437, 0.958349
0.00788524, -0.00434433, 0.956854
0.0198217, -0.500968, 0.958371
-0.0105255, -0.525947, 0.960428
-0.00970161, -0.471037, 0.963151
-0.0201525, -0.501313, 0.962571
stamp: 24500000000
0.490459, -0.00685366, 0.957363
-0.00113754, -0.0302741, 0.955938
-0.0327747, -0.00673473, 0.957366
0.00774421, -0.004315, 0.95573
0.0197422, -0.501154, 0.956836
-0.0104204, -0.525969, 0.958785
-0.0100941, -0.470913, 0.961407
-0.0203007, -0.501305, 0.961052
stamp: 24509000000
0.490445, -0.00675509, 0.956114
-0.00137831, -0.0302285, 0.954396
-0.0328829, -0.00664584, 0.956149
0.00766491, -0.00414878, 0.954635
0.0196753, -0.501061, 0.954947
-0.0106398, -0.525737, 0.957163
-0.00992686, -0.470955, 0.959754
-0.0202364, -0.501299, 0.959261
stamp: 24519000000
0.490412, -0.00665849, 0.954489
-0.00159078, -0.0300792, 0.953405
-0.0329344, -0.00631332, 0.954868
0.00748202, -0.00404832, 0.953163
0.0196509, -0.501027, 0.953256
-0.0106674, -0.525946, 0.955039
-0.010069, -0.471064, 0.957833
-0.0202335, -0.501213, 0.957212
stamp: 24529000000
0.490335, -0.0066008, 0.952943
-0.00163862, -0.0300959, 0.951674
-0.0331034, -0.00636849, 0.95326
0.0072978, -0.00401092, 0.951642
0.0196143, -0.501091, 0.950912
-0.0103131, -0.526127, 0.953076
-0.0101327, -0.471032, 0.955685
-0.0204461, -0.501302, 0.955179
stamp: 24539000000
0.490317, -0.00634155, 0.951016
-0.00173258, -0.0298288, 0.950184
-0.0331943, -0.00634556, 0.951728
0.00727982, -0.00379663, 0.950043
0.0196319, -0.501105, 0.948662
-0.0104903, -0.525779, 0.950754
-0.010185, -0.471043, 0.953292
-0.0204501, -0.50135, 0.952931
stamp: 24549000000
0.490217, -0.00629165, 0.949171
-0.00207326, -0.0295701, 0.94821
-0.0333921, -0.00604627, 0.949842
0.00709791, -0.00366834, 0.948212
0.0196116, -0.501207, 0.946285
-0.0105365, -0.526031, 0.948459
-0.00995902, -0.471003, 0.951084
-0.0204487, -0.501229, 0.950582
stamp: 24560000000
0.490301, -0.00614865, 0.947031
-0.00218837, -0.0296246, 0.946293
-0.0334915, -0.00581758, 0.947714
0.00710748, -0.00357946, 0.946229
0.0195496, -0.501081, 0.943738
-0.0107211, -0.525845, 0.945536
-0.0101592, -0.471018, 0.948375
-0.0203613, -0.501223, 0.947757
stamp: 24569000000
0.490325, -0.00609256, 0.94462
-0.0021675, -0.0293876, 0.944162
-0.0335884, -0.00564453, 0.945632
0.00678688, -0.0033883, 0.943913
0.0195375, -0.501027, 0.940902
-0.0106972, -0.525977, 0.942795
-0.0100855, -0.470982, 0.945643
-0.0204911, -0.501271, 0.945021
stamp: 24579000000
0.490128, -0.00594254, 0.942383
-0.00240032, -0.0292035, 0.941656
-0.033689, -0.00531277, 0.943155
0.0065495, -0.00325239, 0.941453
0.0194118, -0.501143, 0.937685
-0.0105188, -0.525807, 0.9397
-0.0100671, -0.470948, 0.942653
-0.0205257, -0.501313, 0.941847
stamp: 24590000000
0.490207, -0.00587209, 0.939829
-0.00231997, -0.0291572, 0.939179
-0.0337921, -0.00535452, 0.940648
0.00658256, -0.00315041, 0.939002
0.0194819, -0.501139, 0.934477
-0.0107785, -0.525725, 0.936304
-0.0101365, -0.471032, 0.939356
-0.0205612, -0.501224, 0.938824
stamp: 24599000000
0.490221, -0.00577347, 0.937019
-0.002684, -0.0289662, 0.936467
-0.0340613, -0.00515024, 0.937812
0.00650661, -0.00298191, 0.936249
0.0194005, -0.501039, 0.931172
-0.0106451, -0.525832, 0.933063
-0.0102965, -0.470946, 0.935916
-0.0204086, -0.501314, 0.935303
stamp: 24609000000
0.490152, -0.0055518, 0.934132
-0.0027275, -0.0288053, 0.933442
-0.034233, -0.00497811, 0.934904
0.00631889, -0.00277182, 0.933228
0.0194624, -0.501076, 0.927474
-0.010723, -0.525809, 0.929629
-0.0103298, -0.471083, 0.93222
-0.020565, -0.501211, 0.931677
stamp: 24619000000
0.49003, -0.00544301, 0.930988
-0.00290897, -0.0286204, 0.930235
-0.0344584, -0.00480854, 0.931818
0.00614999, -0.00269053, 0.930007
0.0193654, -0.500926, 0.923814
-0.0106535, -0.525847, 0.925816
-0.0101585, -0.471033, 0.928621
-0.0205998, -0.501255, 0.927953
stamp: 24629000000
0.490026, -0.00526831, 0.927644
-0.00295524, -0.0285156, 0.926738
-0.0344114, -0.00455252, 0.928351
0.00598959, -0.00252102, 0.926592
0.0193202, -0.501055, 0.919815
-0.0106301, -0.525943, 0.921893
-0.010426, -0.471102, 0.924491
-0.02055, -0.501266, 0.924027
stamp: 24639000000
0.489952, -0.00522506, 0.924182
-0.00323565, -0.0281599, 0.92299
-0.0345453, -0.00423513, 0.924786
0.00597217, -0.00227631, 0.923029
0.0195224, -0.501296, 0.915833
-0.0107803, -0.525988, 0.917634
-0.010161, -0.471045, 0.920452
-0.0206015, -0.501226, 0.919838
stamp: 24650000000
0.489872, -0.00515462, 0.920437
-0.00342251, -0.0281033, 0.919142
-0.0347493, -0.00420198, 0.920964
0.00583224, -0.00210434, 0.9191
0.0194304, -0.501088, 0.911329
-0.0107763, -0.525879, 0.913454
-0.0102641, -0.471066, 0.916248
-0.0205487, -0.501217, 0.915609
stamp: 24659000000
0.489894, -0.00516339, 0.916632
-0.00365332, -0.0277838, 0.915026
-0.0350007, -0.00419239, 0.916999
0.00560092, -0.00177345, 0.914918
0.0194567, -0.501099, 0.906965
-0.010775, -0.525808, 0.908841
-0.010292, -0.47098, 0.911625
-0.0205573, -0.501149, 0.911037
stamp: 24669000000
0.489929, -0.00492708, 0.912538
-0.00367086, -0.0276981, 0.910558
-0.0349053, -0.00396017, 0.912615
0.00552219, -0.00163369, 0.910735
0.0193638, -0.501025, 0.902135
-0.0108079, -0.525804, 0.90426
-0.0103371, -0.470917, 0.907015
-0.0205877, -0.501245, 0.906392
stamp: 24679000000
0.48989, -0.00486242, 0.908351
-0.00376837, -0.0274011, 0.906548
-0.0351896, -0.00333217, 0.907983
0.00534666, -0.00155399, 0.906157
0.0194618, -0.501137, 0.897505
-0.0106227, -0.525944, 0.899562
-0.0099577, -0.471065, 0.902553
-0.0206649, -0.501255, 0.901743
stamp: 24689000000
0.489772, -0.004759, 0.903878
-0.00414126, -0.0271604, 0.901459
-0.0351857, -0.00313758, 0.90349
0.00525791, -0.00129552, 0.901531
0.0195213, -0.501191, 0.892585
-0.0107109, -0.525876, 0.894398
-0.0101115, -0.471192, 0.897447
-0.0205133, -0.501389, 0.896798
stamp: 24700000000
0.489821, -0.00448839, 0.899308
-0.00427328, -0.0269734, 0.896776
-0.0352999, -0.00316712, 0.898503
0.00505834, -0.00116993, 0.896478
0.019405, -0.501328, 0.887394
-0.0105762, -0.526141, 0.889548
-0.0101851, -0.47119, 0.89221
-0.0205399, -0.501343, 0.891621
stamp: 24709000000
0.489877, -0.00460178, 0.894365
-0.00434241, -0.026812, 0.891289
-0.0356122, -0.00283959, 0.893327
0.00496076, -0.00090347, 0.891378
0.0195264, -0.501273, 0.882201
-0.0108368, -0.526012, 0.884331
-0.0100048, -0.471218, 0.887149
-0.0204899, -0.501371, 0.886466
stamp: 24719000000
0.489904, -0.00434025, 0.889102
-0.00448023, -0.0267418, 0.88597
-0.0356044, -0.00264522, 0.888009
0.00482985, -0.000690417, 0.886025
0.0195124, -0.501206, 0.876693
-0.0108591, -0.526031, 0.878661
-0.0100238, -0.471281, 0.881614
-0.0204859, -0.501384, 0.880877
stamp: 24729000000
0.489867, -0.00428044, 0.884076
-0.00481357, -0.0263857, 0.880319
-0.0358855, -0.00234279, 0.882251
0.00472879, -0.000378094, 0.880507
0.019479, -0.501138, 0.871069
-0.0107441, -0.526124, 0.873024
-0.0100506, -0.471141, 0.875998
-0.0204363, -0.501459, 0.875306
stamp: 24739000000
0.489729, -0.00427396, 0.878579
-0.00479959, -0.0262196, 0.874549
-0.0358601, -0.00216132, 0.876462
0.00460633, -0.000246213, 0.874675
0.0195679, -0.501154, 0.865272
-0.0106572, -0.526217, 0.867207
-0.0101117, -0.471154, 0.870068
-0.0203121, -0.50149, 0.869552
stamp: 24750000000
0.489699, -0.00405402, 0.872759
-0.0048314, -0.026004, 0.868793
-0.0360052, -0.00210272, 0.870686
0.00455456, 4.07468e-05, 0.86875
0.0194724, -0.501302, 0.859408
-0.0105481, -0.526242, 0.861324
-0.0100483, -0.471325, 0.864266
-0.0202788, -0.501579, 0.863531
stamp: 24759000000
0.489595, -0.00404611, 0.866754
-0.00499957, -0.0256804, 0.862568
-0.0362394, -0.00180306, 0.864371
0.00428427, 0.000307561, 0.862375
0.0196585, -0.501289, 0.853217
-0.0107138, -0.526045, 0.855206
-0.00989125, -0.471263, 0.858216
-0.0202978, -0.501519, 0.857525
stamp: 24769000000
0.489503, -0.00392721, 0.860729
-0.00528802, -0.0254314, 0.855899
-0.0363637, -0.00153293, 0.858033
0.00418996, 0.000527677, 0.856018
0.0197143, -0.501334, 0.847007
-0.0106558, -0.526048, 0.849085
-0.00984184, -0.471265, 0.85182
-0.0202984, -0.501527, 0.851225
stamp: 24779000000
0.489455, -0.0037578, 0.854376
-0.00521885, -0.0253542, 0.849619
-0.036498, -0.00116699, 0.851484
0.00408747, 0.000622851, 0.849535
0.0198877, -0.501417, 0.840733
-0.0105716, -0.526095, 0.842721
-0.00978545, -0.471313, 0.845421
-0.0202308, -0.501527, 0.844815
stamp: 24790000000
0.489584, -0.00379836, 0.84769
-0.00534952, -0.0251275, 0.842653
-0.0364816, -0.0009876, 0.844895
0.00403438, 0.000852243, 0.842815
0.0198541, -0.501442, 0.834136
-0.0104873, -0.526102, 0.835993
-0.00987279, -0.471457, 0.838838
-0.0200968, -0.501463, 0.838032
stamp: 24800000000
0.489547, -0.00371902, 0.841033
-0.00540607, -0.0248617, 0.835695
-0.0366804, -0.000679477, 0.837686
0.00396529, 0.00108545, 0.835864
0.0197185, -0.50148, 0.827312
-0.0103322, -0.526282, 0.829365
-0.00982164, -0.471365, 0.831923
-0.0200358, -0.501473, 0.831314
stamp: 24809000000
0.489526, -0.00357783, 0.834251
-0.00561957, -0.024599, 0.828707
-0.0367761, -0.000534457, 0.830391
0.00370216, 0.0013321, 0.828562
0.0198291, -0.501538, 0.820224
-0.0101406, -0.526296, 0.822291
-0.00982876, -0.471275, 0.824824
-0.0200682, -0.501562, 0.824398
stamp: 24819000000
0.489489, -0.00350538, 0.827169
-0.00568157, -0.0243624, 0.821377
-0.0367524, -0.000302178, 0.823135
0.00371161, 0.0016078, 0.821333
0.0199022, -0.501448, 0.813173
-0.0103118, -0.526086, 0.815141
-0.00953878, -0.471227, 0.817961
-0.0199786, -0.501575, 0.817345
stamp: 24830000000
0.489285, -0.00358369, 0.819709
-0.00584529, -0.0242077, 0.813701
-0.037033, -0.000186131, 0.815711
0.00348139, 0.00174514, 0.813834
0.0199588, -0.501666, 0.805703
-0.0102097, -0.526141, 0.807701
-0.00964038, -0.471384, 0.810486
-0.0199827, -0.501441, 0.81007
stamp: 24839000000
0.489279, -0.00347908, 0.812171
-0.00601435, -0.0238191, 0.8061
-0.037179, 0.000160893, 0.80792
0.0035021, 0.00203747, 0.806269
0.0199487, -0.501604, 0.798282
-0.0101468, -0.526318, 0.800309
-0.00944617, -0.471355, 0.803121
-0.0199112, -0.501666, 0.802508
stamp: 24850000000
0.489285, -0.0033012, 0.804378
-0.00619758, -0.0235912, 0.797963
-0.0373471, 0.000360358, 0.800129
0.00340677, 0.00222558, 0.798416
0.0201207, -0.501578, 0.790749
-0.0101684, -0.526313, 0.792415
-0.0095771, -0.471387, 0.795163
-0.0198563, -0.501671, 0.794733
stamp: 24859000000
0.489179, -0.00333586, 0.796371
-0.00629884, -0.02343, 0.790125
-0.0372601, 0.000824476, 0.792072
0.00341178, 0.00254303, 0.790505
0.0200233, -0.501555, 0.782837
-0.0102352, -0.526275, 0.78466
-0.0093311, -0.471337, 0.787571
-0.0199194, -0.501698, 0.78697
stamp: 24869000000
0.48918, -0.00317494, 0.788443
-0.00630601, -0.0231572, 0.781897
-0.0374112, 0.000780939, 0.78408
0.00306323, 0.00265578, 0.781941
0.0201999, -0.501785, 0.774605
-0.0100079, -0.526287, 0.77677
-0.00943355, -0.471539, 0.779348
-0.0197296, -0.50161, 0.77875
stamp: 24879000000
0.489171, -0.00317864, 0.779926
-0.00639221, -0.0230302, 0.77363
-0.037391, 0.00116385, 0.775808
0.00306689, 0.002965, 0.77379
0.0202291, -0.501705, 0.766514
-0.00982651, -0.526423, 0.768542
-0.00945279, -0.471305, 0.771181
-0.0196379, -0.50161, 0.7707
stamp: 24889000000
0.48892, -0.00314866, 0.771345
-0.00651999, -0.0228748, 0.765079
-0.0376468, 0.00118763, 0.767344
0.00292276, 0.00312273, 0.765203
0.0202547, -0.50166, 0.758147
-0.00991004, -0.526436, 0.760142
-0.0091545, -0.471567, 0.762732
-0.0196948, -0.501613, 0.761984
stamp: 24900000000
0.488963, -0.0031745, 0.76292
-0.00659448, -0.0225533, 0.756453
-0.0376664, 0.00151714, 0.758499
0.0028787, 0.0032258, 0.756573
0.0202879, -0.501811, 0.749474
-0.00980726, -0.526447, 0.751496
-0.00935517, -0.471466, 0.754026
-0.0195928, -0.501695, 0.75348
stamp: 24909000000
0.48887, -0.00307213, 0.753944
-0.00654139, -0.022447, 0.747551
-0.0378179, 0.00175722, 0.74984
0.00269107, 0.00354697, 0.747626
0.0203151, -0.501717, 0.740705
-0.00977629, -0.52635, 0.742768
-0.00916253, -0.471545, 0.74535
-0.0195944, -0.501672, 0.744879
stamp: 24919000000
0.488833, -0.00313825, 0.744915
-0.00669822, -0.0222531, 0.738595
-0.0379056, 0.0017397, 0.740543
0.00276662, 0.00368999, 0.738725
0.0204181, -0.501685, 0.731871
-0.00989904, -0.52648, 0.733732
-0.00909576, -0.471553, 0.736415
-0.0196284, -0.501717, 0.735762
stamp: 24930000000
0.488869, -0.00310481, 0.735794
-0.00669279, -0.0221102, 0.729515
-0.0378652, 0.0021378, 0.731673
0.00271599, 0.00384587, 0.729725
0.0204587, -0.501723, 0.722641
-0.00983187, -0.526384, 0.72463
-0.00927449, -0.471513, 0.727068
-0.019402, -0.501796, 0.726744
stamp: 24939000000
0.488721, -0.00313881, 0.726546
-0.00684007, -0.0218585, 0.720249
-0.0379594, 0.00241332, 0.72217
0.00260603, 0.00424514, 0.720378
0.0204676, -0.501732, 0.71334
-0.00955803, -0.52645, 0.715282
-0.00900907, -0.471752, 0.718048
-0.0193467, -0.501709, 0.717519
stamp: 24950000000
0.488922, -0.00313198, 0.717098
-0.00686921, -0.0215838, 0.710759
-0.0380921, 0.00255726, 0.712853
0.00250228, 0.00424868, 0.711014
0.0205617, -0.501852, 0.704007
-0.0096344, -0.526455, 0.705849
-0.00907488, -0.471642, 0.708493
-0.019326, -0.501868, 0.708145
stamp: 24960000000
0.48882, -0.00301051, 0.707693
-0.0069203, -0.0214201, 0.701121
-0.0380971, 0.00267468, 0.703243
0.00248353, 0.00445881, 0.701434
0.020643, -0.501921, 0.694414
-0.00950269, -0.526448, 0.696334
-0.00901417, -0.471784, 0.699032
-0.0191918, -0.501796, 0.698504
stamp: 24969000000
0.488661, -0.00289722, 0.69783
-0.00700324, -0.0213372, 0.691383
-0.0381259, 0.00301373, 0.693788
0.00229279, 0.00459497, 0.691627
0.0205966, -0.502061, 0.684738
-0.00951534, -0.526387, 0.68661
-0.00896233, -0.471718, 0.689244
-0.0192611, -0.501833, 0.688796
stamp: 24979000000
0.48861, -0.00275686, 0.688088
-0.00707228, -0.0210926, 0.681582
-0.0383021, 0.00317528, 0.683795
0.00243356, 0.00485463, 0.681851
0.0208549, -0.50182, 0.674953
-0.00951758, -0.526618, 0.676923
-0.0088842, -0.471788, 0.679405
-0.0191733, -0.501864, 0.679127
stamp: 24990000000
0.488525, -0.00270945, 0.678164
-0.00704324, -0.0209126, 0.67177
-0.0383309, 0.00323248, 0.673938
0.00235018, 0.00490985, 0.671933
0.020906, -0.502058, 0.664922
-0.00940215, -0.526455, 0.666946
-0.00875033, -0.471545, 0.669431
-0.0191044, -0.501755, 0.669071
stamp: 25000000000
0.488452, -0.002799, 0.668287
-0.00715601, -0.02088, 0.661719
-0.0382181, 0.00342964, 0.663932
0.00227824, 0.00503163, 0.661881
0.0208632, -0.501997, 0.654961
-0.00921003, -0.526675, 0.65707
-0.00862597, -0.471802, 0.659432
-0.018965, -0.501949, 0.659032
stamp: 25009000000
0.488541, -0.00267928, 0.658116
-0.00711351, -0.0207187, 0.651543
-0.038334, 0.00342318, 0.653555
0.00234892, 0.00522052, 0.651683
0.0208932, -0.502078, 0.644779
-0.00910127, -0.526603, 0.646791
-0.00845777, -0.471803, 0.649301
-0.0189085, -0.501792, 0.648847
stamp: 25019000000
0.488339, -0.00268311, 0.647912
-0.00724494, -0.0206983, 0.641038
-0.0383854, 0.00352918, 0.643371
0.00230755, 0.00532057, 0.641369
0.0207684, -0.502155, 0.634452
-0.0092566, -0.526602, 0.636368
-0.00839657, -0.471817, 0.63902
-0.0188557, -0.501972, 0.638498
stamp: 25029000000
0.488528, -0.00274686, 0.637499
-0.00725388, -0.0203002, 0.63053
-0.0384381, 0.00369465, 0.632895
0.00226159, 0.00537476, 0.630793
0.0211183, -0.502185, 0.624114
-0.00908833, -0.526511, 0.626093
-0.00844937, -0.471774, 0.62864
-0.0188134, -0.501908, 0.628073
stamp: 25039000000
0.488276, -0.0028169, 0.627299
-0.00713398, -0.020185, 0.619943
-0.038339, 0.00376281, 0.622304
0.00224017, 0.00555454, 0.620066
0.021261, -0.502181, 0.613618
-0.00918513, -0.526776, 0.615513
-0.00856049, -0.471647, 0.617941
-0.0188824, -0.501916, 0.617559
stamp: 25050000000
0.488651, -0.00298788, 0.616927
-0.00716203, -0.0199592, 0.609461
-0.0383806, 0.00387849, 0.611627
0.00218551, 0.00560178, 0.609383
0.021187, -0.502215, 0.602879
-0.00904759, -0.526688, 0.605255
-0.00810285, -0.471712, 0.607538
-0.0187356, -0.501988, 0.607146
stamp: 25059000000
0.488583, -0.00300718, 0.606497
-0.00720566, -0.0199684, 0.598694
-0.0384054, 0.00407126, 0.600828
0.00214612, 0.00576759, 0.598794
0.0212118, -0.502131, 0.592296
-0.00900835, -0.526794, 0.59441
-0.00813111, -0.471892, 0.596919
-0.0187213, -0.501958, 0.596387
stamp: 25069000000
0.488762, -0.00307726, 0.596166
-0.00724947, -0.0200439, 0.587737
-0.0383653, 0.00401319, 0.589832
0.0020451, 0.00594477, 0.587888
0.0213916, -0.502285, 0.58179
-0.00880101, -0.526692, 0.583693
-0.00820958, -0.471747, 0.586132
-0.0187064, -0.501942, 0.585644
stamp: 25079000000
0.488847, -0.00321885, 0.585813
-0.00718857, -0.01992, 0.576875
-0.0383256, 0.00417946, 0.578924
0.00224021, 0.00597683, 0.577214
0.0214205, -0.502216, 0.571265
-0.00884872, -0.526869, 0.572952
-0.0080283, -0.471869, 0.575523
-0.0185784, -0.502004, 0.575043
stamp: 25089000000
0.489062, -0.00336971, 0.57542
-0.00711873, -0.0199403, 0.565943
-0.0383536, 0.00413596, 0.568033
0.00219157, 0.0059693, 0.566117
0.0215422, -0.502369, 0.560415
-0.0087834, -0.52689, 0.562335
-0.00823859, -0.471752, 0.564571
-0.0184976, -0.501899, 0.564187
stamp: 25100000000
0.489175, -0.00342312, 0.564797
-0.00703952, -0.0200727, 0.554807
-0.0383438, 0.00436163, 0.556818
0.00231477, 0.00591858, 0.555227
0.0216173, -0.502258, 0.549434
-0.00881496, -0.526818, 0.55159
-0.00807656, -0.471867, 0.55381
-0.0185348, -0.502139, 0.553532
stamp: 25109000000
0.489416, -0.00342826, 0.554321
-0.00705298, -0.0199556, 0.543894
-0.0383064, 0.00434825, 0.545869
0.00227729, 0.00600935, 0.543875
0.0215411, -0.502335, 0.539054
-0.00883195, -0.526863, 0.540576
-0.00792244, -0.471722, 0.543069
-0.0184508, -0.502046, 0.542707
stamp: 25119000000
0.489668, -0.00346036, 0.543801
-0.00701817, -0.0198598, 0.532987
-0.0382333, 0.00435482, 0.534805
0.00250672, 0.00601838, 0.533286
0.0216678, -0.502169, 0.528167
-0.00850685, -0.526836, 0.529918
-0.00776339, -0.471852, 0.532519
-0.0184465, -0.502014, 0.531804
stamp: 25130000000
0.489917, -0.00344046, 0.533414
-0.00685681, -0.0198311, 0.522013
-0.0382126, 0.0041883, 0.523948
0.00229614, 0.00606043, 0.52212
0.0217362, -0.502245, 0.51742
-0.0085718, -0.526886, 0.519188
-0.00791977, -0.472032, 0.521695
-0.0183647, -0.502027, 0.521171
stamp: 25140000000
0.490069, -0.00369504, 0.52294
-0.00685818, -0.0197926, 0.51087
-0.0382672, 0.00430103, 0.513026
0.00230283, 0.00601899, 0.511079
0.0217876, -0.502248, 0.506543
-0.0084703, -0.52692, 0.508598
-0.00778127, -0.471695, 0.51089
-0.0183444, -0.50212, 0.510474
stamp: 25150000000
0.490266, -0.00393925, 0.512513
-0.00690732, -0.0198721, 0.499798
-0.0380627, 0.00445365, 0.501977
0.00242445, 0.00616435, 0.499985
0.0218955, -0.502401, 0.495928
-0.00850294, -0.526748, 0.497588
-0.00755804, -0.471823, 0.500076
-0.0182671, -0.502143, 0.499761
stamp: 25160000000
0.490679, -0.00395943, 0.502116
-0.00676399, -0.0199471, 0.488751
-0.0380223, 0.00428681, 0.490902
0.00261422, 0.00612496, 0.489195
0.0218698, -0.502114, 0.485009
-0.00843614, -0.526771, 0.486998
-0.00755402, -0.471813, 0.489232
-0.0182112, -0.502069, 0.488874
stamp: 25169000000
0.490922, -0.00425954, 0.491544
-0.0065931, -0.0199882, 0.478005
-0.0378671, 0.00400363, 0.480111
0.00263553, 0.00622994, 0.478169
0.0219101, -0.502257, 0.474206
-0.00818482, -0.527044, 0.476402
-0.00763951, -0.471839, 0.478733
-0.0180932, -0.502093, 0.478262
stamp: 25179000000
0.491137, -0.0045485, 0.481088
-0.00671045, -0.0199225, 0.466716
-0.0379452, 0.00408668, 0.469196
0.00267659, 0.00604643, 0.467154
0.0219772, -0.502197, 0.463755
-0.00860826, -0.526806, 0.465489
-0.00747757, -0.471808, 0.468121
-0.01811, -0.502077, 0.467637
stamp: 25189000000
0.491702, -0.00475586, 0.470938
-0.00634092, -0.0199442, 0.455928
-0.0377158, 0.00405249, 0.458095
0.00278395, 0.00587837, 0.45632
0.0220104, -0.502385, 0.452867
-0.00835468, -0.527018, 0.454907
-0.00756319, -0.471932, 0.457473
-0.0180341, -0.502183, 0.456944
stamp: 25199000000
0.492069, -0.00499926, 0.460453
-0.00636433, -0.0199629, 0.44499
-0.0376913, 0.00398026, 0.447347
0.00297787, 0.00585061, 0.445178
0.0220438, -0.502284, 0.442371
-0.00845499, -0.527092, 0.444156
-0.00752906, -0.471851, 0.446762
-0.018083, -0.502184, 0.446508
stamp: 25209000000
0.492596, -0.00530897, 0.450039
-0.0063473, -0.0202327, 0.43418
-0.0375853, 0.00409245, 0.436435
0.0029616, 0.00569154, 0.434496
0.02205, -0.502055, 0.431786
-0.00826155, -0.526847, 0.433429
-0.00728231, -0.471853, 0.43611
-0.0180703, -0.502337, 0.435806
stamp: 25219000000
0.493027, -0.00588198, 0.439542
-0.00619698, -0.0202506, 0.423331
-0.0374906, 0.00375417, 0.425484
0.0030785, 0.00570544, 0.423639
0.0222241, -0.502441, 0.421111
-0.00823538, -0.526974, 0.423021
-0.00752915, -0.471994, 0.425591
-0.0178792, -0.502097, 0.425133
stamp: 25229000000
0.493431, -0.00606789, 0.429465
-0.00595254, -0.0203083, 0.412358
-0.0374255, 0.00367193, 0.414929
0.00331228, 0.00567162, 0.412864
0.0220842, -0.502287, 0.41042
-0.00818482, -0.526972, 0.412267
-0.00714097, -0.471742, 0.415081
-0.0179451, -0.502193, 0.414699
stamp: 25239000000
0.493885, -0.00645063, 0.418858
-0.00590006, -0.0204183, 0.401532
-0.0371536, 0.00357269, 0.403985
0.00334226, 0.00548297, 0.402148
0.0222164, -0.502386, 0.400058
-0.00815872, -0.526949, 0.401901
-0.00729874, -0.471873, 0.404395
-0.0178642, -0.502048, 0.403962
stamp: 25249000000
0.494099, -0.00678794, 0.408757
-0.00565939, -0.0205591, 0.3911
-0.0370228, 0.00352428, 0.393253
0.00345606, 0.00545589, 0.39124
0.0223093, -0.502231, 0.38934
-0.00803179, -0.526902, 0.391483
-0.00714438, -0.47178, 0.393767
-0.0178199, -0.502125, 0.393602
stamp: 25259000000
0.494527, -0.00695931, 0.398594
-0.00543428, -0.0206839, 0.380045
-0.0370043, 0.00318041, 0.382617
0.00363461, 0.00524396, 0.380544
0.0222714, -0.502271, 0.379018
-0.00802452, -0.526926, 0.380829
-0.00713698, -0.471859, 0.383601
-0.0178034, -0.502075, 0.38297
stamp: 25269000000
0.494915, -0.00720221, 0.388671
-0.00538938, -0.0208107, 0.369686
-0.0369023, 0.00300208, 0.37179
0.00377649, 0.00510958, 0.369917
0.0222326, -0.502305, 0.368316
-0.00806022, -0.526845, 0.370428
-0.00713802, -0.471752, 0.372934
-0.0178761, -0.50215, 0.372442
stamp: 25279000000
0.495084, -0.00745272, 0.378439
-0.00506781, -0.0211232, 0.359138
-0.0366014, 0.0029053, 0.361099
0.00397005, 0.00488802, 0.359514
0.0223577, -0.502281, 0.358174
-0.00813746, -0.526814, 0.360265
-0.00710576, -0.47179, 0.362432
-0.017734, -0.502025, 0.361878
stamp: 25289000000
0.495232, -0.00768522, 0.368473
-0.00496247, -0.0210286, 0.34888
-0.036621, 0.00257199, 0.350784
0.00388266, 0.00481284, 0.348989
0.0224095, -0.502202, 0.347645
-0.00793443, -0.526749, 0.349659
-0.00696186, -0.471843, 0.351989
-0.0177796, -0.501965, 0.351775
stamp: 25300000000
0.495644, -0.0081263, 0.3586
-0.00495948, -0.0213895, 0.338209
-0.0364492, 0.00248087, 0.340008
0.00418847, 0.00474404, 0.338697
0.0223809, -0.502167, 0.337317
-0.00798787, -0.526919, 0.339498
-0.00698656, -0.471605, 0.341839
-0.0175644, -0.501971, 0.341424
stamp: 25309000000
0.495849, -0.00835846, 0.348949
-0.00475893, -0.0214109, 0.32816
-0.0363194, 0.00228907, 0.329749
0.00444645, 0.00460356, 0.328454
0.0224923, -0.502259, 0.327281
-0.00798472, -0.526778, 0.328983
-0.00701568, -0.471533, 0.331368
-0.0175931, -0.501955, 0.331295
stamp: 25319000000
0.496018, -0.00902085, 0.339167
-0.00456526, -0.0216457, 0.317764
-0.036044, 0.00211809, 0.319453
0.00449778, 0.00432451, 0.318106
0.0226317, -0.502106, 0.317126
-0.00778709, -0.526772, 0.31893
-0.00697863, -0.471757, 0.32147
-0.0176719, -0.501946, 0.321153
stamp: 25329000000
0.496452, -0.00933995, 0.329639
-0.00443144, -0.0218464, 0.307556
-0.0360346, 0.00168891, 0.309289
0.00462995, 0.00406344, 0.308148
0.0225965, -0.502097, 0.306858
-0.00792712, -0.526646, 0.309001
-0.00664528, -0.471581, 0.311626
-0.0175299, -0.501944, 0.310942
stamp: 25339000000
0.496698, -0.00959168, 0.32003
-0.00400411, -0.0222169, 0.297487
-0.0358754, 0.00152029, 0.299129
0.00498466, 0.00391656, 0.298069
0.022676, -0.502063, 0.297016
-0.0078699, -0.526539, 0.299013
-0.00665685, -0.4715, 0.301549
-0.0174865, -0.501708, 0.301261
stamp: 25349000000
0.496815, -0.00992784, 0.310465
-0.00380745, -0.0222554, 0.287597
-0.0355021, 0.00126861, 0.289244
0.00500643, 0.00368627, 0.287894
0.0226141, -0.501923, 0.287703
-0.00799591, -0.526479, 0.289483
-0.00653031, -0.471277, 0.291749
-0.0174867, -0.501672, 0.291375
stamp: 25360000000
0.497087, -0.0104301, 0.30133
-0.00377703, -0.0225587, 0.277619
-0.0354885, 0.00119842, 0.279359
0.00508808, 0.00344294, 0.27804
0.0226208, -0.501838, 0.277733
-0.00771821, -0.526427, 0.279642
-0.00668982, -0.471226, 0.28208
-0.0174832, -0.501611, 0.281582
stamp: 25369000000
0.497284, -0.0107412, 0.292276
-0.0035919, -0.0228287, 0.268154
-0.0350449, 0.000725838, 0.269757
0.00548852, 0.00333327, 0.268171
0.0228286, -0.501824, 0.26817
-0.00775975, -0.526131, 0.26978
-0.00670939, -0.471119, 0.272294
-0.0174977, -0.501414, 0.272077
stamp: 25379000000
0.497313, -0.0109772, 0.282791
-0.00327678, -0.0228768, 0.258252
-0.0349016, 0.000399389, 0.259937
0.00559812, 0.00314865, 0.25851
0.0227888, -0.501715, 0.258448
-0.00772241, -0.526089, 0.260577
-0.00661952, -0.471058, 0.263141
-0.0176102, -0.501368, 0.262577
stamp: 25389000000
0.497388, -0.0112819, 0.273899
-0.00299719, -0.0231431, 0.248919
-0.0346303, 0.000274357, 0.250496
0.0058615, 0.00293582, 0.24895
0.0228132, -0.501364, 0.249323
-0.00781007, -0.525994, 0.251231
-0.00656029, -0.471112, 0.253932
-0.0173548, -0.501222, 0.253265
stamp: 25399000000
0.497483, -0.0115804, 0.26491
-0.0028106, -0.0232324, 0.239279
-0.0345756, -0.000103867, 0.240855
0.00587026, 0.00276893, 0.239312
0.022913, -0.501338, 0.240254
-0.00752305, -0.526014, 0.242325
-0.0063909, -0.470815, 0.244534
-0.0173223, -0.501056, 0.244128
stamp: 25409000000
0.497246, -0.0120605, 0.255782
-0.00252892, -0.0235382, 0.22979
-0.0342302, -0.000207675, 0.231649
0.00602686, 0.00262147, 0.229925
0.0229991, -0.501245, 0.231421
-0.00754242, -0.525581, 0.23293
-0.00652855, -0.470512, 0.235306
-0.0173784, -0.500907, 0.234967
stamp: 25419000000
0.497411, -0.0124663, 0.247011
-0.00203695, -0.0237616, 0.220512
-0.0342541, -0.000748163, 0.222107
0.00639345, 0.00232506, 0.220693
0.0229711, -0.501186, 0.222721
-0.00774575, -0.525351, 0.224143
-0.00659931, -0.470355, 0.226411
-0.017338, -0.500687, 0.226001
stamp: 25429000000
0.497452, -0.0126943, 0.237959
-0.00193875, -0.0240948, 0.211295
-0.0339156, -0.000934774, 0.213004
0.0065399, 0.0021139, 0.21173
0.0227888, -0.501039, 0.213833
-0.00782153, -0.525259, 0.215232
-0.00652941, -0.470256, 0.217802
-0.0174295, -0.500536, 0.217463
stamp: 25439000000
0.497413, -0.0129838, 0.228954
-0.00171266, -0.024248, 0.202212
-0.0337998, -0.00126198, 0.20405
0.00667151, 0.00179306, 0.202568
0.0229671, -0.500734, 0.205224
-0.00784601, -0.525173, 0.207304
-0.00654044, -0.470031, 0.209411
-0.0173838, -0.500316, 0.208896
stamp: 25450000000
0.497405, -0.0134509, 0.220493
-0.0014677, -0.0246285, 0.193174
-0.0335615, -0.00176803, 0.194919
0.00703389, 0.00148913, 0.19392
0.0227958, -0.500425, 0.196824
-0.00770529, -0.524916, 0.198724
-0.00624551, -0.46992, 0.201095
-0.0173071, -0.500073, 0.20057
stamp: 25459000000
0.497282, -0.0136782, 0.211849
-0.00119529, -0.0251643, 0.184371
-0.0333312, -0.00213547, 0.186391
0.00731551, 0.00113036, 0.185157
0.0227502, -0.500042, 0.188703
-0.00772786, -0.524742, 0.190594
-0.00666619, -0.469558, 0.192677
-0.0173157, -0.499775, 0.192275
stamp: 25469000000
0.496835, -0.013935, 0.203403
-0.000930251, -0.025384, 0.176057
-0.0331497, -0.00239432, 0.17771
0.00745426, 0.000782622, 0.176375
0.0229004, -0.499927, 0.180681
-0.0077891, -0.524402, 0.18207
-0.00646306, -0.469322, 0.184316
-0.01736, -0.499585, 0.184308
stamp: 25479000000
0.496494, -0.0141776, 0.194955
-0.000580201, -0.0257621, 0.16717
-0.0328332, -0.00274308, 0.169422
0.00771349, 0.000457312, 0.167904
0.0229317, -0.499665, 0.172715
-0.00758869, -0.524006, 0.174647
-0.0066315, -0.469086, 0.176706
-0.0173427, -0.499334, 0.176644
stamp: 25489000000
0.49633, -0.0147752, 0.186669
-0.000539088, -0.0261338, 0.15908
-0.0324731, -0.00320291, 0.161148
0.00792788, 0.000120755, 0.159675
0.0229561, -0.499272, 0.16483
-0.00790905, -0.523711, 0.167016
-0.00645518, -0.46873, 0.169013
-0.0173907, -0.498884, 0.168714
stamp: 25499000000
0.495894, -0.0152311, 0.178519
-3.37298e-05, -0.0264589, 0.151075
-0.0323195, -0.00380743, 0.153014
0.0082302, -0.00037791, 0.151506
0.0226281, -0.498896, 0.157131
-0.00781823, -0.523426, 0.1592
-0.00669111, -0.468375, 0.161164
-0.0176346, -0.498555, 0.160988
stamp: 25509000000
0.495437, -0.0159689, 0.170017
0.000175024, -0.0268507, 0.143011
-0.0321135, -0.00406443, 0.145048
0.00852594, -0.000650677, 0.143404
0.0227841, -0.498758, 0.150199
-0.00796407, -0.523064, 0.151641
-0.00660627, -0.46808, 0.153992
-0.0175647, -0.498236, 0.153687
stamp: 25519000000
0.494755, -0.016508, 0.161921
0.000351819, -0.0274709, 0.134979
-0.0316904, -0.00449851, 0.137271
0.00877549, -0.00107075, 0.135614
0.0226937, -0.498461, 0.142621
-0.00803604, -0.522631, 0.144554
-0.00674058, -0.467721, 0.14631
-0.0176334, -0.497843, 0.146614
stamp: 25529000000
0.494039, -0.0168947, 0.154532
0.000707856, -0.0279565, 0.127504
-0.0313268, -0.00489258, 0.129691
0.00906149, -0.00158057, 0.128117
0.0226432, -0.497851, 0.135457
-0.00796277, -0.522315, 0.137742
-0.0068171, -0.467263, 0.139951
-0.0176243, -0.497456, 0.13934
stamp: 25539000000
0.493378, -0.0173645, 0.147133
0.000872713, -0.028248, 0.119946
-0.0312633, -0.00570775, 0.122215
0.00925025, -0.00215353, 0.120433
0.02239, -0.497554, 0.128764
-0.00800619, -0.521905, 0.130865
-0.00697622, -0.466979, 0.132659
-0.0177053, -0.496973, 0.132713
stamp: 25549000000
0.492531, -0.0178366, 0.139584
0.00144932, -0.0288885, 0.112585
-0.0309481, -0.00624447, 0.114659
0.00950546, -0.0027698, 0.113217
0.0225412, -0.497007, 0.122142
-0.00810692, -0.521412, 0.124052
-0.00692387, -0.466465, 0.126073
-0.0177482, -0.496649, 0.125838
stamp: 25559000000
0.491646, -0.0185155, 0.132289
0.00161293, -0.0295795, 0.105633
-0.030649, -0.00671375, 0.107795
0.0100255, -0.00327521, 0.106336
0.022301, -0.49644, 0.115548
-0.00823404, -0.521097, 0.117114
-0.00708642, -0.466025, 0.11982
-0.017703, -0.496282, 0.119525
stamp: 25569000000
0.490882, -0.0190148, 0.125214
0.00185381, -0.0301208, 0.0990176
-0.0302832, -0.00715599, 0.100848
0.0102381, -0.00393381, 0.0994867
0.0220788, -0.496043, 0.10923
-0.00842983, -0.520535, 0.111316
-0.0072654, -0.465761, 0.113714
-0.0179332, -0.495803, 0.113192
stamp: 25579000000
0.489829, -0.0197697, 0.118484
0.00222093, -0.0308354, 0.0922517
-0.0300161, -0.00785015, 0.0943247
0.0105095, -0.00451245, 0.0928311
0.0222113, -0.49566, 0.103406
-0.00838039, -0.520061, 0.105013
-0.00716836, -0.465059, 0.107632
-0.0180888, -0.495335, 0.107187
stamp: 25589000000
0.488737, -0.0200292, 0.112531
0.00246914, -0.0314046, 0.086071
-0.0297169, -0.00859763, 0.0878471
0.01087, -0.00512925, 0.0865854
0.0220253, -0.49512, 0.097404
-0.00832844, -0.519474, 0.0991512
-0.00718449, -0.464555, 0.101684
-0.0179953, -0.494817, 0.101531
stamp: 25599000000
0.487694, -0.0207114, 0.106031
0.00278068, -0.0321855, 0.0797262
-0.0294635, -0.00913411, 0.0818039
0.0110544, -0.00586024, 0.0804472
0.0219413, -0.494533, 0.0920953
-0.00825468, -0.5192, 0.0938584
-0.00731857, -0.464113, 0.096469
-0.017969, -0.494371, 0.0958627
stamp: 25609000000
0.486599, -0.0210852, 0.100682
0.00308682, -0.0327981, 0.0738571
-0.0291442, -0.00972909, 0.0760057
0.0112555, -0.00656724, 0.0744344
0.0218982, -0.493882, 0.0866916
-0.00839342, -0.518629, 0.0886211
-0.00745936, -0.463536, 0.0912484
-0.0180287, -0.493752, 0.0906826
stamp: 25619000000
0.485514, -0.0215695, 0.0950899
0.0032079, -0.0334329, 0.0686329
-0.0288348, -0.0104747, 0.0703605
0.0115871, -0.00717217, 0.0689617
0.0219198, -0.493538, 0.0814433
-0.00877119, -0.518112, 0.0832141
-0.00758458, -0.463023, 0.0863569
-0.0180925, -0.493174, 0.0856564
stamp: 25629000000
0.484197, -0.0224821, 0.0898356
0.00333872, -0.0342275, 0.0632635
-0.0285131, -0.0112533, 0.0651279
0.0119158, -0.00789411, 0.0636532
0.0217093, -0.492834, 0.0769153
-0.00877041, -0.517602, 0.0783842
-0.00774624, -0.462563, 0.0814531
-0.0182991, -0.49276, 0.0808636
stamp: 25640000000
0.483046, -0.0231825, 0.0850525
0.00357674, -0.0348659, 0.0586677
-0.0283354, -0.0119348, 0.0600944
0.0120681, -0.00868249, 0.0587606
0.0216373, -0.492268, 0.0723882
-0.00868964, -0.516877, 0.0739812
-0.00757559, -0.461993, 0.0771856
-0.0182897, -0.492126, 0.076509
stamp: 25649000000
0.481816, -0.0236293, 0.0806084
0.00389654, -0.0355096, 0.0539793
-0.0281385, -0.0128103, 0.0552454
0.0123707, -0.0094405, 0.0543092
0.0215705, -0.491795, 0.0680818
-0.0087165, -0.516409, 0.0699063
-0.007817, -0.461628, 0.0729733
-0.0185084, -0.491522, 0.0723079
stamp: 25659000000
0.48031, -0.0243315, 0.0763789
0.00422147, -0.0364473, 0.0499149
-0.0279502, -0.0135947, 0.0508738
0.0125217, -0.0103402, 0.0500763
0.0216168, -0.491355, 0.06431
-0.00898555, -0.515744, 0.0662145
-0.00782868, -0.460861, 0.0690768
-0.0186503, -0.49107, 0.0681843
stamp: 25670000000
0.47912, -0.0248783, 0.0723646
0.00433015, -0.0373218, 0.0458255
-0.027693, -0.014441, 0.046774
0.0126653, -0.0112254, 0.0461954
0.0215105, -0.490608, 0.0609139
-0.00912415, -0.515101, 0.0622027
-0.00819453, -0.46017, 0.0653294
-0.0187556, -0.490513, 0.0645491
stamp: 25679000000
0.477621, -0.0253559, 0.0687771
0.00453888, -0.0384163, 0.0420972
-0.0276619, -0.0153225, 0.0432637
0.0127943, -0.0121712, 0.0426327
0.0213738, -0.490196, 0.0575045
-0.00928971, -0.514582, 0.0587129
-0.00825944, -0.459713, 0.0618773
-0.018809, -0.489682, 0.0610574
stamp: 25689000000
0.476421, -0.0260825, 0.0654878
0.00468402, -0.03931, 0.038889
-0.0274559, -0.0163722, 0.0401692
0.0129315, -0.0130689, 0.0397094
0.0214941, -0.489493, 0.0544795
-0.00933323, -0.513986, 0.0559906
-0.00795597, -0.459078, 0.0590192
-0.0188781, -0.48917, 0.0580145
stamp: 25700000000
0.475117, -0.0268187, 0.062478
0.00483697, -0.0400906, 0.0364222
-0.0271957, -0.017228, 0.0373412
0.0131305, -0.0139028, 0.0368408
0.0211298, -0.488705, 0.0513492
-0.0093779, -0.513576, 0.0529268
-0.00823134, -0.458385, 0.055979
-0.0189014, -0.488591, 0.0552315
stamp: 25709000000
0.473658, -0.027418, 0.0597225
0.00545796, -0.0406225, 0.0351306
-0.0265227, -0.0175443, 0.0367324
0.0138911, -0.014368, 0.03499
0.0210203, -0.48811, 0.0486212
-0.00948182, -0.512753, 0.0503648
-0.00817124, -0.458098, 0.0537475
-0.0190011, -0.488101, 0.0527158
stamp: 25719000000
0.472341, -0.0280117, 0.0573152
0.0060752, -0.0409283, 0.0349606
-0.0260214, -0.0179228, 0.0370222
0.0144483, -0.0147515, 0.0346823
0.020785, -0.487663, 0.0462159
-0.00952124, -0.51241, 0.0480264
-0.00852678, -0.457503, 0.051155
-0.0190669, -0.487431, 0.0503816
stamp: 25730000000
0.470971, -0.0285585, 0.0550153
0.00640743, -0.0410379, 0.0357931
-0.0257451, -0.0180744, 0.0379117
0.0148107, -0.0149859, 0.0361088
0.020913, -0.487083, 0.0441625
-0.00956714, -0.511731, 0.0459772
-0.00859319, -0.45683, 0.0492756
-0.0190959, -0.487058, 0.0485781
stamp: 25739000000
0.469789, -0.0293014, 0.0532778
0.00644225, -0.0410942, 0.0372794
-0.0255641, -0.0181221, 0.0393752
0.0148471, -0.0150483, 0.0375685
0.0208953, -0.486659, 0.0425429
-0.00985648, -0.51118, 0.044487
-0.00872513, -0.456093, 0.0476766
-0.0193412, -0.486351, 0.0465488
stamp: 25750000000
0.468517, -0.0297452, 0.0519076
0.00660367, -0.0412685, 0.0389064
-0.0253738, -0.0180286, 0.041087
0.0149878, -0.0151265, 0.0393545
0.0206137, -0.485993, 0.0409973
-0.00990279, -0.510521, 0.0427951
-0.00875437, -0.455656, 0.04627
-0.0194233, -0.48586, 0.0451538
stamp: 25760000000
0.46714, -0.0301625, 0.050549
0.00696308, -0.0412054, 0.0407936
-0.0251893, -0.0180591, 0.0431297
0.0152907, -0.0150764, 0.0414907
0.0204804, -0.485535, 0.0398982
-0.00993464, -0.510056, 0.0413277
-0.00890428, -0.45524, 0.0451322
-0.0194934, -0.485331, 0.0439982
stamp: 25769000000
0.465978, -0.0307957, 0.0493896
0.00691782, -0.04124, 0.0431365
-0.0249747, -0.0181096, 0.0449124
0.0153954, -0.0151384, 0.0435528
0.0201827, -0.484912, 0.0388618
-0.0102718, -0.509459, 0.040211
-0.00904546, -0.45462, 0.0439114
-0.0196781, -0.484691, 0.0429442
stamp: 25779000000
0.464595, -0.0310403, 0.048434
0.00699583, -0.0410681, 0.0454323
-0.0246788, -0.0179394, 0.0471076
0.0155656, -0.0150872, 0.0457005
0.0202237, -0.484167, 0.0378316
-0.0104351, -0.508763, 0.0393304
-0.00934324, -0.45396, 0.0429376
-0.0197497, -0.484172, 0.0421503
stamp: 25790000000
0.4636, -0.0314843, 0.0478368
0.00725034, -0.0411121, 0.0478616
-0.0247083, -0.0178581, 0.0490564
0.0159312, -0.0150031, 0.0481104
0.020053, -0.483574, 0.0372208
-0.0103288, -0.508372, 0.0389405
-0.00957541, -0.453576, 0.0424666
-0.0198307, -0.48369, 0.0415044
stamp: 25800000000
0.462453, -0.0319964, 0.0474827
0.00744446, -0.0407795, 0.0503502
-0.0244657, -0.0178811, 0.050894
0.0159617, -0.0148151, 0.0501509
0.0199556, -0.48317, 0.0369169
-0.0103735, -0.507973, 0.038561
-0.00965307, -0.453128, 0.0423239
-0.0199783, -0.483228, 0.0410423
stamp: 25809000000
0.461235, -0.0324757, 0.0469362
0.00780154, -0.0409144, 0.052888
-0.0243847, -0.0174459, 0.0528276
0.0161624, -0.0147543, 0.0522712
0.0198519, -0.482694, 0.0367281
-0.0103342, -0.507466, 0.0380597
-0.00968832, -0.452688, 0.0420484
-0.0201224, -0.482703, 0.0406238
stamp: 25820000000
0.460152, -0.0327296, 0.0467357
0.00759977, -0.0406858, 0.0551473
-0.02431, -0.0172383, 0.0543482
0.0161534, -0.0144663, 0.0541373
0.0199522, -0.482085, 0.0366262
-0.0106376, -0.506874, 0.037559
-0.00972978, -0.45212, 0.0418714
-0.0202246, -0.482312, 0.0404683
stamp: 25829000000
0.459276, -0.0330523, 0.0465334
0.0073846, -0.0404059, 0.0568658
-0.024106, -0.0169291, 0.0557958
0.0162851, -0.0141737, 0.0556622
0.0198893, -0.481589, 0.0364867
-0.010692, -0.506309, 0.0374532
-0.00974564, -0.451289, 0.0416172
-0.0203227, -0.48183, 0.0403556
stamp: 25839000000
0.458151, -0.0333254, 0.0462616
0.00763245, -0.0402649, 0.0591095
-0.024337, -0.0164359, 0.0572678
0.0165114, -0.0140146, 0.0572853
0.0197587, -0.481105, 0.0362771
-0.0106488, -0.505594, 0.0373714
-0.00993004, -0.450797, 0.0414692
-0.020419, -0.48136, 0.0402694
stamp: 25850000000
0.457368, -0.0336331, 0.0466166
0.00756163, -0.0396964, 0.0604137
-0.0242614, -0.0162905, 0.0584324
0.0165516, -0.0137012, 0.0584604
0.01969, -0.480543, 0.0363278
-0.0107309, -0.505186, 0.0373298
-0.0101688, -0.450487, 0.041524
-0.0205037, -0.480872, 0.0402936
stamp: 25859000000
0.45646, -0.0339028, 0.0465721
0.00748435, -0.0393878, 0.0612534
-0.0241268, -0.0160093, 0.0594147
0.0165411, -0.0135355, 0.0595777
0.0193479, -0.479978, 0.036177
-0.0109461, -0.504889, 0.0372002
-0.010221, -0.449995, 0.0415592
-0.0206352, -0.480377, 0.0401797
stamp: 25869000000
0.455557, -0.0342185, 0.0468757
0.00787135, -0.0393249, 0.0622107
-0.0239685, -0.0158987, 0.0602952
0.0163067, -0.0133229, 0.0601296
0.0192984, -0.479486, 0.0360586
-0.0108922, -0.504653, 0.0374339
-0.0103367, -0.449652, 0.0416076
-0.0207439, -0.480015, 0.0402045
stamp: 25879000000
0.454558, -0.0343521, 0.0469764
0.00783999, -0.0392104, 0.062735
-0.0238672, -0.0156321, 0.0608942
0.0163566, -0.0131073, 0.0604355
0.0192216, -0.479077, 0.0360706
-0.0111331, -0.504205, 0.0374157
-0.0103875, -0.449211, 0.0417575
-0.0208515, -0.479601, 0.040282
stamp: 25889000000
0.453891, -0.0344238, 0.0469042
0.00786789, -0.0390183, 0.0627704
-0.0236813, -0.015212, 0.0615308
0.0164686, -0.012808, 0.0607
0.0190937, -0.478752, 0.0361173
-0.0113197, -0.503757, 0.0375783
-0.0105233, -0.448841, 0.0419437
-0.0209083, -0.479155, 0.0404979
stamp: 25900000000
0.453078, -0.0343612, 0.0469232
0.00795675, -0.0387648, 0.0623447
-0.02372, -0.0148861, 0.0618865
0.0167949, -0.0127111, 0.0609581
0.0190419, -0.478424, 0.0361103
-0.0113528, -0.503197, 0.0376457
-0.0106414, -0.448411, 0.0419444
-0.0209854, -0.478785, 0.0405269
stamp: 25909000000
0.452358, -0.0343071, 0.0471195
0.00780381, -0.0383871, 0.0616118
-0.0237032, -0.0144956, 0.0615977
0.0167359, -0.0123608, 0.0603131
0.0189009, -0.477989, 0.0360741
-0.0113728, -0.50283, 0.0376823
-0.0107434, -0.448001, 0.0418345
-0.0210505, -0.478384, 0.0404543
stamp: 25919000000
0.45169, -0.0343571, 0.0472557
0.00776899, -0.0380074, 0.0608686
-0.0238316, -0.0140144, 0.0609719
0.016715, -0.0120034, 0.0598089
0.0188149, -0.477496, 0.0361066
-0.0114108, -0.502496, 0.0376568
-0.0108317, -0.447668, 0.0417443
-0.0210909, -0.477957, 0.0404861
stamp: 25930000000
0.450938, -0.0341777, 0.0471883
0.00759708, -0.0377588, 0.0598107
-0.0239158, -0.0137201, 0.0603585
0.0167397, -0.0116637, 0.0591035
0.0187812, -0.477068, 0.0360909
-0.0114072, -0.502113, 0.0377508
-0.0107976, -0.447329, 0.0419153
-0.0212535, -0.477511, 0.0403414
stamp: 25939000000
0.450515, -0.0341131, 0.0472075
0.00751139, -0.0374127, 0.0591126
-0.0240743, -0.0134134, 0.0594665
0.0166868, -0.0113353, 0.0583011
0.0187427, -0.476629, 0.036424
-0.0114855, -0.501836, 0.0376949
-0.0109058, -0.446833, 0.0418459
-0.0213906, -0.477114, 0.040326
stamp: 25950000000
0.44985, -0.0342091, 0.0473069
0.00730302, -0.0367324, 0.0569198
-0.0241496, -0.0129857, 0.0583739
0.0165421, -0.0109152, 0.05723
0.0186834, -0.476355, 0.0364642
-0.0116288, -0.501386, 0.0375254
-0.0111967, -0.446408, 0.0416026
-0.0215077, -0.476775, 0.0402486
stamp: 25960000000
0.449524, -0.0342507, 0.047126
0.00721539, -0.03629, 0.0559664
-0.0242, -0.0123706, 0.0567874
0.0162375, -0.0103363, 0.055883
0.0186018, -0.476045, 0.0364823
-0.0118706, -0.500899, 0.0374267
-0.0113141, -0.446087, 0.0414939
-0.0216118, -0.476511, 0.04019
stamp: 25969000000
0.449041, -0.0342096, 0.0470189
0.00717769, -0.035866, 0.0547334
-0.0242948, -0.0118643, 0.0555416
0.016221, -0.00983872, 0.054619
0.0185053, -0.475746, 0.0364108
-0.0118613, -0.500637, 0.0373653
-0.0115213, -0.445664, 0.0414505
-0.0216851, -0.476263, 0.0401513
stamp: 25979000000
0.448596, -0.0339887, 0.046769
0.00678723, -0.035121, 0.0528875
-0.0245728, -0.0112783, 0.0537993
0.0160487, -0.0093045, 0.0532316
0.0183843, -0.475491, 0.0363222
-0.0118983, -0.500403, 0.0372725
-0.0115635, -0.445436, 0.0414248
-0.0217738, -0.475973, 0.0399903
stamp: 25990000000
0.448112, -0.0339608, 0.0468503
0.00686954, -0.0346112, 0.0514599
-0.0247926, -0.0107102, 0.0521573
0.0158747, -0.00873316, 0.051546
0.0183882, -0.475265, 0.036199
-0.0118782, -0.500137, 0.0371655
-0.0115913, -0.445248, 0.0414363
-0.0218304, -0.475736, 0.0399434
stamp: 25999000000
0.447771, -0.0337274, 0.0464392
0.00651029, -0.0341661, 0.0497176
-0.0249322, -0.010111, 0.0503382
0.0156364, -0.00814013, 0.0498552
0.018311, -0.474942, 0.0360692
-0.0119109, -0.499886, 0.0371515
-0.0116236, -0.445038, 0.0414667
-0.0218725, -0.475461, 0.0398931
stamp: 26009000000
0.447554, -0.0334229, 0.0461292
0.00627355, -0.0335108, 0.0479926
-0.0250545, -0.00963479, 0.0488698
0.0154191, -0.00768458, 0.04801
0.0182534, -0.474645, 0.0359386
-0.0119535, -0.499684, 0.0372036
-0.0116422, -0.444827, 0.0415058
-0.021916, -0.475111, 0.0399141
stamp: 26020000000
0.44734, -0.0331918, 0.0459388
0.00611891, -0.0329311, 0.0462851
-0.0253985, -0.00916571, 0.0470793
0.0153142, -0.0071277, 0.0464056
0.0182666, -0.474319, 0.0361609
-0.0119855, -0.499441, 0.0371972
-0.0116704, -0.444607, 0.0415311
-0.0219064, -0.474736, 0.0400954
stamp: 26029000000
0.447008, -0.0329773, 0.0456727
0.00588207, -0.0326312, 0.044382
-0.0256277, -0.00875089, 0.0457535
0.0149372, -0.00660465, 0.0445475
0.018187, -0.474089, 0.0361781
-0.0120253, -0.499242, 0.0373347
-0.0115566, -0.444269, 0.0417801
-0.0219362, -0.474436, 0.0402322
stamp: 26039000000
0.446744, -0.0327313, 0.0455273
0.00568194, -0.0320122, 0.0424709
-0.0256383, -0.00817299, 0.0438766
0.0147835, -0.006153, 0.0430732
0.0182139, -0.473932, 0.0363892
-0.0122199, -0.498903, 0.0374396
-0.0116448, -0.44408, 0.041964
-0.0219609, -0.474218, 0.040391
stamp: 26050000000
0.446414, -0.0322119, 0.0452631
0.00542009, -0.0315757, 0.0407632
-0.0259518, -0.00791656, 0.0422701
0.0144089, -0.00571596, 0.0412918
0.0181419, -0.473792, 0.0367545
-0.012297, -0.498585, 0.0376065
-0.0116999, -0.443866, 0.0421672
-0.0219614, -0.474051, 0.0406257
stamp: 26059000000
0.44627, -0.0317662, 0.0450875
0.00532218, -0.0313226, 0.0390751
-0.0262726, -0.00764572, 0.0409506
0.0141288, -0.00538325, 0.0396238
0.0180992, -0.47365, 0.0370514
-0.0122921, -0.498348, 0.0380018
-0.0118238, -0.443566, 0.0421584
-0.0220079, -0.473917, 0.0408857
stamp: 26070000000
0.446098, -0.0314055, 0.044965
0.00493766, -0.0307567, 0.0375005
-0.0266568, -0.00728963, 0.0397303
0.0139179, -0.00503328, 0.0383624
0.0180596, -0.473528, 0.0373423
-0.0123216, -0.498238, 0.0383676
-0.0117833, -0.443425, 0.0426105
-0.0220378, -0.473817, 0.0411265
stamp: 26079000000
0.446042, -0.0310485, 0.0448148
0.00478837, -0.030428, 0.0361794
-0.026878, -0.00703958, 0.0389518
0.0135775, -0.00444393, 0.037018
0.018091, -0.473306, 0.0377473
-0.0123085, -0.498142, 0.0386607
-0.0117426, -0.443214, 0.043197
-0.0220557, -0.473744, 0.0413736
stamp: 26089000000
0.446094, -0.0307482, 0.0446485
0.00477987, -0.0300018, 0.0359143
-0.0269901, -0.00651186, 0.0386669
0.013447, -0.00390143, 0.0362251
0.0180387, -0.473232, 0.0380794
-0.0122662, -0.498071, 0.0390896
-0.0116746, -0.443269, 0.0435922
-0.0221573, -0.473648, 0.0417089
stamp: 26100000000
0.446032, -0.0304631, 0.0445459
0.00480453, -0.0294837, 0.036104
-0.0270915, -0.00611743, 0.038472
0.0133422, -0.00337625, 0.0359293
0.0179257, -0.473056, 0.0385659
-0.0123079, -0.498025, 0.0396164
-0.0117406, -0.443225, 0.0440057
-0.0221312, -0.473563, 0.0422297
stamp: 26109000000
0.446153, -0.029939, 0.0442962
0.00475291, -0.0292618, 0.0363766
-0.0273315, -0.00584873, 0.0384836
0.0132382, -0.00309448, 0.0361593
0.0179599, -0.473099, 0.038945
-0.0121934, -0.497903, 0.0402374
-0.0118184, -0.443305, 0.044477
-0.0221242, -0.473445, 0.0427888
stamp: 26119000000
0.446275, -0.0297029, 0.0443656
0.00470406, -0.0291959, 0.0366177
-0.0274061, -0.00577905, 0.0387663
0.0131779, -0.00303983, 0.0366565
0.0179551, -0.473055, 0.0393009
-0.0123848, -0.497819, 0.040808
-0.011775, -0.443217, 0.0449271
-0.0221311, -0.473324, 0.0433569
stamp: 26130000000
0.446395, -0.0294171, 0.0443548
0.00471966, -0.0292544, 0.0371543
-0.0274346, -0.00583549, 0.0393196
0.0131289, -0.00300388, 0.0374391
0.0178523, -0.472931, 0.0397183
-0.0123799, -0.497919, 0.0414678
-0.011827, -0.443119, 0.045418
-0.0222404, -0.47326, 0.0438964
stamp: 26139000000
0.44662, -0.028834, 0.0443344
0.00467542, -0.0290715, 0.0379387
-0.027398, -0.00581816, 0.0399555
0.0132481, -0.00296041, 0.0384563
0.0178284, -0.472776, 0.0403655
-0.0122554, -0.497818, 0.042067
-0.0118022, -0.442949, 0.0455614
-0.0222485, -0.473085, 0.0444611
stamp: 26150000000
0.446853, -0.0284671, 0.0444567
0.00436428, -0.0289221, 0.039177
-0.0273065, -0.00579712, 0.0407563
0.013133, -0.00293597, 0.0396829
0.0178095, -0.472792, 0.0408333
-0.0122626, -0.497803, 0.0425057
-0.0117523, -0.442783, 0.0462228
-0.0222558, -0.473054, 0.0448882
stamp: 26160000000
0.447073, -0.02802, 0.0446124
0.0044081, -0.0289979, 0.0399366
-0.0274907, -0.00589236, 0.0423602
0.0130791, -0.00295185, 0.0408497
0.0178739, -0.472796, 0.0413719
-0.0124942, -0.497782, 0.0427946
-0.0118099, -0.442921, 0.0468825
-0.0222649, -0.473079, 0.0453674
stamp: 26169000000
0.447303, -0.0276957, 0.044773
0.00453935, -0.028948, 0.0411126
-0.0275062, -0.0056572, 0.0435344
0.0130548, -0.00283077, 0.0419617
0.0177989, -0.47291, 0.0419791
-0.012558, -0.497796, 0.0431335
-0.0119209, -0.44308, 0.0473844
-0.0222683, -0.473092, 0.0458794
stamp: 26179000000
0.447508, -0.0270635, 0.0450283
0.00445326, -0.0289072, 0.0424443
-0.0273738, -0.00562228, 0.0446555
0.0130853, -0.00279277, 0.0434735
0.017789, -0.472927, 0.0425293
-0.0126033, -0.497853, 0.0435356
-0.0118679, -0.44311, 0.0479515
-0.022249, -0.473208, 0.0464553
stamp: 26189000000
0.447908, -0.0265349, 0.0454732
0.00437028, -0.0287032, 0.044062
-0.0272587, -0.00564095, 0.0459592
0.013082, -0.00285105, 0.0449593
0.0177627, -0.47309, 0.0429794
-0.0124807, -0.497891, 0.0441687
-0.011775, -0.443178, 0.048473
-0.0221263, -0.473196, 0.0470391
stamp: 26200000000
0.448034, -0.0259858, 0.0457374
0.00461498, -0.028904, 0.0457983
-0.0274654, -0.00577184, 0.0477136
0.0131641, -0.00289364, 0.0464467
0.0176957, -0.473162, 0.0433725
-0.0124659, -0.497941, 0.0445483
-0.0118183, -0.443157, 0.0487586
-0.0222172, -0.473301, 0.0475577
stamp: 26209000000
0.448421, -0.0251931, 0.0459842
0.00455298, -0.0289019, 0.0469909
-0.0273932, -0.00579216, 0.0488566
0.0130857, -0.00291267, 0.0475941
0.0176579, -0.473196, 0.043669
-0.0124889, -0.497986, 0.0449209
-0.0118497, -0.443099, 0.049071
-0.0222136, -0.473373, 0.0479768
stamp: 26219000000
0.448825, -0.0246284, 0.0462052
0.00460962, -0.0291516, 0.0483403
-0.0271221, -0.00579159, 0.0503384
0.0131999, -0.0029212, 0.0490638
0.017634, -0.473224, 0.0439372
-0.0126618, -0.498082, 0.0454176
-0.011977, -0.443167, 0.0493613
-0.0222238, -0.47344, 0.0483505
stamp: 26229000000
0.449133, -0.0241295, 0.0464995
0.00464059, -0.029065, 0.0498254
-0.0271134, -0.00592402, 0.0517388
0.0132793, -0.00299782, 0.0502848
0.0177756, -0.473289, 0.0443307
-0.012524, -0.498142, 0.0458783
-0.0119998, -0.443274, 0.0495973
-0.0223175, -0.473542, 0.0486737
stamp: 26239000000
0.449475, -0.0236085, 0.046402
0.00475474, -0.0292179, 0.0510744
-0.027213, -0.00605559, 0.0528977
0.0132262, -0.00315304, 0.0511577
0.0177938, -0.473339, 0.0444303
-0.0126195, -0.498197, 0.0460926
-0.0120123, -0.443352, 0.0496152
-0.0223216, -0.473596, 0.0487338
stamp: 26249000000
0.44994, -0.0232615, 0.0461934
0.00486588, -0.0293109, 0.051579
-0.0270624, -0.00636872, 0.0541179
0.0132772, -0.00317798, 0.0518742
0.0176176, -0.473409, 0.0439874
-0.0124978, -0.498252, 0.0459172
-0.0119396, -0.443474, 0.0494063
-0.0223023, -0.47365, 0.0485866
stamp: 26259000000
0.45061, -0.0229098, 0.0455264
0.00510162, -0.0294772, 0.0519611
-0.0269129, -0.00683773, 0.0548777
0.0134543, -0.00320213, 0.0523887
0.0176279, -0.473463, 0.0435625
-0.0125731, -0.498336, 0.0454553
-0.0118644, -0.44354, 0.0488573
-0.0222104, -0.473672, 0.048142
stamp: 26270000000
0.451187, -0.0225795, 0.0447644
0.00525205, -0.0296113, 0.0522238
-0.0267667, -0.00694334, 0.0553458
0.0135237, -0.00327233, 0.0523813
0.0177777, -0.473631, 0.0427257
-0.0124767, -0.498373, 0.0446934
-0.0119066, -0.443566, 0.0479113
-0.0222537, -0.473728, 0.0471844
stamp: 26279000000
0.451808, -0.0227536, 0.0435013
0.00553874, -0.0297804, 0.0518626
-0.0267218, -0.00727343, 0.0550548
0.0136815, -0.0034549, 0.051975
0.0176008, -0.473653, 0.0412692
-0.0124628, -0.498389, 0.0440479
-0.0119039, -0.44341, 0.0462061
-0.0221441, -0.473667, 0.0459595
stamp: 26289000000
0.4524, -0.0225699, 0.0419475
0.00589405, -0.0299191, 0.0512089
-0.0265246, -0.00751071, 0.0546112
0.0137714, -0.00361847, 0.0512829
0.0177174, -0.473514, 0.0395825
-0.0123893, -0.498193, 0.0426476
-0.0118079, -0.443493, 0.0445563
-0.0220148, -0.473614, 0.0445219
stamp: 26300000000
0.453036, -0.0222675, 0.0401301
0.00624714, -0.0299806, 0.0500108
-0.0262691, -0.00778765, 0.0537734
0.0139868, -0.00372878, 0.0499428
0.0179047, -0.473305, 0.0372509
-0.012113, -0.498206, 0.0410706
-0.0118181, -0.443204, 0.0420516
-0.0220003, -0.473524, 0.042189
stamp: 26309000000
0.452721, -0.0218008, 0.0381811
0.00657839, -0.0301868, 0.0485239
-0.0260302, -0.00823476, 0.0522795
0.0142403, -0.00380038, 0.048311
0.0182218, -0.473277, 0.0344307
-0.0122308, -0.497868, 0.0381426
-0.0115694, -0.443283, 0.0392977
-0.0218329, -0.47341, 0.0398992
stamp: 26319000000
0.452215, -0.0208213, 0.0367884
0.00711056, -0.030425, 0.0461609
-0.025887, -0.00863059, 0.0506618
0.0144279, -0.00394646, 0.0460147
0.0180331, -0.473215, 0.031174
-0.0120822, -0.497877, 0.0353735
-0.0116455, -0.443209, 0.0361469
-0.021737, -0.473288, 0.037063
stamp: 26330000000
0.452277, -0.020207, 0.0362331
0.00750896, -0.0307802, 0.0431633
-0.0252862, -0.00904157, 0.0485375
0.0147053, -0.00415791, 0.0432342
0.0175338, -0.473802, 0.0306326
-0.0127426, -0.498952, 0.0326376
-0.0123017, -0.44386, 0.03533
-0.0226234, -0.474277, 0.0344503
stamp: 26339000000
0.452632, -0.0204155, 0.0367217
0.00795313, -0.0308253, 0.0402025
-0.0247376, -0.00962677, 0.0455423
0.0149719, -0.00416958, 0.0397838
0.0173682, -0.474054, 0.0305146
-0.0127965, -0.499144, 0.0326996
-0.0123908, -0.444221, 0.0352304
-0.0227017, -0.474541, 0.0344487
stamp: 26350000000
0.45265, -0.020671, 0.0372827
0.00828214, -0.0311525, 0.0367209
-0.0248193, -0.00998537, 0.0420206
0.0152029, -0.00442407, 0.0363543
0.0174801, -0.474251, 0.0314419
-0.0128421, -0.499175, 0.0337388
-0.0124253, -0.444217, 0.0361333
-0.0225761, -0.474559, 0.0356895
stamp: 26359000000
0.452647, -0.0207578, 0.0373384
0.00723826, -0.0311195, 0.0345016
-0.0259668, -0.0102372, 0.037385
0.0138331, -0.00444191, 0.0346608
0.0176054, -0.474269, 0.0322084
-0.0128264, -0.499143, 0.0345892
-0.0124076, -0.444229, 0.0366892
-0.0225278, -0.47459, 0.0364096
stamp: 26369000000
0.452575, -0.0207994, 0.0371163
0.00580835, -0.0314781, 0.0333887
-0.0278422, -0.0106549, 0.0351894
0.0120394, -0.00476008, 0.0337519
0.0176635, -0.47435, 0.0322757
-0.0127723, -0.499131, 0.0347226
-0.012282, -0.444172, 0.0367729
-0.0224279, -0.474545, 0.0364622
stamp: 26379000000
0.452525, -0.0208068, 0.036932
0.0053186, -0.0315075, 0.0341225
-0.0284685, -0.0107135, 0.0362691
0.0117117, -0.00490726, 0.0343009
0.0177593, -0.474175, 0.031548
-0.0125454, -0.499045, 0.0340535
-0.0122256, -0.444168, 0.0363633
-0.0222916, -0.474516, 0.0359728
stamp: 26389000000
0.452527, -0.0207933, 0.0369885
0.00524295, -0.0315791, 0.0350068
-0.0283582, -0.0107167, 0.0370809
0.0119704, -0.00491823, 0.0353059
0.0176827, -0.474118, 0.0310036
-0.0124989, -0.499127, 0.0331505
-0.0122732, -0.444172, 0.0358127
-0.0223088, -0.474481, 0.0351411
stamp: 26400000000
0.452514, -0.0207565, 0.0370204
0.00550088, -0.0315107, 0.0354507
-0.0281582, -0.0107226, 0.0374975
0.0121531, -0.00480564, 0.0356554
0.0176234, -0.474091, 0.0309062
-0.0125043, -0.499077, 0.0329717
-0.0122613, -0.444145, 0.0356525
-0.0223752, -0.474452, 0.0349538
stamp: 26409000000
0.452521, -0.0207563, 0.0369698
0.00594371, -0.0315076, 0.0350574
-0.0279968, -0.0107607, 0.0374066
0.0123378, -0.00478314, 0.0354119
0.017664, -0.474112, 0.0311108
-0.0125394, -0.499069, 0.0332758
-0.0122196, -0.444128, 0.0359325
-0.0223942, -0.474469, 0.0353006
stamp: 26419000000
0.452534, -0.0207668, 0.0369837
0.00599457, -0.0314595, 0.0344898
-0.0277837, -0.01064, 0.0368809
0.0124722, -0.004801, 0.0349034
0.0176872, -0.474125, 0.0311384
-0.0125174, -0.499072, 0.0333863
-0.0122567, -0.444156, 0.0360035
-0.0223796, -0.474461, 0.035378
stamp: 26430000000
0.452522, -0.0207783, 0.0370005
0.00597111, -0.0314436, 0.034244
-0.0277813, -0.010706, 0.0365873
0.0123745, -0.00475906, 0.034519
0.0176902, -0.474148, 0.0310379
-0.0125519, -0.499095, 0.0332655
-0.01229, -0.444146, 0.035897
-0.0224038, -0.474451, 0.0352173
stamp: 26439000000
0.452521, -0.0207704, 0.0369981
0.00589856, -0.0314696, 0.0344046
-0.0279243, -0.0106926, 0.0366685
0.0123857, -0.00478754, 0.0347696
0.0176796, -0.474165, 0.0310096
-0.0125513, -0.499095, 0.033219
-0.0122846, -0.444148, 0.0358817
-0.0223981, -0.474463, 0.0351819
stamp: 26450000000
0.452521, -0.0207773, 0.0370016
0.0058378, -0.0314613, 0.0344618
-0.0279948, -0.0105818, 0.0368585
0.0123496, -0.004777, 0.0348388
0.0176728, -0.474164, 0.0310583
-0.0125478, -0.499084, 0.0332621
-0.0122756, -0.444146, 0.0359066
-0.0223939, -0.47446, 0.0352233
stamp: 26459000000
0.452517, -0.0207769, 0.0369856
0.00585169, -0.0314721, 0.0344194
-0.027878, -0.0106671, 0.036693
0.012365, -0.00476827, 0.0347846
0.0176571, -0.474108, 0.0310694
-0.0125511, -0.499096, 0.033227
-0.0123074, -0.444161, 0.0358601
-0.0223963, -0.47446, 0.0351967
stamp: 26469000000
0.452526, -0.0207751, 0.0369831
0.0058893, -0.0314591, 0.0343886
-0.0278257, -0.0106949, 0.0366763
0.0123864, -0.00477023, 0.0347742
0.0176442, -0.474025, 0.0310681
-0.0125456, -0.499098, 0.0332374
-0.0123642, -0.444141, 0.035841
-0.0224093, -0.474471, 0.0352145
stamp: 26479000000
0.452557, -0.0207477, 0.0369186
0.00589693, -0.0314288, 0.0343056
-0.0278646, -0.0107092, 0.03667
0.0123739, -0.00476928, 0.0347846
0.0176263, -0.474076, 0.0310537
-0.0125229, -0.49909, 0.033242
-0.0123131, -0.444139, 0.0358786
-0.0224111, -0.474471, 0.0352152
stamp: 26489000000
0.452521, -0.0207523, 0.036945
0.00588192, -0.0314594, 0.0343972
-0.0278828, -0.0106876, 0.0366878
0.0123699, -0.00477762, 0.0347717
0.0176341, -0.474196, 0.0310728
-0.0125049, -0.499071, 0.0332065
-0.012251, -0.444151, 0.0358587
-0.0224041, -0.474476, 0.035217
stamp: 26499000000
0.452561, -0.020756, 0.0369121
0.00588794, -0.0314641, 0.0343752
-0.0278468, -0.0106753, 0.0366702
0.0122578, -0.00478139, 0.0346263
0.0176845, -0.474056, 0.0310309
-0.012534, -0.499094, 0.0332026
-0.0123336, -0.444143, 0.0358158
-0.0223971, -0.474456, 0.0351914
stamp: 26509000000
0.452549, -0.0207752, 0.0369554
0.00589294, -0.0314345, 0.0343076
-0.0279142, -0.0106717, 0.0366711
0.0123622, -0.00477384, 0.0347561
0.0176234, -0.474131, 0.0310535
-0.012534, -0.499091, 0.0332436
-0.012293, -0.444156, 0.0358846
-0.0224148, -0.474476, 0.0352076
stamp: 26519000000
0.452528, -0.0207555, 0.0369454
0.00586918, -0.0314639, 0.0343868
-0.0279082, -0.0106652, 0.0367031
0.0123744, -0.00477538, 0.0347613
0.0176612, -0.474101, 0.0310541
-0.0125156, -0.499085, 0.0331912
-0.0123526, -0.444153, 0.0358246
-0.0223993, -0.474457, 0.0351622
stamp: 26529000000
0.452536, -0.0207776, 0.036969
0.00590287, -0.0314251, 0.0343078
-0.027904, -0.0107228, 0.0366728
0.0123686, -0.00477782, 0.0347599
0.0176184, -0.474126, 0.0310912
-0.0125323, -0.499096, 0.033238
-0.0122545, -0.444138, 0.03587
-0.022381, -0.474462, 0.0351825
stamp: 26539000000
0.452564, -0.0207387, 0.0368947
0.005865, -0.0314637, 0.034399
-0.0278425, -0.0106785, 0.0366726
0.0123789, -0.00477438, 0.0347656
0.0176727, -0.474102, 0.0310036
-0.0125045, -0.499074, 0.033179
-0.0123284, -0.444135, 0.0358659
-0.0224005, -0.474469, 0.0352123
stamp: 26549000000
0.452528, -0.0207624, 0.0369738
0.00589966, -0.0314284, 0.0343215
-0.0279389, -0.0106689, 0.0366623
0.012378, -0.00477839, 0.0347617
0.0175939, -0.474078, 0.0311011
-0.0125411, -0.499096, 0.0332259
-0.012307, -0.444147, 0.0358115
-0.0224047, -0.474473, 0.0351928
stamp: 26559000000
0.452551, -0.020747, 0.0368859
0.0058755, -0.0314404, 0.0343068
-0.0278527, -0.0107203, 0.0366471
0.0123734, -0.00477796, 0.0347612
0.0176821, -0.474157, 0.0310276
-0.0125056, -0.499078, 0.0331764
-0.0122713, -0.444156, 0.0358728
-0.0224062, -0.474464, 0.0351855
stamp: 26569000000
0.45253, -0.0207708, 0.0369538
0.00588228, -0.0314625, 0.0343889
-0.0279448, -0.0105836, 0.0368234
0.0123689, -0.00477377, 0.0347611
0.0176674, -0.474146, 0.0310416
-0.0125411, -0.499092, 0.0332409
-0.0122776, -0.444136, 0.0358519
-0.0224036, -0.474469, 0.0351995
stamp: 26579000000
0.452565, -0.0207617, 0.0369122
0.0058975, -0.0314711, 0.0343565
-0.0279248, -0.0107209, 0.0366383
0.0123657, -0.00477684, 0.0347414
0.0176094, -0.474053, 0.0310654
-0.0125338, -0.499097, 0.0332155
-0.0123134, -0.444128, 0.0358062
-0.0223999, -0.474459, 0.0351857
stamp: 26589000000
0.45261, -0.0206877, 0.0368293
0.00587785, -0.0314349, 0.0342872
-0.0278918, -0.0106716, 0.0366512
0.0123719, -0.00477123, 0.0347472
0.0176744, -0.474014, 0.0310157
-0.0124951, -0.499071, 0.0331512
-0.0123756, -0.444159, 0.0358106
-0.0224154, -0.474461, 0.0351857
stamp: 26599000000
0.452573, -0.0207404, 0.0368939
0.00587633, -0.0314494, 0.0343749
-0.0278292, -0.0107055, 0.0366586
0.0122557, -0.00478838, 0.0346227
0.0176548, -0.474093, 0.0310204
-0.012549, -0.499085, 0.0331954
-0.0123345, -0.444159, 0.0358218
-0.0224066, -0.47448, 0.0351915
stamp: 26609000000
0.45257, -0.0207473, 0.0368974
0.00587403, -0.0314564, 0.034389
-0.0279221, -0.0106616, 0.0366765
0.0123743, -0.00477332, 0.0347466
0.0176218, -0.474155, 0.0310766
-0.0125608, -0.499096, 0.0332419
-0.0122524, -0.444148, 0.0358039
-0.0224106, -0.474467, 0.0352028
stamp: 26619000000
0.452526, -0.0207654, 0.0369426
0.00588323, -0.0314605, 0.0343808
-0.0279079, -0.0106612, 0.0366837
0.0123748, -0.00477072, 0.0347397
0.017596, -0.474166, 0.0310854
-0.0125424, -0.499094, 0.0332244
-0.0122701, -0.444152, 0.0358321
-0.0224095, -0.474463, 0.0351758
stamp: 26629000000
0.452523, -0.020776, 0.0369465
0.00591263, -0.0314527, 0.0343651
-0.0278797, -0.0107153, 0.0366313
0.0123736, -0.00477388, 0.0347405
0.017578, -0.474142, 0.0311072
-0.0125237, -0.499088, 0.0332193
-0.01229, -0.44415, 0.0358536
-0.0224043, -0.474449, 0.0351743
stamp: 26640000000
0.45255, -0.0207552, 0.0368813
0.0059227, -0.0314293, 0.0342718
-0.0279256, -0.0107118, 0.0366352
0.0122581, -0.00477768, 0.0346172
0.017566, -0.474109, 0.0311129
-0.0125116, -0.499084, 0.0331799
-0.0122943, -0.444161, 0.0358363
-0.0224003, -0.474461, 0.0351818
stamp: 26649000000
0.452523, -0.0207601, 0.0369009
0.00591866, -0.0314157, 0.0342748
-0.0279339, -0.0106827, 0.0366451
0.0123725, -0.0047714, 0.0347367
0.0175776, -0.474072, 0.031115
-0.0124948, -0.499073, 0.033153
-0.0123231, -0.444157, 0.0358205
-0.022406, -0.474464, 0.0351876
stamp: 26659000000
0.452597, -0.0206905, 0.036813
0.00590521, -0.0314216, 0.034261
-0.0278981, -0.0106747, 0.0366621
0.0123696, -0.00477566, 0.0347348
0.0175991, -0.473949, 0.0310437
-0.0124947, -0.499061, 0.0331463
-0.012364, -0.444154, 0.0357901
-0.0223917, -0.474456, 0.0351438
stamp: 26670000000
0.45257, -0.0206936, 0.0368384
0.00590065, -0.0314239, 0.0342688
-0.0278753, -0.0106833, 0.0366329
0.0123687, -0.0047697, 0.0347467
0.0176058, -0.474, 0.0310464
-0.0124843, -0.499077, 0.0331645
-0.0123883, -0.444141, 0.0357907
-0.0224006, -0.474467, 0.0351767
stamp: 26679000000
0.452598, -0.0206862, 0.0368086
0.00591538, -0.0314257, 0.0342593
-0.0278558, -0.010702, 0.0366277
0.0123721, -0.00477417, 0.0347372
0.0176055, -0.474045, 0.0310509
-0.0124861, -0.499075, 0.0331552
-0.0123368, -0.444138, 0.0358412
-0.0224076, -0.474465, 0.0351574
stamp: 26689000000
0.452607, -0.0206857, 0.0368053
0.0059173, -0.0314224, 0.034271
-0.0278479, -0.0107144, 0.036635
0.0123735, -0.00477232, 0.0347323
0.0176375, -0.47412, 0.0310362
-0.0124926, -0.499079, 0.0331704
-0.0122914, -0.444148, 0.0358511
-0.0224026, -0.474453, 0.0351633
stamp: 26700000000
0.452613, -0.0206877, 0.036811
0.00592807, -0.031417, 0.0342847
-0.0278705, -0.0107162, 0.0366314
0.0122602, -0.00477277, 0.0346148
0.0176151, -0.474213, 0.031071
-0.0125016, -0.499095, 0.0331847
-0.0122834, -0.444153, 0.0358561
-0.0224018, -0.474454, 0.0351569
stamp: 26709000000
0.452617, -0.0206911, 0.0368182
0.00590903, -0.0314256, 0.0342943
-0.0278686, -0.0107179, 0.036632
0.0123678, -0.00476557, 0.0347348
0.017621, -0.474129, 0.0310893
-0.0125391, -0.499095, 0.0332304
-0.0123409, -0.444172, 0.0358144
-0.022402, -0.474457, 0.0351634
stamp: 26719000000
0.452624, -0.0206972, 0.0368245
0.00590174, -0.0314525, 0.0343703
-0.027868, -0.010701, 0.0366443
0.0123645, -0.00477366, 0.0347253
0.0176605, -0.474079, 0.0309901
-0.0125537, -0.499103, 0.0332105
-0.0123651, -0.444141, 0.0358318
-0.0224088, -0.474465, 0.0351702
stamp: 26730000000
0.452632, -0.0206919, 0.0368352
0.00588793, -0.0314499, 0.0343898
-0.0278441, -0.0106724, 0.0366594
0.0123551, -0.00476953, 0.034706
0.017723, -0.474103, 0.0309517
-0.012551, -0.499103, 0.0332103
-0.0122776, -0.444153, 0.0358544
-0.0224097, -0.474477, 0.0351937
stamp: 26739000000
0.452569, -0.0207339, 0.0368682
0.00586157, -0.0314354, 0.0342984
-0.0278402, -0.0106731, 0.0366152
0.0123805, -0.00476621, 0.0347315
0.0175812, -0.473977, 0.0310284
-0.0125356, -0.499092, 0.0332
-0.0122459, -0.444167, 0.035816
-0.022404, -0.474481, 0.0351754
stamp: 26750000000
0.452558, -0.0207441, 0.0368583
0.00588987, -0.0314354, 0.0342665
-0.0278735, -0.0106824, 0.0366298
0.0123733, -0.00477658, 0.0347325
0.0176077, -0.474089, 0.0310328
-0.0124809, -0.499067, 0.0331206
-0.0123046, -0.44413, 0.0358111
-0.0223849, -0.474464, 0.0351468
stamp: 26759000000
0.452561, -0.0207526, 0.0368862
0.00591372, -0.0314314, 0.0342731
-0.0279276, -0.0106637, 0.0366465
0.0123667, -0.00477664, 0.0347212
0.0176667, -0.474221, 0.0310164
-0.0125343, -0.499095, 0.0331881
-0.0122816, -0.444157, 0.0358703
-0.0223939, -0.474458, 0.0351584
stamp: 26769000000
0.452582, -0.0207497, 0.0368822
0.00589604, -0.0314578, 0.0343765
-0.0279493, -0.0106644, 0.0366481
0.0122523, -0.00477965, 0.0346143
0.0176927, -0.474037, 0.0310269
-0.0125472, -0.499108, 0.0332053
-0.0123711, -0.444177, 0.0357962
-0.0224206, -0.474474, 0.0351664
stamp: 26779000000
0.452609, -0.0206979, 0.036815
0.00585767, -0.0314372, 0.0343025
-0.0279012, -0.0107011, 0.0366243
0.0123647, -0.00476927, 0.0347255
0.0176306, -0.474099, 0.0310159
-0.012537, -0.499102, 0.0332109
-0.0122547, -0.444155, 0.0358273
-0.0224196, -0.474478, 0.0351829
stamp: 26789000000
0.452568, -0.0207474, 0.0368755
0.00590252, -0.0314187, 0.0342592
-0.0278472, -0.0107355, 0.0366266
0.0123742, -0.00476185, 0.0347305
0.0176378, -0.474125, 0.0310396
-0.0125069, -0.499069, 0.0331571
-0.0122928, -0.444157, 0.0357915
-0.022405, -0.474465, 0.0351515
stamp: 26800000000
0.452622, -0.0207002, 0.0368129
0.00588774, -0.0314519, 0.034367
-0.027898, -0.0106625, 0.036653
0.0122627, -0.00477426, 0.0346025
0.017708, -0.474032, 0.0309667
-0.0125271, -0.499099, 0.0332007
-0.0122897, -0.444152, 0.0358491
-0.022396, -0.47447, 0.0351713
stamp: 26809000000
0.452571, -0.0207272, 0.0368487
0.005879, -0.031453, 0.0343588
-0.0278969, -0.010643, 0.0366411
0.0123618, -0.00477167, 0.0347034
0.0175985, -0.474104, 0.0310587
-0.0125259, -0.499098, 0.0332039
-0.0122949, -0.444172, 0.0357925
-0.0224161, -0.474478, 0.0351724
stamp: 26819000000
0.452626, -0.0206993, 0.0368237
0.00591451, -0.0314218, 0.0342635
-0.0279277, -0.0107198, 0.0366358
0.0123719, -0.00477332, 0.0347293
0.017706, -0.474113, 0.0309396
-0.0125, -0.499084, 0.0331561
-0.0122818, -0.44415, 0.0358305
-0.0223944, -0.47446, 0.0351292
stamp: 26829000000
0.452616, -0.0206916, 0.0367993
0.00589249, -0.0314437, 0.0343734
-0.0278639, -0.0106863, 0.0366383
0.0123603, -0.0047672, 0.0347122
0.0175915, -0.474057, 0.031061
-0.0125553, -0.499099, 0.0331926
-0.0123619, -0.444169, 0.0357694
-0.0223937, -0.474459, 0.0351479
stamp: 26839000000
0.452539, -0.0207633, 0.0369117
0.00585507, -0.0314297, 0.0342844
-0.0278921, -0.0106618, 0.0366266
0.0122591, -0.00474012, 0.0345476
0.0176791, -0.474178, 0.0309629
-0.0125173, -0.499062, 0.0331362
-0.0122225, -0.444143, 0.0358154
-0.0223863, -0.474454, 0.0351454
stamp: 26849000000
0.452565, -0.0207438, 0.0368849
0.00588291, -0.0314425, 0.034362
-0.0279337, -0.0107037, 0.0366354
0.0123765, -0.00472516, 0.034695
0.017581, -0.473928, 0.0309847
-0.0125265, -0.499095, 0.0331859
-0.0123701, -0.444137, 0.0358052
-0.0223825, -0.474459, 0.0351432
stamp: 26859000000
0.45257, -0.0207529, 0.0368774
0.00588222, -0.0314491, 0.0343409
-0.0278443, -0.0106675, 0.0366018
0.012375, -0.00471388, 0.0346908
0.0176266, -0.474143, 0.0309802
-0.0125402, -0.499078, 0.0331636
-0.0122337, -0.444153, 0.0358101
-0.0223916, -0.474462, 0.0351408
stamp: 26870000000
0.452562, -0.0207473, 0.0368691
0.00590658, -0.0314479, 0.0343391
-0.0279413, -0.0106855, 0.0366238
0.0123778, -0.00476416, 0.0347299
0.0176195, -0.474092, 0.0310303
-0.0125476, -0.499095, 0.0331768
-0.0122779, -0.444147, 0.0358402
-0.0223988, -0.474458, 0.0351327
stamp: 26879000000
0.452567, -0.0207663, 0.0368688
0.00586956, -0.0314562, 0.0343572
-0.027823, -0.0107056, 0.0366181
0.0122553, -0.0047417, 0.0345564
0.0176645, -0.474073, 0.0309765
-0.0125545, -0.499093, 0.0331474
-0.0123402, -0.444162, 0.0357358
-0.0224199, -0.474469, 0.0351621
stamp: 26889000000
0.452615, -0.020693, 0.036804
0.00589008, -0.0314502, 0.0343338
-0.0279178, -0.0106585, 0.0366453
0.0123756, -0.00475842, 0.0347165
0.0175826, -0.474163, 0.0310447
-0.0125214, -0.499094, 0.0331753
-0.0122776, -0.444155, 0.0358367
-0.0223936, -0.474458, 0.0351498
stamp: 26900000000
0.452558, -0.0207606, 0.0368706
0.00586856, -0.0314202, 0.0342803
-0.0278558, -0.0107237, 0.036615
0.0123603, -0.00475837, 0.0347046
0.0177211, -0.474081, 0.0309327
-0.0125014, -0.499075, 0.0331295
-0.0122126, -0.444147, 0.035804
-0.022392, -0.474463, 0.0351282
stamp: 26909000000
0.452561, -0.0207375, 0.03684
0.00587666, -0.0314494, 0.0343533
-0.0279214, -0.0106638, 0.0366549
0.012385, -0.00472944, 0.0347007
0.0176423, -0.47409, 0.0309953
-0.0125444, -0.499101, 0.0331969
-0.0123724, -0.444137, 0.035794
-0.0223946, -0.474462, 0.0351324
stamp: 26919000000
0.452577, -0.0207503, 0.0368668
0.00584921, -0.0314302, 0.0342593
-0.0278722, -0.0107241, 0.0366231
0.0122605, -0.0047354, 0.0345477
0.0175842, -0.47404, 0.0310872
-0.0124735, -0.499073, 0.0331041
-0.012283, -0.444151, 0.0357938
-0.0224037, -0.47447, 0.0351413
stamp: 26929000000
0.452577, -0.0207577, 0.0368737
0.0058893, -0.0314316, 0.0343775
-0.027917, -0.0106371, 0.0366713
0.0123597, -0.00475789, 0.0347126
0.0176896, -0.474189, 0.0309622
-0.0125575, -0.499105, 0.0331943
-0.0122715, -0.444149, 0.0358471
-0.0223926, -0.474468, 0.0351472
stamp: 26939000000
0.452611, -0.0206965, 0.0367925
0.00592549, -0.031423, 0.0342541
-0.0278622, -0.0107413, 0.0366131
0.0123828, -0.00472047, 0.0346854
0.0176602, -0.474141, 0.0310015
-0.0125304, -0.499107, 0.0331712
-0.012291, -0.444148, 0.0358314
-0.0223821, -0.47445, 0.0350965
stamp: 26950000000
0.452587, -0.0207428, 0.0368583
0.00587053, -0.0314544, 0.0343404
-0.0278892, -0.0106518, 0.0366184
0.0123662, -0.00476619, 0.0347054
0.0176184, -0.473999, 0.0310466
-0.0125133, -0.499086, 0.033142
-0.0123045, -0.444131, 0.0357774
-0.0223902, -0.47447, 0.0351246
stamp: 26959000000
0.452625, -0.0207072, 0.0368091
0.00586703, -0.0314424, 0.0343517
-0.027869, -0.01068, 0.0366022
0.0122617, -0.00475877, 0.0345947
0.0176818, -0.474056, 0.0309552
-0.0125521, -0.499098, 0.033177
-0.0123697, -0.44418, 0.0357645
-0.0223975, -0.474471, 0.0351423
stamp: 26970000000
0.452564, -0.0207376, 0.0368319
0.00590641, -0.0314139, 0.0342707
-0.0279303, -0.0107066, 0.0365958
0.0123707, -0.00476515, 0.034689
0.0176031, -0.474151, 0.0310243
-0.0125221, -0.499099, 0.0331572
-0.0122905, -0.444162, 0.0358313
-0.0224068, -0.474466, 0.0351119
stamp: 26979000000
0.452617, -0.0207057, 0.0368033
0.00587556, -0.0314512, 0.0343469
-0.027876, -0.010639, 0.0366424
0.0123675, -0.00476065, 0.034703
0.0175938, -0.474189, 0.0310514
-0.0125196, -0.499078, 0.033154
-0.0122068, -0.444144, 0.0357997
-0.0223976, -0.474476, 0.0351382
stamp: 26989000000
0.452562, -0.0207621, 0.0368567
0.00588479, -0.0314452, 0.0343511
-0.0278725, -0.010709, 0.0366345
0.0122613, -0.00476952, 0.0345847
0.0177069, -0.473987, 0.0309243
-0.0125396, -0.499094, 0.0331819
-0.0122779, -0.444147, 0.0358289
-0.0223932, -0.474465, 0.0351351
stamp: 27000000000
0.452632, -0.0206978, 0.0367931
0.00592453, -0.0314171, 0.0342518
-0.0279535, -0.0106864, 0.0365986
0.0122551, -0.00472589, 0.0345312
0.0177029, -0.474064, 0.0308954
-0.0125619, -0.499105, 0.0331474
-0.0122943, -0.444153, 0.035821
-0.0223996, -0.474456, 0.0351101
stamp: 27009000000
0.452628, -0.0206873, 0.0367827
0.00585607, -0.0314252, 0.0342719
-0.0278726, -0.0106675, 0.0366159
0.0123687, -0.00476255, 0.034722
0.0176358, -0.474101, 0.0309932
-0.0124789, -0.499065, 0.0331088
-0.012315, -0.444139, 0.035796
-0.022411, -0.474466, 0.0351299
stamp: 27019000000
0.452633, -0.0207063, 0.0367936
0.00589645, -0.0314359, 0.0343708
-0.0278373, -0.0106908, 0.0366578
0.0122546, -0.00477021, 0.0345573
0.0176048, -0.474103, 0.0310446
-0.0125331, -0.499103, 0.0331857
-0.0123418, -0.444138, 0.0357467
-0.0224279, -0.474472, 0.0351468
stamp: 27029000000
0.452642, -0.0207013, 0.036792
0.00587836, -0.0314493, 0.0343506
-0.0279638, -0.0106757, 0.0366023
0.0122443, -0.00477319, 0.0345507
0.017607, -0.474, 0.0310486
-0.0125423, -0.499099, 0.0331821
-0.0124014, -0.444164, 0.0357447
-0.0224119, -0.474463, 0.0351335
stamp: 27040000000
0.45263, -0.0207052, 0.0368001
0.00592703, -0.0314125, 0.0342497
-0.0279174, -0.0106672, 0.0366322
0.012374, -0.00475943, 0.0347069
0.0176884, -0.474011, 0.0309684
-0.0125391, -0.499108, 0.0331727
-0.0123724, -0.444181, 0.0357558
-0.0223912, -0.474453, 0.0350952
stamp: 27050000000
0.452583, -0.0207165, 0.036835
0.00585696, -0.0314273, 0.0342595
-0.0278362, -0.01068, 0.0365623
0.0122649, -0.00476625, 0.034587
0.0176648, -0.474066, 0.030971
-0.0124915, -0.499072, 0.0330954
-0.0123383, -0.444161, 0.0357704
-0.0224088, -0.474453, 0.0351246
stamp: 27059000000
0.452617, -0.0206955, 0.0367775
0.00586897, -0.0314315, 0.0342772
-0.0278628, -0.0107154, 0.0366364
0.012247, -0.00477036, 0.0345673
0.0176266, -0.474115, 0.0310189
-0.0125418, -0.499079, 0.0331419
-0.0122483, -0.44416, 0.0357796
-0.0224153, -0.474477, 0.0351326
stamp: 27070000000
0.452623, -0.020687, 0.0367841
0.00588887, -0.0314388, 0.0343642
-0.0279465, -0.01065, 0.0366368
0.012252, -0.00475964, 0.0345784
0.0176147, -0.474151, 0.031055
-0.0125441, -0.499092, 0.0331979
-0.0122484, -0.444152, 0.0357808
-0.0224228, -0.47447, 0.0351506
stamp: 27079000000
0.45259, -0.0207431, 0.0368529
0.00587368, -0.0314413, 0.034346
-0.027948, -0.010657, 0.0366378
0.0122503, -0.0047637, 0.0345831
0.0175944, -0.474158, 0.0310562
-0.0125313, -0.499114, 0.0331701
-0.012289, -0.444159, 0.0357984
-0.0223957, -0.474467, 0.035127
stamp: 27089000000
0.452628, -0.0207097, 0.0368078
0.00591501, -0.0314426, 0.034321
-0.0278826, -0.0106708, 0.0366305
0.012256, -0.00471686, 0.034537
0.0175608, -0.474129, 0.0310565
-0.0125379, -0.499093, 0.0331636
-0.0122961, -0.44416, 0.0358153
-0.0223997, -0.474451, 0.0351138
stamp: 27100000000
0.452635, -0.0206983, 0.0367795
0.00591395, -0.0314044, 0.034249
-0.0278468, -0.0107236, 0.0365917
0.0123702, -0.00475026, 0.0347003
0.0175498, -0.474077, 0.0310872
-0.0125263, -0.499087, 0.0331491
-0.012297, -0.444164, 0.0358113
-0.0224013, -0.474449, 0.0350849
stamp: 27109000000
0.452639, -0.0206946, 0.03678
0.00587051, -0.0314222, 0.0342709
-0.0278995, -0.0107324, 0.0366182
0.0122634, -0.00472893, 0.0345336
0.0175706, -0.473941, 0.0309985
-0.012483, -0.499094, 0.0331371
-0.012309, -0.444158, 0.0358099
-0.0223935, -0.474459, 0.0350983
stamp: 27119000000
0.452636, -0.0206848, 0.036781
0.00584906, -0.0314153, 0.0342636
-0.0279268, -0.0106783, 0.0365532
0.0122383, -0.00476449, 0.0345438
0.0176308, -0.47392, 0.0309757
-0.0124686, -0.499061, 0.0330758
-0.0123253, -0.444172, 0.0357937
-0.0223903, -0.474466, 0.0351086
stamp: 27130000000
0.452636, -0.0206987, 0.0367798
0.00587406, -0.0314453, 0.0343421
-0.0278954, -0.010656, 0.0366075
0.0122442, -0.00477777, 0.0345442
0.0176589, -0.473918, 0.030941
-0.0125196, -0.499082, 0.0331056
-0.0123432, -0.444165, 0.0357412
-0.0224127, -0.474472, 0.0351269
stamp: 27139000000
0.452624, -0.0206951, 0.0367875
0.00588798, -0.0314367, 0.0343654
-0.0278854, -0.0106171, 0.0366613
0.0122356, -0.00476872, 0.0345391
0.0176934, -0.474001, 0.0309479
-0.0125357, -0.499095, 0.0331561
-0.0123365, -0.44415, 0.0357012
-0.0223926, -0.474463, 0.0351159
stamp: 27150000000
0.452625, -0.0206916, 0.0367813
0.0058945, -0.0314471, 0.0343651
-0.0278783, -0.0106384, 0.0366649
0.0122438, -0.00477576, 0.0345496
0.0176907, -0.47402, 0.0309371
-0.0125501, -0.499112, 0.0331758
-0.0123312, -0.444129, 0.0357303
-0.0224282, -0.474485, 0.0351302
stamp: 27159000000
0.452621, -0.0206865, 0.0367745
0.00588555, -0.0314326, 0.0343715
-0.0278663, -0.0106435, 0.0366433
0.0123547, -0.00476671, 0.0346818
0.0177059, -0.474022, 0.0309305
-0.0125539, -0.499112, 0.0331765
-0.0122913, -0.444122, 0.0357745
-0.0224022, -0.474468, 0.0351215
stamp: 27169000000
0.452623, -0.0206887, 0.0367697
0.00589463, -0.0314422, 0.0343698
-0.0278449, -0.0106975, 0.0366015
0.0122616, -0.00477473, 0.0345657
0.0176977, -0.474024, 0.0309091
-0.0125595, -0.499111, 0.0331784
-0.0122512, -0.44415, 0.0357874
-0.0224039, -0.474476, 0.0351229
stamp: 27179000000
0.452621, -0.020692, 0.0367703
0.00587673, -0.0314329, 0.0343507
-0.0278701, -0.0107124, 0.0366349
0.0122359, -0.00476669, 0.0345581
0.0177293, -0.474052, 0.0308954
-0.0125464, -0.499097, 0.0331775
-0.0122238, -0.444157, 0.0357862
-0.0224193, -0.474483, 0.035148
stamp: 27189000000
0.452627, -0.0206882, 0.0367526
0.00587825, -0.0314405, 0.0343535
-0.027897, -0.0107223, 0.0366461
0.012248, -0.00476986, 0.0345609
0.0177243, -0.474103, 0.0309433
-0.0125469, -0.499107, 0.0331784
-0.0122292, -0.444158, 0.0357867
-0.0224247, -0.47448, 0.0351485
stamp: 27200000000
0.452622, -0.0206833, 0.0367695
0.00587659, -0.0314385, 0.0343443
-0.0279256, -0.0107032, 0.0366503
0.0122475, -0.00476141, 0.0345641
0.0176438, -0.474066, 0.0309409
-0.0125417, -0.499091, 0.0331725
-0.0122203, -0.444152, 0.035799
-0.0223972, -0.47446, 0.0351255
stamp: 27209000000
0.452622, -0.0206845, 0.0367702
0.00588274, -0.0314367, 0.0343489
-0.0279394, -0.0106881, 0.0366381
0.0122654, -0.00472373, 0.0345476
0.0175944, -0.473964, 0.0309837
-0.0125478, -0.499107, 0.0331596
-0.012229, -0.444161, 0.0357784
-0.0224179, -0.474486, 0.0351475
stamp: 27219000000
0.452625, -0.0206957, 0.0367758
0.00587852, -0.0314399, 0.0343517
-0.0279516, -0.0106911, 0.0366306
0.0122616, -0.00476147, 0.0345906
0.0175959, -0.473899, 0.0309805
-0.0125423, -0.499091, 0.0331735
-0.0123024, -0.444174, 0.0356926
-0.0223962, -0.474461, 0.0351214
stamp: 27229000000
0.45263, -0.0206892, 0.0367731
0.00588213, -0.031437, 0.0343549
-0.0279478, -0.0106753, 0.0366383
0.0122595, -0.00476544, 0.034588
0.017571, -0.474006, 0.0310111
-0.0125445, -0.49911, 0.0331822
-0.0123147, -0.44413, 0.0357602
-0.0224066, -0.474478, 0.0351219
stamp: 27240000000
0.452617, -0.0206892, 0.0367805
0.0058787, -0.0314468, 0.034353
-0.0279508, -0.0106738, 0.0366295
0.0122464, -0.00476698, 0.0345684
0.0176032, -0.474085, 0.0309997
-0.0125437, -0.499098, 0.0331728
-0.0122273, -0.444136, 0.0357811
-0.0224238, -0.474478, 0.0351256
stamp: 27250000000
0.452628, -0.0206905, 0.0367786
0.00588871, -0.0314407, 0.0343555
-0.0279331, -0.0106609, 0.0366306
0.0122487, -0.00476409, 0.0345639
0.0176462, -0.474193, 0.031002
-0.0125512, -0.499102, 0.0331847
-0.0122312, -0.444137, 0.0357948
-0.0224059, -0.474465, 0.0351135
stamp: 27259000000
0.452617, -0.0206994, 0.0367786
0.00589006, -0.0314496, 0.0343634
-0.0279192, -0.0106797, 0.0366176
0.0122442, -0.00476443, 0.0345584
0.0176002, -0.474204, 0.0310339
-0.0125444, -0.499099, 0.0331993
-0.0122529, -0.444133, 0.0358029
-0.0224173, -0.474482, 0.0351443
stamp: 27270000000
0.452626, -0.020693, 0.0367888
0.00588958, -0.0314381, 0.0343485
-0.027894, -0.0107063, 0.0366054
0.0122474, -0.00476468, 0.0345448
0.0176332, -0.474112, 0.0310157
-0.0125736, -0.499105, 0.0331903
-0.0123569, -0.444171, 0.0357451
-0.0224001, -0.474466, 0.0351072
stamp: 27279000000
0.452615, -0.0207022, 0.0367941
0.00586866, -0.0314313, 0.0342756
-0.0278829, -0.0107207, 0.0365877
0.0122392, -0.00476962, 0.0345425
0.017661, -0.474068, 0.0309324
-0.0125544, -0.499093, 0.0331449
-0.0123746, -0.444131, 0.0358031
-0.0223919, -0.474471, 0.0351161
stamp: 27289000000
0.452628, -0.0206955, 0.0367874
0.00585126, -0.0314117, 0.0342437
-0.027875, -0.0107298, 0.0366146
0.0122426, -0.00475892, 0.0345558
0.0177157, -0.474069, 0.0308762
-0.012521, -0.499068, 0.0330963
-0.0123041, -0.444149, 0.0358115
-0.0224225, -0.474462, 0.0351322
stamp: 27300000000
0.452616, -0.0207002, 0.0367609
0.00587885, -0.0314201, 0.0342417
-0.0278527, -0.0107429, 0.0366063
0.0122563, -0.00471965, 0.0345371
0.0176414, -0.47405, 0.030946
-0.0124677, -0.499057, 0.0330736
-0.0122748, -0.444157, 0.0358236
-0.0224026, -0.47445, 0.0351098
stamp: 27309000000
0.452626, -0.0206818, 0.0367665
0.00592781, -0.0314205, 0.0342523
-0.0278357, -0.0107283, 0.0365838
0.0122602, -0.00476232, 0.0345754
0.0175704, -0.474029, 0.0310524
-0.0125042, -0.499087, 0.0331267
-0.0123414, -0.44416, 0.0357529
-0.022423, -0.474456, 0.0351166
stamp: 27319000000
0.452644, -0.0206911, 0.0367749
0.00589218, -0.0314519, 0.0343362
-0.0278552, -0.0106867, 0.0365855
0.012365, -0.00475988, 0.0346875
0.0176112, -0.474101, 0.0310223
-0.0125315, -0.499104, 0.0331492
-0.0123513, -0.444122, 0.0357715
-0.0223987, -0.474445, 0.0350711
stamp: 27330000000
0.452641, -0.0206838, 0.0367867
0.00586985, -0.0314522, 0.0343364
-0.0278978, -0.0106579, 0.0366244
0.0122655, -0.00472303, 0.0345355
0.0176685, -0.47415, 0.0309602
-0.0125478, -0.499096, 0.0331858
-0.0122164, -0.444152, 0.0357921
-0.0223903, -0.474455, 0.0351038
stamp: 27339000000
0.452636, -0.0207043, 0.03678
0.00588086, -0.0314373, 0.0343602
-0.0278956, -0.010626, 0.0366723
0.0122402, -0.00476817, 0.0345451
0.0176222, -0.474172, 0.0309738
-0.0125764, -0.499097, 0.0331639
-0.0122398, -0.444134, 0.0357883
-0.0223983, -0.474469, 0.0351259
stamp: 27350000000
0.45263, -0.0207024, 0.0368013
0.00588359, -0.0314376, 0.0343571
-0.0278886, -0.0106477, 0.0366169
0.012252, -0.00476116, 0.0345697
0.0177005, -0.474017, 0.0309707
-0.0125651, -0.499105, 0.0331575
-0.0124006, -0.444174, 0.035722
-0.022396, -0.474478, 0.0351096
stamp: 27359000000
0.452625, -0.0206968, 0.0367699
0.00586541, -0.0314143, 0.0342438
-0.0279292, -0.0106705, 0.0365795
0.0122514, -0.00475558, 0.0345679
0.0175902, -0.473999, 0.0309708
-0.0125417, -0.499093, 0.0331508
-0.0123025, -0.444153, 0.03581
-0.022431, -0.474468, 0.0351301
stamp: 27369000000
0.452634, -0.020692, 0.0367648
0.00591224, -0.0314196, 0.0342384
-0.0279674, -0.0107011, 0.0365562
0.0122498, -0.00476879, 0.0345657
0.0176136, -0.474212, 0.0309962
-0.0124745, -0.499065, 0.0330765
-0.0122803, -0.444153, 0.0358233
-0.0223985, -0.474457, 0.0351082
stamp: 27379000000
0.452633, -0.020693, 0.0367841
0.00588691, -0.0314496, 0.0343397
-0.0279269, -0.0107258, 0.0366233
0.0122535, -0.00477139, 0.0345562
0.0176392, -0.474108, 0.0310181
-0.0125543, -0.499088, 0.0331419
-0.012344, -0.444172, 0.035685
-0.0223985, -0.474452, 0.0351052
stamp: 27389000000
0.452622, -0.0207036, 0.0367887
0.00587238, -0.0314364, 0.0343417
-0.0278482, -0.0106956, 0.0366129
0.0122537, -0.00475893, 0.0345641
0.0176916, -0.47404, 0.0308753
-0.0125494, -0.499105, 0.0331497
-0.0122533, -0.444128, 0.0357844
-0.0223906, -0.474453, 0.0350919
