total_removed_points: 0     
pick_probability: 0      
stamp: 9000000
0.00847766, 0.000312882, 0.0377177
0.507987, -0.0285434, 0.0347669
0.537897, -0.00336047, 0.0356923
0.507463, 0.0263177, 0.0364708
0.498032, -0.00388766, 0.0352475
stamp: 20000000
0.00847263, 0.000311935, 0.0377115
0.507989, -0.0285365, 0.0347661
0.537901, -0.00335677, 0.0356896
0.507461, 0.0263204, 0.0364724
0.498039, -0.00388892, 0.0352526
stamp: 30000000
0.00838195, 0.000390986, 0.0376586
0.507985, -0.0285332, 0.03477
0.537898, -0.003362, 0.0356959
0.507423, 0.0263305, 0.0365226
0.49802, -0.00389795, 0.0352044
stamp: 40000000
0.00842908, 0.000297734, 0.0377357
0.507984, -0.0285376, 0.0347576
0.537982, -0.00330688, 0.0355704
0.507465, 0.0263179, 0.0364823
0.498036, -0.00388245, 0.0352472
stamp: 50000000
0.0084746, 0.000310174, 0.0377209
0.507984, -0.0285277, 0.0347765
0.537985, -0.00331104, 0.0355501
0.507476, 0.026316, 0.0364718
0.498067, -0.00389925, 0.0352727
stamp: 60000000
0.00838596, 0.000387889, 0.0376525
0.507945, -0.0284446, 0.0347777
0.537904, -0.00335552, 0.0356732
0.507476, 0.0263203, 0.0364719
0.498036, -0.00387701, 0.0352439
stamp: 70000000
0.00847586, 0.000325426, 0.0377111
0.507899, -0.0284862, 0.0346915
0.537979, -0.00331, 0.0355647
0.507421, 0.0263289, 0.0365098
0.498031, -0.00388968, 0.0352407
stamp: 80000000
0.00848162, 0.000319428, 0.0377216
0.507982, -0.0285378, 0.0347634
0.53799, -0.00330087, 0.0355624
0.50746, 0.0263234, 0.0364953
0.498038, -0.00388309, 0.0352367
stamp: 90000000
0.00843726, 0.000286819, 0.0377303
0.507852, -0.0284172, 0.034709
0.537902, -0.00335549, 0.0356707
0.507474, 0.0263181, 0.0364759
0.498032, -0.00388708, 0.0352435
stamp: 100000000
0.00847123, 0.000313601, 0.0377093
0.507947, -0.0284432, 0.0347778
0.537976, -0.00330504, 0.0355737
0.507468, 0.026318, 0.0364783
0.498036, -0.00388299, 0.0352504
stamp: 110000000
0.00835019, 0.000371878, 0.0376755
0.507892, -0.0284907, 0.0346951
0.537905, -0.00335142, 0.0356734
0.507472, 0.0263247, 0.036473
0.498037, -0.00388119, 0.0352448
stamp: 120000000
0.00842515, 0.00028711, 0.0377271
0.507981, -0.0285387, 0.0347791
0.537976, -0.00331194, 0.0355692
0.507471, 0.02632, 0.0364708
0.498059, -0.00389808, 0.0352754
stamp: 130000000
0.00842964, 0.000290612, 0.0377304
0.507986, -0.0285419, 0.034775
0.537904, -0.00335153, 0.0356811
0.507465, 0.026317, 0.0364662
0.498036, -0.00388391, 0.0352515
stamp: 140000000
0.00842439, 0.000304083, 0.0377256
0.507981, -0.0285356, 0.034774
0.537903, -0.00336029, 0.0356962
0.507465, 0.0263202, 0.0364823
0.498033, -0.00388236, 0.0352345
stamp: 150000000
0.00843201, 0.000302222, 0.0377234
0.507983, -0.0285351, 0.034787
0.537984, -0.00330934, 0.0355653
0.507469, 0.0263191, 0.0364702
0.498036, -0.00388147, 0.035256
stamp: 159000000
0.00834337, 0.00035648, 0.0376606
0.507982, -0.0285422, 0.0347742
0.537901, -0.00335136, 0.0356705
0.507464, 0.0263081, 0.036478
0.49803, -0.00388483, 0.0352438
stamp: 170000000
0.00843002, 0.000294213, 0.0377241
0.507987, -0.0285326, 0.0347642
0.537979, -0.00330816, 0.0355654
0.507468, 0.0263154, 0.0364898
0.498035, -0.00388033, 0.0352542
stamp: 179000000
0.00843812, 0.000290594, 0.0377324
0.507987, -0.0285377, 0.0347793
0.537982, -0.00330573, 0.0355533
0.507468, 0.0263224, 0.0364764
0.49804, -0.00388976, 0.0352461
stamp: 190000000
0.00847161, 0.00031039, 0.0377231
0.507979, -0.0285351, 0.0347736
0.537984, -0.00330499, 0.0355603
0.507469, 0.0263207, 0.0364686
0.498032, -0.00388784, 0.0352468
stamp: 200000000
0.0084811, 0.000305992, 0.0377221
0.507861, -0.0284009, 0.034709
0.537982, -0.00331076, 0.0355585
0.507459, 0.0263192, 0.0364757
0.498038, -0.00388009, 0.0352473
stamp: 209000000
0.00843489, 0.000301133, 0.0377331
0.507942, -0.0284402, 0.0347762
0.537903, -0.00335211, 0.0356793
0.507473, 0.0263124, 0.0364796
0.498064, -0.00389789, 0.0352713
stamp: 220000000
0.00847542, 0.000307117, 0.0377188
0.507995, -0.0285374, 0.034769
0.537902, -0.00335908, 0.035692
0.507464, 0.0263198, 0.0364688
0.498035, -0.00388486, 0.0352443
stamp: 230000000
0.00847683, 0.000315178, 0.0377043
0.507945, -0.0284482, 0.0347747
0.53798, -0.00330996, 0.0355705
0.507464, 0.0263212, 0.0364713
0.498034, -0.00388319, 0.0352476
stamp: 240000000
0.00847494, 0.000317365, 0.037706
0.507943, -0.0284472, 0.0347812
0.537904, -0.00335577, 0.0356693
0.507461, 0.0263199, 0.036471
0.498028, -0.00387774, 0.0352476
stamp: 250000000
0.00847765, 0.000314145, 0.0377144
0.50789, -0.028485, 0.0347036
0.537897, -0.00335826, 0.0356921
0.507468, 0.0263141, 0.0364748
0.498036, -0.00388796, 0.0352403
stamp: 260000000
0.00843062, 0.000294862, 0.0377239
0.507978, -0.0285385, 0.0347647
0.53798, -0.00330916, 0.0355746
0.507466, 0.0263177, 0.0364752
0.498042, -0.00387947, 0.0352489
stamp: 270000000
0.0084327, 0.000286762, 0.037729
0.507946, -0.0284446, 0.0347704
0.537908, -0.00335686, 0.0356801
0.507464, 0.0263112, 0.0364778
0.498033, -0.00388412, 0.0352482
stamp: 280000000
0.00847714, 0.000311695, 0.037711
0.507987, -0.0285285, 0.0347844
0.53798, -0.00330498, 0.0355691
0.507415, 0.0263297, 0.0365204
0.498037, -0.00388808, 0.035251
stamp: 290000000
0.00843677, 0.000294009, 0.0377162
0.507989, -0.0285396, 0.0347712
0.537899, -0.00335406, 0.0356739
0.507454, 0.0263284, 0.0364848
0.498064, -0.00390306, 0.035268
stamp: 300000000
0.00834295, 0.00035707, 0.0376583
0.507987, -0.0285425, 0.0347659
0.537979, -0.00331036, 0.0355722
0.507472, 0.0263134, 0.036477
0.498041, -0.00388849, 0.0352496
stamp: 310000000
0.00838211, 0.000387561, 0.037654
0.507944, -0.0284462, 0.0347863
0.537987, -0.0033056, 0.0355484
0.50747, 0.026314, 0.0364775
0.498064, -0.00390424, 0.0352722
stamp: 320000000
0.00847526, 0.000320116, 0.0377124
0.507945, -0.0284396, 0.034784
0.537987, -0.00331143, 0.0355594
0.507474, 0.0263192, 0.036477
0.498072, -0.00390585, 0.035263
stamp: 330000000
0.00847936, 0.000314115, 0.0377159
0.507948, -0.02844, 0.0347799
0.537987, -0.00331023, 0.0355461
0.507467, 0.0263185, 0.0364781
0.49804, -0.00387952, 0.0352358
stamp: 340000000
0.00843059, 0.000288629, 0.0377306
0.507991, -0.0285295, 0.0347727
0.537983, -0.00330974, 0.035573
0.507471, 0.0263201, 0.0364789
0.498067, -0.00389816, 0.0352705
stamp: 350000000
0.00847442, 0.000313578, 0.0377158
0.5079, -0.0284953, 0.0347092
0.537905, -0.00335162, 0.0356867
0.507466, 0.0263269, 0.0364818
0.498068, -0.00390553, 0.035267
stamp: 360000000
0.00842662, 0.000294286, 0.0377187
0.507989, -0.0285356, 0.0347779
0.53798, -0.00330237, 0.0355751
0.507464, 0.0263117, 0.0364807
0.498031, -0.00388726, 0.0352494
stamp: 370000000
0.00846462, 0.000309005, 0.0377086
0.507984, -0.028534, 0.0347694
0.537907, -0.00335286, 0.0356781
0.50747, 0.0263171, 0.0364769
0.498068, -0.00390176, 0.0352781
stamp: 379000000
0.00839153, 0.000386533, 0.0376627
0.507982, -0.028542, 0.0347754
0.537985, -0.00331012, 0.0355691
0.50747, 0.026311, 0.0364714
0.498046, -0.00388618, 0.0352461
stamp: 390000000
0.00842793, 0.000299459, 0.0377239
0.507986, -0.0285343, 0.0347745
0.537988, -0.00330779, 0.0355665
0.507462, 0.0263152, 0.0364806
0.498046, -0.00389522, 0.0352386
stamp: 399000000
0.00847625, 0.000311204, 0.0377157
0.507984, -0.0285286, 0.0347775
0.537981, -0.00330907, 0.035563
0.507477, 0.0263159, 0.0364789
0.498033, -0.00389258, 0.0352395
stamp: 409000000
0.00835881, 0.000358042, 0.0376845
0.507991, -0.0285286, 0.0347772
0.537904, -0.00335643, 0.0356936
0.507462, 0.0263101, 0.036468
0.498037, -0.00388666, 0.0352475
stamp: 420000000
0.00842452, 0.000304024, 0.0377429
0.507986, -0.0285387, 0.034775
0.537977, -0.00331202, 0.0355745
0.507415, 0.0263318, 0.0365323
0.498067, -0.00390498, 0.0352654
stamp: 429000000
0.00834672, 0.000371546, 0.037662
0.507983, -0.0285418, 0.0347774
0.537985, -0.00331367, 0.0355595
0.507463, 0.0263218, 0.0364871
0.498046, -0.00388675, 0.0352523
stamp: 439000000
0.00847007, 0.000312725, 0.0377116
0.507984, -0.0285388, 0.0347858
0.537909, -0.00335312, 0.0356702
0.507413, 0.0263314, 0.0365205
0.498034, -0.00388222, 0.0352519
stamp: 450000000
0.00848035, 0.000303677, 0.0377195
0.507894, -0.028494, 0.0347094
0.537982, -0.00331446, 0.0355763
0.507456, 0.0263296, 0.0364953
0.49804, -0.00388288, 0.0352512
stamp: 460000000
0.00843694, 0.000286082, 0.0377326
0.50799, -0.0285391, 0.0347805
0.537987, -0.00330294, 0.0355562
0.507468, 0.0263214, 0.0364817
0.498028, -0.00388853, 0.0352064
stamp: 470000000
0.008476, 0.000309736, 0.0377262
0.507897, -0.0284951, 0.0347106
0.53799, -0.00330492, 0.0355645
0.507465, 0.0263201, 0.0364818
0.498043, -0.0038813, 0.0352473
stamp: 480000000
0.00843195, 0.000298179, 0.0377322
0.507946, -0.028445, 0.0347765
0.537988, -0.00330653, 0.0355689
0.507468, 0.0263161, 0.0364871
0.498059, -0.00390238, 0.0352717
stamp: 489000000
0.00834901, 0.000363652, 0.0376669
0.507895, -0.0284829, 0.0346997
0.537902, -0.00335287, 0.035679
0.507466, 0.0263107, 0.036478
0.498041, -0.00388955, 0.0352547
stamp: 499000000
0.00846896, 0.000321495, 0.0377159
0.507951, -0.0284398, 0.0347692
0.537973, -0.00330884, 0.0355677
0.507464, 0.0263265, 0.0364798
0.498032, -0.00388682, 0.0352472
stamp: 509000000
0.0083529, 0.000364242, 0.0376691
0.507947, -0.0284409, 0.0347714
0.537912, -0.00335179, 0.0356774
0.507471, 0.026319, 0.0364687
0.498037, -0.00389034, 0.0352395
stamp: 520000000
0.00842144, 0.000299842, 0.0377273
0.507944, -0.0284421, 0.0347744
0.537979, -0.00331407, 0.0355712
0.507467, 0.0263187, 0.0364797
0.498041, -0.00388471, 0.0352407
stamp: 529000000
0.00843315, 0.000292482, 0.0377285
0.507894, -0.0284919, 0.0347052
0.537912, -0.00335325, 0.0356783
0.507419, 0.0263298, 0.0365162
0.49804, -0.0038799, 0.0352468
stamp: 540000000
0.0083443, 0.000367187, 0.0376654
0.507898, -0.0284869, 0.0346938
0.537896, -0.00335203, 0.0356852
0.507412, 0.0263338, 0.0365336
0.498037, -0.00389051, 0.0352479
stamp: 549000000
0.00846833, 0.000318573, 0.0377098
0.507983, -0.0285434, 0.0347795
0.5379, -0.00335689, 0.0356974
0.507459, 0.0263258, 0.0364877
0.498069, -0.00390376, 0.0352749
stamp: 559000000
0.00838891, 0.000390838, 0.0376633
0.507985, -0.0285399, 0.0347802
0.5379, -0.00335791, 0.0356899
0.507477, 0.0263114, 0.036475
0.498042, -0.00388516, 0.0352455
stamp: 570000000
0.00847347, 0.000324798, 0.0377141
0.507899, -0.0284948, 0.0346929
0.537903, -0.00336114, 0.035682
0.507473, 0.0263085, 0.0364831
0.49802, -0.0038926, 0.0352094
stamp: 579000000
0.00843403, 0.000287225, 0.0377178
0.507986, -0.0285279, 0.0347721
0.537984, -0.00330841, 0.0355706
0.507414, 0.0263357, 0.0365225
0.498036, -0.00388545, 0.0352469
stamp: 589000000
0.00839938, 0.00038361, 0.0376602
0.507899, -0.0284866, 0.0346948
0.537983, -0.00331331, 0.0355527
0.507469, 0.0263264, 0.0364849
0.498067, -0.00389844, 0.0352588
stamp: 600000000
0.00847358, 0.000323265, 0.0377182
0.507988, -0.0285347, 0.0347749
0.537903, -0.00334898, 0.0356811
0.507469, 0.0263122, 0.0364741
0.498045, -0.00389118, 0.0352383
stamp: 609000000
0.00847564, 0.000314379, 0.0377071
0.507984, -0.0285417, 0.0347768
0.537902, -0.00335262, 0.0357046
0.507426, 0.0263309, 0.0365187
0.498067, -0.00390459, 0.0352645
stamp: 620000000
0.00847593, 0.000311078, 0.0377205
0.507946, -0.0284433, 0.0347792
0.537981, -0.00330677, 0.0355697
0.50746, 0.026319, 0.036483
0.498064, -0.00389838, 0.0352624
stamp: 630000000
0.00839303, 0.000385193, 0.0376524
0.507987, -0.0285389, 0.0347775
0.537984, -0.00330436, 0.0355555
0.507467, 0.0263092, 0.0364613
0.498034, -0.00388841, 0.0352415
stamp: 640000000
0.00838614, 0.000400683, 0.0376617
0.507895, -0.0285011, 0.0347056
0.537902, -0.0033566, 0.0356794
0.507473, 0.0263202, 0.0364756
0.49804, -0.00388744, 0.0352364
stamp: 649000000
0.00847048, 0.000314441, 0.0377175
0.507946, -0.0284395, 0.0347762
0.537896, -0.00335186, 0.0356897
0.507471, 0.0263199, 0.0364683
0.498037, -0.00388301, 0.0352396
stamp: 660000000
0.00847476, 0.000313721, 0.0377167
0.507991, -0.0285226, 0.0347814
0.537976, -0.00330428, 0.0355719
0.507407, 0.0263245, 0.0365277
0.49803, -0.00388108, 0.0352465
stamp: 670000000
0.00835919, 0.000363494, 0.0376748
0.507892, -0.0284908, 0.0346987
0.537989, -0.003307, 0.0355546
0.507454, 0.0263152, 0.0364931
0.498038, -0.00388111, 0.0352507
stamp: 679000000
0.00834862, 0.000370203, 0.0376654
0.507997, -0.0285287, 0.0347702
0.537987, -0.0033166, 0.0355607
0.507465, 0.0263117, 0.0364598
0.498037, -0.00388605, 0.0352401
stamp: 690000000
0.00847173, 0.000326378, 0.0377188
0.507987, -0.0285351, 0.0347664
0.537976, -0.00331145, 0.0355615
0.507422, 0.0263244, 0.0365207
0.498063, -0.00390315, 0.0352671
stamp: 699000000
0.00844312, 0.000278952, 0.0377221
0.507893, -0.0284918, 0.0347027
0.537902, -0.00334556, 0.0356795
0.507452, 0.0263216, 0.0364898
0.498049, -0.00389009, 0.0352445
stamp: 709000000
0.00847472, 0.000308282, 0.0377168
0.507951, -0.0284442, 0.0347755
0.537985, -0.00330064, 0.0355667
0.50747, 0.0263165, 0.0364723
0.498045, -0.00388889, 0.0352485
stamp: 720000000
0.00843653, 0.000292818, 0.0377298
0.507948, -0.0284432, 0.0347785
0.537989, -0.00330959, 0.0355612
0.507471, 0.0263147, 0.0364808
0.498046, -0.00389262, 0.0352585
stamp: 730000000
0.00847458, 0.000310662, 0.0377146
0.50795, -0.0284405, 0.0347738
0.537907, -0.0033531, 0.0356816
0.507416, 0.026327, 0.036517
0.498066, -0.00390378, 0.0352762
stamp: 740000000
0.00839247, 0.00038797, 0.037654
0.507855, -0.0284029, 0.034716
0.537977, -0.00330956, 0.0355652
0.507464, 0.026319, 0.0364901
0.498033, -0.0038813, 0.0352366
stamp: 749000000
0.00843691, 0.0002918, 0.037736
0.507893, -0.0284812, 0.0347025
0.537987, -0.00330858, 0.0355487
0.507468, 0.0263223, 0.0364692
0.498039, -0.00388527, 0.035238
stamp: 760000000
0.00842759, 0.000289882, 0.0377289
0.507904, -0.0284893, 0.0346903
0.537908, -0.00335693, 0.03568
0.507473, 0.0263119, 0.0364685
0.498064, -0.00390081, 0.0352681
stamp: 769000000
0.00835892, 0.0003651, 0.0376711
0.507982, -0.0285277, 0.034779
0.537898, -0.00335356, 0.0357031
0.507463, 0.0263095, 0.0364798
0.498042, -0.00388796, 0.0352578
stamp: 779000000
0.00842674, 0.00029888, 0.0377258
0.507984, -0.0285441, 0.0347701
0.537984, -0.00330493, 0.0355736
0.50747, 0.0263148, 0.0364839
0.498035, -0.00388231, 0.0352494
stamp: 790000000
0.00834685, 0.000357621, 0.0376637
0.507894, -0.028484, 0.0346946
0.53791, -0.00335391, 0.0356779
0.507467, 0.0263111, 0.0364796
0.498055, -0.0039044, 0.0352616
stamp: 799000000
0.00847096, 0.000315272, 0.0377119
0.507978, -0.0285331, 0.0347724
0.537902, -0.00335979, 0.0356934
0.507473, 0.0263211, 0.0364849
0.498033, -0.00388645, 0.0352528
stamp: 809000000
0.00843505, 0.000283427, 0.037727
0.507983, -0.0285431, 0.0347871
0.5379, -0.00335687, 0.0356861
0.507471, 0.0263188, 0.0364813
0.498039, -0.00388221, 0.0352416
stamp: 820000000
0.00843498, 0.000289271, 0.0377166
0.507945, -0.0284404, 0.0347741
0.537979, -0.00330631, 0.0355687
0.507461, 0.0263172, 0.0364762
0.498044, -0.00388642, 0.0352533
stamp: 829000000
0.00843567, 0.000290447, 0.0377328
0.507987, -0.0285263, 0.0347791
0.537988, -0.0033033, 0.0355473
0.507469, 0.0263164, 0.0364782
0.498064, -0.00390202, 0.035269
stamp: 839000000
0.00842717, 0.000281839, 0.0377226
0.50798, -0.0285434, 0.0347627
0.53798, -0.00331046, 0.035557
0.507417, 0.0263318, 0.0365261
0.498035, -0.0038887, 0.0352444
stamp: 850000000
0.00839779, 0.000389383, 0.0376622
0.507953, -0.0284441, 0.0347768
0.537902, -0.00336368, 0.0356818
0.507458, 0.0263159, 0.0364865
0.498021, -0.00388876, 0.0352066
stamp: 859000000
0.00843008, 0.000304504, 0.0377221
0.507988, -0.0285286, 0.0347791
0.53789, -0.00335779, 0.0356834
0.507474, 0.0263148, 0.0364705
0.498037, -0.00388557, 0.0352482
stamp: 869000000
0.00838477, 0.000384246, 0.0376555
0.507944, -0.0284475, 0.0347827
0.537906, -0.0033595, 0.0356923
0.507414, 0.0263276, 0.0365251
0.498028, -0.00388399, 0.035248
stamp: 880000000
0.00834954, 0.000368412, 0.0376541
0.507992, -0.028535, 0.0347733
0.537984, -0.00330953, 0.0355577
0.50746, 0.0263191, 0.0364921
0.498033, -0.00388778, 0.0352437
stamp: 890000000
0.00842412, 0.000294581, 0.037728
0.507951, -0.0284418, 0.0347655
0.537906, -0.00335088, 0.0356749
0.50742, 0.0263306, 0.0365212
0.49807, -0.00390251, 0.0352652
stamp: 900000000
0.00847738, 0.00030893, 0.0377092
0.508, -0.0285262, 0.0347766
0.537907, -0.00335549, 0.0356821
0.507465, 0.0263186, 0.0364945
0.49804, -0.00388417, 0.0352479
stamp: 909000000
0.00843257, 0.000299011, 0.0377345
0.507905, -0.0284969, 0.0346933
0.537984, -0.00331249, 0.0355612
0.507419, 0.0263266, 0.0365165
0.498036, -0.0038758, 0.0352504
stamp: 920000000
0.00842743, 0.000292294, 0.0377291
0.507987, -0.0285249, 0.0347696
0.537993, -0.00331378, 0.0355526
0.50746, 0.0263238, 0.0364937
0.498065, -0.00390092, 0.0352678
stamp: 930000000
0.00843305, 0.000285824, 0.037725
0.507989, -0.02854, 0.0347865
0.537988, -0.00330723, 0.0355532
0.507466, 0.0263145, 0.0364858
0.498042, -0.00388527, 0.0352353
stamp: 940000000
0.00839191, 0.000381809, 0.037658
0.507943, -0.0284471, 0.0347686
0.537987, -0.00330861, 0.0355571
0.507414, 0.0263307, 0.0365151
0.498032, -0.00387839, 0.035248
stamp: 949000000
0.00847725, 0.000325721, 0.0377127
0.507904, -0.028476, 0.0346991
0.537901, -0.00336174, 0.0356839
0.507457, 0.026328, 0.0364872
0.49804, -0.00388366, 0.0352499
stamp: 960000000
0.00847871, 0.00031168, 0.0377242
0.507896, -0.0284916, 0.0346957
0.537904, -0.00336422, 0.0356931
0.507415, 0.0263201, 0.0365113
0.498064, -0.00389775, 0.035271
stamp: 970000000
0.00843527, 0.000289699, 0.0377288
0.507983, -0.0285422, 0.0347869
0.537906, -0.00335768, 0.03569
0.507454, 0.0263216, 0.0364858
0.49804, -0.00388375, 0.0352486
stamp: 980000000
0.00847606, 0.000309983, 0.0377171
0.507948, -0.0284423, 0.0347803
0.537899, -0.00336255, 0.035691
0.507421, 0.0263269, 0.0365252
0.49804, -0.00388205, 0.0352401
stamp: 990000000
0.00843271, 0.000288012, 0.0377207
0.5079, -0.0284715, 0.0347047
0.537902, -0.00335587, 0.0356855
0.507415, 0.0263272, 0.0365281
0.498035, -0.00388282, 0.0352462
stamp: 1000000000
0.00842693, 0.000286889, 0.0377271
0.507985, -0.0285358, 0.0347624
0.537983, -0.00331206, 0.0355582
0.507464, 0.0263212, 0.0364885
0.498066, -0.00390125, 0.0352688
stamp: 1010000000
0.00843077, 0.000286062, 0.0377213
0.50789, -0.0284961, 0.0346926
0.537988, -0.0033087, 0.0355509
0.507474, 0.0263184, 0.0364767
0.498046, -0.00388642, 0.0352482
stamp: 1020000000
0.00847411, 0.000313071, 0.0377119
0.50799, -0.0285331, 0.0347623
0.53799, -0.00330911, 0.0355552
0.507465, 0.0263143, 0.0364721
0.498038, -0.00388174, 0.0352497
stamp: 1030000000
0.00847393, 0.000315698, 0.0377096
0.507956, -0.0284467, 0.0347704
0.537989, -0.00331123, 0.0355575
0.507465, 0.0263167, 0.0364757
0.498035, -0.00388214, 0.0352384
stamp: 1039000000
0.00843353, 0.000294591, 0.0377274
0.50799, -0.0285311, 0.034764
0.537991, -0.00331639, 0.0355516
0.507408, 0.0263252, 0.0365174
0.498032, -0.00387881, 0.035247
stamp: 1049000000
0.00835236, 0.000357812, 0.0376702
0.507986, -0.0285348, 0.0347756
0.537986, -0.00331386, 0.0355572
0.507456, 0.0263156, 0.0364808
0.498036, -0.00388168, 0.0352453
stamp: 1060000000
0.00843035, 0.000292669, 0.0377328
0.507989, -0.0285434, 0.0347756
0.537905, -0.00335581, 0.03568
0.507419, 0.0263309, 0.0365145
0.498025, -0.00389269, 0.0352038
stamp: 1070000000
0.00847541, 0.000311821, 0.0377167
0.507985, -0.0285304, 0.0347729
0.5379, -0.00335725, 0.0356958
0.507467, 0.0263141, 0.0364842
0.498041, -0.00388459, 0.0352284
stamp: 1079000000
0.00843505, 0.00029224, 0.0377143
0.507985, -0.0285433, 0.0347632
0.537903, -0.00335436, 0.0356872
0.507462, 0.0263139, 0.0364765
0.498037, -0.00388353, 0.0352427
stamp: 1090000000
0.0084752, 0.000311702, 0.037719
0.507986, -0.0285312, 0.0347643
0.537983, -0.00330612, 0.0355651
0.507472, 0.0263192, 0.0364629
0.498033, -0.00388351, 0.0352442
stamp: 1099000000
0.00847048, 0.000318122, 0.0377109
0.507985, -0.0285393, 0.0347592
0.537909, -0.00335495, 0.0356703
0.507415, 0.0263269, 0.0365167
0.498039, -0.00388459, 0.0352286
stamp: 1110000000
0.0084763, 0.000320656, 0.0377215
0.507896, -0.028491, 0.0346899
0.537986, -0.00331226, 0.0355625
0.507459, 0.0263245, 0.0364894
0.49804, -0.00388378, 0.0352435
stamp: 1120000000
0.00835096, 0.000359249, 0.0376665
0.507985, -0.0285335, 0.0347708
0.537982, -0.00331523, 0.035546
0.507467, 0.026314, 0.0364628
0.498034, -0.00388627, 0.0352363
stamp: 1130000000
0.00847713, 0.000309621, 0.0377186
0.507985, -0.028535, 0.0347744
0.537989, -0.00331316, 0.035557
0.507471, 0.0263194, 0.0364708
0.498031, -0.00388293, 0.0352489
stamp: 1140000000
0.00847352, 0.00031056, 0.037708
0.50798, -0.0285302, 0.0347645
0.537982, -0.00330906, 0.0355573
0.507462, 0.0263117, 0.0364696
0.498036, -0.00388829, 0.0352397
stamp: 1149000000
0.00842954, 0.000288327, 0.0377261
0.507896, -0.0284898, 0.0346915
0.537979, -0.00330877, 0.0355619
0.507418, 0.0263253, 0.0365108
0.498037, -0.00388752, 0.0352387
stamp: 1160000000
0.00846799, 0.00031992, 0.0377285
0.507983, -0.0285304, 0.0347652
0.537895, -0.00335991, 0.0356703
0.507457, 0.026318, 0.0364847
0.498035, -0.00388918, 0.0352388
stamp: 1170000000
0.00847453, 0.000320063, 0.0377074
0.507978, -0.0285493, 0.0347673
0.537899, -0.00336063, 0.0356941
0.507469, 0.0263212, 0.0364538
0.498038, -0.00389046, 0.0352427
stamp: 1180000000
0.00842755, 0.00028422, 0.0377165
0.507985, -0.0285429, 0.0347658
0.537898, -0.00335258, 0.0356757
0.507474, 0.0263157, 0.0364787
0.498033, -0.00388859, 0.0352388
stamp: 1190000000
0.00847673, 0.000315222, 0.0377078
0.50798, -0.0285445, 0.0347714
0.5379, -0.00335746, 0.0356936
0.50747, 0.0263115, 0.0364678
0.498041, -0.00388076, 0.0352364
stamp: 1200000000
0.00843733, 0.000287028, 0.0377176
0.507982, -0.0285431, 0.0347736
0.537898, -0.00335823, 0.0356914
0.507466, 0.0263097, 0.0364681
0.49807, -0.00390014, 0.0352662
stamp: 1210000000
0.00847645, 0.000316902, 0.0377189
0.507984, -0.0285372, 0.0347678
0.537985, -0.00331251, 0.0355558
0.507466, 0.0263179, 0.0364746
0.498041, -0.00388896, 0.0352297
stamp: 1220000000
0.00847971, 0.000311961, 0.0377099
0.507984, -0.0285399, 0.0347769
0.537985, -0.00330895, 0.0355399
0.507474, 0.0263248, 0.0364657
0.498036, -0.00388589, 0.0352335
stamp: 1230000000
0.00843298, 0.000285889, 0.0377197
0.507901, -0.0284922, 0.034695
0.537978, -0.00330798, 0.0355433
0.507468, 0.0263146, 0.0364726
0.498036, -0.00389221, 0.0352373
stamp: 1239000000
0.00843448, 0.0002891, 0.0377276
0.507974, -0.028534, 0.0347662
0.537911, -0.00336225, 0.0356753
0.507469, 0.0263192, 0.0364804
0.498035, -0.00388756, 0.0352425
stamp: 1249000000
0.00848032, 0.000312889, 0.0377192
0.507979, -0.0285421, 0.0347636
0.537981, -0.00330503, 0.0355719
0.50747, 0.0263122, 0.0364654
0.498068, -0.0038996, 0.0352644
stamp: 1260000000
0.00842938, 0.000294918, 0.0377159
0.507943, -0.0284452, 0.034765
0.537989, -0.00331181, 0.0355548
0.507473, 0.0263142, 0.036469
0.498067, -0.00390286, 0.0352581
stamp: 1270000000
0.00846817, 0.00031139, 0.0377069
0.507988, -0.0285356, 0.0347691
0.537986, -0.00331146, 0.0355593
0.507469, 0.0263213, 0.0364675
0.498033, -0.00388237, 0.0352423
stamp: 1279000000
0.00846968, 0.000313716, 0.0377022
0.507895, -0.0285004, 0.0346931
0.537901, -0.0033588, 0.0356768
0.507465, 0.0263175, 0.0364816
0.498036, -0.0038863, 0.0352359
stamp: 1290000000
0.00838356, 0.000397265, 0.0376545
0.507887, -0.028488, 0.0346851
0.537896, -0.00335652, 0.0356899
0.507466, 0.026318, 0.0364723
0.498036, -0.00388552, 0.0352452
stamp: 1299000000
0.0084282, 0.000297424, 0.0377265
0.507975, -0.0285317, 0.0347694
0.537974, -0.00330612, 0.0355642
0.507411, 0.0263307, 0.0365148
0.498038, -0.00388918, 0.0352467
stamp: 1310000000
0.00839148, 0.000374234, 0.0376604
0.507851, -0.028417, 0.0347084
0.537986, -0.00331309, 0.0355519
0.507461, 0.0263191, 0.0364858
0.498069, -0.00390556, 0.035259
stamp: 1320000000
0.00843433, 0.00029072, 0.0377394
0.507978, -0.0285259, 0.0347711
0.537981, -0.00331846, 0.0355642
0.507476, 0.0263174, 0.0364762
0.498039, -0.00389687, 0.035231
stamp: 1329000000
0.00847359, 0.000309451, 0.0377065
0.50786, -0.028413, 0.0346994
0.53791, -0.00335304, 0.0356848
0.507471, 0.0263143, 0.0364579
0.498061, -0.00390471, 0.0352705
stamp: 1340000000
0.00843249, 0.000286711, 0.0377202
0.507934, -0.0284445, 0.034771
0.53798, -0.00330991, 0.0355724
0.507464, 0.0263142, 0.0364563
0.498074, -0.00391038, 0.0352718
stamp: 1350000000
0.00847678, 0.000314376, 0.0377178
0.507887, -0.028485, 0.0347006
0.537908, -0.00335833, 0.0356727
0.507469, 0.0263131, 0.0364613
0.498037, -0.00389053, 0.0352433
stamp: 1359000000
0.00843431, 0.000290927, 0.037715
0.50789, -0.0284876, 0.0346804
0.53798, -0.0033062, 0.0355554
0.507472, 0.0263163, 0.0364644
0.498059, -0.00390953, 0.035265
stamp: 1370000000
0.00839437, 0.000384654, 0.0376648
0.507984, -0.0285371, 0.0347478
0.537989, -0.0033049, 0.0355521
0.507412, 0.0263229, 0.0365224
0.498041, -0.00388622, 0.0352457
stamp: 1379000000
0.00847363, 0.000321245, 0.0377197
0.507982, -0.0285394, 0.0347701
0.537902, -0.00336381, 0.0356748
0.507456, 0.0263241, 0.0364875
0.498034, -0.00388196, 0.0352339
stamp: 1389000000
0.00843032, 0.000288054, 0.0377187
0.507979, -0.028535, 0.0347732
0.537973, -0.00330477, 0.0355707
0.507471, 0.0263118, 0.036471
0.498044, -0.00388738, 0.0352373
stamp: 1400000000
0.00842916, 0.000295744, 0.0377162
0.507898, -0.0284934, 0.0346981
0.537904, -0.00335446, 0.0356708
0.507422, 0.026325, 0.0365152
0.498069, -0.00390689, 0.0352553
stamp: 1409000000
0.00842475, 0.000288628, 0.0377132
0.507985, -0.0285351, 0.0347725
0.537979, -0.00330642, 0.035566
0.507462, 0.026325, 0.0364769
0.498041, -0.00388535, 0.0352303
stamp: 1420000000
0.00847022, 0.000316228, 0.0377154
0.507985, -0.0285345, 0.0347696
0.537987, -0.00330773, 0.0355578
0.50747, 0.0263157, 0.0364653
0.49806, -0.0039061, 0.0352637
stamp: 1430000000
0.00843956, 0.000298019, 0.037729
0.507888, -0.0285002, 0.0346941
0.537984, -0.00331299, 0.0355555
0.507468, 0.026307, 0.0364754
0.498037, -0.00388665, 0.035247
stamp: 1439000000
0.00842915, 0.00029113, 0.0377197
0.507884, -0.0284929, 0.0346902
0.537904, -0.0033585, 0.0356747
0.50747, 0.0263125, 0.0364694
0.498037, -0.00389307, 0.0352345
stamp: 1449000000
0.00846654, 0.000313273, 0.0377211
0.507985, -0.0285403, 0.0347755
0.537976, -0.00330879, 0.0355623
0.507472, 0.026307, 0.0364739
0.498042, -0.00388732, 0.0352318
stamp: 1460000000
0.00838544, 0.000393234, 0.0376557
0.507948, -0.0284443, 0.0347636
0.537985, -0.00331847, 0.0355499
0.507473, 0.0263071, 0.0364682
0.498034, -0.00388874, 0.0352487
stamp: 1470000000
0.00847937, 0.000318771, 0.0377134
0.507891, -0.0284807, 0.0346933
0.537988, -0.00330789, 0.0355555
0.507414, 0.0263319, 0.036514
0.498065, -0.00391738, 0.0352622
stamp: 1480000000
0.00847441, 0.000308013, 0.0377026
0.507978, -0.028545, 0.0347658
0.537987, -0.0033151, 0.0355484
0.507458, 0.0263281, 0.0364987
0.498035, -0.00388928, 0.0352387
stamp: 1489000000
0.00842263, 0.000291996, 0.0377119
0.507985, -0.0285499, 0.034784
0.537985, -0.00331461, 0.035559
0.507478, 0.026307, 0.0364767
0.498033, -0.00388368, 0.0352417
stamp: 1499000000
0.00838502, 0.000388234, 0.0376527
0.507856, -0.0284136, 0.0347011
0.53798, -0.00331407, 0.0355593
0.507419, 0.0263165, 0.0365184
0.498039, -0.00388798, 0.0352352
stamp: 1509000000
0.00839072, 0.000397851, 0.0376498
0.507886, -0.0284779, 0.0346895
0.5379, -0.00335973, 0.0356831
0.50741, 0.026334, 0.0365299
0.498045, -0.0038858, 0.0352399
stamp: 1520000000
0.00841761, 0.000292508, 0.0377214
0.507982, -0.0285362, 0.0347743
0.537977, -0.00330805, 0.0355737
0.507465, 0.0263179, 0.0364781
0.49804, -0.00388483, 0.0352347
stamp: 1529000000
0.00847496, 0.000316177, 0.037711
0.507857, -0.0284102, 0.034702
0.537902, -0.00335932, 0.0356693
0.507471, 0.0263126, 0.0364666
0.498034, -0.00389099, 0.0352376
stamp: 1540000000
0.0083952, 0.000389973, 0.037661
0.507943, -0.0284437, 0.0347731
0.537905, -0.00336223, 0.0357003
0.507473, 0.0263147, 0.036464
0.498041, -0.00388775, 0.0352452
stamp: 1550000000
0.0084306, 0.000298374, 0.0377372
0.50786, -0.0284218, 0.0347071
0.537983, -0.00330921, 0.0355672
0.507469, 0.0263165, 0.0364686
0.498035, -0.00388986, 0.0352395
stamp: 1559000000
0.00843053, 0.000280413, 0.03772
0.507989, -0.0285345, 0.0347814
0.537906, -0.003355, 0.035667
0.507468, 0.0263152, 0.0364749
0.498059, -0.00389801, 0.0352574
stamp: 1570000000
0.00847781, 0.000319825, 0.0377098
0.507893, -0.0284939, 0.0346943
0.537899, -0.00336178, 0.0357037
0.50741, 0.0263279, 0.0365105
0.498041, -0.00388481, 0.0352415
stamp: 1580000000
0.00840038, 0.000394406, 0.0376633
0.507852, -0.0284145, 0.0346989
0.537975, -0.00331526, 0.0355702
0.507457, 0.0263211, 0.0364886
0.498066, -0.00389958, 0.0352677
stamp: 1589000000
0.00846576, 0.000321999, 0.0377157
0.507985, -0.0285348, 0.0347823
0.537912, -0.00335787, 0.0356775
0.507469, 0.0263184, 0.0364752
0.498042, -0.00388245, 0.0352321
stamp: 1600000000
0.0084797, 0.000314752, 0.0377188
0.507987, -0.0285406, 0.0347577
0.537975, -0.00331326, 0.0355712
0.507475, 0.0263137, 0.0364714
0.498034, -0.00389013, 0.0352454
stamp: 1610000000
0.00848012, 0.000323609, 0.0377138
0.507985, -0.028535, 0.0347725
0.537984, -0.00331189, 0.0355627
0.507463, 0.0263145, 0.0364668
0.498038, -0.00388394, 0.0352397
stamp: 1620000000
0.00843765, 0.0002844, 0.0377244
0.507983, -0.0285414, 0.0347711
0.53799, -0.00330838, 0.035563
0.507414, 0.0263216, 0.0365236
0.498038, -0.00388769, 0.0352405
stamp: 1630000000
0.00847518, 0.000312794, 0.0377116
0.507856, -0.0284166, 0.0347023
0.537899, -0.00335432, 0.0356753
0.507461, 0.0263248, 0.036482
0.498035, -0.00388347, 0.0352349
stamp: 1640000000
0.00843633, 0.000296265, 0.0377321
0.507847, -0.0284123, 0.0346919
0.537977, -0.00331255, 0.0355702
0.507468, 0.0263149, 0.0364764
0.498035, -0.00388084, 0.0352457
stamp: 1649000000
0.00838479, 0.000387611, 0.0376555
0.50789, -0.0284884, 0.0346901
0.537906, -0.00335409, 0.0356699
0.507476, 0.0263144, 0.0364741
0.498066, -0.00390212, 0.035268
stamp: 1660000000
0.00835138, 0.000378188, 0.037659
0.507942, -0.0284505, 0.0347681
0.537902, -0.00334814, 0.0356899
0.507474, 0.0263143, 0.0364686
0.498046, -0.00388617, 0.0352409
stamp: 1670000000
0.00847506, 0.000321868, 0.0377186
0.507981, -0.0285322, 0.0347816
0.537904, -0.00335433, 0.0356956
0.507467, 0.0263165, 0.0364751
0.49804, -0.00389103, 0.0352365
stamp: 1679000000
0.00843614, 0.000290343, 0.0377222
0.507979, -0.028541, 0.0347674
0.5379, -0.00336123, 0.0356878
0.507468, 0.0263097, 0.0364818
0.498075, -0.00390403, 0.0352579
stamp: 1689000000
0.00843462, 0.000288129, 0.0377267
0.507982, -0.0285441, 0.0347704
0.537904, -0.00335469, 0.0356932
0.507414, 0.026323, 0.0365141
0.498063, -0.00390643, 0.0352551
stamp: 1699000000
0.00842909, 0.000286357, 0.0377204
0.507991, -0.0285369, 0.034767
0.537901, -0.00335742, 0.0356899
0.50745, 0.0263194, 0.0364852
0.498048, -0.00388853, 0.0352407
stamp: 1709000000
0.00838525, 0.000387439, 0.0376521
0.507981, -0.0285391, 0.0347687
0.537987, -0.00331113, 0.0355592
0.507425, 0.026325, 0.0365201
0.498033, -0.00388197, 0.0352328
stamp: 1720000000
0.00847306, 0.000320232, 0.0377187
0.507985, -0.028541, 0.0347606
0.53791, -0.00335252, 0.0356621
0.507469, 0.0263199, 0.0364796
0.498045, -0.00388832, 0.0352381
stamp: 1730000000
0.00847642, 0.000308422, 0.0376976
0.507888, -0.0284895, 0.0346826
0.537903, -0.0033583, 0.0356831
0.507472, 0.0263166, 0.0364613
0.498041, -0.00389166, 0.035248
stamp: 1740000000
0.00835782, 0.000363681, 0.0376717
0.507845, -0.0284147, 0.0347036
0.537985, -0.00331184, 0.0355623
0.507468, 0.0263144, 0.0364843
0.498064, -0.00389816, 0.0352739
stamp: 1749000000
0.00847039, 0.000321556, 0.0377227
0.50799, -0.0285362, 0.0347837
0.537986, -0.00331208, 0.0355559
0.507462, 0.0263115, 0.0364726
0.49804, -0.00388932, 0.0352477
stamp: 1760000000
0.00848041, 0.000315071, 0.0377188
0.507987, -0.0285433, 0.0347681
0.537903, -0.00335187, 0.0356772
0.507467, 0.0263133, 0.0364814
0.498036, -0.00388998, 0.0352462
stamp: 1770000000
0.00839186, 0.000387441, 0.0376608
0.507989, -0.0285436, 0.0347761
0.537981, -0.0033036, 0.0355713
0.507465, 0.0263141, 0.036476
0.49807, -0.00390761, 0.0352597
stamp: 1779000000
0.00847082, 0.000324071, 0.0377124
0.507897, -0.0284945, 0.0346923
0.537895, -0.00336146, 0.0356821
0.507466, 0.0263182, 0.0364729
0.498042, -0.00388683, 0.0352398
stamp: 1790000000
0.00848091, 0.00031582, 0.0377075
0.507983, -0.028537, 0.0347786
0.537895, -0.00335506, 0.0356984
0.507472, 0.0263164, 0.0364704
0.498043, -0.00387828, 0.0352346
stamp: 1799000000
0.00847677, 0.000311277, 0.037712
0.507984, -0.0285404, 0.0347737
0.537906, -0.00335573, 0.0356916
0.507463, 0.0263168, 0.0364618
0.498043, -0.00388397, 0.0352437
stamp: 1809000000
0.0084791, 0.000313682, 0.0377174
0.507989, -0.0285322, 0.0347684
0.537902, -0.00335083, 0.0356912
0.507411, 0.0263238, 0.036523
0.498032, -0.00389412, 0.0352405
stamp: 1820000000
0.00847836, 0.000317101, 0.0377198
0.507944, -0.0284424, 0.0347618
0.537985, -0.0033098, 0.0355689
0.507411, 0.0263278, 0.0365425
0.49807, -0.00389864, 0.0352725
stamp: 1829000000
0.00843139, 0.00029972, 0.0377202
0.508, -0.0285279, 0.0347719
0.537911, -0.00335459, 0.0356716
0.507463, 0.0263207, 0.03648
0.498049, -0.00388502, 0.0352561
stamp: 1839000000
0.0084213, 0.000290239, 0.0377143
0.507985, -0.0285393, 0.0347633
0.537983, -0.0033093, 0.0355739
0.507479, 0.0263035, 0.0364705
0.498038, -0.00388861, 0.0352445
stamp: 1849000000
0.00843147, 0.000281232, 0.0377262
0.507945, -0.0284427, 0.0347652
0.537907, -0.00335737, 0.0356778
0.507472, 0.0263158, 0.0364651
0.49807, -0.00390063, 0.0352567
stamp: 1859000000
0.00843622, 0.000289697, 0.0377266
0.507992, -0.0285311, 0.0347705
0.537983, -0.00330953, 0.0355701
0.507469, 0.0263151, 0.0364632
0.498047, -0.00389304, 0.0352347
stamp: 1870000000
0.00842022, 0.000288361, 0.0377013
0.507982, -0.0285436, 0.0347614
0.537906, -0.00335031, 0.0356719
0.507473, 0.0263138, 0.0364747
0.498042, -0.00388682, 0.0352479
stamp: 1880000000
0.0084274, 0.000293613, 0.0377337
0.507998, -0.0285425, 0.0347683
0.537903, -0.00335826, 0.0356966
0.507469, 0.026314, 0.036468
0.498065, -0.00390621, 0.0352672
stamp: 1890000000
0.00846965, 0.000314218, 0.0377139
0.507986, -0.028529, 0.0347762
0.537984, -0.00331228, 0.0355681
0.507466, 0.0263176, 0.0364771
0.498042, -0.00388127, 0.0352441
stamp: 1899000000
0.00847727, 0.000313047, 0.037712
0.507892, -0.0284973, 0.0346966
0.537986, -0.00331137, 0.0355484
0.507466, 0.026309, 0.0364746
0.498038, -0.00389651, 0.0352425
stamp: 1910000000
0.00842647, 0.000285387, 0.0377224
0.507944, -0.0284491, 0.0347695
0.537903, -0.00335486, 0.0356782
0.507473, 0.0263152, 0.0364732
0.498041, -0.00388734, 0.0352473
stamp: 1920000000
0.00847116, 0.000315471, 0.0377096
0.507988, -0.0285229, 0.0347741
0.537981, -0.00331199, 0.0355763
0.507471, 0.0263184, 0.0364842
0.498046, -0.00389637, 0.0352485
stamp: 1929000000
0.00848251, 0.000315979, 0.0377143
0.507945, -0.0284462, 0.0347607
0.537986, -0.00330749, 0.0355468
0.507469, 0.0263142, 0.0364745
0.498072, -0.00390731, 0.0352642
stamp: 1940000000
0.00843534, 0.00028909, 0.0377205
0.50799, -0.0285328, 0.0347686
0.537988, -0.0033108, 0.0355485
0.507475, 0.0263186, 0.0364678
0.498063, -0.00390693, 0.0352739
stamp: 1950000000
0.00843197, 0.000290019, 0.0377242
0.507984, -0.0285422, 0.0347734
0.537905, -0.00335815, 0.0356833
0.507464, 0.0263197, 0.0364729
0.498067, -0.00390826, 0.0352744
stamp: 1960000000
0.0084373, 0.000296229, 0.0377277
0.507985, -0.0285359, 0.0347662
0.537979, -0.00330985, 0.0355697
0.507472, 0.0263128, 0.0364775
0.498064, -0.00389758, 0.0352736
stamp: 1970000000
0.0084331, 0.000284668, 0.0377362
0.507898, -0.0284853, 0.0346914
0.537984, -0.00331056, 0.03556
0.507471, 0.0263219, 0.0364699
0.498067, -0.00390448, 0.0352733
stamp: 1980000000
0.00835698, 0.000355147, 0.0376736
0.507888, -0.0284909, 0.0346886
0.537901, -0.00335073, 0.0356704
0.507468, 0.0263236, 0.0364719
0.498045, -0.00389028, 0.0352484
stamp: 1989000000
0.00847102, 0.000324002, 0.0377163
0.507893, -0.0284883, 0.0346945
0.537897, -0.00335208, 0.035698
0.507464, 0.026317, 0.0364731
0.498058, -0.00390459, 0.035275
stamp: 2000000000
0.00843909, 0.000281728, 0.0377114
0.507989, -0.0285396, 0.0347737
0.537982, -0.00330404, 0.0355737
0.507466, 0.0263111, 0.0364711
0.498073, -0.00389903, 0.0352756
stamp: 2010000000
0.00847342, 0.000309601, 0.0377088
0.507943, -0.0284483, 0.0347704
0.537902, -0.00335695, 0.03567
0.50747, 0.0263098, 0.0364719
0.498071, -0.0039051, 0.0352731
stamp: 2020000000
0.00847468, 0.000310294, 0.0377073
0.50799, -0.0285293, 0.0347691
0.537981, -0.00330723, 0.0355717
0.507471, 0.0263118, 0.0364643
0.498074, -0.00390718, 0.0352633
stamp: 2030000000
0.00848108, 0.000307774, 0.0377062
0.507898, -0.0284981, 0.0346954
0.537909, -0.00335959, 0.0356725
0.507412, 0.0263264, 0.0365187
0.498078, -0.00389746, 0.0352653
stamp: 2040000000
0.008474, 0.000316371, 0.0377152
0.50799, -0.0285357, 0.0347785
0.537895, -0.00335541, 0.0356823
0.507461, 0.0263239, 0.0364771
0.498046, -0.00388901, 0.0352491
stamp: 2050000000
0.00847614, 0.000316044, 0.0377071
0.50799, -0.0285383, 0.0347794
0.537985, -0.00330619, 0.0355575
0.507416, 0.0263215, 0.0365114
0.498049, -0.00389129, 0.0352415
stamp: 2060000000
0.00835168, 0.000362008, 0.037658
0.507979, -0.0285455, 0.0347704
0.537907, -0.00335768, 0.0356675
0.507463, 0.0263211, 0.0364846
0.498041, -0.00388579, 0.0352453
stamp: 2070000000
0.00842273, 0.000296184, 0.0377259
0.507982, -0.0285375, 0.0347678
0.537974, -0.00330628, 0.0355699
0.507464, 0.0263156, 0.0364668
0.498065, -0.00390374, 0.0352706
stamp: 2080000000
0.00843371, 0.000285783, 0.0377238
0.507996, -0.0285371, 0.0347797
0.537983, -0.00331155, 0.0355464
0.507468, 0.0263173, 0.0364654
0.498073, -0.00390249, 0.0352686
stamp: 2090000000
0.00843326, 0.000294993, 0.0377306
0.50799, -0.0285427, 0.0347753
0.537908, -0.0033537, 0.0356775
0.50747, 0.026311, 0.0364736
0.498074, -0.00390209, 0.0352724
stamp: 2099000000
0.00843087, 0.000293304, 0.0377305
0.507986, -0.0285408, 0.0347807
0.537898, -0.00335486, 0.0356921
0.507459, 0.0263184, 0.0364743
0.498077, -0.00390596, 0.0352653
stamp: 2110000000
0.0084305, 0.000292775, 0.0377221
0.507986, -0.0285379, 0.0347754
0.537901, -0.00335958, 0.0356983
0.507468, 0.0263135, 0.0364713
0.498065, -0.00390876, 0.0352736
stamp: 2120000000
0.00853558, 0.000359681, 0.0376797
0.507856, -0.0284222, 0.0346964
0.537906, -0.00335655, 0.0356773
0.507479, 0.0263139, 0.0364693
0.498041, -0.00387989, 0.0352429
stamp: 2129000000
0.00844009, 0.000291623, 0.0377182
0.507949, -0.0284531, 0.0347768
0.537907, -0.00336029, 0.0356909
0.507474, 0.0263192, 0.0364684
0.498039, -0.00388637, 0.0352526
stamp: 2140000000
0.0084293, 0.000283313, 0.0377171
0.507986, -0.0285367, 0.0347773
0.537985, -0.00331332, 0.0355662
0.507467, 0.0263172, 0.0364717
0.498067, -0.00389878, 0.0352586
stamp: 2149000000
0.0084723, 0.00031046, 0.0377216
0.507991, -0.0285517, 0.0347678
0.537906, -0.00335192, 0.0356691
0.507423, 0.0263332, 0.0365212
0.498048, -0.00389371, 0.0352392
stamp: 2159000000
0.00843088, 0.000290007, 0.0377309
0.507986, -0.0285362, 0.0347683
0.537978, -0.00331295, 0.0355709
0.507459, 0.0263235, 0.0364885
0.498075, -0.00390245, 0.0352655
stamp: 2170000000
0.00847081, 0.000317632, 0.0377147
0.507899, -0.0284911, 0.0346962
0.537908, -0.00335258, 0.0356738
0.507467, 0.0263158, 0.0364724
0.498073, -0.00390739, 0.0352626
stamp: 2179000000
0.00847556, 0.000324793, 0.0377097
0.507983, -0.0285312, 0.0347667
0.5379, -0.00336393, 0.0356916
0.507473, 0.0263171, 0.0364624
0.498069, -0.00390327, 0.0352575
stamp: 2189000000
0.00843664, 0.000295869, 0.0377193
0.507988, -0.0285383, 0.0347666
0.537897, -0.0033583, 0.0356949
0.507464, 0.0263148, 0.0364662
0.498044, -0.00388196, 0.0352472
stamp: 2200000000
0.00843497, 0.000279691, 0.0377233
0.50799, -0.0285307, 0.0347748
0.5379, -0.00335391, 0.0356787
0.50747, 0.026316, 0.0364782
0.498039, -0.00388179, 0.0352449
stamp: 2209000000
0.00846844, 0.000313077, 0.0377164
0.50799, -0.0285396, 0.0347676
0.537984, -0.00331271, 0.0355556
0.507473, 0.0263185, 0.0364694
0.49803, -0.0038905, 0.0352447
stamp: 2220000000
0.00847881, 0.000317477, 0.0377147
0.507983, -0.0285356, 0.0347738
0.537905, -0.00335395, 0.0356696
0.507461, 0.0263139, 0.0364644
0.498073, -0.0039005, 0.0352632
stamp: 2230000000
0.00838936, 0.000385211, 0.037656
0.507976, -0.0285469, 0.0347649
0.537901, -0.00336368, 0.0356857
0.507468, 0.0263147, 0.0364729
0.498075, -0.00390713, 0.0352718
stamp: 2240000000
0.00842749, 0.000300996, 0.0377335
0.507982, -0.0285557, 0.0347781
0.537978, -0.00331194, 0.0355651
0.507466, 0.0263131, 0.0364778
0.498064, -0.00390218, 0.0352681
stamp: 2250000000
0.00842651, 0.000291778, 0.0377193
0.507896, -0.0284951, 0.034697
0.537906, -0.00335842, 0.0356682
0.507415, 0.0263228, 0.0365237
0.498122, -0.00386392, 0.0351657
stamp: 2260000000
0.00843321, 0.000298602, 0.0377268
0.507943, -0.0284412, 0.0347751
0.537987, -0.00330676, 0.0355579
0.507458, 0.0263184, 0.0364891
0.498042, -0.00389318, 0.0352437
stamp: 2270000000
0.0084296, 0.000294506, 0.0377295
0.507988, -0.0285325, 0.0347739
0.537991, -0.00330715, 0.035545
0.507416, 0.026316, 0.0365103
0.498063, -0.00390531, 0.0352701
stamp: 2280000000
0.00835961, 0.000363808, 0.0376667
0.507945, -0.0284539, 0.0347697
0.537902, -0.00335935, 0.0356695
0.507467, 0.0263201, 0.0364943
0.498067, -0.00390205, 0.0352689
stamp: 2290000000
0.00841832, 0.000290329, 0.0377322
0.507992, -0.0285312, 0.0347719
0.537975, -0.00330536, 0.0355705
0.507473, 0.026314, 0.0364688
0.498072, -0.00390781, 0.035267
stamp: 2300000000
0.00848137, 0.000307525, 0.0377184
0.507996, -0.0285412, 0.0347752
0.537983, -0.0033179, 0.0355496
0.507469, 0.0263153, 0.036465
0.498044, -0.00388974, 0.0352455
stamp: 2310000000
0.00844067, 0.000285262, 0.0377313
0.507986, -0.0285373, 0.0347717
0.537908, -0.00335771, 0.0356819
0.507469, 0.026313, 0.036465
0.498069, -0.00390097, 0.0352598
stamp: 2320000000
0.00843073, 0.000282523, 0.0377167
0.507981, -0.0285351, 0.0347669
0.537977, -0.00331041, 0.035578
0.507473, 0.0263187, 0.0364714
0.498051, -0.00388549, 0.0352368
stamp: 2330000000
0.00847416, 0.000305322, 0.0377171
0.507859, -0.0284149, 0.0347027
0.537908, -0.00335954, 0.0356629
0.507417, 0.026329, 0.0365122
0.498038, -0.00388211, 0.0352334
stamp: 2340000000
0.00839341, 0.000384628, 0.0376546
0.507989, -0.0285273, 0.0347771
0.53798, -0.00332517, 0.0355756
0.507461, 0.0263162, 0.036477
0.498069, -0.00390702, 0.03526
stamp: 2349000000
0.00848038, 0.000319734, 0.037726
0.507989, -0.0285394, 0.0347733
0.537902, -0.00336438, 0.0356693
0.50747, 0.0263148, 0.036464
0.498043, -0.00388613, 0.0352519
stamp: 2360000000
0.00843496, 0.000282898, 0.0377182
0.50799, -0.0285415, 0.0347783
0.537984, -0.00331246, 0.0355655
0.507463, 0.0263152, 0.0364785
0.498035, -0.00388573, 0.0352462
stamp: 2370000000
0.00843383, 0.000296003, 0.0377307
0.507984, -0.0285375, 0.0347567
0.537988, -0.00331292, 0.035549
0.507468, 0.0263133, 0.0364821
0.498074, -0.00390667, 0.0352646
stamp: 2380000000
0.00847777, 0.000315178, 0.0377151
0.50789, -0.0284964, 0.0346927
0.537987, -0.00331096, 0.0355501
0.507473, 0.0263109, 0.0364712
0.49804, -0.00388933, 0.0352358
stamp: 2390000000
0.00848139, 0.000320186, 0.0377078
0.507895, -0.0284883, 0.0346944
0.537907, -0.00335843, 0.0356867
0.507471, 0.0263198, 0.0364734
0.49805, -0.00388725, 0.0352466
stamp: 2400000000
0.00847446, 0.000311369, 0.037715
0.507892, -0.0284992, 0.0346814
0.53798, -0.00330906, 0.0355719
0.507465, 0.0263192, 0.0364675
0.498036, -0.00389189, 0.035232
stamp: 2410000000
0.00847993, 0.000315616, 0.0377141
0.507945, -0.0284476, 0.0347792
0.537994, -0.00331659, 0.0355475
0.507423, 0.0263264, 0.0365217
0.498058, -0.00390352, 0.0352725
stamp: 2420000000
0.00847333, 0.000314962, 0.0377136
0.507901, -0.0284899, 0.0347067
0.53798, -0.00331305, 0.0355505
0.507469, 0.0263213, 0.0364892
0.498038, -0.00389058, 0.0352303
stamp: 2430000000
0.00843029, 0.000291795, 0.0377143
0.507894, -0.0284987, 0.0346936
0.537906, -0.00335719, 0.035674
0.507419, 0.0263247, 0.0365184
0.498059, -0.00390354, 0.0352596
stamp: 2439000000
0.00835156, 0.000358051, 0.0376718
0.507982, -0.0285416, 0.0347634
0.537901, -0.00336278, 0.0356843
0.507464, 0.0263211, 0.0364852
0.498074, -0.00390369, 0.0352738
stamp: 2450000000
0.008472, 0.000321499, 0.0377126
0.507991, -0.028542, 0.0347808
0.537902, -0.00336174, 0.0356777
0.507476, 0.0263088, 0.0364753
0.498046, -0.00388923, 0.0352336
stamp: 2459000000
0.0084384, 0.000291977, 0.0377206
0.507953, -0.0284499, 0.0347619
0.537984, -0.00330133, 0.0355562
0.507413, 0.02632, 0.0365168
0.498043, -0.00388478, 0.0352417
stamp: 2470000000
0.00847743, 0.000309854, 0.0377079
0.507987, -0.0285214, 0.0347644
0.537904, -0.00335455, 0.0356641
0.507456, 0.0263251, 0.0364828
0.498038, -0.00387918, 0.0352431
stamp: 2480000000
0.0084327, 0.00028606, 0.0376999
0.507898, -0.0285026, 0.0347009
0.537898, -0.0033619, 0.0356909
0.50747, 0.0263095, 0.0364652
0.498047, -0.00388512, 0.0352445
stamp: 2489000000
0.00843794, 0.000289677, 0.0377285
0.507896, -0.0284954, 0.0346902
0.537983, -0.0033065, 0.0355657
0.507473, 0.0263131, 0.0364579
0.498041, -0.00388841, 0.035235
stamp: 2500000000
0.00848076, 0.000311536, 0.0377134
0.507997, -0.0285361, 0.0347702
0.53791, -0.00334929, 0.0356678
0.507472, 0.0263218, 0.0364769
0.498045, -0.00388674, 0.0352329
stamp: 2510000000
0.00849137, 0.000346702, 0.0376901
0.507993, -0.0285459, 0.0347814
0.53798, -0.00331171, 0.0355711
0.507472, 0.0263164, 0.0364693
0.498034, -0.00388174, 0.0352413
stamp: 2520000000
0.00848192, 0.000315236, 0.0377174
0.507992, -0.0285392, 0.0347756
0.537987, -0.00331078, 0.035553
0.507468, 0.0263173, 0.0364739
0.498062, -0.00390588, 0.0352647
stamp: 2530000000
0.00843639, 0.000293886, 0.0377262
0.507956, -0.0284495, 0.0347583
0.537911, -0.00335702, 0.0356752
0.507463, 0.0263212, 0.0364754
0.498069, -0.0039089, 0.0352605
stamp: 2540000000
0.00848108, 0.000312736, 0.037718
0.507996, -0.0285309, 0.0347793
0.53798, -0.00331238, 0.0355666
0.50746, 0.026315, 0.0364685
0.498035, -0.00388391, 0.0352399
stamp: 2549000000
0.00847241, 0.000317744, 0.0377031
0.507985, -0.0285445, 0.0347752
0.537912, -0.00336071, 0.0356661
0.507467, 0.0263135, 0.0364792
0.498064, -0.00390194, 0.035256
stamp: 2560000000
0.00847749, 0.000318349, 0.0377077
0.507897, -0.028504, 0.0346953
0.537977, -0.00330838, 0.0355627
0.507465, 0.0263127, 0.0364798
0.498035, -0.00389056, 0.0352465
stamp: 2570000000
0.00843033, 0.000287539, 0.0377148
0.507983, -0.0285362, 0.0347754
0.537982, -0.00331318, 0.0355479
0.507473, 0.0263259, 0.0364775
0.498045, -0.00388232, 0.0352394
stamp: 2579000000
0.0084301, 0.000289078, 0.0377305
0.507988, -0.0285494, 0.034776
0.537983, -0.0033193, 0.0355497
0.507472, 0.0263148, 0.0364789
0.498036, -0.00388119, 0.0352403
stamp: 2590000000
0.00847604, 0.000306777, 0.0377061
0.507897, -0.0285019, 0.0346902
0.537985, -0.00330736, 0.0355446
0.507471, 0.0263206, 0.0364725
0.498042, -0.003883, 0.0352359
stamp: 2599000000
0.00843385, 0.000291077, 0.0377126
0.507849, -0.0284163, 0.0346888
0.53799, -0.00330974, 0.0355489
0.50747, 0.0263074, 0.0364602
0.49804, -0.00388877, 0.0352248
stamp: 2610000000
0.00847491, 0.000305848, 0.0377047
0.507893, -0.0284835, 0.0346947
0.537906, -0.00335616, 0.0356651
0.507468, 0.0263195, 0.036469
0.498037, -0.00388772, 0.03524
stamp: 2620000000
0.00842466, 0.000290885, 0.0377079
0.507989, -0.0285453, 0.0347665
0.537898, -0.00335818, 0.0356898
0.507468, 0.026318, 0.0364772
0.498039, -0.00388746, 0.0352465
stamp: 2629000000
0.00847148, 0.000313665, 0.0377144
0.507981, -0.0285402, 0.0347712
0.537899, -0.00335996, 0.0356743
0.507473, 0.0263192, 0.03647
0.498039, -0.0038851, 0.0352358
stamp: 2639000000
0.00847443, 0.000320942, 0.037704
0.507979, -0.0285401, 0.0347467
0.53798, -0.00330998, 0.0355557
0.507466, 0.0263181, 0.0364731
0.498037, -0.0038858, 0.0352485
stamp: 2650000000
0.0084703, 0.00031511, 0.0377062
0.50794, -0.0284495, 0.034782
0.537978, -0.00331319, 0.035547
0.507474, 0.0263158, 0.0364636
0.498033, -0.00388487, 0.035246
stamp: 2660000000
0.00843018, 0.000291527, 0.0377173
0.507983, -0.0285265, 0.0347645
0.537984, -0.00331053, 0.0355462
0.507422, 0.0263249, 0.0365196
0.498064, -0.00390526, 0.0352596
stamp: 2670000000
0.00846877, 0.000309385, 0.0377061
0.507948, -0.0284479, 0.0347673
0.537903, -0.00336112, 0.0356743
0.507457, 0.0263189, 0.0364797
0.498039, -0.00389082, 0.035245
stamp: 2680000000
0.00843709, 0.000291768, 0.037723
0.507986, -0.0285388, 0.0347638
0.537979, -0.00330992, 0.0355614
0.507466, 0.0263084, 0.0364559
0.498035, -0.00388583, 0.035237
stamp: 2690000000
0.00848261, 0.000310124, 0.0377287
0.507947, -0.0284513, 0.0347662
0.537911, -0.00335347, 0.035668
0.507425, 0.0263272, 0.0365171
0.498064, -0.00390572, 0.0352521
stamp: 2699000000
0.00843614, 0.000282882, 0.0377243
0.507895, -0.0284828, 0.03469
0.537897, -0.00335789, 0.0356857
0.507463, 0.026317, 0.0364837
0.498065, -0.00390466, 0.0352515
stamp: 2710000000
0.00846985, 0.000316691, 0.0377119
0.507988, -0.0285472, 0.0347702
0.537899, -0.00336259, 0.0356849
0.507472, 0.0263188, 0.0364574
0.49804, -0.00388836, 0.0352251
stamp: 2720000000
0.00847986, 0.000313259, 0.0377112
0.507986, -0.0285386, 0.0347642
0.537893, -0.00335846, 0.0356843
0.50747, 0.0263125, 0.0364736
0.498066, -0.00390417, 0.0352542
stamp: 2730000000
0.00847549, 0.000320627, 0.0377138
0.50798, -0.0285424, 0.0347666
0.537903, -0.00334988, 0.0356766
0.507472, 0.0263112, 0.0364712
0.498046, -0.00389392, 0.0352326
stamp: 2740000000
0.0084753, 0.000306687, 0.0377055
0.507987, -0.0285359, 0.0347672
0.537979, -0.00330835, 0.0355624
0.507472, 0.0263158, 0.0364667
0.498035, -0.00388459, 0.0352388
stamp: 2750000000
0.00848198, 0.000318215, 0.0377146
0.507975, -0.0285385, 0.0347725
0.53798, -0.00331174, 0.035544
0.507417, 0.0263244, 0.0365061
0.498046, -0.00388355, 0.0352265
stamp: 2759000000
0.00843213, 0.000293305, 0.037719
0.507982, -0.0285338, 0.0347604
0.537902, -0.00336422, 0.0356835
0.507456, 0.0263185, 0.0364794
0.498038, -0.00388429, 0.0352382
stamp: 2770000000
0.00843515, 0.000291172, 0.0377134
0.507981, -0.0285333, 0.0347724
0.537981, -0.00330991, 0.0355639
0.507471, 0.0263175, 0.0364728
0.498064, -0.0038965, 0.0352625
stamp: 2780000000
0.00847191, 0.000316599, 0.0377094
0.507985, -0.0285448, 0.0347622
0.537906, -0.00335858, 0.035667
0.507465, 0.026311, 0.036461
0.498039, -0.00388717, 0.0352365
stamp: 2790000000
0.00842714, 0.000291239, 0.0377201
0.507858, -0.028409, 0.0347009
0.537975, -0.00330342, 0.0355649
0.507472, 0.0263118, 0.0364586
0.498041, -0.0038895, 0.0352318
stamp: 2800000000
0.00842635, 0.000292948, 0.037723
0.507884, -0.0284842, 0.0346874
0.53798, -0.00330866, 0.0355526
0.507472, 0.0263145, 0.0364701
0.498041, -0.00389123, 0.0352378
stamp: 2810000000
0.00843226, 0.000292584, 0.0377315
0.507889, -0.0284928, 0.0346787
0.537981, -0.00330521, 0.0355564
0.507473, 0.0263174, 0.0364746
0.49804, -0.00389039, 0.0352375
stamp: 2819000000
0.00842891, 0.000288251, 0.0377173
0.507989, -0.028537, 0.0347636
0.537897, -0.00335065, 0.0356653
0.50747, 0.0263183, 0.0364612
0.498039, -0.00388711, 0.0352414
stamp: 2829000000
0.00847685, 0.000321257, 0.0377113
0.507855, -0.028419, 0.0347038
0.537983, -0.00331294, 0.0355605
0.507418, 0.0263246, 0.0365162
0.498041, -0.00388561, 0.0352428
stamp: 2839000000
0.00848138, 0.000318683, 0.0377115
0.507986, -0.0285403, 0.0347737
0.537982, -0.00330817, 0.0355496
0.507461, 0.0263124, 0.0364824
0.49806, -0.00390828, 0.0352564
stamp: 2850000000
0.0084768, 0.000307885, 0.0377196
0.507945, -0.0284445, 0.0347689
0.537988, -0.00331192, 0.035546
0.507475, 0.0263109, 0.036459
0.498041, -0.00389563, 0.035229
stamp: 2859000000
0.00843034, 0.000289469, 0.0377144
0.507943, -0.0284381, 0.0347844
0.537987, -0.00331462, 0.0355534
0.507476, 0.0263118, 0.0364698
0.498027, -0.00390033, 0.0352042
stamp: 2870000000
0.00843243, 0.00029028, 0.0377176
0.507984, -0.0285369, 0.0347746
0.537974, -0.00331093, 0.035552
0.507472, 0.026316, 0.0364696
0.498047, -0.00388654, 0.0352387
stamp: 2879000000
0.00847321, 0.000318062, 0.0377107
0.507981, -0.0285449, 0.0347734
0.537907, -0.00334986, 0.0356816
0.507465, 0.0263123, 0.0364717
0.498059, -0.00390254, 0.0352715
stamp: 2889000000
0.00842912, 0.000291281, 0.0377272
0.507987, -0.028527, 0.0347721
0.537898, -0.00334915, 0.0356914
0.507469, 0.0263134, 0.0364617
0.498042, -0.00389499, 0.0352417
stamp: 2900000000
0.00847455, 0.000307506, 0.0377163
0.507983, -0.0285314, 0.0347682
0.537977, -0.00331283, 0.0355627
0.507477, 0.0263092, 0.0364735
0.498036, -0.00388208, 0.0352406
stamp: 2910000000
0.00848261, 0.000319993, 0.0377053
0.50799, -0.0285299, 0.0347799
0.537908, -0.00335339, 0.0356699
0.507469, 0.026314, 0.0364761
0.498046, -0.00388787, 0.0352433
stamp: 2920000000
0.00843041, 0.000287978, 0.0377238
0.507988, -0.0285354, 0.0347717
0.53789, -0.00336246, 0.0356987
0.507471, 0.0263143, 0.0364683
0.498066, -0.00391477, 0.0352686
stamp: 2929000000
0.00847532, 0.000313271, 0.037719
0.50799, -0.0285377, 0.0347726
0.537986, -0.00330531, 0.0355659
0.507418, 0.0263269, 0.0365213
0.498065, -0.00390602, 0.0352654
stamp: 2939000000
0.00848405, 0.000315181, 0.0377096
0.507989, -0.0285352, 0.0347787
0.537988, -0.00331237, 0.0355526
0.507463, 0.0263281, 0.0364841
0.498042, -0.00388424, 0.0352355
stamp: 2949000000
0.00843029, 0.000299625, 0.0377105
0.507943, -0.0284466, 0.0347693
0.537981, -0.00331267, 0.035553
0.507479, 0.0263173, 0.0364712
0.498041, -0.00388878, 0.0352414
stamp: 2959000000
0.00846912, 0.000313655, 0.0377147
0.507989, -0.0285256, 0.0347754
0.537983, -0.00330554, 0.0355478
0.507471, 0.0263097, 0.0364706
0.498036, -0.00388901, 0.0352268
stamp: 2970000000
0.00843188, 0.000293965, 0.0377178
0.507901, -0.0284911, 0.0346972
0.537904, -0.00335422, 0.0356829
0.507469, 0.0263171, 0.0364739
0.498043, -0.00388809, 0.0352302
stamp: 2979000000
0.00843531, 0.000289593, 0.037722
0.507985, -0.0285307, 0.0347626
0.5379, -0.00335191, 0.0356909
0.507469, 0.0263218, 0.0364781
0.498077, -0.0039073, 0.035266
stamp: 2990000000
0.00842795, 0.000293551, 0.0377234
0.507991, -0.0285376, 0.0347724
0.537979, -0.00330913, 0.0355709
0.507468, 0.0263143, 0.0364671
0.498038, -0.00389127, 0.0352413
stamp: 3000000000
0.00842484, 0.000296939, 0.0377189
0.507982, -0.0285379, 0.0347656
0.537987, -0.00331818, 0.0355524
0.507469, 0.0263128, 0.0364631
0.498069, -0.00390186, 0.0352639
stamp: 3010000000
0.00843544, 0.000295673, 0.0377186
0.507982, -0.0285366, 0.0347585
0.537987, -0.00331158, 0.0355558
0.507464, 0.0263222, 0.0364644
0.49805, -0.00389415, 0.0352433
stamp: 3020000000
0.00848075, 0.000319404, 0.0377234
0.507896, -0.0284977, 0.0346896
0.537974, -0.00331083, 0.0355609
0.50747, 0.0263195, 0.0364724
0.49804, -0.00389039, 0.0352356
stamp: 3030000000
0.0083942, 0.000389511, 0.0376534
0.507986, -0.0285328, 0.0347692
0.537986, -0.00330766, 0.0355622
0.507418, 0.0263247, 0.036514
0.498039, -0.0038867, 0.0352377
stamp: 3040000000
0.00847585, 0.000327202, 0.0377129
0.5079, -0.0284867, 0.0347009
0.537988, -0.00331424, 0.0355562
0.507464, 0.0263289, 0.0364801
0.498031, -0.00389006, 0.0352331
stamp: 3049000000
0.00842983, 0.000288398, 0.0377131
0.507981, -0.028538, 0.0347861
0.537905, -0.00334606, 0.0356695
0.507473, 0.0263049, 0.0364629
0.498059, -0.0039064, 0.03526
stamp: 3060000000
0.00842321, 0.000291112, 0.0377233
0.507989, -0.0285451, 0.0347617
0.537986, -0.00331235, 0.0355649
0.507424, 0.0263225, 0.0364973
0.498035, -0.0038984, 0.0352392
stamp: 3070000000
0.00843168, 0.00029624, 0.0377267
0.507897, -0.0284976, 0.0346841
0.537985, -0.00331183, 0.0355468
0.507464, 0.0263235, 0.0364738
0.498035, -0.0038852, 0.0352349
stamp: 3080000000
0.00846875, 0.000308604, 0.0377245
0.507986, -0.0285326, 0.0347747
0.537909, -0.00336074, 0.0356739
0.507469, 0.0263149, 0.0364653
0.498025, -0.00388798, 0.0352299
stamp: 3089000000
0.00847629, 0.000310185, 0.037701
0.507985, -0.0285457, 0.0347658
0.537978, -0.00330955, 0.0355605
0.507474, 0.0263153, 0.0364676
0.498041, -0.00388478, 0.035237
stamp: 3100000000
0.00843017, 0.000299121, 0.0377116
0.507981, -0.0285353, 0.0347644
0.537987, -0.00330569, 0.0355479
0.507469, 0.0263152, 0.0364658
0.498039, -0.00388423, 0.0352363
stamp: 3110000000
0.00847693, 0.000309396, 0.0376963
0.507947, -0.0284489, 0.0347658
0.537906, -0.00335796, 0.0356728
0.507466, 0.0263151, 0.0364818
0.498044, -0.00389625, 0.0352381
stamp: 3120000000
0.00847921, 0.000308326, 0.0377064
0.507978, -0.028529, 0.0347681
0.537976, -0.00331175, 0.0355647
0.50747, 0.0263175, 0.0364704
0.498042, -0.00388941, 0.035243
stamp: 3129000000
0.00847692, 0.000317284, 0.0377006
0.507949, -0.0284409, 0.0347677
0.537989, -0.00331427, 0.0355585
0.507478, 0.0263163, 0.0364645
0.498019, -0.00389704, 0.0352099
stamp: 3140000000
0.00847311, 0.000321076, 0.0377175
0.507989, -0.0285257, 0.034777
0.537985, -0.00330677, 0.0355532
0.507476, 0.026312, 0.0364738
0.498042, -0.00388971, 0.0352496
stamp: 3149000000
0.00843586, 0.000293065, 0.0377243
0.507983, -0.0285484, 0.0347808
0.537977, -0.00330529, 0.0355558
0.507468, 0.0263134, 0.0364701
0.498046, -0.0038959, 0.0352335
stamp: 3159000000
0.00847034, 0.000316218, 0.0377092
0.507987, -0.0285374, 0.034772
0.537982, -0.00331404, 0.0355475
0.507463, 0.0263124, 0.0364687
0.498037, -0.00389364, 0.0352329
stamp: 3170000000
0.00847592, 0.000311954, 0.0377233
0.507945, -0.0284456, 0.0347701
0.537983, -0.00331244, 0.0355487
0.507413, 0.0263207, 0.036518
0.498041, -0.00388551, 0.0352412
stamp: 3179000000
0.00843412, 0.000291305, 0.0377194
0.507994, -0.028533, 0.0347816
0.53798, -0.00330911, 0.0355507
0.507464, 0.0263217, 0.0364829
0.498064, -0.00390987, 0.0352585
stamp: 3190000000
0.00847216, 0.000318123, 0.0377251
0.507958, -0.0284409, 0.0347775
0.537905, -0.0033577, 0.035669
0.507474, 0.0263206, 0.0364639
0.49804, -0.00388429, 0.0352338
stamp: 3200000000
0.00834487, 0.000367274, 0.0376587
0.507986, -0.0285312, 0.0347668
0.537975, -0.00331646, 0.0355635
0.507479, 0.0263162, 0.0364613
0.498034, -0.00388237, 0.0352329
stamp: 3209000000
0.00846572, 0.000324264, 0.03772
0.507944, -0.0284461, 0.0347714
0.537912, -0.00335084, 0.0356709
0.507475, 0.0263138, 0.0364688
0.498048, -0.00389058, 0.0352398
stamp: 3220000000
0.00847869, 0.000311632, 0.0377215
0.507945, -0.0284442, 0.0347684
0.537983, -0.00331552, 0.0355664
0.507467, 0.0263166, 0.0364735
0.498042, -0.00388365, 0.0352338
stamp: 3230000000
0.00843092, 0.000291635, 0.0377318
0.507896, -0.0284771, 0.0346981
0.537988, -0.00331249, 0.0355603
0.507479, 0.0263207, 0.0364887
0.498039, -0.00388756, 0.0352371
stamp: 3240000000
0.00843611, 0.000293833, 0.0377331
0.507991, -0.0285323, 0.0347713
0.5379, -0.00335503, 0.035676
0.507419, 0.0263284, 0.0365144
0.498036, -0.0038934, 0.035247
stamp: 3250000000
0.00847391, 0.000320533, 0.0377166
0.507902, -0.0284916, 0.0347017
0.537895, -0.00335116, 0.0356891
0.507465, 0.0263184, 0.0364836
0.498041, -0.0038896, 0.0352294
stamp: 3260000000
0.00843365, 0.000295862, 0.0377087
0.507988, -0.0285352, 0.0347661
0.537979, -0.00331103, 0.0355765
0.507469, 0.0263133, 0.0364579
0.498043, -0.00388472, 0.0352448
stamp: 3270000000
0.00847001, 0.000314541, 0.0376979
0.507991, -0.0285376, 0.0347762
0.537988, -0.00330627, 0.0355569
0.50748, 0.026316, 0.0364636
0.498045, -0.003891, 0.035236
stamp: 3280000000
0.00847056, 0.00032307, 0.0377063
0.50786, -0.0284149, 0.0347066
0.537981, -0.00331139, 0.0355623
0.507473, 0.0263063, 0.036462
0.498046, -0.00388646, 0.0352483
stamp: 3289000000
0.00843445, 0.000293813, 0.0377268
0.507997, -0.0285328, 0.0347702
0.537903, -0.00335902, 0.0356679
0.507477, 0.0263154, 0.0364733
0.498042, -0.00388817, 0.0352383
stamp: 3300000000
0.00843253, 0.000291929, 0.0377191
0.507899, -0.0284951, 0.0346929
0.537976, -0.00331004, 0.0355661
0.507466, 0.0263118, 0.036468
0.49804, -0.00388778, 0.0352382
stamp: 3310000000
0.00847578, 0.000325378, 0.0377171
0.507993, -0.0285372, 0.0347836
0.537908, -0.00335394, 0.0356743
0.507471, 0.0263136, 0.036476
0.498046, -0.00388516, 0.0352513
stamp: 3320000000
0.00842731, 0.000287089, 0.0377082
0.50791, -0.0284914, 0.0347047
0.537978, -0.00330413, 0.0355647
0.507469, 0.0263149, 0.0364718
0.498033, -0.00389115, 0.035246
stamp: 3330000000
0.00838815, 0.000389824, 0.037649
0.50786, -0.0284144, 0.0347077
0.537905, -0.00335618, 0.0356738
0.50741, 0.0263215, 0.0365221
0.498036, -0.00388879, 0.0352397
stamp: 3340000000
0.00847441, 0.000329546, 0.0377114
0.507989, -0.0285275, 0.0347717
0.537904, -0.00335421, 0.0356989
0.507461, 0.0263253, 0.036477
0.49804, -0.00388475, 0.0352418
stamp: 3349000000
0.00847732, 0.000317351, 0.0377118
0.507987, -0.0285471, 0.0347673
0.537907, -0.00335433, 0.0356869
0.507472, 0.0263163, 0.0364694
0.49804, -0.0038827, 0.0352411
stamp: 3360000000
0.00847399, 0.000312381, 0.0377162
0.507989, -0.0285388, 0.0347726
0.537979, -0.0033031, 0.0355611
0.507468, 0.0263151, 0.0364634
0.498039, -0.00388476, 0.0352319
stamp: 3370000000
0.0084677, 0.000321508, 0.0377125
0.507897, -0.0284914, 0.0346986
0.537983, -0.00331031, 0.0355499
0.507473, 0.0263241, 0.0364773
0.498025, -0.00389732, 0.0352057
stamp: 3380000000
0.00847105, 0.000316981, 0.0377088
0.507858, -0.0284118, 0.0346963
0.537905, -0.00336031, 0.0356778
0.507469, 0.0263156, 0.036478
0.49804, -0.00388288, 0.0352387
stamp: 3390000000
0.00842889, 0.000294772, 0.0377192
0.507895, -0.028477, 0.0347082
0.537898, -0.00335425, 0.0356935
0.507473, 0.0263129, 0.0364836
0.498048, -0.00388288, 0.0352407
stamp: 3400000000
0.00843775, 0.0002916, 0.037725
0.507897, -0.028488, 0.0346948
0.537903, -0.0033567, 0.0356882
0.507468, 0.0263165, 0.0364715
0.498039, -0.00388779, 0.035238
stamp: 3410000000
0.00847592, 0.00031531, 0.0377092
0.507981, -0.0285293, 0.0347738
0.537908, -0.0033582, 0.0356813
0.507473, 0.0263149, 0.0364714
0.49804, -0.00389145, 0.035236
stamp: 3420000000
0.0084365, 0.000299349, 0.0377314
0.507955, -0.028452, 0.034775
0.537897, -0.00335566, 0.0356817
0.507479, 0.0263174, 0.0364786
0.498045, -0.0038873, 0.0352334
stamp: 3429000000
0.0084288, 0.000291053, 0.0377193
0.507946, -0.0284451, 0.0347823
0.537901, -0.00335645, 0.0356864
0.507467, 0.0263197, 0.0364644
0.498042, -0.00388786, 0.0352278
stamp: 3439000000
0.00843549, 0.000295051, 0.0377198
0.507991, -0.0285233, 0.0347856
0.537901, -0.00335636, 0.0356874
0.507469, 0.0263181, 0.0364725
0.498046, -0.00389508, 0.0352385
stamp: 3450000000
0.00846934, 0.000317793, 0.0377123
0.507861, -0.0284167, 0.0346902
0.537985, -0.0033094, 0.0355683
0.507469, 0.0263251, 0.0364746
0.49804, -0.00389337, 0.03524
stamp: 3459000000
0.00847663, 0.000315158, 0.03772
0.507994, -0.0285229, 0.0347739
0.537984, -0.003306, 0.0355441
0.507472, 0.0263169, 0.0364751
0.498043, -0.00388519, 0.0352332
stamp: 3470000000
0.00848369, 0.000318787, 0.0377102
0.507903, -0.0284957, 0.0347009
0.537906, -0.00335204, 0.0356774
0.50747, 0.0263161, 0.0364566
0.498071, -0.00390191, 0.0352623
stamp: 3480000000
0.00848381, 0.000319109, 0.0377158
0.507986, -0.0285292, 0.0347661
0.537894, -0.00336054, 0.0356905
0.507471, 0.0263144, 0.0364682
0.498041, -0.00389216, 0.0352331
stamp: 3489000000
0.00847387, 0.000312829, 0.0377115
0.507862, -0.0284099, 0.0347039
0.5379, -0.00334659, 0.0356826
0.507477, 0.0263165, 0.0364737
0.498047, -0.00388293, 0.0352284
stamp: 3499000000
0.00848012, 0.000316148, 0.037704
0.507888, -0.0284787, 0.0347002
0.537905, -0.00335139, 0.0356889
0.507472, 0.026313, 0.0364766
0.498038, -0.00388562, 0.035249
stamp: 3510000000
0.00842923, 0.000299629, 0.0377169
0.507989, -0.0285394, 0.0347802
0.537988, -0.00330723, 0.0355549
0.50741, 0.0263266, 0.0365229
0.498047, -0.00388671, 0.0352413
stamp: 3520000000
0.00847125, 0.000307909, 0.0377197
0.507988, -0.0285401, 0.0347739
0.537906, -0.00335479, 0.0356687
0.50746, 0.0263181, 0.0364888
0.498069, -0.003905, 0.0352614
stamp: 3530000000
0.00847156, 0.000310739, 0.0377148
0.507946, -0.0284442, 0.03476
0.537902, -0.00335427, 0.0356915
0.507476, 0.0263141, 0.0364583
0.49805, -0.0038909, 0.0352383
stamp: 3540000000
0.00839686, 0.000388785, 0.0376523
0.507983, -0.0285279, 0.0347747
0.537897, -0.0033568, 0.035678
0.507469, 0.0263155, 0.0364641
0.498039, -0.00388952, 0.0352232
stamp: 3550000000
0.0084684, 0.000320036, 0.0377012
0.507986, -0.0285355, 0.0347837
0.537902, -0.00336157, 0.0356867
0.507471, 0.0263131, 0.0364604
0.498068, -0.00391247, 0.0352653
stamp: 3559000000
0.00848244, 0.00031977, 0.0377128
0.507994, -0.0285368, 0.0347788
0.537977, -0.00330776, 0.0355652
0.507468, 0.0263154, 0.0364672
0.498047, -0.0038899, 0.0352435
stamp: 3570000000
0.00834761, 0.000364767, 0.0376558
0.507988, -0.0285308, 0.0347698
0.537982, -0.00330852, 0.035566
0.507472, 0.026311, 0.0364649
0.498042, -0.00389178, 0.0352306
stamp: 3580000000
0.0084259, 0.000295406, 0.0377298
0.507987, -0.0285228, 0.0347535
0.537985, -0.00330393, 0.0355442
0.507475, 0.0263165, 0.0364721
0.498043, -0.00389379, 0.0352395
stamp: 3590000000
0.00847356, 0.000314429, 0.0377099
0.507984, -0.0285338, 0.0347863
0.537905, -0.00335289, 0.0356718
0.507473, 0.0263174, 0.0364693
0.498038, -0.00389342, 0.0352353
stamp: 3600000000
0.0084787, 0.000315568, 0.037706
0.50794, -0.0284469, 0.0347655
0.537979, -0.00331001, 0.0355676
0.507474, 0.0263219, 0.0364731
0.498045, -0.00388456, 0.0352422
stamp: 3610000000
0.00848028, 0.0003141, 0.037722
0.50799, -0.028529, 0.0347679
0.537907, -0.00335547, 0.0356805
0.507471, 0.0263091, 0.0364654
0.498042, -0.00388596, 0.0352342
stamp: 3620000000
0.00843806, 0.000289727, 0.0377266
0.507982, -0.0285493, 0.0347676
0.537979, -0.00330701, 0.0355578
0.507479, 0.0263182, 0.0364621
0.498039, -0.00389416, 0.0352528
stamp: 3630000000
0.00843776, 0.000289964, 0.0377242
0.507992, -0.028548, 0.0347855
0.537985, -0.00330201, 0.035547
0.507418, 0.0263304, 0.0365149
0.498043, -0.00388848, 0.0352403
stamp: 3640000000
0.0084342, 0.000295094, 0.03771
0.507996, -0.0285332, 0.034774
0.537906, -0.00335855, 0.0356839
0.50741, 0.0263361, 0.0365279
0.498072, -0.00390313, 0.0352621
stamp: 3650000000
0.00847623, 0.000315164, 0.0377101
0.507994, -0.0285325, 0.0347749
0.537898, -0.00336245, 0.0356825
0.507467, 0.0263214, 0.0364781
0.498044, -0.00388377, 0.0352386
stamp: 3660000000
0.0084317, 0.000294416, 0.0377103
0.507988, -0.0285439, 0.034778
0.537981, -0.00330683, 0.0355591
0.50747, 0.0263132, 0.0364694
0.498038, -0.00389056, 0.035228
stamp: 3670000000
0.00847724, 0.000316472, 0.0377215
0.507995, -0.0285442, 0.0347761
0.537903, -0.00335546, 0.03567
0.507464, 0.0263144, 0.0364651
0.498046, -0.00388905, 0.0352398
stamp: 3679000000
0.00843012, 0.000288346, 0.0377107
0.50799, -0.0285438, 0.0347709
0.53798, -0.00331267, 0.0355735
0.507472, 0.0263174, 0.0364714
0.498051, -0.00388687, 0.0352345
stamp: 3689000000
0.00842537, 0.000290464, 0.0377241
0.507991, -0.0285463, 0.0347765
0.537988, -0.00330917, 0.0355528
0.507482, 0.026321, 0.0364683
0.498044, -0.00388133, 0.0352433
stamp: 3700000000
0.0084705, 0.000317964, 0.0377137
0.508001, -0.0285437, 0.034765
0.537983, -0.0033116, 0.0355626
0.507474, 0.026316, 0.0364635
0.498046, -0.00388333, 0.0352338
stamp: 3709000000
0.00838555, 0.000387685, 0.0376517
0.507988, -0.0285486, 0.0347749
0.537987, -0.00331044, 0.0355506
0.507475, 0.0263175, 0.0364628
0.498041, -0.0038897, 0.0352454
stamp: 3720000000
0.00842591, 0.000293887, 0.0377177
0.507895, -0.0284945, 0.0346994
0.537986, -0.00331031, 0.0355613
0.507417, 0.0263339, 0.0365172
0.498041, -0.00388621, 0.0352516
stamp: 3730000000
0.00847467, 0.000316333, 0.0377039
0.507847, -0.0284129, 0.0346966
0.537991, -0.0033049, 0.0355601
0.507459, 0.0263183, 0.0364771
0.498071, -0.00390638, 0.0352627
stamp: 3740000000
0.00847458, 0.000313447, 0.0377046
0.507861, -0.0284129, 0.0347128
0.537981, -0.00331431, 0.0355619
0.507477, 0.0263098, 0.0364606
0.498065, -0.00390647, 0.0352676
stamp: 3749000000
0.00846545, 0.000324622, 0.0377049
0.507993, -0.028533, 0.0347751
0.537987, -0.00331305, 0.035557
0.507477, 0.0263164, 0.0364691
0.498065, -0.00391153, 0.0352609
stamp: 3760000000
0.00847938, 0.000314051, 0.0377221
0.507902, -0.0284941, 0.0346996
0.537985, -0.0033087, 0.0355526
0.507468, 0.0263133, 0.0364748
0.498041, -0.00388733, 0.0352281
stamp: 3770000000
0.00847776, 0.000319615, 0.037713
0.507901, -0.0284914, 0.034707
0.537988, -0.00330171, 0.035555
0.507466, 0.0263121, 0.0364686
0.498039, -0.00388328, 0.03524
stamp: 3779000000
0.00843342, 0.000290385, 0.037723
0.507902, -0.0284923, 0.0346918
0.537981, -0.00331808, 0.0355564
0.507472, 0.026323, 0.0364714
0.498036, -0.00388519, 0.0352425
stamp: 3790000000
0.00843003, 0.000293213, 0.0377142
0.507985, -0.0285316, 0.0347713
0.537896, -0.00335265, 0.0356756
0.507465, 0.0263095, 0.0364745
0.49805, -0.00389398, 0.0352347
stamp: 3800000000
0.00844048, 0.000293591, 0.0377166
0.507902, -0.0284968, 0.0346872
0.537984, -0.00331002, 0.0355697
0.507465, 0.0263137, 0.0364701
0.498037, -0.00388607, 0.0352498
stamp: 3809000000
0.00839679, 0.000380373, 0.037649
0.507985, -0.0285403, 0.0347817
0.537985, -0.00331216, 0.03555
0.507468, 0.0263134, 0.0364714
0.498037, -0.00388374, 0.0352358
stamp: 3820000000
0.0084252, 0.000291062, 0.0377197
0.507899, -0.0284945, 0.0346958
0.537984, -0.00330623, 0.0355509
0.507474, 0.0263214, 0.0364703
0.498037, -0.00388103, 0.0352344
stamp: 3830000000
0.00847484, 0.000317267, 0.0377117
0.507995, -0.0285313, 0.0347664
0.537987, -0.00330825, 0.0355552
0.507475, 0.0263172, 0.0364641
0.498047, -0.00388722, 0.0352355
stamp: 3839000000
0.00847919, 0.000320439, 0.0377106
0.507992, -0.0285434, 0.0347725
0.537984, -0.00331148, 0.0355589
0.507474, 0.0263174, 0.036471
0.498039, -0.00389156, 0.0352429
stamp: 3850000000
0.00848194, 0.000319873, 0.0377109
0.507985, -0.0285434, 0.0347803
0.537903, -0.00335403, 0.0356775
0.507465, 0.0263126, 0.0364734
0.498043, -0.00388627, 0.0352298
stamp: 3860000000
0.00847767, 0.00031294, 0.03771
0.507985, -0.0285359, 0.0347623
0.5379, -0.00335942, 0.0356992
0.507419, 0.0263294, 0.0365209
0.498069, -0.00391155, 0.0352628
stamp: 3870000000
0.00847702, 0.000315405, 0.0377153
0.507899, -0.0284872, 0.0346977
0.537977, -0.00331484, 0.0355684
0.507467, 0.0263185, 0.0364845
0.498043, -0.00389134, 0.0352345
stamp: 3880000000
0.00843074, 0.000300203, 0.0377308
0.507986, -0.0285355, 0.0347656
0.537909, -0.00335861, 0.0356711
0.507472, 0.0263086, 0.0364763
0.49804, -0.00388792, 0.0352474
stamp: 3890000000
0.0084765, 0.00031712, 0.0377149
0.507899, -0.0284947, 0.0346928
0.537908, -0.00336422, 0.0356902
0.507473, 0.0263151, 0.0364756
0.498041, -0.00388752, 0.035235
stamp: 3899000000
0.00848043, 0.000307121, 0.0377146
0.507995, -0.0285402, 0.0347614
0.537983, -0.00330926, 0.0355656
0.507468, 0.0263139, 0.0364635
0.498045, -0.00388746, 0.035237
stamp: 3910000000
0.00844204, 0.000290515, 0.0377201
0.507985, -0.0285388, 0.0347697
0.537984, -0.00330939, 0.035555
0.507473, 0.0263215, 0.0364711
0.498041, -0.00388562, 0.0352397
stamp: 3920000000
0.00842268, 0.000282868, 0.0377166
0.507989, -0.0285416, 0.0347553
0.537906, -0.00335652, 0.0356673
0.507474, 0.0263207, 0.0364663
0.498038, -0.00389161, 0.0352461
stamp: 3929000000
0.0084721, 0.000318739, 0.0377068
0.50794, -0.0284425, 0.0347759
0.537901, -0.00335732, 0.0356907
0.507468, 0.0263205, 0.0364705
0.49804, -0.0038854, 0.0352327
stamp: 3940000000
0.008443, 0.000293512, 0.0377188
0.507994, -0.0285379, 0.0347712
0.537893, -0.00336006, 0.0356811
0.507468, 0.0263206, 0.0364759
0.498046, -0.00388661, 0.0352357
stamp: 3950000000
0.0084378, 0.000295373, 0.0377364
0.507981, -0.0285458, 0.0347719
0.537974, -0.00330655, 0.0355593
0.507472, 0.0263214, 0.03647
0.498043, -0.00389242, 0.0352368
stamp: 3960000000
0.00834885, 0.000366424, 0.0376605
0.507988, -0.0285459, 0.034775
0.537986, -0.00331179, 0.0355381
0.507472, 0.0263158, 0.036472
0.498041, -0.0038929, 0.0352294
stamp: 3970000000
0.00847128, 0.000324496, 0.0377073
0.507993, -0.0285468, 0.0347729
0.537984, -0.00331116, 0.0355547
0.507471, 0.0263099, 0.0364749
0.498039, -0.00388822, 0.0352407
stamp: 3980000000
0.00848061, 0.000317121, 0.0377126
0.50799, -0.0285331, 0.0347867
0.537985, -0.00331083, 0.0355544
0.507468, 0.0263084, 0.0364738
0.498034, -0.00388804, 0.0352337
stamp: 3990000000
0.0084751, 0.000319858, 0.0377076
0.507952, -0.0284445, 0.0347725
0.537905, -0.00335792, 0.0356814
0.50747, 0.0263203, 0.03647
0.498036, -0.00389093, 0.0352404
stamp: 3999000000
0.00843011, 0.00028891, 0.037716
0.507895, -0.0284803, 0.0346978
0.53798, -0.00331547, 0.0355755
0.507474, 0.0263143, 0.0364754
0.498067, -0.00389943, 0.0352656
stamp: 4010000000
0.00843396, 0.000288928, 0.0377237
0.507985, -0.028536, 0.0347612
0.537909, -0.003355, 0.0356685
0.507477, 0.0263047, 0.0364571
0.498045, -0.00388487, 0.03524
stamp: 4020000000
0.00843461, 0.000290318, 0.0377281
0.507951, -0.0284473, 0.0347654
0.537986, -0.00331405, 0.0355744
0.507478, 0.0263073, 0.0364666
0.498031, -0.00388898, 0.0352366
stamp: 4029000000
0.0084697, 0.000309008, 0.0377122
0.507994, -0.0285318, 0.0347731
0.537986, -0.00331585, 0.0355517
0.507471, 0.026316, 0.0364679
0.49804, -0.00388866, 0.0352368
stamp: 4040000000
0.00835154, 0.000367916, 0.0376636
0.507897, -0.0284968, 0.0346867
0.537984, -0.00330551, 0.03555
0.507472, 0.0263192, 0.0364619
0.49807, -0.00389991, 0.0352617
stamp: 4049000000
0.00847138, 0.000318984, 0.0377123
0.507885, -0.0284908, 0.0346815
0.537991, -0.00331689, 0.0355546
0.50747, 0.0263177, 0.0364709
0.498041, -0.00389378, 0.0352456
stamp: 4059000000
0.00847558, 0.000315054, 0.0377081
0.507952, -0.0284464, 0.0347773
0.537977, -0.00331638, 0.0355455
0.50747, 0.0263186, 0.0364673
0.498045, -0.00389113, 0.0352406
stamp: 4070000000
0.00847306, 0.000315243, 0.0377034
0.507987, -0.0285295, 0.0347761
0.537909, -0.0033543, 0.0356745
0.507469, 0.026313, 0.0364655
0.498068, -0.0039056, 0.03526
stamp: 4080000000
0.00843363, 0.00029135, 0.037722
0.507986, -0.0285433, 0.0347763
0.537981, -0.00331119, 0.0355674
0.507473, 0.0263142, 0.0364751
0.498068, -0.0039043, 0.035267
stamp: 4089000000
0.00843514, 0.000290762, 0.037727
0.507989, -0.0285337, 0.0347736
0.537911, -0.00334766, 0.0356807
0.507475, 0.0263114, 0.0364782
0.498067, -0.0039057, 0.0352598
stamp: 4099000000
0.0084729, 0.000316985, 0.0377049
0.507998, -0.0285333, 0.0347794
0.537984, -0.00330728, 0.0355606
0.507473, 0.0263146, 0.0364769
0.49804, -0.00389165, 0.0352303
stamp: 4110000000
0.00843548, 0.000291089, 0.0377149
0.507908, -0.0284944, 0.0346943
0.537988, -0.00331076, 0.0355437
0.507476, 0.026319, 0.0364625
0.498042, -0.00388676, 0.0352313
stamp: 4120000000
0.00847452, 0.000313336, 0.0377119
0.507854, -0.0284137, 0.0347024
0.537905, -0.00336109, 0.0356819
0.50747, 0.0263107, 0.0364676
0.498021, -0.00389358, 0.035197
stamp: 4130000000
0.00847482, 0.000313242, 0.0377054
0.50799, -0.0285351, 0.034779
0.537981, -0.00330658, 0.0355678
0.507473, 0.0263063, 0.036473
0.498037, -0.00388651, 0.0352379
stamp: 4140000000
0.00842899, 0.000293659, 0.0377259
0.507989, -0.02854, 0.0347791
0.537905, -0.00335177, 0.0356615
0.507473, 0.0263189, 0.0364653
0.498071, -0.00390793, 0.0352566
stamp: 4149000000
0.00846875, 0.000312769, 0.0377098
0.507956, -0.0284418, 0.0347691
0.537978, -0.00330626, 0.0355663
0.507473, 0.0263108, 0.0364691
0.498045, -0.00388928, 0.0352292
stamp: 4160000000
0.00847866, 0.000312698, 0.0377086
0.507953, -0.0284389, 0.0347745
0.537905, -0.00335868, 0.0356695
0.507414, 0.0263212, 0.0365143
0.498042, -0.00388706, 0.0352348
stamp: 4170000000
0.00847819, 0.000311426, 0.0377152
0.507991, -0.0285339, 0.0347619
0.537901, -0.00336608, 0.0356879
0.507412, 0.0263255, 0.0365266
0.49805, -0.00389059, 0.0352394
stamp: 4180000000
0.00838811, 0.000383909, 0.0376445
0.507903, -0.0285018, 0.034692
0.537982, -0.00330553, 0.035555
0.507471, 0.0263237, 0.0364729
0.498048, -0.0038908, 0.0352405
stamp: 4190000000
0.00847472, 0.000322006, 0.0377113
0.507982, -0.0285387, 0.0347731
0.537985, -0.00331582, 0.0355455
0.507477, 0.0263127, 0.0364728
0.498065, -0.00390831, 0.0352627
stamp: 4200000000
0.00843449, 0.000292691, 0.0377133
0.507899, -0.0284927, 0.0347006
0.537986, -0.0033094, 0.0355461
0.507467, 0.0263164, 0.03647
0.498041, -0.00388361, 0.0352464
stamp: 4210000000
0.00847964, 0.00031765, 0.0377098
0.507996, -0.0285296, 0.0347713
0.537903, -0.00336527, 0.0356782
0.507476, 0.0263101, 0.0364841
0.498046, -0.00388601, 0.0352423
stamp: 4220000000
0.00842941, 0.000299995, 0.0377172
0.507899, -0.0285032, 0.0347001
0.537976, -0.00331086, 0.035566
0.507467, 0.0263148, 0.036473
0.498038, -0.00388295, 0.0352453
stamp: 4230000000
0.00847398, 0.000324444, 0.0377155
0.507992, -0.028536, 0.0347696
0.537987, -0.0032998, 0.0355546
0.507419, 0.0263236, 0.0365116
0.498035, -0.00389461, 0.0352338
stamp: 4240000000
0.00848433, 0.000314881, 0.0377173
0.507995, -0.0285377, 0.0347821
0.537911, -0.00334972, 0.0356754
0.507459, 0.0263197, 0.0364807
0.498043, -0.00388687, 0.0352324
stamp: 4250000000
0.00847357, 0.000313452, 0.03771
0.507903, -0.0284924, 0.0346828
0.537983, -0.00331053, 0.0355539
0.507477, 0.0263126, 0.0364671
0.49804, -0.00388911, 0.035237
stamp: 4260000000
0.00843164, 0.000284026, 0.0377113
0.507947, -0.0284474, 0.0347701
0.537902, -0.00336045, 0.0356692
0.507471, 0.0263177, 0.0364675
0.498066, -0.00390116, 0.0352655
stamp: 4270000000
0.00838392, 0.000388428, 0.0376567
0.507887, -0.0284896, 0.0346964
0.537983, -0.00331434, 0.0355675
0.507472, 0.0263165, 0.036468
0.498044, -0.00388625, 0.0352395
stamp: 4280000000
0.00847761, 0.000322264, 0.0377075
0.507996, -0.0285369, 0.0347731
0.537993, -0.00331291, 0.0355507
0.50747, 0.0263154, 0.0364776
0.498068, -0.0038997, 0.0352603
stamp: 4290000000
0.00848224, 0.000315488, 0.0377103
0.507899, -0.0284937, 0.0347003
0.537986, -0.00330351, 0.035546
0.507477, 0.0263178, 0.0364669
0.498041, -0.00389064, 0.0352507
stamp: 4300000000
0.00847436, 0.00031388, 0.0377107
0.50795, -0.0284525, 0.0347714
0.537986, -0.00330791, 0.0355565
0.507468, 0.0263206, 0.0364707
0.498068, -0.0039038, 0.0352583
stamp: 4310000000
0.00847743, 0.000309034, 0.0377082
0.507992, -0.0285296, 0.034779
0.537991, -0.00330905, 0.0355478
0.507474, 0.0263181, 0.0364727
0.498041, -0.00389513, 0.0352476
stamp: 4320000000
0.00843743, 0.000288429, 0.0377191
0.507981, -0.0285442, 0.0347781
0.537906, -0.00335553, 0.0356815
0.507421, 0.0263261, 0.0365077
0.498043, -0.0038902, 0.0352405
stamp: 4330000000
0.00847079, 0.000319492, 0.0377117
0.507981, -0.0285402, 0.0347672
0.537895, -0.0033541, 0.0356832
0.507418, 0.0263275, 0.0365149
0.498066, -0.00391329, 0.0352549
stamp: 4339000000
0.00847457, 0.000319268, 0.0377093
0.507902, -0.0284925, 0.0346958
0.537986, -0.00330267, 0.0355663
0.507464, 0.0263159, 0.0364691
0.498048, -0.00389758, 0.0352376
stamp: 4350000000
0.00847383, 0.000319876, 0.0377127
0.507991, -0.0285433, 0.034765
0.537983, -0.00330365, 0.0355486
0.507473, 0.0263219, 0.0364784
0.498048, -0.00389538, 0.0352396
stamp: 4360000000
0.00839131, 0.000396064, 0.037651
0.507984, -0.0285482, 0.0347697
0.537987, -0.003312, 0.03556
0.507471, 0.0263167, 0.0364701
0.498072, -0.00390538, 0.0352586
stamp: 4370000000
0.00847047, 0.000316038, 0.0377173
0.507982, -0.0285432, 0.0347638
0.537903, -0.00335769, 0.0356739
0.507474, 0.0263173, 0.0364729
0.498041, -0.0038956, 0.0352329
stamp: 4380000000
0.00847586, 0.000311335, 0.0377143
0.507994, -0.028535, 0.0347742
0.537981, -0.00330805, 0.0355682
0.507468, 0.0263172, 0.0364627
0.498045, -0.00388795, 0.0352399
stamp: 4390000000
0.0084345, 0.000282156, 0.0377249
0.507897, -0.0284927, 0.034696
0.537906, -0.00335197, 0.0356661
0.507477, 0.0263142, 0.0364726
0.498046, -0.00390035, 0.0352389
stamp: 4399000000
0.00843268, 0.000286304, 0.0377191
0.507896, -0.0284921, 0.0346924
0.537897, -0.00336528, 0.0356776
0.507484, 0.0263165, 0.0364658
0.498041, -0.00388796, 0.0352256
stamp: 4410000000
0.00847413, 0.000321062, 0.0377076
0.507993, -0.0285341, 0.0347632
0.537984, -0.00330901, 0.035564
0.507472, 0.0263221, 0.036475
0.498044, -0.00387591, 0.0352447
stamp: 4420000000
0.00847871, 0.000315547, 0.0377159
0.507988, -0.0285404, 0.0347611
0.537904, -0.00336102, 0.0356733
0.507471, 0.0263121, 0.0364731
0.498043, -0.00389033, 0.0352568
stamp: 4430000000
0.00842697, 0.000297714, 0.0377198
0.507988, -0.0285346, 0.0347809
0.537979, -0.00330193, 0.0355676
0.507473, 0.0263156, 0.0364716
0.498065, -0.00390071, 0.035266
stamp: 4440000000
0.00842947, 0.000284025, 0.0377115
0.507984, -0.0285437, 0.0347819
0.537908, -0.00334884, 0.0356696
0.507466, 0.0263139, 0.0364681
0.498042, -0.00389005, 0.0352384
stamp: 4450000000
0.0084349, 0.000283523, 0.0377268
0.507952, -0.0284416, 0.0347556
0.537908, -0.00335872, 0.0356857
0.507478, 0.0263138, 0.0364648
0.498039, -0.0038923, 0.0352401
stamp: 4460000000
0.00843492, 0.00028522, 0.0377311
0.507943, -0.0284455, 0.0347767
0.53798, -0.00330978, 0.0355544
0.507477, 0.0263098, 0.0364715
0.498063, -0.00390994, 0.0352684
stamp: 4470000000
0.00847615, 0.00031796, 0.0377126
0.5079, -0.028489, 0.0346966
0.537986, -0.00330592, 0.0355448
0.507475, 0.0263142, 0.0364616
0.498048, -0.00389612, 0.0352342
stamp: 4480000000
0.00842957, 0.000286017, 0.0377131
0.507899, -0.0284933, 0.0346952
0.537983, -0.00331367, 0.0355506
0.507472, 0.0263172, 0.0364713
0.498047, -0.00388675, 0.0352468
stamp: 4490000000
0.00847073, 0.000316161, 0.0377046
0.507952, -0.028447, 0.03477
0.537991, -0.00331502, 0.0355532
0.507424, 0.0263239, 0.036519
0.498069, -0.0039098, 0.0352615
stamp: 4500000000
0.00847751, 0.000308117, 0.0377101
0.507947, -0.0284395, 0.0347636
0.537991, -0.00331476, 0.0355606
0.507404, 0.0263299, 0.0365106
0.498078, -0.00391011, 0.0352542
stamp: 4510000000
0.00847984, 0.000319526, 0.0377143
0.5079, -0.0284859, 0.0346964
0.537982, -0.00331044, 0.0355538
0.507459, 0.0263186, 0.0364834
0.498044, -0.0038941, 0.0352343
stamp: 4520000000
0.00847858, 0.000317044, 0.0377157
0.507898, -0.0284874, 0.0346867
0.5379, -0.00335524, 0.035679
0.507471, 0.0263184, 0.036471
0.498058, -0.00389983, 0.0352539
stamp: 4530000000
0.00847403, 0.000311078, 0.037699
0.507992, -0.0285366, 0.034781
0.537899, -0.00335766, 0.0356989
0.507473, 0.0263118, 0.0364751
0.498065, -0.00390988, 0.0352683
stamp: 4539000000
0.00834609, 0.000367457, 0.0376573
0.507987, -0.0285416, 0.0347726
0.537977, -0.00330386, 0.0355594
0.507471, 0.0263142, 0.0364626
0.498045, -0.00388847, 0.03524
stamp: 4550000000
0.00846515, 0.000322292, 0.037705
0.507991, -0.0285411, 0.0347675
0.537899, -0.00335437, 0.0356646
0.50747, 0.026311, 0.0364742
0.49805, -0.00389173, 0.0352435
stamp: 4560000000
0.00843892, 0.000284232, 0.0377098
0.507987, -0.0285359, 0.0347759
0.537906, -0.0033539, 0.0356959
0.507472, 0.0263158, 0.0364642
0.498038, -0.00388956, 0.0352383
stamp: 4570000000
0.00846916, 0.00032178, 0.0377091
0.507985, -0.0285336, 0.0347762
0.537984, -0.0033119, 0.0355514
0.507466, 0.0263191, 0.0364686
0.498035, -0.00389527, 0.0352415
stamp: 4580000000
0.0084337, 0.000292991, 0.0377126
0.507944, -0.0284462, 0.0347731
0.537909, -0.00335029, 0.0356699
0.507466, 0.0263185, 0.0364777
0.498075, -0.0039128, 0.035263
stamp: 4590000000
0.00847553, 0.000311591, 0.0377091
0.507987, -0.028532, 0.0347749
0.537905, -0.00336219, 0.0356881
0.507478, 0.0263121, 0.0364722
0.498038, -0.00388961, 0.0352368
stamp: 4600000000
0.00835033, 0.000354007, 0.0376613
0.507957, -0.0284468, 0.0347714
0.537902, -0.00335599, 0.0356872
0.507477, 0.0263127, 0.0364567
0.498025, -0.00389622, 0.0351957
stamp: 4610000000
0.00842513, 0.000296773, 0.0377221
0.507988, -0.0285367, 0.0347765
0.53798, -0.00330957, 0.0355557
0.507474, 0.0263129, 0.0364653
0.498068, -0.00390205, 0.0352583
stamp: 4620000000
0.00843441, 0.000285815, 0.0377184
0.507994, -0.0285394, 0.0347739
0.537906, -0.00335666, 0.0356653
0.507468, 0.0263156, 0.036476
0.498043, -0.0038926, 0.0352419
stamp: 4629000000
0.00843089, 0.000297356, 0.0377273
0.507989, -0.028535, 0.0347693
0.537897, -0.00335073, 0.0356913
0.507468, 0.0263099, 0.0364783
0.498036, -0.00388737, 0.0352396
stamp: 4639000000
0.00847607, 0.000312291, 0.0377152
0.507988, -0.0285367, 0.0347628
0.537896, -0.00335722, 0.0356872
0.507467, 0.0263084, 0.0364678
0.498037, -0.00388708, 0.0352399
stamp: 4650000000
0.00847574, 0.000326026, 0.0377074
0.507981, -0.0285447, 0.0347691
0.537895, -0.00335822, 0.0356814
0.507422, 0.0263236, 0.0365085
0.498039, -0.00388462, 0.0352342
stamp: 4660000000
0.00847678, 0.000314508, 0.0376995
0.507989, -0.028537, 0.0347737
0.537897, -0.00335955, 0.0356795
0.507458, 0.0263167, 0.0364883
0.49804, -0.0038965, 0.0352376
stamp: 4670000000
0.00848691, 0.000315458, 0.0377182
0.507982, -0.0285351, 0.0347648
0.537901, -0.00335676, 0.0356819
0.507467, 0.0263178, 0.0364707
0.498043, -0.00388727, 0.0352422
stamp: 4680000000
0.00847292, 0.000314459, 0.0377044
0.507996, -0.0285359, 0.0347567
0.537903, -0.00336018, 0.0356842
0.507472, 0.0263139, 0.0364748
0.498033, -0.00389631, 0.0352322
stamp: 4689000000
0.00842739, 0.000294323, 0.0377105
0.507903, -0.0284924, 0.034686
0.537982, -0.00331106, 0.0355599
0.507471, 0.026311, 0.0364597
0.498037, -0.00388751, 0.0352415
stamp: 4699000000
0.00847861, 0.000314937, 0.037706
0.507884, -0.0284875, 0.034695
0.537988, -0.00331656, 0.0355459
0.507473, 0.026318, 0.0364628
0.49806, -0.00390069, 0.0352562
stamp: 4710000000
0.00847394, 0.000310991, 0.0377113
0.507897, -0.0285009, 0.0346916
0.537903, -0.00335528, 0.0356709
0.507474, 0.02631, 0.0364666
0.49807, -0.0039032, 0.0352629
stamp: 4720000000
0.00847446, 0.000317556, 0.0377027
0.507895, -0.028495, 0.0346962
0.537983, -0.00331422, 0.0355664
0.507473, 0.0263113, 0.0364731
0.498033, -0.00389381, 0.035235
stamp: 4730000000
0.00848261, 0.000313636, 0.0377027
0.50798, -0.0285327, 0.0347588
0.53799, -0.0033081, 0.0355494
0.507472, 0.0263107, 0.03646
0.498038, -0.00388698, 0.0352296
stamp: 4739000000
0.0084318, 0.000299328, 0.0377204
0.507899, -0.0284925, 0.0346896
0.537906, -0.00336222, 0.0356761
0.507472, 0.0263167, 0.0364748
0.498049, -0.00388936, 0.0352408
stamp: 4750000000
0.0084774, 0.000315476, 0.037709
0.507891, -0.0284907, 0.0346962
0.537905, -0.00335714, 0.0356853
0.507473, 0.0263114, 0.0364778
0.498045, -0.00388788, 0.0352453
stamp: 4760000000
0.00835058, 0.00037156, 0.0376611
0.50799, -0.0285486, 0.0347668
0.537984, -0.00330575, 0.0355556
0.507474, 0.0263132, 0.0364678
0.498042, -0.00389117, 0.0352403
stamp: 4769000000
0.00846953, 0.0003184, 0.037714
0.507947, -0.0284483, 0.0347704
0.537911, -0.00335124, 0.0356644
0.507474, 0.026322, 0.0364629
0.498073, -0.00390714, 0.0352451
stamp: 4780000000
0.00843, 0.000281101, 0.0377095
0.50789, -0.0284719, 0.0347041
0.53798, -0.00330836, 0.0355696
0.507465, 0.026319, 0.036476
0.498037, -0.00389075, 0.0352328
stamp: 4790000000
0.00847973, 0.000314562, 0.0377094
0.507889, -0.028496, 0.034696
0.53799, -0.00330507, 0.0355462
0.507466, 0.0263196, 0.0364686
0.49804, -0.00389163, 0.0352299
stamp: 4800000000
0.00847873, 0.000319188, 0.037708
0.50799, -0.028538, 0.0347727
0.537903, -0.00335511, 0.0356733
0.507469, 0.0263131, 0.036473
0.498038, -0.00388595, 0.0352414
stamp: 4810000000
0.00843111, 0.000298456, 0.0377187
0.507895, -0.0284966, 0.0346848
0.537979, -0.00331005, 0.0355641
0.507473, 0.0263152, 0.0364695
0.498045, -0.00389055, 0.0352331
stamp: 4819000000
0.00842636, 0.000292073, 0.0377105
0.507986, -0.0285402, 0.0347598
0.537982, -0.00331249, 0.0355381
0.507471, 0.0263158, 0.0364721
0.498036, -0.00389159, 0.0352293
stamp: 4829000000
0.00847608, 0.000310678, 0.0377096
0.507987, -0.028541, 0.0347728
0.537909, -0.00335759, 0.0356719
0.507477, 0.0263134, 0.0364767
0.498043, -0.00389215, 0.0352202
stamp: 4839000000
0.00847616, 0.000315846, 0.0377023
0.507989, -0.0285485, 0.034773
0.537977, -0.00331701, 0.035563
0.507479, 0.0263135, 0.0364636
0.498065, -0.00390213, 0.0352585
stamp: 4849000000
0.00843911, 0.000289309, 0.0377283
0.507947, -0.0284465, 0.0347633
0.537983, -0.00330351, 0.0355354
0.507475, 0.0263075, 0.0364525
0.49804, -0.00388394, 0.0352464
stamp: 4859000000
0.00842596, 0.000291855, 0.0377134
0.507991, -0.0285283, 0.0347672
0.537984, -0.00331205, 0.0355534
0.507468, 0.0263118, 0.0364719
0.498038, -0.00388579, 0.0352344
stamp: 4869000000
0.00848008, 0.00031629, 0.0377033
0.507986, -0.0285394, 0.034764
0.53798, -0.00330458, 0.0355503
0.507426, 0.0263229, 0.0365143
0.498039, -0.00388888, 0.0352264
stamp: 4879000000
0.00847099, 0.000308309, 0.0377035
0.507898, -0.0284899, 0.0346781
0.53798, -0.00331077, 0.0355546
0.507464, 0.0263204, 0.0364881
0.498035, -0.00388332, 0.0352336
stamp: 4889000000
0.00847798, 0.000316415, 0.0377085
0.507989, -0.0285266, 0.0347632
0.537982, -0.00331887, 0.0355559
0.507466, 0.0263152, 0.0364704
0.498044, -0.00388549, 0.0352358
stamp: 4900000000
0.00847671, 0.000317437, 0.037708
0.507993, -0.0285321, 0.0347661
0.537991, -0.0033096, 0.0355497
0.507469, 0.0263008, 0.0364713
0.498039, -0.00389222, 0.0352326
stamp: 4909000000
0.00847538, 0.000310504, 0.0377034
0.50786, -0.0284129, 0.0347026
0.537905, -0.00336093, 0.0356685
0.50747, 0.0263089, 0.0364644
0.498048, -0.00388251, 0.0352406
stamp: 4920000000
0.00835638, 0.000362477, 0.0376576
0.507888, -0.0284799, 0.0346917
0.537977, -0.0033221, 0.0355607
0.507472, 0.0263178, 0.0364632
0.498036, -0.00388549, 0.0352414
stamp: 4930000000
0.00842328, 0.000292327, 0.0377164
0.507982, -0.0285491, 0.0347804
0.537981, -0.0033197, 0.0355437
0.507463, 0.0263113, 0.0364705
0.498043, -0.00388012, 0.0352412
stamp: 4940000000
0.00834874, 0.000360237, 0.0376624
0.507988, -0.0285352, 0.0347653
0.537981, -0.00331731, 0.0355562
0.507474, 0.0263143, 0.0364709
0.498038, -0.00389494, 0.0352355
stamp: 4949000000
0.00847411, 0.000319308, 0.0377087
0.507998, -0.0285371, 0.0347697
0.537908, -0.00336055, 0.0356712
0.507475, 0.0263151, 0.0364691
0.49804, -0.00388717, 0.0352505
stamp: 4960000000
0.00843845, 0.000289939, 0.0377082
0.507985, -0.0285399, 0.0347753
0.537898, -0.00335867, 0.0356858
0.507468, 0.0263182, 0.0364675
0.498036, -0.00388729, 0.0352344
stamp: 4970000000
0.00847191, 0.000315676, 0.0377119
0.507984, -0.028545, 0.0347673
0.537897, -0.0033632, 0.0356775
0.507473, 0.0263139, 0.0364678
0.498037, -0.00388695, 0.0352334
stamp: 4979000000
0.00847107, 0.000307096, 0.0377109
0.507988, -0.0285387, 0.0347658
0.537903, -0.00335782, 0.0356752
0.507473, 0.0263152, 0.0364768
0.498039, -0.0038812, 0.0352472
stamp: 4990000000
0.00839142, 0.000396192, 0.0376438
0.507948, -0.0284448, 0.0347791
0.537894, -0.00336018, 0.0356872
0.507473, 0.0263156, 0.03648
0.498038, -0.00388503, 0.0352256
stamp: 5000000000
0.00843282, 0.000302393, 0.0377175
0.507984, -0.0285321, 0.034767
0.537983, -0.0033042, 0.0355558
0.507467, 0.0263195, 0.0364648
0.498045, -0.00388815, 0.0352281
stamp: 5010000000
0.00847043, 0.000306901, 0.0377075
0.507981, -0.0285433, 0.0347726
0.537911, -0.0033502, 0.0356738
0.507473, 0.0263093, 0.0364708
0.498033, -0.00389064, 0.0352339
stamp: 5020000000
0.00847557, 0.000318377, 0.0377007
0.507988, -0.0285322, 0.034763
0.537899, -0.00335901, 0.0356898
0.507471, 0.0263102, 0.0364625
0.498042, -0.00389412, 0.0352292
stamp: 5029000000
0.00844406, 0.000288494, 0.0377204
0.507985, -0.0285328, 0.0347767
0.537978, -0.00331193, 0.0355643
0.507471, 0.0263178, 0.0364732
0.498034, -0.00388535, 0.0352338
stamp: 5039000000
0.00847026, 0.000311868, 0.0377103
0.507986, -0.0285426, 0.0347789
0.537986, -0.00330998, 0.0355384
0.507469, 0.0263149, 0.0364712
0.498045, -0.00388593, 0.0352489
stamp: 5050000000
0.00843691, 0.000290554, 0.037727
0.507988, -0.0285395, 0.0347741
0.537985, -0.00331323, 0.0355538
0.507475, 0.0263152, 0.0364657
0.498038, -0.00388916, 0.0352322
stamp: 5060000000
0.00843932, 0.000290642, 0.0377186
0.507981, -0.028542, 0.0347643
0.537982, -0.00330954, 0.0355532
0.507463, 0.0263173, 0.036474
0.49804, -0.00388812, 0.0352332
stamp: 5070000000
0.0084819, 0.00031583, 0.0377137
0.507897, -0.0284992, 0.0346786
0.537982, -0.00331017, 0.0355402
0.507472, 0.0263145, 0.0364736
0.498036, -0.0038857, 0.0352376
stamp: 5080000000
0.00848034, 0.000318801, 0.037708
0.507995, -0.0285393, 0.0347725
0.537984, -0.00331302, 0.0355562
0.507473, 0.0263135, 0.0364755
0.498028, -0.00388941, 0.0352364
stamp: 5089000000
0.00835715, 0.000372866, 0.0376619
0.507986, -0.0285343, 0.0347747
0.5379, -0.0033556, 0.0356763
0.507476, 0.026314, 0.0364684
0.498033, -0.00389377, 0.0352277
stamp: 5099000000
0.00847136, 0.000323362, 0.0377152
0.507982, -0.028535, 0.0347659
0.537899, -0.00335762, 0.0356897
0.507473, 0.0263187, 0.0364643
0.498037, -0.00388531, 0.0352476
stamp: 5109000000
0.00848314, 0.000310584, 0.0377124
0.507893, -0.0285013, 0.034687
0.537905, -0.00335249, 0.0356797
0.507471, 0.0263133, 0.0364753
0.498042, -0.00389104, 0.0352365
stamp: 5120000000
0.00843742, 0.000289963, 0.0377229
0.507942, -0.0284423, 0.0347708
0.537986, -0.00330856, 0.0355524
0.507472, 0.0263096, 0.0364726
0.498067, -0.00390131, 0.0352631
stamp: 5129000000
0.00847289, 0.000319979, 0.0377073
0.507948, -0.0284412, 0.0347707
0.537988, -0.00331083, 0.0355417
0.507422, 0.0263207, 0.0365118
0.498049, -0.00388752, 0.0352239
stamp: 5139000000
0.00847597, 0.00030868, 0.0377057
0.507947, -0.0284487, 0.0347829
0.537904, -0.00335892, 0.035674
0.507461, 0.0263256, 0.0364813
0.49803, -0.00388489, 0.0352279
stamp: 5149000000
0.00847096, 0.000316808, 0.0377025
0.507996, -0.0285363, 0.0347673
0.537978, -0.00330438, 0.0355579
0.507469, 0.0263183, 0.0364638
0.498041, -0.00388351, 0.0352289
stamp: 5159000000
0.00843299, 0.000293335, 0.0377193
0.507897, -0.0284992, 0.0346752
0.537983, -0.00330865, 0.0355484
0.507417, 0.0263226, 0.0365164
0.498035, -0.00388927, 0.0352299
stamp: 5170000000
0.00846975, 0.00031795, 0.0377059
0.507945, -0.0284493, 0.034766
0.537899, -0.00335513, 0.0356673
0.507461, 0.0263153, 0.036475
0.498043, -0.00389196, 0.0352353
stamp: 5179000000
0.00847616, 0.000316136, 0.0377057
0.507853, -0.0284018, 0.0347087
0.537982, -0.00331024, 0.0355615
0.507474, 0.02631, 0.0364632
0.498041, -0.00388925, 0.0352379
stamp: 5189000000
0.00847543, 0.000311356, 0.0377059
0.507988, -0.0285329, 0.0347747
0.537981, -0.00331006, 0.0355389
0.507468, 0.0263191, 0.036466
0.498048, -0.00389587, 0.0352257
stamp: 5199000000
0.00847946, 0.000320392, 0.0377088
0.507987, -0.0285418, 0.0347648
0.537983, -0.00331278, 0.0355513
0.507472, 0.0263126, 0.0364734
0.498042, -0.00389595, 0.0352377
stamp: 5209000000
0.00842925, 0.000295089, 0.0377094
0.507902, -0.0284894, 0.0347013
0.537906, -0.00335954, 0.0356767
0.507472, 0.0263139, 0.0364612
0.498063, -0.00390652, 0.0352606
stamp: 5220000000
0.00835582, 0.000363656, 0.0376668
0.507984, -0.0285318, 0.0347522
0.537981, -0.00330764, 0.035563
0.507471, 0.0263153, 0.0364619
0.49804, -0.00388245, 0.0352453
stamp: 5229000000
0.00842879, 0.000300334, 0.0377264
0.507889, -0.0284944, 0.0346826
0.537908, -0.00335499, 0.0356706
0.507476, 0.0263212, 0.0364621
0.498069, -0.00390694, 0.0352622
stamp: 5239000000
0.00847625, 0.000315998, 0.0377062
0.507948, -0.028449, 0.0347688
0.537979, -0.00332034, 0.0355621
0.507469, 0.0263181, 0.0364633
0.498041, -0.00389307, 0.0352347
stamp: 5249000000
0.00843551, 0.000291722, 0.0377085
0.507986, -0.028524, 0.0347694
0.537981, -0.00331159, 0.0355503
0.507468, 0.0263174, 0.0364744
0.498034, -0.00389341, 0.0352349
stamp: 5259000000
0.00843078, 0.000292941, 0.0377165
0.507984, -0.0285474, 0.0347608
0.53798, -0.00331078, 0.0355491
0.507473, 0.0263136, 0.0364655
0.498045, -0.00389023, 0.0352354
stamp: 5270000000
0.00847822, 0.000314458, 0.0377075
0.507944, -0.0284482, 0.0347687
0.537908, -0.0033571, 0.0356762
0.507477, 0.0263128, 0.0364701
0.498039, -0.00388915, 0.0352417
stamp: 5280000000
0.00843571, 0.00028924, 0.0377037
0.507987, -0.0285346, 0.0347704
0.53798, -0.0033081, 0.0355628
0.507468, 0.0263146, 0.0364658
0.498041, -0.00388168, 0.0352277
stamp: 5289000000
0.00847084, 0.000320632, 0.037716
0.507986, -0.0285465, 0.0347658
0.537907, -0.00335234, 0.0356649
0.507478, 0.0263073, 0.036476
0.498038, -0.0038953, 0.0352361
stamp: 5300000000
0.00843362, 0.000291675, 0.0377233
0.507869, -0.028409, 0.0346946
0.537898, -0.00335706, 0.0356901
0.507418, 0.0263141, 0.0365152
0.498043, -0.00388574, 0.0352408
stamp: 5309000000
0.00847245, 0.000313183, 0.0377081
0.507938, -0.0284471, 0.0347652
0.537985, -0.00331088, 0.0355633
0.507459, 0.026322, 0.0364795
0.498045, -0.00388581, 0.0352428
stamp: 5320000000
0.00847876, 0.000317635, 0.0377115
0.50799, -0.0285292, 0.0347596
0.537992, -0.00331486, 0.035553
0.50747, 0.0263189, 0.0364692
0.498036, -0.00389084, 0.0352374
stamp: 5330000000
0.00844168, 0.000290697, 0.0377215
0.507987, -0.0285443, 0.0347665
0.537901, -0.00334856, 0.035673
0.507477, 0.026314, 0.0364684
0.498046, -0.00389383, 0.0352468
stamp: 5339000000
0.00843946, 0.000294858, 0.0377277
0.50795, -0.028443, 0.0347784
0.537903, -0.00335256, 0.035682
0.507475, 0.026312, 0.03647
0.498072, -0.0039135, 0.0352573
stamp: 5349000000
0.00847499, 0.000308222, 0.0377123
0.507986, -0.0285361, 0.0347907
0.537987, -0.00331496, 0.0355638
0.507474, 0.0263138, 0.0364834
0.498069, -0.00391487, 0.0352553
stamp: 5360000000
0.0084834, 0.000322334, 0.0377024
0.507859, -0.0284183, 0.0346909
0.537902, -0.00334872, 0.0356621
0.507468, 0.0263148, 0.0364667
0.498042, -0.00389343, 0.0352438
stamp: 5370000000
0.00848418, 0.000317768, 0.0377078
0.50789, -0.0284915, 0.0346894
0.537897, -0.00335382, 0.0356904
0.507478, 0.0263179, 0.0364685
0.498032, -0.00388641, 0.0352365
stamp: 5379000000
0.00847475, 0.000313433, 0.0377157
0.507945, -0.02845, 0.0347652
0.537984, -0.00330361, 0.0355539
0.507475, 0.0263162, 0.0364666
0.498045, -0.00389469, 0.0352448
stamp: 5390000000
0.00846956, 0.000318256, 0.0377059
0.507948, -0.0284398, 0.0347783
0.537907, -0.00335131, 0.0356677
0.507474, 0.026317, 0.0364692
0.498033, -0.00388596, 0.0352246
stamp: 5399000000
0.00847259, 0.000316748, 0.0377083
0.507991, -0.0285345, 0.0347735
0.537981, -0.00331572, 0.0355581
0.507474, 0.0263164, 0.0364761
0.498041, -0.00388686, 0.0352316
stamp: 5409000000
0.00847447, 0.000319838, 0.037712
0.50799, -0.0285404, 0.0347689
0.537988, -0.0033141, 0.0355431
0.507473, 0.0263135, 0.0364722
0.498041, -0.00389334, 0.0352333
stamp: 5420000000
0.00844382, 0.000293374, 0.0377266
0.507989, -0.0285311, 0.0347697
0.537907, -0.00334862, 0.0356738
0.507473, 0.0263111, 0.0364722
0.498041, -0.00388756, 0.035251
stamp: 5430000000
0.00848055, 0.000311848, 0.0377092
0.507944, -0.0284427, 0.0347784
0.537901, -0.00335191, 0.0356924
0.507475, 0.0263142, 0.0364723
0.498072, -0.00390599, 0.0352658
stamp: 5440000000
0.00843271, 0.000288579, 0.0377233
0.507994, -0.0285199, 0.0347651
0.537976, -0.0033025, 0.0355574
0.507421, 0.0263238, 0.0365151
0.498072, -0.00390488, 0.0352579
stamp: 5450000000
0.00847278, 0.000316702, 0.0377112
0.507984, -0.0285381, 0.0347652
0.537996, -0.00330766, 0.0355542
0.50741, 0.0263285, 0.0365264
0.49804, -0.00389313, 0.0352371
stamp: 5459000000
0.00843843, 0.000286352, 0.0377334
0.507998, -0.0285483, 0.034766
0.53791, -0.00335497, 0.0356761
0.507471, 0.0263211, 0.0364839
0.498075, -0.00390742, 0.0352537
stamp: 5470000000
0.00847976, 0.000314989, 0.0377021
0.507988, -0.0285395, 0.0347632
0.537898, -0.00336383, 0.0356994
0.507474, 0.0263106, 0.0364627
0.49804, -0.00389171, 0.0352367
stamp: 5480000000
0.00843348, 0.000291078, 0.0377163
0.507991, -0.0285473, 0.0347668
0.537984, -0.00331808, 0.0355756
0.507421, 0.02632, 0.0365107
0.498068, -0.00389711, 0.0352612
stamp: 5490000000
0.00846713, 0.00032088, 0.0376972
0.507895, -0.0284909, 0.034691
0.537987, -0.00330953, 0.0355536
0.507459, 0.0263154, 0.0364731
0.498044, -0.00389283, 0.0352286
stamp: 5500000000
0.0084332, 0.000293389, 0.037722
0.507896, -0.0284799, 0.0346889
0.53799, -0.00331312, 0.0355536
0.507426, 0.0263252, 0.0365111
0.498044, -0.00388661, 0.0352287
stamp: 5510000000
0.00847444, 0.000309124, 0.0377059
0.507899, -0.028489, 0.0346879
0.537907, -0.00335798, 0.0356703
0.507467, 0.026323, 0.0364816
0.498048, -0.00389379, 0.0352221
stamp: 5520000000
0.00847463, 0.000314508, 0.0377061
0.50799, -0.0285418, 0.0347761
0.537986, -0.00331054, 0.0355681
0.507475, 0.0263171, 0.0364747
0.498045, -0.00389098, 0.0352291
stamp: 5530000000
0.00847651, 0.000321294, 0.0377057
0.507991, -0.0285457, 0.0347774
0.537909, -0.00335244, 0.0356695
0.507478, 0.0263141, 0.0364704
0.498065, -0.00390397, 0.0352577
stamp: 5539000000
0.00847903, 0.000317872, 0.0377075
0.507904, -0.0285009, 0.0346979
0.537897, -0.00335949, 0.0356952
0.507477, 0.0263211, 0.0364638
0.498073, -0.00390897, 0.0352631
stamp: 5549000000
0.00848269, 0.000312535, 0.0377109
0.507989, -0.0285372, 0.034768
0.537897, -0.00336373, 0.035682
0.507471, 0.0263138, 0.0364724
0.498071, -0.00390993, 0.035261
stamp: 5560000000
0.00843351, 0.000292493, 0.037723
0.507981, -0.0285439, 0.034763
0.537985, -0.00330373, 0.0355589
0.507474, 0.0263172, 0.0364718
0.498042, -0.00389148, 0.0352309
stamp: 5570000000
0.00847042, 0.000317951, 0.037697
0.50799, -0.0285353, 0.0347754
0.537986, -0.00330778, 0.0355422
0.507418, 0.0263329, 0.036517
0.498041, -0.00388926, 0.0352333
stamp: 5579000000
0.00847987, 0.000318708, 0.0377111
0.507948, -0.0284447, 0.0347747
0.537905, -0.00336189, 0.0356729
0.507472, 0.0263288, 0.0364872
0.498047, -0.00388668, 0.0352422
stamp: 5590000000
0.00846959, 0.000310043, 0.037709
0.507949, -0.0284472, 0.0347838
0.537979, -0.00331489, 0.035569
0.507478, 0.0263199, 0.036465
0.498068, -0.00390271, 0.0352644
stamp: 5600000000
0.00847869, 0.000316563, 0.0377026
0.507995, -0.028536, 0.0347664
0.537905, -0.00335447, 0.0356712
0.507475, 0.0263123, 0.0364688
0.498073, -0.00389981, 0.0352575
stamp: 5609000000
0.00847482, 0.000319462, 0.0377064
0.507994, -0.0285501, 0.0347741
0.537975, -0.00330779, 0.0355727
0.507472, 0.0263232, 0.0364622
0.498047, -0.00388617, 0.0352345
stamp: 5620000000
0.00847319, 0.000321172, 0.0377078
0.507988, -0.0285389, 0.0347813
0.537988, -0.00331462, 0.0355536
0.507467, 0.02632, 0.0364712
0.498052, -0.00388395, 0.0352379
stamp: 5630000000
0.00846793, 0.000316907, 0.0377121
0.507994, -0.0285413, 0.0347786
0.53799, -0.00330621, 0.0355518
0.507476, 0.0263127, 0.0364707
0.49807, -0.00390836, 0.0352557
stamp: 5639000000
0.00843199, 0.000301903, 0.0377095
0.507945, -0.0284483, 0.034767
0.537984, -0.00330587, 0.035552
0.50747, 0.0263176, 0.0364676
0.498047, -0.00389159, 0.0352336
stamp: 5650000000
0.00847725, 0.000316542, 0.0377202
0.507894, -0.0284855, 0.0347012
0.537989, -0.0033091, 0.0355548
0.507476, 0.0263205, 0.0364635
0.498035, -0.00388868, 0.0352345
stamp: 5660000000
0.00847535, 0.000318635, 0.0376964
0.507895, -0.0284904, 0.0346823
0.537989, -0.00330933, 0.0355525
0.507416, 0.0263248, 0.0365164
0.498033, -0.00388998, 0.0352285
stamp: 5670000000
0.00848046, 0.000315503, 0.0377084
0.507989, -0.0285419, 0.034776
0.537988, -0.00330413, 0.0355426
0.507467, 0.026323, 0.0364796
0.498072, -0.00390552, 0.0352567
stamp: 5680000000
0.00847027, 0.000313246, 0.0377132
0.507987, -0.0285409, 0.0347738
0.53791, -0.00335217, 0.0356792
0.507471, 0.0263095, 0.0364662
0.498048, -0.00389257, 0.0352367
stamp: 5690000000
0.00842652, 0.000285401, 0.0377212
0.507986, -0.0285416, 0.0347687
0.537977, -0.00331178, 0.0355713
0.507477, 0.0263139, 0.0364679
0.498066, -0.00390336, 0.0352663
stamp: 5700000000
0.00842351, 0.000295628, 0.0377175
0.507989, -0.0285397, 0.0347639
0.53799, -0.003306, 0.0355477
0.507474, 0.0263133, 0.0364686
0.498041, -0.00388871, 0.0352368
stamp: 5710000000
0.00834999, 0.00036255, 0.0376641
0.507895, -0.0284947, 0.0346951
0.537985, -0.00331367, 0.0355561
0.507473, 0.026314, 0.0364723
0.498038, -0.00389385, 0.0352344
stamp: 5720000000
0.00846961, 0.00031642, 0.0377145
0.507989, -0.0285352, 0.0347656
0.537905, -0.0033567, 0.0356854
0.507465, 0.0263141, 0.0364725
0.498068, -0.00390776, 0.0352594
stamp: 5730000000
0.00843986, 0.000293452, 0.0377234
0.507993, -0.0285381, 0.0347646
0.537983, -0.003305, 0.0355585
0.507472, 0.0263204, 0.036463
0.498041, -0.00389354, 0.0352377
stamp: 5739000000
0.00843239, 0.000291117, 0.0377212
0.50798, -0.0285413, 0.0347779
0.537908, -0.00335343, 0.0356607
0.507461, 0.0263128, 0.036464
0.498041, -0.00389089, 0.0352403
stamp: 5749000000
0.00847939, 0.000320908, 0.0377141
0.507991, -0.0285377, 0.0347775
0.537984, -0.00331099, 0.0355693
0.507416, 0.0263215, 0.0365106
0.498045, -0.00388434, 0.0352474
stamp: 5760000000
0.00844305, 0.000290036, 0.0377318
0.507989, -0.0285386, 0.0347731
0.537985, -0.00330552, 0.0355521
0.507465, 0.0263137, 0.0364743
0.498034, -0.00389151, 0.0352303
stamp: 5769000000
0.00847309, 0.000315912, 0.0377118
0.507989, -0.0285377, 0.0347683
0.537989, -0.00331349, 0.0355474
0.50748, 0.0263107, 0.0364645
0.498039, -0.00389383, 0.0352331
stamp: 5780000000
0.00847462, 0.000311049, 0.0377056
0.507997, -0.028545, 0.0347606
0.537983, -0.0033088, 0.035555
0.50747, 0.026314, 0.0364641
0.498045, -0.00389247, 0.0352403
stamp: 5790000000
0.00847887, 0.000315651, 0.0377145
0.507994, -0.0285445, 0.0347796
0.537975, -0.00331244, 0.03556
0.50747, 0.0263147, 0.0364768
0.498029, -0.00390393, 0.0351966
stamp: 5800000000
0.00848356, 0.000320092, 0.0377085
0.507997, -0.0285306, 0.0347755
0.537989, -0.00330679, 0.0355502
0.507474, 0.0263246, 0.0364719
0.498038, -0.0038911, 0.0352376
stamp: 5809000000
0.00847761, 0.00031551, 0.0377085
0.507901, -0.0284857, 0.034701
0.537988, -0.00330594, 0.0355457
0.507474, 0.0263191, 0.0364747
0.498073, -0.00390058, 0.0352556
stamp: 5820000000
0.00843853, 0.000284206, 0.037713
0.507987, -0.0285306, 0.0347697
0.537989, -0.00331064, 0.0355553
0.507466, 0.0263151, 0.0364701
0.498049, -0.00389155, 0.0352297
stamp: 5830000000
0.00847891, 0.00030773, 0.0377087
0.507894, -0.0284856, 0.0346919
0.53791, -0.00336316, 0.0356712
0.50742, 0.0263235, 0.0365223
0.498043, -0.00388916, 0.0352439
stamp: 5839000000
0.00847476, 0.000318865, 0.0377121
0.507891, -0.0284904, 0.0346841
0.537896, -0.00335913, 0.0356856
0.50746, 0.0263206, 0.0364773
0.498067, -0.00389944, 0.0352683
stamp: 5850000000
0.00847575, 0.000325496, 0.0376952
0.507981, -0.0285382, 0.0347743
0.537902, -0.00335441, 0.0356881
0.507425, 0.0263214, 0.0365131
0.498045, -0.00388483, 0.035234
stamp: 5860000000
0.00843219, 0.000298379, 0.037715
0.507993, -0.0285474, 0.0347688
0.537984, -0.00330979, 0.0355607
0.507461, 0.0263157, 0.0364736
0.498035, -0.00388471, 0.0352501
stamp: 5869000000
0.00847516, 0.000309431, 0.0377084
0.507989, -0.028538, 0.0347638
0.537988, -0.00330528, 0.0355444
0.50747, 0.0263107, 0.0364669
0.498035, -0.003889, 0.0352346
stamp: 5880000000
0.00843084, 0.000290436, 0.03772
0.507989, -0.0285388, 0.0347653
0.537912, -0.00334862, 0.0356671
0.507465, 0.0263227, 0.0364694
0.498045, -0.00388866, 0.0352301
stamp: 5890000000
0.00847255, 0.000308408, 0.037709
0.507865, -0.0284099, 0.0347003
0.53799, -0.00331061, 0.0355654
0.507473, 0.0263146, 0.0364619
0.498045, -0.00389014, 0.0352343
stamp: 5900000000
0.00847291, 0.000326349, 0.0377028
0.507993, -0.0285398, 0.034778
0.537991, -0.00331103, 0.0355465
0.507468, 0.0263068, 0.0364694
0.498036, -0.00389127, 0.0352419
stamp: 5910000000
0.00848243, 0.000310113, 0.0377121
0.507991, -0.028542, 0.0347736
0.537908, -0.0033658, 0.0356774
0.507475, 0.0263092, 0.0364633
0.498045, -0.00388981, 0.0352327
stamp: 5920000000
0.00843849, 0.000288105, 0.03771
0.507988, -0.0285477, 0.0347699
0.537978, -0.00331164, 0.0355683
0.507413, 0.0263228, 0.0365117
0.498041, -0.0038899, 0.0352351
stamp: 5929000000
0.0084725, 0.000316845, 0.0377005
0.507985, -0.0285329, 0.0347744
0.537908, -0.00336117, 0.0356619
0.507468, 0.0263215, 0.036481
0.498034, -0.00388413, 0.0352327
stamp: 5940000000
0.00847923, 0.000316232, 0.0377116
0.507991, -0.0285344, 0.0347685
0.53798, -0.00331244, 0.0355684
0.50748, 0.0263042, 0.0364706
0.498042, -0.00388664, 0.03524
stamp: 5950000000
0.00843024, 0.000296789, 0.0377143
0.50799, -0.0285475, 0.0347692
0.537902, -0.00336069, 0.0356635
0.50747, 0.026304, 0.0364569
0.498044, -0.00388784, 0.0352333
stamp: 5959000000
0.00847781, 0.00030651, 0.0377143
0.507891, -0.028501, 0.034692
0.537895, -0.00335329, 0.035686
0.507473, 0.0263154, 0.0364723
0.498042, -0.00388707, 0.0352279
stamp: 5970000000
0.00843662, 0.000287416, 0.0377148
0.507986, -0.0285362, 0.0347768
0.537984, -0.00331349, 0.0355569
0.50747, 0.026311, 0.0364568
0.498029, -0.00389125, 0.035191
stamp: 5979000000
0.00843126, 0.00029254, 0.0377107
0.507986, -0.0285453, 0.0347711
0.537907, -0.00335911, 0.0356695
0.507479, 0.0263174, 0.036466
0.49804, -0.00388708, 0.0352329
stamp: 5989000000
0.00843632, 0.000298314, 0.0377088
0.507904, -0.0284971, 0.03469
0.537902, -0.00335452, 0.0356829
0.507477, 0.0263152, 0.0364828
0.498035, -0.00388541, 0.0352311
stamp: 5999000000
0.0084816, 0.000314687, 0.0377105
0.50799, -0.0285368, 0.0347568
0.53798, -0.00330833, 0.0355611
0.507474, 0.0263119, 0.0364732
0.498042, -0.0038892, 0.0352368
stamp: 6010000000
0.00848224, 0.000317649, 0.0377098
0.507902, -0.0284911, 0.0346965
0.537983, -0.00331161, 0.0355492
0.507476, 0.0263084, 0.0364708
0.498039, -0.00388888, 0.0352404
stamp: 6020000000
0.00848276, 0.000318573, 0.0377043
0.507994, -0.02854, 0.0347636
0.537908, -0.00335949, 0.0356678
0.507474, 0.0263112, 0.0364618
0.498041, -0.00389373, 0.0352314
stamp: 6029000000
0.00843551, 0.000285713, 0.0377242
0.507987, -0.028541, 0.0347727
0.537981, -0.00330854, 0.0355644
0.507421, 0.0263239, 0.0365213
0.498047, -0.00389455, 0.0352329
stamp: 6040000000
0.00842782, 0.000295751, 0.0377269
0.507986, -0.0285407, 0.0347818
0.537905, -0.00335522, 0.0356647
0.507462, 0.0263256, 0.0364809
0.49804, -0.00389097, 0.0352298
stamp: 6049000000
0.0084316, 0.000290203, 0.0377169
0.507948, -0.0284374, 0.0347609
0.537985, -0.00331283, 0.0355663
0.507475, 0.0263176, 0.0364746
0.498041, -0.00389095, 0.0352357
stamp: 6059000000
0.00847254, 0.000311783, 0.0376984
0.507944, -0.0284515, 0.034778
0.537906, -0.00334913, 0.0356624
0.507471, 0.0263182, 0.0364708
0.498047, -0.00388952, 0.0352428
stamp: 6070000000
0.00848054, 0.000314136, 0.0376994
0.507989, -0.0285301, 0.034774
0.53798, -0.00330907, 0.0355676
0.507477, 0.0263178, 0.036459
0.498044, -0.00389452, 0.0352281
stamp: 6080000000
0.0084844, 0.000310372, 0.0377104
0.507983, -0.0285527, 0.034766
0.537987, -0.00331402, 0.0355447
0.507474, 0.0263093, 0.0364694
0.498034, -0.00388654, 0.0352376
stamp: 6090000000
0.00847783, 0.000317537, 0.0377147
0.507946, -0.0284531, 0.0347627
0.537893, -0.00334908, 0.0356698
0.507475, 0.0263089, 0.0364664
0.498039, -0.00388986, 0.0352286
stamp: 6100000000
0.00843813, 0.00028972, 0.0377081
0.507988, -0.0285335, 0.0347718
0.537984, -0.00330613, 0.0355666
0.507419, 0.0263194, 0.0365196
0.49804, -0.00388952, 0.0352329
stamp: 6109000000
0.00843091, 0.00027761, 0.0377133
0.507979, -0.0285498, 0.0347692
0.537991, -0.0033117, 0.035549
0.507466, 0.0263265, 0.0364835
0.498045, -0.00389054, 0.0352412
stamp: 6120000000
0.00847126, 0.000315502, 0.0377039
0.507889, -0.0284887, 0.0346952
0.537902, -0.00335737, 0.0356708
0.507473, 0.0263161, 0.0364636
0.498041, -0.00389232, 0.0352424
stamp: 6129000000
0.00848019, 0.000318687, 0.0377066
0.507988, -0.0285324, 0.0347614
0.537972, -0.00330828, 0.035553
0.507464, 0.0263075, 0.0364721
0.498042, -0.00389514, 0.0352309
stamp: 6139000000
0.00848209, 0.000317327, 0.0377113
0.507987, -0.0285385, 0.0347684
0.53799, -0.00330559, 0.0355475
0.507472, 0.0263133, 0.0364624
0.498041, -0.00389326, 0.0352382
stamp: 6149000000
0.00847348, 0.000313479, 0.037711
0.507986, -0.0285451, 0.0347684
0.537988, -0.00330449, 0.0355377
0.507473, 0.0263136, 0.0364634
0.498037, -0.00388888, 0.035226
stamp: 6160000000
0.00847364, 0.000319032, 0.0377162
0.50799, -0.0285403, 0.0347749
0.537988, -0.00330534, 0.0355379
0.507473, 0.0263108, 0.0364699
0.498038, -0.00388773, 0.0352371
stamp: 6170000000
0.00847825, 0.000322299, 0.037714
0.507984, -0.0285394, 0.0347727
0.537989, -0.00330545, 0.035558
0.507474, 0.026315, 0.0364695
0.498043, -0.00388685, 0.035231
stamp: 6179000000
0.0083893, 0.000400037, 0.0376495
0.507889, -0.0284963, 0.0346871
0.537978, -0.00330839, 0.0355536
0.507475, 0.0263108, 0.03647
0.498042, -0.00387969, 0.0352427
stamp: 6189000000
0.00848198, 0.00031581, 0.0377144
0.5079, -0.0284838, 0.0346901
0.537989, -0.00331558, 0.0355492
0.507476, 0.0263147, 0.0364622
0.49804, -0.0038956, 0.0352395
stamp: 6199000000
0.0084428, 0.000290503, 0.0377237
0.507861, -0.028413, 0.0346968
0.537908, -0.00335692, 0.0356683
0.507415, 0.0263302, 0.0365127
0.49804, -0.00388496, 0.0352369
stamp: 6209000000
0.0084744, 0.000316475, 0.037703
0.507895, -0.0284789, 0.0346839
0.53798, -0.00331281, 0.0355587
0.507421, 0.0263297, 0.0365185
0.498041, -0.00388831, 0.035235
stamp: 6220000000
0.00843951, 0.000294693, 0.0377175
0.507903, -0.0284993, 0.0346856
0.537904, -0.0033542, 0.0356649
0.507464, 0.0263143, 0.0364815
0.498022, -0.00389877, 0.0352
stamp: 6230000000
0.00847711, 0.00031861, 0.037712
0.507987, -0.0285479, 0.0347699
0.53798, -0.00331423, 0.0355567
0.507473, 0.0263127, 0.0364668
0.498049, -0.00389485, 0.0352211
stamp: 6240000000
0.00843579, 0.000294878, 0.0377134
0.507985, -0.0285471, 0.0347727
0.537906, -0.00335445, 0.0356703
0.507472, 0.0263089, 0.0364632
0.498037, -0.00388792, 0.0352305
stamp: 6250000000
0.0084285, 0.000293406, 0.0377198
0.50799, -0.0285404, 0.0347777
0.537976, -0.00330755, 0.0355669
0.507472, 0.0263132, 0.0364668
0.49804, -0.00388285, 0.0352356
stamp: 6260000000
0.00847461, 0.000319457, 0.0377048
0.507987, -0.028541, 0.0347778
0.537908, -0.00335751, 0.0356786
0.507467, 0.0263125, 0.0364604
0.498041, -0.00389217, 0.0352316
stamp: 6270000000
0.00848092, 0.000318988, 0.0377109
0.50799, -0.0285382, 0.0347708
0.537975, -0.00331501, 0.035564
0.507478, 0.0263128, 0.0364699
0.498033, -0.0038831, 0.0352324
stamp: 6280000000
0.00848272, 0.000319414, 0.0377088
0.507904, -0.028485, 0.0346942
0.537988, -0.00331509, 0.0355471
0.507472, 0.026315, 0.0364761
0.498042, -0.00388648, 0.0352372
stamp: 6290000000
0.00847374, 0.00031806, 0.0377025
0.507994, -0.028539, 0.0347717
0.537907, -0.00335502, 0.0356663
0.507477, 0.0263049, 0.0364666
0.498042, -0.00389594, 0.0352389
stamp: 6300000000
0.00848179, 0.000323049, 0.0377151
0.507991, -0.0285409, 0.0347674
0.537978, -0.00330642, 0.0355579
0.50747, 0.0263109, 0.036468
0.49804, -0.00389694, 0.0352435
stamp: 6310000000
0.00847161, 0.00032864, 0.037713
0.507999, -0.028545, 0.0347733
0.537985, -0.00331473, 0.0355483
0.507468, 0.0263171, 0.0364659
0.498047, -0.00388919, 0.0352284
stamp: 6320000000
0.008481, 0.000321044, 0.0377119
0.507899, -0.0284939, 0.0346913
0.537983, -0.00330915, 0.0355501
0.507476, 0.026318, 0.036472
0.498042, -0.00389088, 0.0352302
stamp: 6330000000
0.00847941, 0.000318123, 0.0377022
0.507892, -0.0284894, 0.0346869
0.537907, -0.00335801, 0.0356691
0.507471, 0.0263142, 0.0364682
0.498039, -0.00388967, 0.035234
stamp: 6340000000
0.00847669, 0.000317103, 0.0377004
0.507989, -0.0285326, 0.0347644
0.537979, -0.00331438, 0.0355667
0.507425, 0.0263209, 0.0365178
0.498039, -0.00389073, 0.0352342
stamp: 6350000000
0.00848383, 0.000313648, 0.0377069
0.507998, -0.0285342, 0.034767
0.537985, -0.00330748, 0.035536
0.507469, 0.0263218, 0.036478
0.498037, -0.00388749, 0.0352366
stamp: 6360000000
0.00847074, 0.000321761, 0.0376998
0.507992, -0.0285327, 0.0347572
0.537903, -0.00335745, 0.0356695
0.507477, 0.0263064, 0.0364597
0.49807, -0.00390145, 0.0352611
stamp: 6370000000
0.00848058, 0.000321577, 0.0377115
0.507992, -0.0285301, 0.0347718
0.537977, -0.00331016, 0.035564
0.507479, 0.0263134, 0.036467
0.498069, -0.00390728, 0.0352574
stamp: 6380000000
0.0084712, 0.000314319, 0.0377017
0.507986, -0.0285331, 0.034757
0.537904, -0.00335618, 0.035662
0.507476, 0.0263127, 0.0364653
0.498041, -0.00389202, 0.0352262
stamp: 6390000000
0.0084795, 0.000317194, 0.0377063
0.507989, -0.0285481, 0.0347781
0.537901, -0.00335659, 0.0356863
0.50742, 0.0263203, 0.0365109
0.498048, -0.0038885, 0.0352411
stamp: 6400000000
0.00843311, 0.000297188, 0.037727
0.507991, -0.0285429, 0.0347687
0.537983, -0.0033092, 0.035559
0.507467, 0.0263213, 0.036479
0.498036, -0.00389102, 0.03523
stamp: 6410000000
0.00847376, 0.000317157, 0.0377091
0.507986, -0.0285322, 0.0347713
0.537992, -0.00330544, 0.0355377
0.507419, 0.0263246, 0.036513
0.498036, -0.00388125, 0.0352338
stamp: 6420000000
0.00844068, 0.000293542, 0.0377253
0.507991, -0.0285377, 0.0347619
0.537907, -0.00335549, 0.0356805
0.50747, 0.026322, 0.0364786
0.498038, -0.00389359, 0.0352412
stamp: 6429000000
0.0084696, 0.000313949, 0.0377072
0.507897, -0.0284912, 0.034691
0.537899, -0.0033495, 0.0356991
0.507478, 0.0263201, 0.0364664
0.498038, -0.00388557, 0.0352373
stamp: 6439000000
0.00844255, 0.000294542, 0.0377093
0.507859, -0.0284147, 0.0346958
0.537982, -0.00330771, 0.0355608
0.507476, 0.0263161, 0.0364715
0.498037, -0.00388303, 0.0352417
stamp: 6450000000
0.00847209, 0.000316228, 0.0377045
0.507994, -0.0285297, 0.0347679
0.537911, -0.00335511, 0.0356536
0.507421, 0.0263195, 0.0365138
0.498073, -0.00391077, 0.0352516
stamp: 6459000000
0.00848096, 0.000319565, 0.0377122
0.507981, -0.0285517, 0.0347714
0.537974, -0.00331071, 0.0355594
0.507471, 0.0263179, 0.0364836
0.498049, -0.00388844, 0.0352381
stamp: 6470000000
0.00843035, 0.000293508, 0.0377078
0.507988, -0.028534, 0.0347691
0.537908, -0.0033444, 0.0356702
0.507471, 0.0263162, 0.0364719
0.498042, -0.003885, 0.0352344
stamp: 6480000000
0.00842448, 0.000281009, 0.0377075
0.507951, -0.02845, 0.0347666
0.537979, -0.00331088, 0.0355643
0.507474, 0.026323, 0.0364732
0.498038, -0.00388903, 0.0352408
stamp: 6489000000
0.00847862, 0.000313781, 0.0377068
0.507996, -0.0285208, 0.0347576
0.537987, -0.00331256, 0.0355351
0.507471, 0.0263159, 0.0364647
0.49804, -0.00389745, 0.0352313
stamp: 6499000000
0.0084879, 0.000317044, 0.0377001
0.507992, -0.0285306, 0.0347693
0.537898, -0.00336044, 0.0356639
0.507472, 0.0263088, 0.036477
0.498032, -0.00388154, 0.0352359
stamp: 6510000000
0.00848463, 0.000315992, 0.0377092
0.507899, -0.0284861, 0.0346937
0.537904, -0.00335957, 0.0356899
0.50747, 0.0263169, 0.0364739
0.498042, -0.00388846, 0.0352303
stamp: 6520000000
0.00843751, 0.000293887, 0.0377203
0.507992, -0.0285363, 0.0347712
0.537987, -0.00330924, 0.0355621
0.507474, 0.0263139, 0.0364642
0.49804, -0.00389426, 0.0352264
stamp: 6530000000
0.00844396, 0.000294617, 0.037711
0.507989, -0.0285452, 0.0347748
0.537981, -0.00330384, 0.0355427
0.507474, 0.0263183, 0.0364672
0.498019, -0.00389409, 0.0352028
stamp: 6540000000
0.00847463, 0.000312046, 0.0377001
0.507906, -0.0284985, 0.0346895
0.537907, -0.00335258, 0.0356737
0.507467, 0.0263077, 0.0364731
0.498036, -0.00388539, 0.0352277
stamp: 6550000000
0.00843251, 0.000289374, 0.0377141
0.507989, -0.0285401, 0.0347669
0.53798, -0.00331206, 0.0355672
0.50747, 0.0263155, 0.0364657
0.498071, -0.00390599, 0.0352474
stamp: 6560000000
0.00846552, 0.00031884, 0.0377113
0.507983, -0.0285427, 0.0347695
0.537982, -0.00331152, 0.03554
0.50742, 0.0263257, 0.0365133
0.498037, -0.00389806, 0.0352375
stamp: 6570000000
0.0084812, 0.00032619, 0.0377024
0.507986, -0.0285403, 0.0347713
0.537984, -0.00330806, 0.0355521
0.507459, 0.0263159, 0.0364807
0.498037, -0.00388879, 0.0352293
stamp: 6580000000
0.00836042, 0.000366222, 0.0376568
0.507991, -0.0285391, 0.0347611
0.537978, -0.00330691, 0.0355547
0.507469, 0.0263081, 0.0364663
0.498037, -0.00388773, 0.0352292
stamp: 6590000000
0.00842323, 0.000298141, 0.0377137
0.507988, -0.0285374, 0.0347706
0.537989, -0.00330811, 0.0355579
0.507469, 0.0263132, 0.0364699
0.498031, -0.00388527, 0.0352361
stamp: 6599000000
0.0084755, 0.00031254, 0.0377108
0.507985, -0.0285365, 0.0347711
0.537985, -0.00331249, 0.0355503
0.507469, 0.0263199, 0.0364677
0.498019, -0.00389049, 0.0351993
stamp: 6610000000
0.00848522, 0.000325399, 0.0377119
0.507987, -0.0285357, 0.0347588
0.537991, -0.00329895, 0.0355433
0.507471, 0.0263137, 0.0364716
0.498036, -0.00389229, 0.0352327
stamp: 6620000000
0.0084346, 0.000299493, 0.0377224
0.507986, -0.0285342, 0.0347676
0.537988, -0.00330715, 0.0355501
0.507474, 0.0263132, 0.0364698
0.498045, -0.0038895, 0.0352262
stamp: 6630000000
0.0084783, 0.000316298, 0.0377044
0.507893, -0.028497, 0.034694
0.537913, -0.00335583, 0.0356744
0.507474, 0.0263182, 0.0364622
0.498045, -0.00388337, 0.035228
stamp: 6640000000
0.0084761, 0.000321003, 0.0377076
0.507981, -0.0285405, 0.0347815
0.537894, -0.00335759, 0.0356831
0.507472, 0.0263186, 0.0364719
0.498045, -0.00389245, 0.0352431
stamp: 6650000000
0.00847727, 0.000319517, 0.0377083
0.507987, -0.028539, 0.0347681
0.537894, -0.00335201, 0.035686
0.507483, 0.0263047, 0.0364644
0.498043, -0.00389308, 0.0352363
stamp: 6660000000
0.00843585, 0.000285166, 0.0377143
0.507989, -0.0285402, 0.0347758
0.537908, -0.00335791, 0.0356754
0.507473, 0.0263079, 0.0364637
0.498021, -0.00390263, 0.0351922
stamp: 6670000000
0.00843103, 0.000286535, 0.0377164
0.507986, -0.0285313, 0.0347622
0.537897, -0.00335522, 0.0356768
0.507469, 0.0263119, 0.0364732
0.498044, -0.00388694, 0.0352325
stamp: 6680000000
0.00847696, 0.000323963, 0.0377137
0.507993, -0.028543, 0.0347725
0.537986, -0.00330577, 0.0355534
0.507469, 0.026313, 0.0364698
0.498022, -0.00388748, 0.0352054
stamp: 6690000000
0.00847876, 0.000320412, 0.0377069
0.507953, -0.028449, 0.03478
0.537991, -0.00331183, 0.0355459
0.507475, 0.0263142, 0.0364654
0.498042, -0.00389132, 0.0352363
stamp: 6699000000
0.00843926, 0.00028515, 0.0377193
0.507987, -0.0285348, 0.0347582
0.537986, -0.00330328, 0.0355416
0.507477, 0.0263162, 0.0364761
0.498041, -0.00389551, 0.0352379
stamp: 6710000000
0.00839287, 0.000383189, 0.0376429
0.507954, -0.0284531, 0.0347624
0.537982, -0.00331095, 0.0355502
0.50747, 0.0263108, 0.0364695
0.498038, -0.00389639, 0.035221
stamp: 6720000000
0.0084746, 0.000317347, 0.0377051
0.508, -0.0285266, 0.0347705
0.537983, -0.00330951, 0.0355524
0.507473, 0.0263175, 0.0364709
0.498046, -0.00388407, 0.0352296
stamp: 6730000000
0.00848223, 0.000309701, 0.0377057
0.507992, -0.0285406, 0.0347783
0.537905, -0.00335675, 0.0356727
0.507475, 0.0263122, 0.0364604
0.498041, -0.00389456, 0.0352287
stamp: 6740000000
0.00847407, 0.000321608, 0.0377034
0.507997, -0.0285443, 0.034769
0.537982, -0.00330927, 0.035557
0.507481, 0.0263209, 0.0364714
0.498043, -0.0038887, 0.0352357
stamp: 6750000000
0.0084674, 0.000318201, 0.0376859
0.507895, -0.0284951, 0.0346969
0.537988, -0.00331068, 0.0355436
0.507473, 0.0263133, 0.0364663
0.498024, -0.00388653, 0.0351946
stamp: 6759000000
0.00847584, 0.000324137, 0.0376959
0.507942, -0.0284465, 0.0347759
0.537906, -0.00336072, 0.0356711
0.507478, 0.0263126, 0.0364631
0.49804, -0.00388937, 0.0352438
stamp: 6770000000
0.00848361, 0.000324867, 0.0377086
0.507903, -0.028481, 0.0346785
0.537979, -0.00331299, 0.0355605
0.507478, 0.0263218, 0.0364652
0.498045, -0.00389127, 0.0352281
stamp: 6780000000
0.00848019, 0.000313865, 0.0377067
0.507947, -0.0284463, 0.0347671
0.537992, -0.00330902, 0.0355479
0.50747, 0.0263139, 0.0364646
0.498071, -0.00390798, 0.0352602
stamp: 6789000000
0.0084846, 0.000318407, 0.0377063
0.507944, -0.0284404, 0.0347673
0.537981, -0.00331056, 0.0355556
0.507472, 0.026313, 0.0364726
0.498027, -0.00390488, 0.035198
stamp: 6799000000
0.00839482, 0.000390474, 0.0376508
0.507989, -0.0285322, 0.0347632
0.537988, -0.00331152, 0.0355542
0.507468, 0.026312, 0.0364623
0.49804, -0.0038891, 0.0352351
stamp: 6810000000
0.00843387, 0.000301258, 0.0377145
0.507897, -0.0285027, 0.0346951
0.537986, -0.0033085, 0.0355509
0.507475, 0.0263206, 0.0364654
0.498039, -0.00389366, 0.03523
stamp: 6819000000
0.00848444, 0.00032012, 0.0377089
0.507992, -0.0285389, 0.0347684
0.537907, -0.00335898, 0.0356727
0.507472, 0.0263107, 0.0364638
0.498046, -0.00389118, 0.0352353
stamp: 6830000000
0.00848137, 0.000315362, 0.0377168
0.507903, -0.0284984, 0.0346813
0.53798, -0.00330559, 0.0355558
0.507478, 0.0263098, 0.0364726
0.498026, -0.00389873, 0.0351939
stamp: 6840000000
0.00847364, 0.000307041, 0.037696
0.507988, -0.0285474, 0.0347545
0.537988, -0.00331191, 0.0355542
0.507476, 0.0263177, 0.03647
0.498048, -0.00388926, 0.0352333
stamp: 6850000000
0.00848101, 0.000316897, 0.0377058
0.507988, -0.0285434, 0.0347565
0.537991, -0.00330322, 0.0355432
0.507476, 0.0263158, 0.0364694
0.498043, -0.00388523, 0.0352359
stamp: 6859000000
0.00847233, 0.000311029, 0.0376971
0.507899, -0.0285012, 0.0347033
0.537909, -0.00335065, 0.0356731
0.507477, 0.0263184, 0.0364655
0.49802, -0.00389236, 0.0351983
stamp: 6870000000
0.0084777, 0.000317119, 0.0377152
0.507989, -0.0285338, 0.0347601
0.537899, -0.00335973, 0.0356819
0.507425, 0.0263251, 0.0365175
0.498035, -0.00388309, 0.0352395
stamp: 6880000000
0.00843477, 0.000293446, 0.0377156
0.507985, -0.0285318, 0.0347637
0.537981, -0.00330909, 0.0355552
0.507459, 0.0263252, 0.0364824
0.498046, -0.00389754, 0.0352271
stamp: 6890000000
0.00848147, 0.000315151, 0.0377037
0.507991, -0.028544, 0.0347769
0.537905, -0.00335463, 0.0356659
0.50747, 0.0263101, 0.0364653
0.498049, -0.00389149, 0.0352345
stamp: 6900000000
0.00843195, 0.000290455, 0.0377136
0.507991, -0.0285296, 0.0347736
0.537982, -0.00331031, 0.035567
0.507471, 0.0263101, 0.0364663
0.498042, -0.00389228, 0.0352254
stamp: 6910000000
0.00847538, 0.000311117, 0.037717
0.5079, -0.0284959, 0.0346833
0.537989, -0.00330704, 0.0355392
0.507475, 0.0263137, 0.0364798
0.498045, -0.00388926, 0.0352336
stamp: 6920000000
0.00847799, 0.000321978, 0.0376948
0.507992, -0.0285392, 0.0347735
0.537988, -0.0033073, 0.0355433
0.507471, 0.0263028, 0.0364667
0.498044, -0.00388697, 0.0352417
stamp: 6930000000
0.00847931, 0.000316391, 0.0377151
0.507993, -0.0285437, 0.0347679
0.537902, -0.00335814, 0.0356671
0.507424, 0.0263221, 0.0365179
0.498041, -0.00389227, 0.0352357
stamp: 6939000000
0.00847653, 0.000325419, 0.0377105
0.507866, -0.0284084, 0.0346987
0.537909, -0.00335596, 0.0356851
0.507458, 0.0263167, 0.0364865
0.498071, -0.00390349, 0.0352528
stamp: 6949000000
0.00847509, 0.000313011, 0.0377075
0.507994, -0.0285381, 0.0347856
0.537987, -0.00330769, 0.035553
0.507473, 0.0263145, 0.0364642
0.498048, -0.00388973, 0.0352309
stamp: 6960000000
0.0084363, 0.000294492, 0.0377268
0.507994, -0.0285421, 0.0347681
0.537907, -0.00335282, 0.0356602
0.507475, 0.0263112, 0.0364691
0.498041, -0.00389001, 0.035239
stamp: 6970000000
0.00847418, 0.000318588, 0.0377144
0.50799, -0.0285359, 0.0347567
0.537982, -0.00330792, 0.0355549
0.50747, 0.0263047, 0.0364608
0.498041, -0.00388383, 0.0352318
stamp: 6979000000
0.00847799, 0.00031716, 0.0377075
0.507989, -0.028533, 0.0347648
0.537914, -0.00335409, 0.0356623
0.507468, 0.0263008, 0.0364604
0.498041, -0.00389229, 0.0352413
stamp: 6990000000
0.00847843, 0.00030762, 0.0377036
0.507992, -0.0285448, 0.0347796
0.537906, -0.00335011, 0.0356885
0.507475, 0.0263128, 0.03647
0.498046, -0.00389413, 0.0352365
stamp: 7000000000
0.00843511, 0.000293143, 0.0377148
0.507996, -0.0285331, 0.0347643
0.53798, -0.00331024, 0.0355597
0.507474, 0.0263164, 0.0364835
0.498036, -0.00389189, 0.0352311
stamp: 7010000000
0.00843099, 0.000295074, 0.037725
0.507949, -0.0284461, 0.0347602
0.537998, -0.00331191, 0.0355396
0.507424, 0.0263285, 0.036524
0.498042, -0.00389697, 0.0352393
stamp: 7020000000
0.00847541, 0.000315179, 0.0377136
0.507989, -0.028534, 0.0347737
0.537987, -0.00331466, 0.0355372
0.507465, 0.0263185, 0.0364775
0.498036, -0.00388921, 0.0352369
stamp: 7030000000
0.00847291, 0.000309533, 0.0377093
0.507897, -0.0284926, 0.0346927
0.537904, -0.00336283, 0.0356705
0.507475, 0.0263133, 0.0364673
0.498069, -0.00390322, 0.0352682
stamp: 7039000000
0.00843275, 0.000289332, 0.037718
0.507953, -0.0284431, 0.0347606
0.537978, -0.00331249, 0.0355673
0.507473, 0.0263234, 0.0364746
0.498038, -0.00389204, 0.0352298
stamp: 7050000000
0.00846589, 0.00031737, 0.0377071
0.507864, -0.0284159, 0.0347015
0.53799, -0.00331731, 0.0355496
0.507474, 0.0263109, 0.0364683
0.498042, -0.00388698, 0.0352291
stamp: 7060000000
0.00847561, 0.000313796, 0.0377028
0.5079, -0.0284853, 0.0346946
0.53791, -0.00335756, 0.0356814
0.507477, 0.0263184, 0.0364588
0.498043, -0.00388245, 0.0352329
stamp: 7070000000
0.00847236, 0.000318375, 0.0377161
0.507909, -0.0284991, 0.0346958
0.537987, -0.0033128, 0.0355607
0.507478, 0.0263143, 0.0364628
0.498041, -0.00388907, 0.0352283
stamp: 7080000000
0.00843977, 0.000292607, 0.037719
0.507991, -0.0285294, 0.0347638
0.537911, -0.00335305, 0.0356542
0.507477, 0.0263068, 0.0364689
0.49804, -0.00388899, 0.0352308
stamp: 7090000000
0.00847513, 0.000320706, 0.0377035
0.507959, -0.0284471, 0.0347601
0.537986, -0.00330471, 0.0355606
0.50748, 0.0263083, 0.0364678
0.498034, -0.00389172, 0.0352455
stamp: 7099000000
0.00844334, 0.000288875, 0.03772
0.507952, -0.0284394, 0.034773
0.537908, -0.0033587, 0.0356677
0.50748, 0.0263105, 0.0364597
0.498044, -0.00388893, 0.0352358
stamp: 7110000000
0.00847489, 0.00031797, 0.0377028
0.507983, -0.0285407, 0.0347739
0.537984, -0.00330406, 0.0355531
0.507468, 0.0263222, 0.0364654
0.498044, -0.00388347, 0.0352261
stamp: 7120000000
0.00843666, 0.0002863, 0.0377229
0.507991, -0.0285525, 0.0347749
0.537984, -0.00330884, 0.0355559
0.50747, 0.0263187, 0.036469
0.498036, -0.00388889, 0.0352377
stamp: 7130000000
0.00847236, 0.00030796, 0.0377072
0.507996, -0.0285377, 0.0347691
0.537991, -0.00330405, 0.0355575
0.507473, 0.0263147, 0.0364673
0.498035, -0.00388284, 0.0352397
stamp: 7140000000
0.00847787, 0.000317288, 0.0377113
0.507904, -0.028496, 0.0346936
0.537982, -0.00331338, 0.0355453
0.507473, 0.0263183, 0.0364704
0.498047, -0.00389548, 0.0352487
stamp: 7150000000
0.00848364, 0.000314643, 0.0377016
0.507992, -0.0285286, 0.034774
0.537906, -0.00336027, 0.035676
0.507473, 0.0263155, 0.0364781
0.498047, -0.00388578, 0.0352332
stamp: 7160000000
0.00847444, 0.000314139, 0.0376945
0.507989, -0.0285439, 0.0347669
0.537985, -0.00330488, 0.035564
0.50747, 0.0263075, 0.036471
0.498037, -0.00388387, 0.0352331
stamp: 7170000000
0.00847847, 0.000314703, 0.0376961
0.507942, -0.0284545, 0.0347657
0.537911, -0.00334938, 0.0356657
0.507472, 0.0263191, 0.0364622
0.498025, -0.00389256, 0.0351981
stamp: 7180000000
0.00843821, 0.000286906, 0.0377155
0.50799, -0.0285385, 0.0347653
0.537992, -0.00330415, 0.0355584
0.507471, 0.0263153, 0.0364678
0.498069, -0.00390605, 0.0352599
stamp: 7190000000
0.00847298, 0.000319009, 0.0376998
0.507998, -0.0285396, 0.0347653
0.537912, -0.00336052, 0.0356576
0.507477, 0.0263073, 0.0364784
0.498073, -0.00391429, 0.0352477
stamp: 7199000000
0.00843959, 0.000290792, 0.0377239
0.507988, -0.0285436, 0.0347608
0.537979, -0.00331428, 0.0355632
0.507474, 0.0263098, 0.0364724
0.498039, -0.0038904, 0.0352349
stamp: 7210000000
0.00847869, 0.000311742, 0.0377151
0.507857, -0.0284162, 0.0346923
0.537984, -0.00331585, 0.0355444
0.507472, 0.0263177, 0.0364746
0.498037, -0.0038867, 0.0352386
stamp: 7220000000
0.00847683, 0.000315521, 0.0377114
0.50799, -0.0285343, 0.034769
0.537987, -0.00330966, 0.0355537
0.507467, 0.0263169, 0.0364699
0.498036, -0.00388591, 0.0352389
stamp: 7230000000
0.00848509, 0.000314397, 0.037705
0.507985, -0.0285446, 0.034774
0.537909, -0.00335635, 0.0356702
0.507478, 0.0263137, 0.03646
0.498042, -0.00388845, 0.0352334
stamp: 7239000000
0.00848209, 0.000315958, 0.0377022
0.507958, -0.0284466, 0.0347611
0.537988, -0.00331269, 0.0355597
0.507474, 0.0263131, 0.0364582
0.498047, -0.0038861, 0.0352376
stamp: 7250000000
0.0083554, 0.000360253, 0.0376654
0.507901, -0.0284874, 0.0346788
0.537982, -0.00331052, 0.0355524
0.507471, 0.0263217, 0.0364676
0.49804, -0.00387942, 0.0352314
stamp: 7260000000
0.00847396, 0.000317204, 0.037706
0.507981, -0.0285388, 0.034767
0.537988, -0.0033132, 0.0355447
0.507468, 0.0263184, 0.0364693
0.498039, -0.00388823, 0.0352485
stamp: 7270000000
0.00847625, 0.000314155, 0.0377008
0.507978, -0.0285362, 0.0347698
0.537982, -0.00331097, 0.0355413
0.507474, 0.0263106, 0.0364769
0.498044, -0.00389155, 0.035225
stamp: 7280000000
0.00847811, 0.00031614, 0.0377119
0.507989, -0.0285457, 0.0347606
0.537987, -0.00331681, 0.0355539
0.507481, 0.0263183, 0.0364717
0.498034, -0.00388997, 0.0352453
stamp: 7290000000
0.00847918, 0.000313096, 0.0377032
0.507989, -0.0285492, 0.0347659
0.537984, -0.00330424, 0.0355394
0.50747, 0.026308, 0.0364601
0.498039, -0.00389411, 0.0352328
stamp: 7299000000
0.00847951, 0.000317898, 0.0377155
0.507995, -0.0285377, 0.0347591
0.537903, -0.00335418, 0.0356769
0.507476, 0.0263138, 0.0364689
0.498041, -0.00389145, 0.0352283
stamp: 7310000000
0.00847836, 0.000315626, 0.0377031
0.507902, -0.0284864, 0.0346943
0.537981, -0.00330295, 0.0355674
0.507471, 0.0263225, 0.0364725
0.498028, -0.00390523, 0.0351882
stamp: 7320000000
0.00843585, 0.000289993, 0.0377182
0.507948, -0.0284461, 0.0347655
0.53798, -0.00331155, 0.0355406
0.507467, 0.0263144, 0.0364705
0.498035, -0.00389101, 0.0352247
stamp: 7329000000
0.00848487, 0.000316761, 0.0377056
0.507862, -0.0284121, 0.0347085
0.537983, -0.00330688, 0.0355413
0.507483, 0.02632, 0.0364654
0.498044, -0.00388757, 0.0352294
stamp: 7340000000
0.00847927, 0.000313993, 0.0377046
0.507999, -0.028535, 0.0347906
0.537989, -0.00330766, 0.0355542
0.507473, 0.0263092, 0.036468
0.498036, -0.00389035, 0.0352285
stamp: 7350000000
0.00843287, 0.000284641, 0.0377141
0.507898, -0.0284948, 0.0346965
0.537983, -0.00330591, 0.0355574
0.507479, 0.0263128, 0.0364659
0.498068, -0.0039085, 0.0352639
stamp: 7360000000
0.00842897, 0.00029006, 0.0377035
0.50799, -0.0285326, 0.0347552
0.537984, -0.00331017, 0.0355496
0.507477, 0.0263153, 0.0364605
0.498042, -0.00389649, 0.0352448
stamp: 7370000000
0.00843408, 0.000283827, 0.0377116
0.507905, -0.0284921, 0.0346928
0.537904, -0.00335944, 0.0356726
0.507468, 0.0263185, 0.0364689
0.498037, -0.00389328, 0.0352226
stamp: 7380000000
0.00843749, 0.000295513, 0.0377227
0.50795, -0.0284465, 0.0347799
0.537981, -0.00330461, 0.0355638
0.507473, 0.0263065, 0.0364667
0.498045, -0.00388733, 0.0352295
stamp: 7390000000
0.00846934, 0.000317066, 0.0376982
0.507863, -0.0284042, 0.0347041
0.537984, -0.00331406, 0.0355439
0.507477, 0.0263135, 0.0364664
0.49805, -0.00389191, 0.0352217
stamp: 7400000000
0.0084766, 0.000318466, 0.037709
0.507992, -0.0285413, 0.0347748
0.537987, -0.00330918, 0.0355427
0.50747, 0.0263099, 0.036466
0.498044, -0.0038856, 0.0352423
stamp: 7410000000
0.00847368, 0.000309324, 0.0377145
0.507951, -0.0284511, 0.03477
0.537904, -0.00335489, 0.0356761
0.50748, 0.0263131, 0.0364633
0.498053, -0.00388719, 0.0352262
stamp: 7420000000
0.00843231, 0.000295669, 0.037723
0.507993, -0.0285311, 0.034771
0.537978, -0.00330498, 0.0355624
0.50747, 0.0263183, 0.0364646
0.498043, -0.00389349, 0.0352338
stamp: 7429000000
0.00838672, 0.00038609, 0.0376432
0.507992, -0.0285385, 0.0347694
0.537987, -0.00331215, 0.0355411
0.507475, 0.0263135, 0.036469
0.49804, -0.00389011, 0.035239
stamp: 7440000000
0.00839785, 0.000394488, 0.0376539
0.507987, -0.0285427, 0.0347731
0.537985, -0.00331412, 0.03555
0.507477, 0.0263077, 0.0364644
0.498042, -0.00388316, 0.0352326
stamp: 7450000000
0.00847503, 0.000327685, 0.0377084
0.50799, -0.0285422, 0.0347705
0.537909, -0.00335739, 0.0356651
0.507427, 0.0263178, 0.036521
0.498044, -0.00389419, 0.0352326
stamp: 7460000000
0.00843775, 0.000294589, 0.0377052
0.507991, -0.0285376, 0.0347753
0.537899, -0.00335503, 0.0356823
0.507461, 0.0263224, 0.0364789
0.498033, -0.00388507, 0.0352385
stamp: 7470000000
0.00847321, 0.000314484, 0.0377
0.507851, -0.028419, 0.034697
0.537904, -0.00335387, 0.0356809
0.507478, 0.0263163, 0.0364525
0.498065, -0.00390828, 0.0352545
stamp: 7480000000
0.00843298, 0.000298923, 0.0377139
0.507987, -0.0285278, 0.034768
0.537979, -0.0033118, 0.0355596
0.507465, 0.0263125, 0.0364682
0.498042, -0.00389424, 0.0352388
stamp: 7489000000
0.00843471, 0.000284074, 0.0377162
0.507985, -0.028536, 0.0347705
0.537987, -0.00329756, 0.0355467
0.507465, 0.0263116, 0.0364599
0.498043, -0.00388702, 0.0352369
stamp: 7499000000
0.00843116, 0.000290645, 0.0377186
0.507893, -0.0284928, 0.0346889
0.537979, -0.00330648, 0.035547
0.507468, 0.0263132, 0.0364693
0.498044, -0.00389355, 0.0352287
stamp: 7510000000
0.00843426, 0.000284416, 0.0377182
0.50799, -0.0285371, 0.0347613
0.537979, -0.00331494, 0.0355482
0.507479, 0.0263112, 0.0364717
0.498041, -0.00389293, 0.0352411
stamp: 7520000000
0.00847257, 0.000315344, 0.0377073
0.507987, -0.0285334, 0.0347648
0.537995, -0.00331285, 0.0355496
0.507478, 0.0263133, 0.036475
0.498049, -0.00388965, 0.0352264
stamp: 7530000000
0.0084836, 0.000315541, 0.0377121
0.507902, -0.0284904, 0.0346922
0.537907, -0.00335531, 0.0356706
0.507471, 0.0263117, 0.0364645
0.498044, -0.00388853, 0.0352389
stamp: 7540000000
0.00848108, 0.000316802, 0.0377012
0.507991, -0.0285379, 0.03477
0.537976, -0.00331037, 0.0355595
0.507476, 0.0263091, 0.0364676
0.49805, -0.00389569, 0.0352349
stamp: 7550000000
0.00847795, 0.000323551, 0.0377144
0.507993, -0.0285411, 0.0347717
0.537913, -0.00336084, 0.0356619
0.507475, 0.0263161, 0.0364746
0.498042, -0.003887, 0.035228
stamp: 7560000000
0.00843332, 0.000291426, 0.0377311
0.507952, -0.0284423, 0.0347723
0.537899, -0.00335103, 0.0356881
0.507467, 0.0263079, 0.0364653
0.498031, -0.00388602, 0.0352408
stamp: 7570000000
0.00848003, 0.000317278, 0.0377202
0.5079, -0.0284861, 0.0346959
0.537984, -0.00330302, 0.0355632
0.507473, 0.0263106, 0.0364736
0.498065, -0.00390649, 0.0352582
stamp: 7580000000
0.00848279, 0.000323444, 0.0377002
0.507988, -0.0285364, 0.0347704
0.537982, -0.00331499, 0.0355466
0.507479, 0.0263097, 0.0364659
0.498041, -0.0038858, 0.0352336
stamp: 7590000000
0.00847829, 0.000315534, 0.0377126
0.507988, -0.0285387, 0.0347671
0.537985, -0.00330968, 0.03555
0.507474, 0.0263159, 0.0364667
0.498046, -0.00389023, 0.0352348
stamp: 7600000000
0.00847609, 0.000319407, 0.0377101
0.507889, -0.0284934, 0.0346869
0.537981, -0.00330771, 0.0355531
0.507473, 0.0263202, 0.03646
0.498037, -0.00389009, 0.035241
stamp: 7610000000
0.00848082, 0.000312874, 0.0377115
0.507895, -0.0284882, 0.0346884
0.537906, -0.00335642, 0.0356758
0.507472, 0.0263104, 0.0364666
0.49804, -0.00389377, 0.035229
stamp: 7620000000
0.00844145, 0.00028758, 0.0377203
0.507952, -0.0284462, 0.0347711
0.537984, -0.00330739, 0.0355647
0.507421, 0.0263179, 0.0365111
0.498038, -0.00388913, 0.0352327
stamp: 7630000000
0.00847039, 0.000318658, 0.0377052
0.507898, -0.0284886, 0.0347009
0.537908, -0.00335982, 0.0356629
0.507467, 0.026318, 0.0364921
0.498049, -0.00389085, 0.035238
stamp: 7640000000
0.00843285, 0.0002805, 0.0377217
0.507992, -0.0285387, 0.0347613
0.537984, -0.00331146, 0.0355582
0.507479, 0.0263183, 0.0364621
0.498046, -0.00389573, 0.0352274
stamp: 7650000000
0.00847342, 0.000315701, 0.0377102
0.507987, -0.0285407, 0.034772
0.537984, -0.00331171, 0.0355449
0.507478, 0.0263204, 0.0364618
0.49804, -0.00389373, 0.0352315
stamp: 7660000000
0.00844551, 0.000292033, 0.0377248
0.507993, -0.0285456, 0.0347683
0.537992, -0.00331144, 0.035549
0.507472, 0.0263181, 0.0364771
0.498037, -0.00389042, 0.0352396
stamp: 7670000000
0.00847775, 0.00031428, 0.0377022
0.507993, -0.0285383, 0.0347714
0.537979, -0.00331319, 0.0355422
0.507471, 0.0263147, 0.0364678
0.498039, -0.00389529, 0.0352301
stamp: 7680000000
0.00847899, 0.000317049, 0.0377031
0.507903, -0.0284949, 0.0346758
0.537985, -0.00331398, 0.0355438
0.507469, 0.0263176, 0.0364718
0.498036, -0.00389604, 0.0352427
stamp: 7690000000
0.00848193, 0.000313971, 0.0377148
0.507947, -0.0284498, 0.0347589
0.537987, -0.00331146, 0.0355398
0.507471, 0.0263045, 0.0364648
0.498045, -0.00389628, 0.0352235
stamp: 7700000000
0.00842631, 0.000288445, 0.0377075
0.507994, -0.0285349, 0.0347666
0.537913, -0.00335446, 0.035666
0.507474, 0.0263137, 0.0364651
0.498073, -0.00390688, 0.0352595
stamp: 7710000000
0.00846929, 0.000320231, 0.0377082
0.507991, -0.0285508, 0.0347701
0.537898, -0.00335677, 0.0356942
0.507479, 0.0263119, 0.0364641
0.498041, -0.0038871, 0.0352285
stamp: 7720000000
0.00843646, 0.000292547, 0.0377137
0.50799, -0.0285422, 0.0347598
0.537979, -0.00331495, 0.0355545
0.507472, 0.0263104, 0.0364723
0.498032, -0.00389423, 0.0352348
stamp: 7730000000
0.00843632, 0.000291493, 0.0377242
0.50799, -0.0285497, 0.0347817
0.537994, -0.00332089, 0.035533
0.507424, 0.026321, 0.0365167
0.498072, -0.00391069, 0.0352562
stamp: 7740000000
0.00847565, 0.000321028, 0.0377099
0.507907, -0.0284882, 0.0347016
0.537911, -0.0033632, 0.0356691
0.507471, 0.026317, 0.0364707
0.498035, -0.00389282, 0.0352131
stamp: 7750000000
0.00847846, 0.000316823, 0.0377033
0.507899, -0.028488, 0.0346898
0.537978, -0.0033067, 0.0355666
0.507474, 0.0263121, 0.036463
0.498049, -0.00389091, 0.035243
stamp: 7760000000
0.00843289, 0.000293777, 0.0377094
0.507992, -0.0285398, 0.0347597
0.537905, -0.00335053, 0.0356579
0.507479, 0.0263175, 0.0364559
0.498019, -0.00390176, 0.0351934
stamp: 7770000000
0.00843669, 0.00029964, 0.0377217
0.507987, -0.0285415, 0.0347746
0.537898, -0.00335076, 0.0356752
0.507474, 0.0263094, 0.0364702
0.49804, -0.00388895, 0.0352236
stamp: 7780000000
0.00843041, 0.000288585, 0.0377117
0.507993, -0.028527, 0.034777
0.537984, -0.00330549, 0.0355463
0.507474, 0.0263174, 0.0364735
0.498038, -0.00389339, 0.0352285
stamp: 7790000000
0.00848341, 0.000307642, 0.037708
0.507986, -0.0285429, 0.0347725
0.537907, -0.00335314, 0.0356621
0.507471, 0.026315, 0.0364688
0.498072, -0.00390231, 0.0352517
stamp: 7800000000
0.00848139, 0.000306684, 0.0377059
0.507996, -0.0285379, 0.034759
0.5379, -0.00336318, 0.0356754
0.507469, 0.0263102, 0.036468
0.49805, -0.00389447, 0.0352332
stamp: 7810000000
0.0084362, 0.000293999, 0.0377062
0.507902, -0.028494, 0.0346916
0.537896, -0.00335939, 0.0356784
0.507479, 0.0263197, 0.0364693
0.498043, -0.00389228, 0.0352319
stamp: 7819000000
0.00848163, 0.000308853, 0.037706
0.507987, -0.0285468, 0.0347584
0.537983, -0.00331203, 0.0355678
0.507472, 0.0263241, 0.0364743
0.498045, -0.00389827, 0.0352292
stamp: 7829000000
0.00848262, 0.000318947, 0.0377047
0.50795, -0.0284438, 0.0347677
0.537983, -0.00331007, 0.0355394
0.50747, 0.0263049, 0.036459
0.498043, -0.00389612, 0.0352274
stamp: 7840000000
0.00843676, 0.000293614, 0.0377081
0.507943, -0.0284457, 0.0347712
0.537983, -0.00331439, 0.0355523
0.507468, 0.0263111, 0.0364589
0.498041, -0.00389276, 0.0352362
stamp: 7850000000
0.00847326, 0.000314509, 0.0377096
0.507992, -0.0285416, 0.0347526
0.537987, -0.00330838, 0.0355478
0.50747, 0.0263103, 0.0364626
0.498043, -0.00388923, 0.0352316
stamp: 7859000000
0.00847178, 0.000316999, 0.0377082
0.507998, -0.0285467, 0.0347775
0.53798, -0.00331262, 0.0355532
0.507473, 0.0263114, 0.0364735
0.498029, -0.00389543, 0.0351952
stamp: 7870000000
0.00843385, 0.000287227, 0.0377125
0.50799, -0.0285424, 0.0347771
0.537907, -0.00336096, 0.0356586
0.507477, 0.0263152, 0.0364681
0.498047, -0.0038938, 0.0352378
stamp: 7880000000
0.00847982, 0.000319921, 0.0377011
0.507899, -0.0284999, 0.0346963
0.53798, -0.00330946, 0.0355568
0.507472, 0.026315, 0.0364673
0.498049, -0.0038948, 0.0352357
stamp: 7889000000
0.0084373, 0.000288534, 0.0377133
0.507985, -0.0285422, 0.0347625
0.537907, -0.00335327, 0.0356661
0.507478, 0.0263154, 0.0364593
0.498052, -0.00389372, 0.0352361
stamp: 7900000000
0.00847183, 0.000311262, 0.037717
0.507988, -0.0285414, 0.034767
0.53798, -0.00331224, 0.0355578
0.507481, 0.0263148, 0.0364642
0.498037, -0.00389288, 0.035228
stamp: 7910000000
0.00848111, 0.000314134, 0.0376989
0.507989, -0.0285434, 0.0347698
0.537988, -0.00330935, 0.0355514
0.507474, 0.0263134, 0.0364693
0.498044, -0.00389014, 0.0352334
stamp: 7920000000
0.00843303, 0.000293016, 0.0377113
0.507991, -0.0285421, 0.034769
0.537905, -0.00335427, 0.035667
0.507474, 0.0263143, 0.0364748
0.498039, -0.00388895, 0.0352333
stamp: 7930000000
0.00835483, 0.00036502, 0.0376613
0.507906, -0.0284984, 0.0346967
0.537898, -0.00335791, 0.0356871
0.507478, 0.0263113, 0.0364707
0.49804, -0.00388905, 0.0352344
stamp: 7940000000
0.00846763, 0.000317205, 0.0377181
0.507988, -0.0285366, 0.0347562
0.537903, -0.00335847, 0.0356694
0.507469, 0.0263124, 0.0364696
0.498043, -0.00389125, 0.0352298
stamp: 7949000000
0.0083455, 0.000362282, 0.0376492
0.507991, -0.028538, 0.0347674
0.537903, -0.00336147, 0.0356802
0.507471, 0.0263153, 0.036463
0.498042, -0.00389004, 0.0352243
stamp: 7960000000
0.00846792, 0.00032538, 0.0377084
0.507985, -0.028531, 0.0347667
0.537978, -0.00330962, 0.0355494
0.507473, 0.0263188, 0.036467
0.498047, -0.00389495, 0.0352448
stamp: 7970000000
0.00848418, 0.000314884, 0.0377047
0.507989, -0.0285411, 0.0347658
0.53791, -0.00335626, 0.0356695
0.507475, 0.0263066, 0.0364635
0.498039, -0.00388824, 0.0352321
stamp: 7979000000
0.00843529, 0.000302558, 0.0377212
0.507899, -0.0284911, 0.0346907
0.537985, -0.00331041, 0.0355599
0.507477, 0.0263189, 0.036465
0.498037, -0.00389122, 0.0352272
stamp: 7990000000
0.00847525, 0.000313031, 0.0377054
0.507991, -0.028543, 0.0347693
0.537984, -0.00330984, 0.0355434
0.507476, 0.026316, 0.0364707
0.498044, -0.0038865, 0.0352352
stamp: 7999000000
0.00843814, 0.000285658, 0.0377163
0.507956, -0.0284442, 0.0347601
0.537903, -0.00335608, 0.0356688
0.507474, 0.0263138, 0.0364653
0.498071, -0.003912, 0.0352609
stamp: 8010000000
0.00847997, 0.000314039, 0.0377056
0.507944, -0.0284391, 0.0347758
0.537979, -0.0033099, 0.0355623
0.507471, 0.026315, 0.0364711
0.49804, -0.00389994, 0.0352257
stamp: 8020000000
0.00848374, 0.000319389, 0.0376977
0.507892, -0.0284927, 0.034677
0.537905, -0.00335655, 0.0356594
0.507468, 0.026323, 0.036469
0.498042, -0.00388795, 0.0352267
stamp: 8030000000
0.00842758, 0.000298981, 0.037715
0.507991, -0.0285452, 0.034766
0.53789, -0.00335736, 0.0356871
0.507475, 0.0263141, 0.0364685
0.498036, -0.00388867, 0.0352357
stamp: 8040000000
0.00846997, 0.000310978, 0.0377104
0.50799, -0.0285434, 0.0347732
0.537899, -0.00336273, 0.0356802
0.507473, 0.0263104, 0.0364543
0.498065, -0.00390464, 0.0352531
stamp: 8050000000
0.00848168, 0.000319244, 0.0377167
0.507992, -0.0285414, 0.0347677
0.537898, -0.00335922, 0.0356766
0.507477, 0.0263098, 0.0364727
0.498041, -0.00389182, 0.0352275
stamp: 8060000000
0.00843569, 0.000295558, 0.0377185
0.507989, -0.0285396, 0.0347577
0.537987, -0.00331563, 0.0355585
0.507481, 0.0263099, 0.036467
0.49804, -0.00389628, 0.0352381
stamp: 8070000000
0.00847977, 0.000312696, 0.0377101
0.507991, -0.0285457, 0.0347615
0.537988, -0.00331329, 0.0355401
0.507423, 0.0263271, 0.036512
0.498042, -0.00388333, 0.035246
stamp: 8080000000
0.00848526, 0.000318684, 0.0377125
0.507953, -0.0284482, 0.0347657
0.537981, -0.00331632, 0.0355503
0.507465, 0.0263179, 0.0364784
0.498043, -0.00389077, 0.035243
stamp: 8090000000
0.00843285, 0.000289639, 0.0377129
0.507991, -0.0285353, 0.0347597
0.537899, -0.003355, 0.035662
0.507478, 0.026309, 0.0364629
0.498049, -0.00388908, 0.0352244
stamp: 8099000000
0.00843358, 0.0002923, 0.0377198
0.5079, -0.0285007, 0.0346832
0.537978, -0.00331437, 0.0355597
0.507477, 0.0263094, 0.0364599
0.498042, -0.00388962, 0.0352273
stamp: 8109000000
0.0084375, 0.00029084, 0.0377201
0.507985, -0.0285418, 0.0347687
0.537991, -0.00331347, 0.0355391
0.507422, 0.0263263, 0.0365183
0.498039, -0.00388782, 0.0352278
stamp: 8120000000
0.00847586, 0.000312803, 0.0377111
0.50799, -0.0285396, 0.0347602
0.537907, -0.00336193, 0.035676
0.50746, 0.0263205, 0.0364689
0.498044, -0.00388521, 0.0352287
stamp: 8130000000
0.00844788, 0.000291041, 0.037731
0.507983, -0.0285454, 0.0347621
0.537893, -0.00336688, 0.0356717
0.507479, 0.0263067, 0.0364641
0.49803, -0.00390144, 0.0351991
stamp: 8139000000
0.00843675, 0.00029342, 0.0377304
0.507986, -0.0285361, 0.0347722
0.537904, -0.00336027, 0.0356775
0.507482, 0.0263014, 0.036461
0.498065, -0.00390704, 0.0352522
stamp: 8150000000
0.00847642, 0.000312916, 0.0377053
0.507993, -0.0285388, 0.0347611
0.537979, -0.00331493, 0.035562
0.507474, 0.0263093, 0.0364597
0.498047, -0.00388974, 0.0352292
stamp: 8159000000
0.00843909, 0.00029302, 0.0377147
0.507992, -0.0285414, 0.0347761
0.537983, -0.00331196, 0.035542
0.507475, 0.0263165, 0.036462
0.49804, -0.00389432, 0.0352312
stamp: 8170000000
0.00847548, 0.000317052, 0.0377032
0.507979, -0.0285336, 0.034768
0.5379, -0.00335974, 0.0356675
0.507419, 0.0263254, 0.0365062
0.498047, -0.00388905, 0.035228
stamp: 8180000000
0.00842916, 0.00029061, 0.0377129
0.5079, -0.0284952, 0.0346968
0.537977, -0.00331398, 0.0355671
0.50746, 0.0263203, 0.0364865
0.498024, -0.00389046, 0.0352008
stamp: 8189000000
0.00847869, 0.00031008, 0.0377015
0.50789, -0.0284941, 0.0346853
0.537908, -0.00335736, 0.0356563
0.507428, 0.0263168, 0.0365142
0.498043, -0.00389048, 0.0352359
stamp: 8199000000
0.00847904, 0.000315224, 0.037698
0.507892, -0.0284959, 0.0346894
0.537899, -0.00335598, 0.0356651
0.507463, 0.0263154, 0.0364831
0.49804, -0.00388915, 0.0352368
stamp: 8210000000
0.00848047, 0.00032119, 0.0377057
0.507984, -0.0285357, 0.0347638
0.537898, -0.00335618, 0.0356715
0.507467, 0.0263114, 0.0364636
0.498061, -0.00391127, 0.0352459
stamp: 8220000000
0.00848181, 0.000318341, 0.0377024
0.50799, -0.0285406, 0.0347503
0.537976, -0.00331317, 0.0355559
0.507474, 0.0263106, 0.0364753
0.498052, -0.00389445, 0.0352233
stamp: 8230000000
0.00847314, 0.000315232, 0.0376952
0.507903, -0.0284906, 0.034693
0.537983, -0.00331154, 0.0355421
0.50748, 0.0263094, 0.0364582
0.498035, -0.00389923, 0.0352231
stamp: 8240000000
0.00843219, 0.000284513, 0.0377119
0.507895, -0.0284963, 0.0346849
0.537908, -0.00335719, 0.0356738
0.507479, 0.0263122, 0.0364574
0.498043, -0.0038836, 0.0352212
stamp: 8250000000
0.00847446, 0.00030751, 0.0376962
0.507992, -0.028543, 0.0347634
0.537975, -0.00331421, 0.0355615
0.507479, 0.0263105, 0.0364593
0.498044, -0.00388498, 0.035228
stamp: 8260000000
0.00843665, 0.000281019, 0.0377122
0.507987, -0.0285366, 0.034766
0.537991, -0.00331069, 0.0355406
0.507469, 0.0263181, 0.0364594
0.498043, -0.00388464, 0.0352326
stamp: 8270000000
0.00840318, 0.000410757, 0.0376261
0.507903, -0.0284904, 0.0346908
0.537988, -0.00331432, 0.0355538
0.507468, 0.0263073, 0.0364687
0.498041, -0.00388918, 0.0352284
stamp: 8280000000
0.00848317, 0.000322713, 0.0377124
0.507949, -0.0284507, 0.0347684
0.537981, -0.0033085, 0.0355451
0.507469, 0.026308, 0.0364648
0.498041, -0.00388937, 0.0352255
stamp: 8290000000
0.00847886, 0.000308687, 0.0377053
0.507946, -0.0284454, 0.0347626
0.537908, -0.00335919, 0.0356684
0.507475, 0.0263204, 0.0364684
0.498021, -0.00389964, 0.0351847
stamp: 8300000000
0.00847701, 0.000306922, 0.0377051
0.507993, -0.0285414, 0.0347731
0.537984, -0.00330544, 0.0355567
0.507479, 0.02631, 0.0364612
0.49804, -0.00389076, 0.0352191
stamp: 8310000000
0.00843619, 0.000291272, 0.0377212
0.507986, -0.028545, 0.0347628
0.537992, -0.0033069, 0.0355436
0.507476, 0.026313, 0.0364616
0.498039, -0.00388864, 0.0352298
stamp: 8320000000
0.0084295, 0.00029492, 0.037704
0.50799, -0.0285479, 0.034771
0.537907, -0.00335905, 0.0356732
0.507422, 0.0263241, 0.036505
0.498048, -0.0038942, 0.0352357
stamp: 8330000000
0.00847305, 0.000315222, 0.0377021
0.507986, -0.0285403, 0.0347623
0.537979, -0.00331045, 0.0355662
0.507467, 0.0263151, 0.0364739
0.498043, -0.00388983, 0.0352377
stamp: 8340000000
0.00844275, 0.000288588, 0.0377113
0.507998, -0.0285379, 0.0347607
0.537988, -0.00331273, 0.0355339
0.507478, 0.0263105, 0.0364658
0.498036, -0.00388677, 0.0352367
stamp: 8350000000
0.00847503, 0.000314848, 0.0377069
0.507991, -0.0285332, 0.0347669
0.537989, -0.00331484, 0.0355321
0.507472, 0.0263117, 0.0364635
0.49807, -0.00390726, 0.0352582
stamp: 8360000000
0.00844261, 0.000301472, 0.0377117
0.5079, -0.0285032, 0.0346899
0.537981, -0.00331233, 0.0355456
0.50747, 0.0263101, 0.0364606
0.498036, -0.00389622, 0.0352198
stamp: 8370000000
0.008469, 0.000309423, 0.0377032
0.507996, -0.0285408, 0.0347658
0.537908, -0.00335896, 0.0356778
0.507474, 0.0263159, 0.0364753
0.498044, -0.00389696, 0.0352323
stamp: 8380000000
0.00847458, 0.000313654, 0.0377058
0.507946, -0.0284524, 0.034766
0.537983, -0.00331437, 0.0355596
0.507468, 0.0263053, 0.036468
0.498045, -0.0038957, 0.0352241
stamp: 8390000000
0.00847524, 0.000320041, 0.0376902
0.50795, -0.0284496, 0.0347786
0.537906, -0.00335258, 0.0356747
0.507482, 0.0263061, 0.0364661
0.498045, -0.00389289, 0.0352308
stamp: 8400000000
0.00848118, 0.000317334, 0.0377056
0.507989, -0.0285358, 0.0347717
0.537986, -0.00331143, 0.0355667
0.507475, 0.0263167, 0.0364652
0.498042, -0.00388513, 0.0352267
stamp: 8410000000
0.00847653, 0.000319933, 0.0376998
0.507989, -0.0285424, 0.0347602
0.537913, -0.00335849, 0.0356616
0.507473, 0.026316, 0.0364606
0.49804, -0.00389309, 0.035231
stamp: 8420000000
0.00848087, 0.000322666, 0.037706
0.507985, -0.028539, 0.0347734
0.537898, -0.00335928, 0.03569
0.507477, 0.0263105, 0.036465
0.498041, -0.00389381, 0.0352316
stamp: 8429000000
0.00846558, 0.000312236, 0.0377053
0.507895, -0.0284965, 0.0346955
0.537903, -0.00336071, 0.035685
0.507414, 0.0263226, 0.0365094
0.498024, -0.0038999, 0.0351996
stamp: 8440000000
0.00847785, 0.000320852, 0.0377081
0.507899, -0.0284922, 0.0346905
0.53798, -0.00331018, 0.0355501
0.507461, 0.0263229, 0.036484
0.498045, -0.00389317, 0.0352346
stamp: 8450000000
0.00848045, 0.000315637, 0.0377005
0.507984, -0.0285413, 0.0347587
0.537914, -0.0033599, 0.0356689
0.507476, 0.0263127, 0.0364658
0.498041, -0.00389255, 0.0352332
stamp: 8460000000
0.00848456, 0.000315658, 0.0376975
0.507871, -0.0284187, 0.034696
0.537984, -0.00330965, 0.0355603
0.507482, 0.0263098, 0.036461
0.498045, -0.00389284, 0.0352252
stamp: 8470000000
0.00843739, 0.000295777, 0.0377265
0.507988, -0.0285263, 0.0347543
0.537992, -0.0033119, 0.0355478
0.507477, 0.0263193, 0.0364731
0.498041, -0.00389124, 0.0352311
stamp: 8480000000
0.00842678, 0.000294447, 0.0377102
0.507993, -0.0285375, 0.0347631
0.537986, -0.00331148, 0.0355403
0.507481, 0.0263104, 0.0364652
0.498038, -0.00388783, 0.0352214
stamp: 8490000000
0.00847671, 0.000310235, 0.0377041
0.507992, -0.0285413, 0.0347626
0.537909, -0.0033581, 0.0356714
0.50748, 0.0263074, 0.0364602
0.498044, -0.00389413, 0.0352405
stamp: 8500000000
0.00848391, 0.000317287, 0.0377057
0.507985, -0.0285371, 0.034757
0.537983, -0.00331106, 0.0355551
0.507476, 0.0263076, 0.0364593
0.49804, -0.0038857, 0.0352219
stamp: 8509000000
0.00848555, 0.000322133, 0.0377021
0.507958, -0.0284448, 0.0347731
0.537912, -0.00335694, 0.035661
0.507476, 0.0263096, 0.0364617
0.498036, -0.00388702, 0.0352274
stamp: 8520000000
0.0084749, 0.000320062, 0.0377022
0.507943, -0.028441, 0.034786
0.537983, -0.00331498, 0.0355625
0.507466, 0.026312, 0.0364662
0.498036, -0.00389161, 0.0352296
stamp: 8530000000
0.00847589, 0.000316308, 0.0377097
0.507992, -0.0285376, 0.0347582
0.537911, -0.00335851, 0.0356699
0.50748, 0.0263101, 0.0364621
0.498038, -0.00388561, 0.0352253
stamp: 8540000000
0.00847656, 0.000316336, 0.0377125
0.507994, -0.0285475, 0.0347707
0.537974, -0.00331703, 0.0355624
0.507471, 0.0263207, 0.0364588
0.49804, -0.00389005, 0.035229
stamp: 8550000000
0.00848371, 0.000320245, 0.0377062
0.507981, -0.028543, 0.0347565
0.537992, -0.00330531, 0.0355408
0.507474, 0.026311, 0.0364692
0.498046, -0.00388804, 0.0352245
stamp: 8560000000
0.00848193, 0.000317031, 0.0377027
0.507983, -0.0285401, 0.0347596
0.537907, -0.00335194, 0.0356695
0.507478, 0.0263146, 0.0364606
0.498054, -0.00389271, 0.0352325
stamp: 8570000000
0.00848158, 0.000312678, 0.037704
0.507957, -0.0284431, 0.0347648
0.537898, -0.00335294, 0.035682
0.507475, 0.0263101, 0.0364634
0.498044, -0.00389271, 0.0352313
stamp: 8580000000
0.00843658, 0.000296116, 0.0377072
0.507986, -0.0285277, 0.0347768
0.537981, -0.00330528, 0.0355539
0.507476, 0.0263152, 0.0364766
0.498036, -0.00388978, 0.0352367
stamp: 8590000000
0.00846633, 0.000318546, 0.0377169
0.507986, -0.0285442, 0.0347624
0.537908, -0.00335099, 0.0356635
0.507472, 0.0263102, 0.0364704
0.498046, -0.00388623, 0.0352236
stamp: 8600000000
0.00847314, 0.000318593, 0.0377019
0.507986, -0.02854, 0.0347589
0.537978, -0.00331873, 0.0355707
0.507472, 0.0263161, 0.0364781
0.498063, -0.00390057, 0.0352574
stamp: 8610000000
0.00843751, 0.000293111, 0.0377122
0.50795, -0.0284476, 0.0347658
0.537909, -0.00335753, 0.0356665
0.507475, 0.026314, 0.0364687
0.498039, -0.00388681, 0.0352382
stamp: 8620000000
0.0084688, 0.000314252, 0.03769
0.507988, -0.0285317, 0.0347689
0.537903, -0.0033536, 0.0356845
0.507479, 0.0263183, 0.0364609
0.498037, -0.00388952, 0.0352246
stamp: 8630000000
0.00847747, 0.000318847, 0.0377016
0.50799, -0.0285536, 0.0347738
0.537983, -0.0033141, 0.0355597
0.507469, 0.0263186, 0.0364724
0.498025, -0.00390506, 0.0351899
stamp: 8639000000
0.00847544, 0.000312249, 0.0377143
0.507993, -0.0285404, 0.0347598
0.537985, -0.00330961, 0.0355425
0.507476, 0.0263114, 0.03647
0.49804, -0.00389469, 0.035228
stamp: 8650000000
0.00847467, 0.000314941, 0.0377088
0.507996, -0.0285435, 0.0347646
0.537989, -0.00331346, 0.0355355
0.507478, 0.0263071, 0.0364694
0.498029, -0.00390112, 0.0351943
stamp: 8660000000
0.00848227, 0.000317884, 0.0377076
0.507909, -0.0284884, 0.0346789
0.537988, -0.00331555, 0.0355436
0.507478, 0.0263141, 0.0364591
0.498044, -0.00388946, 0.0352318
stamp: 8670000000
0.00848361, 0.000312627, 0.0377074
0.507989, -0.0285384, 0.0347723
0.537992, -0.00330734, 0.0355501
0.507474, 0.0263046, 0.0364684
0.498045, -0.00389054, 0.0352355
stamp: 8679000000
0.00843521, 0.000290546, 0.0377188
0.50799, -0.0285419, 0.0347631
0.537991, -0.00330803, 0.035552
0.507469, 0.0263128, 0.0364708
0.49804, -0.00388972, 0.0352313
stamp: 8689000000
0.0084437, 0.000294272, 0.0377124
0.507954, -0.028455, 0.0347687
0.537983, -0.00330912, 0.0355516
0.507476, 0.026319, 0.0364684
0.498042, -0.00389601, 0.0352403
stamp: 8700000000
0.00843564, 0.000293053, 0.0377209
0.507997, -0.0285265, 0.0347805
0.537987, -0.00330652, 0.0355543
0.507478, 0.0263117, 0.0364586
0.498039, -0.00389398, 0.0352216
stamp: 8710000000
0.00847645, 0.000310399, 0.0377178
0.507903, -0.0284855, 0.0346934
0.537988, -0.00331429, 0.0355494
0.507476, 0.0263065, 0.0364796
0.498035, -0.00387943, 0.0352362
stamp: 8720000000
0.00843655, 0.000291052, 0.0377221
0.507991, -0.0285348, 0.0347657
0.537983, -0.00330511, 0.0355489
0.507468, 0.026312, 0.0364692
0.498038, -0.00388253, 0.0352302
stamp: 8730000000
0.00847111, 0.000315129, 0.0377093
0.507991, -0.0285425, 0.0347687
0.537984, -0.00330843, 0.0355454
0.507474, 0.0263184, 0.0364716
0.498039, -0.00389037, 0.0352316
stamp: 8740000000
0.00843838, 0.000299117, 0.037713
0.507904, -0.0284932, 0.0347041
0.537982, -0.00331513, 0.0355511
0.507474, 0.0263191, 0.0364713
0.498042, -0.00388683, 0.0352387
stamp: 8750000000
0.00846942, 0.000317586, 0.0377017
0.507984, -0.028548, 0.0347772
0.537914, -0.00335905, 0.0356806
0.507474, 0.0263116, 0.0364663
0.498042, -0.00389236, 0.0352309
stamp: 8760000000
0.00848597, 0.000308536, 0.0377094
0.507958, -0.0284527, 0.0347634
0.537976, -0.00331457, 0.0355591
0.507476, 0.0263141, 0.0364715
0.498038, -0.0038915, 0.0352279
stamp: 8769000000
0.00847272, 0.000316767, 0.0377076
0.507945, -0.0284472, 0.0347722
0.53791, -0.00335354, 0.0356576
0.507476, 0.0263049, 0.0364639
0.498087, -0.00385307, 0.0351265
stamp: 8779000000
0.00847096, 0.000322389, 0.037702
0.507995, -0.0285357, 0.034762
0.537897, -0.0033633, 0.035684
0.507476, 0.0263083, 0.0364643
0.498049, -0.00388274, 0.0352223
stamp: 8790000000
0.00848744, 0.000304757, 0.0376989
0.507902, -0.028494, 0.0346848
0.537991, -0.00331244, 0.0355535
0.507476, 0.026316, 0.036468
0.49804, -0.003888, 0.0352305
stamp: 8799000000
0.0084405, 0.000288019, 0.0377227
0.507988, -0.0285425, 0.0347662
0.537908, -0.00335093, 0.035666
0.507475, 0.0263105, 0.0364631
0.498036, -0.0038859, 0.0352274
stamp: 8810000000
0.00843334, 0.00028413, 0.0377095
0.507994, -0.028547, 0.0347594
0.537905, -0.00335296, 0.0356832
0.507484, 0.0263146, 0.0364627
0.498048, -0.00389847, 0.0352352
stamp: 8820000000
0.0084775, 0.000314048, 0.0376997
0.507996, -0.0285364, 0.0347644
0.537987, -0.00330352, 0.0355602
0.507478, 0.0263154, 0.0364641
0.49804, -0.00389337, 0.0352244
stamp: 8830000000
0.00847418, 0.000324089, 0.0377077
0.507994, -0.0285409, 0.0347537
0.537914, -0.00334543, 0.0356611
0.507439, 0.0264384, 0.0365676
0.498064, -0.00390193, 0.0352552
stamp: 8840000000
0.00843616, 0.000290443, 0.037711
0.507904, -0.0284987, 0.0346927
0.537977, -0.00331504, 0.0355637
0.507455, 0.0263297, 0.0364754
0.498041, -0.003895, 0.035237
stamp: 8850000000
0.00835732, 0.000361299, 0.03766
0.507987, -0.0285315, 0.0347671
0.537909, -0.00334984, 0.035666
0.507481, 0.026308, 0.036464
0.498044, -0.00388871, 0.0352337
stamp: 8860000000
0.00847059, 0.000320436, 0.0377142
0.507957, -0.0284449, 0.0347676
0.537978, -0.00330798, 0.0355606
0.507474, 0.0263206, 0.0364644
0.498045, -0.00389308, 0.0352321
stamp: 8869000000
0.00847734, 0.000317329, 0.0376961
0.507995, -0.0285342, 0.0347632
0.537914, -0.00335412, 0.0356571
0.507472, 0.0263131, 0.036471
0.498044, -0.00388923, 0.0352262
stamp: 8879000000
0.00843982, 0.000285367, 0.0377217
0.50799, -0.0285347, 0.034757
0.537979, -0.00331359, 0.0355649
0.507473, 0.0263119, 0.0364693
0.498043, -0.00388395, 0.0352323
stamp: 8890000000
0.00847282, 0.000307722, 0.0377018
0.507989, -0.0285356, 0.0347573
0.537986, -0.00330614, 0.0355338
0.507481, 0.0263157, 0.0364725
0.49804, -0.00389237, 0.0352252
stamp: 8899000000
0.00844395, 0.000293347, 0.0377238
0.507992, -0.0285502, 0.0347606
0.537988, -0.00331788, 0.0355406
0.507473, 0.0263186, 0.0364647
0.498045, -0.00389582, 0.0352271
stamp: 8909000000
0.00842801, 0.000289504, 0.0377108
0.507987, -0.0285445, 0.0347628
0.537907, -0.0033593, 0.0356681
0.507473, 0.0263192, 0.0364688
0.498041, -0.00388924, 0.0352285
stamp: 8920000000
0.00847927, 0.000310999, 0.0377059
0.507995, -0.0285405, 0.034767
0.53798, -0.00331665, 0.0355593
0.507478, 0.0263145, 0.0364705
0.498045, -0.00389053, 0.0352265
stamp: 8930000000
0.00847996, 0.000318981, 0.0377044
0.507902, -0.0284923, 0.0346918
0.537905, -0.00335885, 0.0356632
0.507475, 0.0263156, 0.0364677
0.498047, -0.0038886, 0.0352305
stamp: 8939000000
0.00843034, 0.000292467, 0.0377094
0.507998, -0.0285385, 0.0347638
0.537901, -0.00335821, 0.035686
0.507476, 0.0263161, 0.0364666
0.498031, -0.00387598, 0.0352397
stamp: 8950000000
0.00847544, 0.000314537, 0.0377161
0.507987, -0.0285405, 0.034752
0.537902, -0.0033506, 0.035672
0.507473, 0.0263079, 0.0364627
0.498038, -0.0038864, 0.0352325
stamp: 8960000000
0.00847957, 0.000322043, 0.0377123
0.507988, -0.028545, 0.0347656
0.537902, -0.00335868, 0.0356817
0.507475, 0.0263126, 0.0364726
0.498032, -0.00389366, 0.03523
stamp: 8970000000
0.00848118, 0.000326216, 0.0377123
0.507991, -0.028548, 0.0347612
0.537986, -0.00331366, 0.0355615
0.507472, 0.0263078, 0.0364612
0.498043, -0.00389216, 0.0352239
stamp: 8980000000
0.0084337, 0.000290834, 0.0377126
0.50799, -0.0285435, 0.0347617
0.537906, -0.00334945, 0.035661
0.507471, 0.0263085, 0.0364688
0.498037, -0.0038884, 0.0352367
stamp: 8989000000
0.00843921, 0.000295173, 0.0377245
0.507985, -0.0285493, 0.0347662
0.537907, -0.00335456, 0.0356829
0.507477, 0.026317, 0.0364651
0.498042, -0.00389094, 0.0352296
stamp: 9000000000
0.00848142, 0.000315812, 0.0377101
0.50799, -0.0285495, 0.0347656
0.537982, -0.0033115, 0.0355528
0.507474, 0.0263103, 0.0364655
0.498048, -0.00389327, 0.035236
stamp: 9010000000
0.0084802, 0.000318387, 0.0377014
0.507986, -0.0285433, 0.0347584
0.537907, -0.00336604, 0.0356563
0.507475, 0.0263126, 0.0364658
0.498043, -0.00388841, 0.0352256
stamp: 9020000000
0.00847866, 0.000322449, 0.0377035
0.507997, -0.0285401, 0.0347718
0.537983, -0.00330385, 0.0355507
0.507471, 0.0263086, 0.0364614
0.498013, -0.00390125, 0.0351916
stamp: 9029000000
0.00847494, 0.0003123, 0.0376965
0.507897, -0.0284982, 0.0346882
0.53791, -0.00335008, 0.0356591
0.507476, 0.0263077, 0.0364578
0.498049, -0.00389521, 0.0352274
stamp: 9040000000
0.00843756, 0.000300223, 0.0377079
0.507981, -0.028538, 0.0347602
0.537982, -0.00330484, 0.0355585
0.50748, 0.0263018, 0.0364568
0.498034, -0.00389276, 0.0352305
stamp: 9049000000
0.00843174, 0.000285613, 0.0377082
0.507903, -0.0284951, 0.0346969
0.53799, -0.00331021, 0.0355374
0.507476, 0.0263143, 0.0364659
0.498041, -0.00388585, 0.0352277
stamp: 9060000000
0.00843442, 0.000296006, 0.0377153
0.50799, -0.0285387, 0.0347603
0.537981, -0.00331144, 0.0355494
0.507476, 0.0263258, 0.0364706
0.49804, -0.00388909, 0.0352344
stamp: 9070000000
0.00843139, 0.000289521, 0.0377158
0.507988, -0.0285456, 0.0347657
0.537905, -0.00335866, 0.0356687
0.507477, 0.0263131, 0.0364527
0.498046, -0.00389005, 0.0352326
stamp: 9080000000
0.00847459, 0.000313713, 0.0377048
0.507894, -0.0284902, 0.0346909
0.537988, -0.00331021, 0.0355584
0.507474, 0.0263115, 0.0364681
0.498041, -0.00389561, 0.0352384
stamp: 9090000000
0.00847853, 0.000316797, 0.0377097
0.507856, -0.0284169, 0.0346948
0.537983, -0.00330438, 0.0355445
0.507471, 0.0263079, 0.0364552
0.498037, -0.00389417, 0.0352431
stamp: 9100000000
0.00848636, 0.000325403, 0.0377109
0.507988, -0.0285307, 0.034763
0.537984, -0.00331192, 0.0355345
0.50747, 0.0263179, 0.0364635
0.498041, -0.00388649, 0.0352342
stamp: 9110000000
0.00847249, 0.0003169, 0.0377044
0.507987, -0.0285475, 0.0347664
0.537901, -0.00335949, 0.0356667
0.507473, 0.02631, 0.0364627
0.498044, -0.00388995, 0.0352262
stamp: 9120000000
0.00848293, 0.000318618, 0.0377082
0.507984, -0.0285361, 0.0347673
0.537901, -0.00336213, 0.0356752
0.507471, 0.0263176, 0.0364568
0.498039, -0.00388949, 0.0352356
stamp: 9130000000
0.00847976, 0.000318798, 0.0376935
0.5079, -0.0284947, 0.034687
0.537978, -0.0033128, 0.0355523
0.507475, 0.0263037, 0.0364638
0.498046, -0.00388809, 0.0352353
stamp: 9140000000
0.0084779, 0.000315513, 0.0377106
0.50799, -0.028531, 0.0347629
0.537988, -0.00331411, 0.035534
0.507481, 0.0263091, 0.0364527
0.498036, -0.00389503, 0.0352312
stamp: 9149000000
0.00843805, 0.000295211, 0.0377122
0.507949, -0.0284496, 0.0347657
0.537983, -0.00330671, 0.0355412
0.507471, 0.026309, 0.0364631
0.498037, -0.00388375, 0.035234
stamp: 9160000000
0.00842987, 0.000294675, 0.037705
0.507995, -0.028531, 0.034769
0.537983, -0.00331162, 0.0355428
0.507478, 0.0263135, 0.0364652
0.498038, -0.00388845, 0.0352274
stamp: 9170000000
0.00843084, 0.000295447, 0.0377187
0.507988, -0.0285412, 0.0347732
0.537992, -0.00330999, 0.0355495
0.507472, 0.0263103, 0.0364507
0.498041, -0.00389377, 0.035227
stamp: 9179000000
0.00844471, 0.000298616, 0.0377168
0.507989, -0.0285362, 0.0347632
0.537904, -0.00335768, 0.0356621
0.507468, 0.0263038, 0.0364642
0.498036, -0.00389213, 0.0352294
stamp: 9190000000
0.00843596, 0.000284034, 0.0377076
0.507903, -0.0284978, 0.0346807
0.5379, -0.0033558, 0.0356825
0.50747, 0.0263134, 0.0364696
0.498044, -0.00388957, 0.0352338
stamp: 9200000000
0.00847182, 0.000311211, 0.0377072
0.507901, -0.028499, 0.03468
0.537981, -0.00331338, 0.0355531
0.507476, 0.0263163, 0.0364624
0.498039, -0.00388996, 0.0352333
stamp: 9209000000
0.00848195, 0.000307963, 0.0377015
0.507992, -0.0285299, 0.034768
0.537987, -0.00330448, 0.0355304
0.507478, 0.0263092, 0.0364686
0.498038, -0.00388596, 0.0352332
stamp: 9220000000
0.00847619, 0.000316712, 0.0377018
0.507989, -0.0285464, 0.0347624
0.537981, -0.00331714, 0.0355399
0.507472, 0.0263197, 0.0364654
0.498045, -0.00389245, 0.0352357
stamp: 9230000000
0.0084834, 0.000322027, 0.0376982
0.507946, -0.0284489, 0.0347638
0.537906, -0.00335506, 0.0356679
0.507474, 0.0263177, 0.0364668
0.498044, -0.00389739, 0.035224
stamp: 9240000000
0.00848866, 0.000315715, 0.0377112
0.507989, -0.0285411, 0.0347597
0.537984, -0.00331344, 0.0355558
0.507476, 0.026307, 0.0364637
0.498045, -0.00388346, 0.035229
stamp: 9250000000
0.00847728, 0.000306872, 0.0377073
0.507903, -0.0285009, 0.0346833
0.537986, -0.00331454, 0.0355395
0.507478, 0.0263061, 0.0364643
0.498046, -0.00389269, 0.0352284
stamp: 9260000000
0.00847498, 0.000315672, 0.0377132
0.507945, -0.0284517, 0.034764
0.53791, -0.00335489, 0.0356649
0.507479, 0.026315, 0.036463
0.498036, -0.00389687, 0.0352312
stamp: 9270000000
0.00847291, 0.000318604, 0.037697
0.507989, -0.0285322, 0.0347537
0.53798, -0.00330697, 0.0355596
0.507473, 0.0263079, 0.0364644
0.498039, -0.00389946, 0.0352337
stamp: 9279000000
0.00847693, 0.000325592, 0.037701
0.507991, -0.0285429, 0.0347586
0.537987, -0.00331805, 0.0355401
0.507474, 0.0263072, 0.0364629
0.498079, -0.00390227, 0.0352646
stamp: 9290000000
0.00843285, 0.00029403, 0.0377194
0.50795, -0.0284554, 0.0347555
0.537906, -0.00334996, 0.035656
0.507474, 0.026312, 0.0364671
0.498032, -0.00389969, 0.0351969
stamp: 9300000000
0.00847446, 0.00031238, 0.0377059
0.507996, -0.0285331, 0.03476
0.537974, -0.0033071, 0.0355658
0.507483, 0.0263053, 0.0364576
0.498037, -0.00389664, 0.0352318
stamp: 9309000000
0.00844094, 0.00029367, 0.0377178
0.507907, -0.0284939, 0.0346815
0.537983, -0.00331018, 0.0355377
0.507475, 0.0263123, 0.0364614
0.498042, -0.00388932, 0.0352337
stamp: 9320000000
0.00847554, 0.00031168, 0.0376999
0.507992, -0.0285349, 0.0347525
0.537988, -0.00331273, 0.0355421
0.507478, 0.0263126, 0.036462
0.498037, -0.00389367, 0.0352348
stamp: 9330000000
0.00847741, 0.000315925, 0.0377074
0.507948, -0.0284482, 0.0347495
0.537986, -0.00331127, 0.0355477
0.507475, 0.0263165, 0.0364629
0.49804, -0.00389018, 0.0352332
stamp: 9340000000
0.00848426, 0.000314615, 0.0376918
0.507993, -0.0285452, 0.0347598
0.537988, -0.00331797, 0.0355417
0.507468, 0.0263159, 0.0364706
0.498036, -0.00388455, 0.0352186
stamp: 9350000000
0.00850006, 0.000322503, 0.0377173
0.507987, -0.0285473, 0.0347649
0.53799, -0.00331139, 0.0355476
0.507468, 0.0263157, 0.0364625
0.498046, -0.00388521, 0.0352172
stamp: 9360000000
0.0084373, 0.00029384, 0.0377107
0.507856, -0.02842, 0.0346918
0.537986, -0.00331184, 0.0355429
0.507478, 0.0263134, 0.0364666
0.498034, -0.00389709, 0.0352231
stamp: 9370000000
0.00843276, 0.00028354, 0.0377196
0.50799, -0.0285295, 0.034774
0.537905, -0.00336247, 0.0356642
0.507474, 0.0263071, 0.0364609
0.498027, -0.0038955, 0.035193
stamp: 9380000000
0.00847373, 0.000314807, 0.0376956
0.507987, -0.0285472, 0.0347666
0.53798, -0.00330982, 0.035561
0.507475, 0.0263145, 0.036462
0.498028, -0.00389839, 0.0351845
stamp: 9390000000
0.00848166, 0.000321123, 0.0377092
0.507993, -0.0285475, 0.0347744
0.537907, -0.00335312, 0.0356602
0.507465, 0.0263133, 0.0364596
0.498045, -0.00389215, 0.0352377
stamp: 9400000000
0.00843804, 0.000295122, 0.0377088
0.507992, -0.028546, 0.0347601
0.537984, -0.00331447, 0.0355611
0.507468, 0.0263109, 0.0364724
0.498044, -0.00388635, 0.0352373
stamp: 9410000000
0.00848124, 0.000308921, 0.0377065
0.50786, -0.0284161, 0.0347009
0.537907, -0.00335714, 0.0356652
0.507417, 0.0263246, 0.0365053
0.498041, -0.00389445, 0.03524
stamp: 9420000000
0.0084476, 0.000290116, 0.0377226
0.507994, -0.0285246, 0.0347739
0.537979, -0.00331328, 0.0355524
0.507469, 0.0263144, 0.0364789
0.498036, -0.00388848, 0.035229
stamp: 9430000000
0.00847726, 0.000312634, 0.0377027
0.507953, -0.028447, 0.0347552
0.537991, -0.0033055, 0.0355356
0.507473, 0.0263052, 0.0364539
0.498043, -0.0038913, 0.0352364
stamp: 9440000000
0.00848478, 0.000328045, 0.0377096
0.507989, -0.028533, 0.0347684
0.537988, -0.00331593, 0.0355534
0.507478, 0.026313, 0.0364614
0.498046, -0.00389027, 0.0352314
stamp: 9450000000
0.00839447, 0.000394551, 0.0376482
0.507991, -0.0285465, 0.0347763
0.537986, -0.00332092, 0.0355519
0.50748, 0.0263085, 0.0364546
0.498036, -0.0038869, 0.0352203
stamp: 9460000000
0.00847356, 0.000316762, 0.0377041
0.507993, -0.0285486, 0.0347646
0.537906, -0.00335975, 0.0356679
0.507449, 0.0264315, 0.03656
0.498036, -0.00388906, 0.0352301
stamp: 9470000000
0.00849057, 0.000310686, 0.0377023
0.507993, -0.0285391, 0.0347795
0.537986, -0.00331374, 0.0355562
0.507456, 0.0263253, 0.0364741
0.498036, -0.00388765, 0.0352292
stamp: 9480000000
0.00847973, 0.000310948, 0.0377063
0.507995, -0.0285464, 0.0347611
0.537985, -0.0033139, 0.0355351
0.507479, 0.0263135, 0.0364603
0.49804, -0.00389504, 0.035227
stamp: 9490000000
0.00848239, 0.000312577, 0.0377163
0.507992, -0.0285475, 0.0347725
0.537985, -0.00331144, 0.0355424
0.507475, 0.0263107, 0.0364751
0.498043, -0.00389712, 0.0352253
stamp: 9500000000
0.00847329, 0.000316281, 0.037705
0.507999, -0.0285367, 0.0347606
0.537906, -0.0033592, 0.0356763
0.507478, 0.0263145, 0.0364626
0.498072, -0.00390512, 0.0352476
stamp: 9510000000
0.00847012, 0.000318048, 0.0376992
0.507999, -0.0285379, 0.0347626
0.537975, -0.00330479, 0.0355663
0.507476, 0.0263106, 0.0364648
0.498046, -0.00388233, 0.0352332
stamp: 9520000000
0.00848416, 0.000316887, 0.0377005
0.507909, -0.02849, 0.0346826
0.53799, -0.00330862, 0.0355435
0.507477, 0.0263147, 0.0364694
0.498035, -0.00388876, 0.0352238
stamp: 9530000000
0.00843977, 0.000290034, 0.0377164
0.507994, -0.0285411, 0.0347619
0.537909, -0.00336631, 0.0356692
0.50748, 0.0263172, 0.0364758
0.49807, -0.00390333, 0.0352646
stamp: 9540000000
0.0084758, 0.000315774, 0.0377012
0.508001, -0.0285435, 0.0347616
0.537983, -0.00331142, 0.0355586
0.507478, 0.0263141, 0.0364594
0.498039, -0.00389009, 0.0352333
stamp: 9550000000
0.00843353, 0.000294589, 0.037706
0.507987, -0.0285286, 0.0347626
0.53799, -0.00331441, 0.0355371
0.507475, 0.0263137, 0.0364735
0.498034, -0.00389002, 0.0352242
stamp: 9560000000
0.00843487, 0.000294807, 0.0377244
0.507991, -0.02854, 0.0347593
0.537898, -0.00335915, 0.0356631
0.507469, 0.0263109, 0.0364702
0.49802, -0.00389374, 0.0351775
stamp: 9570000000
0.00847894, 0.000317466, 0.0377112
0.507946, -0.0284592, 0.0347609
0.537985, -0.00331044, 0.0355649
0.50747, 0.0263152, 0.0364656
0.49804, -0.00390165, 0.0352201
stamp: 9580000000
0.00843455, 0.000297695, 0.0377008
0.507997, -0.0285292, 0.0347584
0.537911, -0.00335817, 0.0356614
0.507479, 0.0263171, 0.0364628
0.498042, -0.003892, 0.0352267
stamp: 9590000000
0.00847988, 0.000306066, 0.0377054
0.5079, -0.0284924, 0.0346927
0.537987, -0.00331402, 0.0355658
0.507474, 0.0263157, 0.03647
0.498019, -0.00390003, 0.0351916
stamp: 9600000000
0.00848766, 0.00031482, 0.037715
0.507999, -0.0285391, 0.0347631
0.537907, -0.0033558, 0.0356675
0.507472, 0.0263088, 0.0364747
0.498038, -0.0038878, 0.0352378
stamp: 9610000000
0.00848484, 0.000319581, 0.0377088
0.507996, -0.0285467, 0.0347715
0.537983, -0.00330914, 0.0355676
0.507483, 0.0263168, 0.0364657
0.49804, -0.00388434, 0.0352256
stamp: 9620000000
0.00848325, 0.000314076, 0.0377018
0.507998, -0.028538, 0.034762
0.537986, -0.00331002, 0.0355439
0.507474, 0.0263105, 0.0364595
0.498045, -0.00388872, 0.0352343
stamp: 9630000000
0.00844068, 0.000295117, 0.037721
0.507993, -0.0285442, 0.0347744
0.53791, -0.00336099, 0.0356684
0.507476, 0.0263124, 0.0364744
0.498039, -0.00389559, 0.0352221
stamp: 9640000000
0.00843594, 0.000293873, 0.0377082
0.507995, -0.02855, 0.0347557
0.537984, -0.00331758, 0.0355702
0.50748, 0.0263145, 0.03647
0.498044, -0.00388217, 0.0352209
stamp: 9650000000
0.00843592, 0.000288226, 0.0377071
0.507907, -0.0284965, 0.0346877
0.53791, -0.00336085, 0.0356673
0.507477, 0.0263122, 0.0364656
0.498043, -0.00388708, 0.0352304
stamp: 9660000000
0.0084374, 0.000285797, 0.0377082
0.507997, -0.0285466, 0.0347682
0.537989, -0.0033155, 0.0355531
0.507481, 0.0263042, 0.0364517
0.498045, -0.00389101, 0.0352387
stamp: 9670000000
0.00847882, 0.000316253, 0.0376902
0.508003, -0.0285395, 0.0347753
0.537984, -0.00331072, 0.0355425
0.507484, 0.0263061, 0.0364647
0.498046, -0.00389043, 0.0352258
stamp: 9680000000
0.00843189, 0.000296017, 0.037707
0.507958, -0.0284435, 0.0347551
0.537985, -0.00330337, 0.0355444
0.507475, 0.0263112, 0.0364586
0.498045, -0.00389055, 0.0352298
stamp: 9690000000
0.00847518, 0.000313336, 0.0376977
0.507998, -0.0285267, 0.0347658
0.537985, -0.00331958, 0.035553
0.50748, 0.0263157, 0.036475
0.498045, -0.0038883, 0.0352285
stamp: 9700000000
0.00847871, 0.000311239, 0.0376983
0.507901, -0.0285073, 0.0346902
0.53799, -0.0033121, 0.0355416
0.507476, 0.0263155, 0.03646
0.498038, -0.00388442, 0.035241
stamp: 9710000000
0.00848173, 0.000313329, 0.0376968
0.507993, -0.0285423, 0.034765
0.53791, -0.00335864, 0.0356707
0.507476, 0.0263162, 0.0364678
0.498044, -0.00388538, 0.0352292
stamp: 9720000000
0.00844899, 0.000297476, 0.0377197
0.507991, -0.0285466, 0.0347808
0.53798, -0.00330446, 0.035549
0.507474, 0.0263111, 0.0364564
0.498037, -0.00389272, 0.0352298
stamp: 9730000000
0.00847344, 0.000312536, 0.0377041
0.507996, -0.0285456, 0.0347753
0.537914, -0.00335133, 0.0356632
0.50748, 0.0263133, 0.0364614
0.498038, -0.00388691, 0.0352253
stamp: 9740000000
0.00848473, 0.000314937, 0.0377067
0.507998, -0.0285341, 0.03475
0.537974, -0.00331191, 0.0355609
0.507427, 0.0263226, 0.0365105
0.49805, -0.00389464, 0.0352222
stamp: 9750000000
0.0084408, 0.000289983, 0.0377198
0.50799, -0.0285392, 0.0347552
0.537997, -0.00331005, 0.035535
0.507468, 0.026318, 0.0364757
0.498043, -0.00389138, 0.0352229
stamp: 9760000000
0.00847425, 0.000304289, 0.0376906
0.507993, -0.0285482, 0.0347737
0.537987, -0.00331289, 0.0355381
0.507473, 0.0263164, 0.0364504
0.498041, -0.00388209, 0.0352264
stamp: 9770000000
0.00847712, 0.000322391, 0.0376956
0.507867, -0.028418, 0.0346986
0.537987, -0.00331004, 0.0355408
0.507475, 0.0263004, 0.036461
0.498044, -0.00389065, 0.0352368
stamp: 9779000000
0.00847494, 0.000311432, 0.0376926
0.507893, -0.0284849, 0.0346757
0.537908, -0.0033608, 0.0356665
0.507477, 0.0263106, 0.0364669
0.498065, -0.00390404, 0.0352524
stamp: 9790000000
0.00848097, 0.000313116, 0.0377053
0.507903, -0.0284986, 0.0346893
0.53798, -0.00331244, 0.0355485
0.507474, 0.0263118, 0.0364658
0.498027, -0.00389713, 0.0351931
stamp: 9800000000
0.00847653, 0.000316856, 0.0377056
0.507899, -0.0285047, 0.0346848
0.537988, -0.00331592, 0.0355418
0.507477, 0.0263175, 0.0364754
0.498046, -0.00389059, 0.0352229
stamp: 9810000000
0.00848183, 0.00030568, 0.0376978
0.508001, -0.0285436, 0.0347637
0.537987, -0.00331728, 0.0355419
0.507476, 0.0263094, 0.0364686
0.498046, -0.00388675, 0.035223
stamp: 9820000000
0.0084821, 0.000307824, 0.037695
0.507989, -0.028548, 0.0347738
0.537906, -0.00335031, 0.0356707
0.50748, 0.0263173, 0.0364724
0.498038, -0.00388585, 0.0352315
stamp: 9830000000
0.00844457, 0.000293501, 0.0377205
0.507986, -0.0285469, 0.0347669
0.537977, -0.00331282, 0.0355562
0.507484, 0.0263089, 0.0364639
0.498035, -0.00388707, 0.0352312
stamp: 9840000000
0.0084801, 0.000314529, 0.0377039
0.507994, -0.0285485, 0.0347569
0.537914, -0.00335829, 0.0356649
0.507477, 0.0263105, 0.0364631
0.498042, -0.00388774, 0.0352247
stamp: 9850000000
0.00847898, 0.000314548, 0.0376961
0.507992, -0.0285506, 0.0347653
0.537983, -0.00331091, 0.035559
0.507479, 0.0263045, 0.0364606
0.498038, -0.00389823, 0.0352336
stamp: 9860000000
0.00847677, 0.00031697, 0.0377066
0.507993, -0.0285481, 0.0347735
0.537905, -0.00335542, 0.0356634
0.507481, 0.0263149, 0.0364531
0.498038, -0.00389206, 0.0352279
stamp: 9870000000
0.00847498, 0.000311451, 0.0376968
0.508001, -0.0285406, 0.0347724
0.5379, -0.00335784, 0.0356796
0.507478, 0.0263137, 0.0364619
0.498047, -0.00389246, 0.035235
stamp: 9880000000
0.00847735, 0.000312623, 0.0377088
0.507994, -0.0285407, 0.0347611
0.537899, -0.00336281, 0.0356734
0.507474, 0.0263076, 0.0364661
0.498071, -0.00390766, 0.0352616
stamp: 9890000000
0.00848188, 0.000312003, 0.0377032
0.507962, -0.0284517, 0.0347592
0.537906, -0.00336395, 0.0356779
0.50748, 0.0263121, 0.0364606
0.498045, -0.00389221, 0.0352373
stamp: 9900000000
0.00848045, 0.000315769, 0.037705
0.507998, -0.0285335, 0.0347587
0.537983, -0.00330759, 0.0355507
0.507473, 0.026314, 0.0364647
0.498042, -0.00388931, 0.0352277
stamp: 9910000000
0.00847878, 0.00031252, 0.0376977
0.507991, -0.028537, 0.0347598
0.537981, -0.00330506, 0.0355322
0.507476, 0.0263113, 0.0364641
0.498045, -0.00389023, 0.0352315
stamp: 9920000000
0.00847608, 0.000305427, 0.0376925
0.507986, -0.0285418, 0.0347611
0.537906, -0.00336734, 0.035657
0.507477, 0.0263077, 0.0364552
0.498049, -0.00389877, 0.0352237
stamp: 9930000000
0.00848077, 0.000312418, 0.0377111
0.507898, -0.0284903, 0.0346855
0.537979, -0.00331582, 0.0355485
0.507474, 0.0263086, 0.0364599
0.498032, -0.00389099, 0.0352253
stamp: 9939000000
0.00848088, 0.000322794, 0.0377031
0.507988, -0.0285388, 0.0347575
0.537909, -0.00335426, 0.0356617
0.507475, 0.0263159, 0.0364589
0.498067, -0.00390559, 0.0352515
stamp: 9949000000
0.00848235, 0.000319565, 0.037699
0.50799, -0.0285443, 0.0347706
0.537902, -0.00335924, 0.0356823
0.507472, 0.02632, 0.036474
0.498044, -0.0038929, 0.0352261
stamp: 9960000000
0.00847844, 0.00032091, 0.0377105
0.507995, -0.0285368, 0.034764
0.537981, -0.00331513, 0.0355494
0.507472, 0.0263109, 0.0364569
0.498048, -0.00389045, 0.0352288
stamp: 9970000000
0.00848295, 0.000318181, 0.0377105
0.507997, -0.0285485, 0.034763
0.537908, -0.00336508, 0.035655
0.507482, 0.0263156, 0.0364678
0.498039, -0.00389257, 0.0352281
stamp: 9979000000
0.00843486, 0.000287528, 0.0377053
0.507993, -0.028538, 0.0347534
0.537899, -0.00335622, 0.0356758
0.507474, 0.0263105, 0.0364643
0.498041, -0.00389254, 0.0352246
stamp: 9990000000
0.00842787, 0.000296516, 0.0377031
0.507985, -0.0285475, 0.0347651
0.53798, -0.00330811, 0.0355504
0.50747, 0.0263147, 0.0364613
0.498029, -0.00389339, 0.0352218
stamp: 10000000000
0.00848037, 0.000316489, 0.0377101
0.507991, -0.0285393, 0.0347578
0.537989, -0.00330768, 0.0355398
0.507475, 0.0263178, 0.0364696
0.498045, -0.00387619, 0.0352233
stamp: 10009000000
0.00848439, 0.000319579, 0.0376962
0.507989, -0.0285438, 0.0347482
0.53799, -0.00331643, 0.0355471
0.507418, 0.0263232, 0.0365101
0.498041, -0.00388466, 0.0352333
stamp: 10020000000
0.00843199, 0.00028589, 0.0377083
0.507996, -0.0285421, 0.0347612
0.537908, -0.00336098, 0.0356682
0.507465, 0.026317, 0.0364783
0.49804, -0.00389003, 0.0352317
stamp: 10030000000
0.00847465, 0.000311504, 0.0377059
0.507996, -0.0285419, 0.0347578
0.537984, -0.00331617, 0.0355593
0.50747, 0.0263123, 0.0364635
0.49807, -0.00390607, 0.0352465
stamp: 10040000000
0.0084374, 0.000286431, 0.0377062
0.50799, -0.0285443, 0.0347679
0.537985, -0.00331571, 0.0355453
0.507472, 0.0263126, 0.0364508
0.498051, -0.00388914, 0.035231
stamp: 10050000000
0.00839177, 0.000378677, 0.0376473
0.507992, -0.0285376, 0.0347692
0.537907, -0.00335067, 0.0356728
0.507476, 0.0263138, 0.0364523
0.498043, -0.00389003, 0.0352295
stamp: 10059000000
0.00843249, 0.000292726, 0.0377185
0.507995, -0.0285343, 0.0347607
0.537981, -0.00331437, 0.0355637
0.507475, 0.0263093, 0.0364644
0.498067, -0.00389862, 0.0352455
stamp: 10070000000
0.00848185, 0.000306359, 0.0377034
0.507993, -0.0285386, 0.0347643
0.53791, -0.0033566, 0.0356727
0.507476, 0.0263206, 0.0364562
0.498044, -0.00389035, 0.0352347
stamp: 10079000000
0.00848056, 0.000318349, 0.0376966
0.507995, -0.0285428, 0.0347628
0.537988, -0.00331306, 0.0355551
0.507476, 0.0263089, 0.0364615
0.498043, -0.00390289, 0.0352241
stamp: 10090000000
0.0084862, 0.000318555, 0.0377014
0.507956, -0.0284539, 0.0347738
0.537991, -0.00330485, 0.0355391
0.507482, 0.0263074, 0.0364673
0.498053, -0.00389196, 0.035223
stamp: 10100000000
0.00848403, 0.000320815, 0.0377109
0.507989, -0.0285367, 0.0347722
0.537907, -0.00335426, 0.0356673
0.507473, 0.0263125, 0.0364691
0.498044, -0.00388869, 0.0352244
stamp: 10110000000
0.00847352, 0.000323725, 0.0377061
0.507961, -0.0284457, 0.034762
0.537984, -0.00331118, 0.035563
0.507476, 0.0263193, 0.0364641
0.498062, -0.00390272, 0.035261
stamp: 10120000000
0.00848107, 0.000312569, 0.0376985
0.507897, -0.0284859, 0.0346725
0.537984, -0.00330844, 0.0355301
0.50748, 0.0263126, 0.0364686
0.498041, -0.0038883, 0.0352282
stamp: 10130000000
0.00847959, 0.000317979, 0.0376976
0.5079, -0.0284912, 0.0346878
0.537902, -0.0033602, 0.0356601
0.507475, 0.026312, 0.0364663
0.498046, -0.00389117, 0.0352254
stamp: 10139000000
0.00835795, 0.000364743, 0.0376483
0.508001, -0.0285471, 0.034766
0.537982, -0.00331132, 0.0355562
0.507473, 0.0263085, 0.0364679
0.498039, -0.00388763, 0.0352319
stamp: 10150000000
0.00847428, 0.000323382, 0.0377101
0.507956, -0.0284569, 0.0347626
0.53799, -0.00330964, 0.0355419
0.507421, 0.0263247, 0.0365215
0.498042, -0.00388621, 0.0352258
stamp: 10160000000
0.0084329, 0.000288247, 0.0377081
0.507986, -0.0285277, 0.0347696
0.537987, -0.00331445, 0.035545
0.507468, 0.0263161, 0.0364672
0.498042, -0.0038905, 0.0352307
stamp: 10170000000
0.00847972, 0.00031455, 0.0376956
0.507947, -0.028451, 0.0347614
0.537993, -0.00331089, 0.0355453
0.507484, 0.026313, 0.0364574
0.498027, -0.00389857, 0.035187
stamp: 10180000000
0.00847409, 0.000312315, 0.0377012
0.507888, -0.0284985, 0.0346858
0.537989, -0.00330564, 0.0355435
0.507485, 0.0263162, 0.036465
0.49805, -0.00389329, 0.0352268
stamp: 10189000000
0.00848193, 0.000315994, 0.0377044
0.507992, -0.0285412, 0.0347606
0.537987, -0.00330465, 0.0355416
0.507475, 0.0263107, 0.0364726
0.498044, -0.00388845, 0.035226
stamp: 10200000000
0.00843459, 0.000295574, 0.0377154
0.50799, -0.0285464, 0.0347575
0.537982, -0.00331454, 0.0355572
0.507476, 0.0263101, 0.0364665
0.498044, -0.00388962, 0.0352184
stamp: 10210000000
0.00847421, 0.000316273, 0.0377059
0.507904, -0.0284988, 0.0346845
0.537981, -0.00331667, 0.0355394
0.507476, 0.0263139, 0.0364612
0.498041, -0.00389276, 0.0352268
stamp: 10220000000
0.00843217, 0.000294809, 0.0377134
0.507994, -0.0285449, 0.03476
0.537997, -0.00331161, 0.0355465
0.507466, 0.0263101, 0.0364619
0.49804, -0.00389209, 0.0352347
stamp: 10230000000
0.00848432, 0.000319407, 0.0377003
0.507988, -0.028543, 0.0347649
0.537907, -0.00335683, 0.0356591
0.507474, 0.0263129, 0.0364599
0.498042, -0.00389776, 0.0352318
stamp: 10240000000
0.00843699, 0.000288939, 0.0377113
0.507992, -0.0285427, 0.0347676
0.537988, -0.00330858, 0.0355554
0.507474, 0.0263126, 0.0364783
0.498032, -0.00389326, 0.0352283
stamp: 10250000000
0.00847316, 0.000311269, 0.0376952
0.507858, -0.0284196, 0.034695
0.537904, -0.00335619, 0.0356534
0.507473, 0.0263092, 0.036457
0.498039, -0.00389408, 0.0352229
stamp: 10260000000
0.00847927, 0.000322303, 0.0377031
0.507986, -0.0285341, 0.0347584
0.537986, -0.00331793, 0.0355547
0.507474, 0.0263143, 0.0364541
0.498044, -0.00388966, 0.0352343
stamp: 10270000000
0.00848052, 0.000315593, 0.0377017
0.507953, -0.0284577, 0.0347637
0.53791, -0.00335002, 0.0356564
0.507474, 0.0263112, 0.0364678
0.498044, -0.00389253, 0.0352329
stamp: 10280000000
0.00843026, 0.000284949, 0.0377026
0.507998, -0.0285365, 0.034761
0.537897, -0.00335755, 0.0356727
0.507479, 0.0263153, 0.0364556
0.498038, -0.0038926, 0.0352171
stamp: 10290000000
0.00847755, 0.000309162, 0.0376906
0.50799, -0.0285441, 0.0347566
0.537899, -0.00336457, 0.0356761
0.507479, 0.0263135, 0.036461
0.498043, -0.00389427, 0.0352273
stamp: 10300000000
0.00847748, 0.000311287, 0.0376958
0.507992, -0.0285402, 0.0347635
0.537983, -0.00331144, 0.0355551
0.507475, 0.0263181, 0.036466
0.498044, -0.00389111, 0.0352299
stamp: 10310000000
0.00839952, 0.000391633, 0.0376441
0.507955, -0.0284486, 0.0347538
0.537994, -0.00331324, 0.0355458
0.507461, 0.0263112, 0.0364603
0.498044, -0.00389828, 0.0352277
stamp: 10320000000
0.00847867, 0.000319193, 0.0377135
0.507899, -0.0284898, 0.034689
0.537982, -0.0033145, 0.0355345
0.507478, 0.0263094, 0.0364637
0.498045, -0.00389429, 0.0352297
stamp: 10330000000
0.00848282, 0.000313765, 0.0377001
0.507982, -0.0285508, 0.0347689
0.537988, -0.00330403, 0.0355399
0.507484, 0.0263113, 0.0364562
0.498041, -0.00389009, 0.0352318
stamp: 10339000000
0.00847734, 0.000315779, 0.0376928
0.507992, -0.0285375, 0.0347673
0.537986, -0.00331449, 0.0355423
0.507484, 0.0263125, 0.0364745
0.498038, -0.00389676, 0.0352286
stamp: 10349000000
0.00848747, 0.000314873, 0.037706
0.507957, -0.028444, 0.0347609
0.537989, -0.00331427, 0.0355464
0.507485, 0.0263114, 0.0364641
0.498041, -0.00388754, 0.0352248
stamp: 10360000000
0.00847626, 0.000309636, 0.0376949
0.50799, -0.0285338, 0.0347604
0.537989, -0.00330897, 0.0355459
0.507473, 0.0263078, 0.0364558
0.498041, -0.00389234, 0.0352215
stamp: 10370000000
0.00849115, 0.000314116, 0.037706
0.507993, -0.0285375, 0.0347639
0.537906, -0.00335025, 0.0356633
0.507475, 0.0263152, 0.0364601
0.498049, -0.00388551, 0.0352313
stamp: 10379000000
0.00848189, 0.000310039, 0.0377049
0.507991, -0.0285438, 0.0347682
0.537981, -0.00331028, 0.0355622
0.507471, 0.0263078, 0.0364539
0.498039, -0.00388577, 0.0352349
stamp: 10390000000
0.00847566, 0.000318683, 0.037703
0.507993, -0.0285483, 0.0347622
0.537989, -0.00330687, 0.0355395
0.50748, 0.0263137, 0.0364659
0.498046, -0.00388859, 0.0352248
stamp: 10400000000
0.00848181, 0.000320264, 0.0377013
0.507954, -0.0284571, 0.0347644
0.537985, -0.0033168, 0.0355474
0.50748, 0.0263128, 0.0364724
0.49804, -0.0038873, 0.0352259
stamp: 10410000000
0.00848374, 0.000317957, 0.037704
0.50795, -0.0284506, 0.0347726
0.53799, -0.00331132, 0.0355361
0.507475, 0.026315, 0.0364609
0.498042, -0.00389179, 0.0352267
stamp: 10420000000
0.00834867, 0.00036747, 0.0376485
0.507995, -0.0285445, 0.0347691
0.537987, -0.00330922, 0.0355475
0.507473, 0.0263058, 0.036459
0.498056, -0.00388861, 0.0352231
stamp: 10430000000
0.00847445, 0.00032274, 0.0377125
0.507864, -0.0284125, 0.0347003
0.53791, -0.00335687, 0.0356624
0.507481, 0.026314, 0.0364566
0.498042, -0.00389772, 0.035232
stamp: 10440000000
0.00847947, 0.000313801, 0.0377074
0.507989, -0.028534, 0.0347712
0.537902, -0.00336543, 0.0356761
0.507475, 0.0263087, 0.0364531
0.498037, -0.00388848, 0.0352344
stamp: 10450000000
0.00847924, 0.000318443, 0.0377024
0.507996, -0.0285419, 0.0347604
0.537984, -0.00330927, 0.0355434
0.507474, 0.0263114, 0.0364596
0.498045, -0.00389123, 0.0352324
stamp: 10460000000
0.00848163, 0.000307476, 0.0376878
0.507996, -0.0285439, 0.0347613
0.537992, -0.00331094, 0.035533
0.507475, 0.0263038, 0.0364595
0.498055, -0.00388958, 0.0352233
stamp: 10470000000
0.008435, 0.000287649, 0.0377066
0.507951, -0.0284528, 0.034773
0.537916, -0.0033572, 0.0356595
0.50747, 0.0263033, 0.0364637
0.498042, -0.00388675, 0.0352344
stamp: 10480000000
0.00847918, 0.000318201, 0.0377014
0.50799, -0.0285383, 0.0347578
0.537983, -0.00331106, 0.0355726
0.507483, 0.0263067, 0.0364764
0.498047, -0.00389234, 0.0352263
stamp: 10490000000
0.00848736, 0.000323468, 0.0377053
0.507989, -0.0285347, 0.0347401
0.537911, -0.00335304, 0.0356617
0.507473, 0.0263099, 0.0364677
0.498046, -0.0038904, 0.0352291
stamp: 10500000000
0.00843321, 0.000286674, 0.0377025
0.507986, -0.0285369, 0.0347548
0.537985, -0.00330345, 0.0355562
0.507476, 0.0263174, 0.0364746
0.498043, -0.00388561, 0.0352361
stamp: 10509000000
0.00847576, 0.000321395, 0.0377074
0.507901, -0.028501, 0.0346927
0.537987, -0.00330346, 0.0355302
0.507479, 0.0263069, 0.0364674
0.498044, -0.00389178, 0.0352338
stamp: 10520000000
0.00848114, 0.000322609, 0.0377036
0.507945, -0.0284541, 0.0347686
0.537988, -0.00331045, 0.0355573
0.507482, 0.0263088, 0.0364571
0.498043, -0.00389316, 0.0352227
stamp: 10530000000
0.00848837, 0.000318818, 0.0377178
0.507893, -0.0284926, 0.0346955
0.537908, -0.00336306, 0.035654
0.507488, 0.0263164, 0.0364586
0.498047, -0.003892, 0.035239
stamp: 10540000000
0.0084884, 0.000316625, 0.0377081
0.507986, -0.0285411, 0.0347689
0.537985, -0.00331043, 0.0355584
0.507477, 0.0263103, 0.036456
0.498037, -0.00388739, 0.0352429
stamp: 10550000000
0.00848007, 0.000316104, 0.037702
0.507943, -0.028446, 0.0347573
0.537992, -0.00330866, 0.0355389
0.507477, 0.0263116, 0.036468
0.498046, -0.00389036, 0.035219
stamp: 10560000000
0.00847427, 0.000319522, 0.0376974
0.507994, -0.0285342, 0.0347702
0.537983, -0.00331682, 0.0355379
0.507479, 0.0263112, 0.036463
0.498045, -0.00388551, 0.0352263
stamp: 10570000000
0.00848344, 0.000319671, 0.0377114
0.507995, -0.0285469, 0.0347655
0.537985, -0.00330628, 0.0355289
0.507476, 0.0263073, 0.0364607
0.498049, -0.00389437, 0.035222
stamp: 10580000000
0.00848283, 0.000317181, 0.0376974
0.507948, -0.028445, 0.0347696
0.537995, -0.00330252, 0.0355393
0.507474, 0.0263124, 0.036464
0.49808, -0.00390446, 0.035259
stamp: 10590000000
0.00847939, 0.000319217, 0.0377032
0.507998, -0.0285322, 0.0347654
0.537913, -0.00335803, 0.0356636
0.507478, 0.0263172, 0.0364616
0.498024, -0.0038958, 0.0351947
stamp: 10600000000
0.0084836, 0.000315642, 0.0376951
0.507989, -0.0285403, 0.0347631
0.537902, -0.0033566, 0.0356774
0.507477, 0.026312, 0.036465
0.498037, -0.00388248, 0.0352399
stamp: 10609000000
0.00847629, 0.00032183, 0.037702
0.507989, -0.0285427, 0.0347591
0.537987, -0.00330911, 0.0355534
0.507473, 0.0263067, 0.0364641
0.498046, -0.00388974, 0.0352229
stamp: 10620000000
0.0084795, 0.000312199, 0.0376946
0.507989, -0.0285404, 0.0347496
0.537993, -0.00331635, 0.0355439
0.507474, 0.0263065, 0.0364737
0.498043, -0.00389861, 0.0352239
stamp: 10630000000
0.0084903, 0.000327947, 0.0377009
0.50799, -0.0285418, 0.0347458
0.537985, -0.00331108, 0.035541
0.507484, 0.0263081, 0.036459
0.498044, -0.00389019, 0.0352192
stamp: 10640000000
0.00848341, 0.000320272, 0.0376981
0.507993, -0.0285418, 0.0347563
0.537985, -0.00330757, 0.0355377
0.507476, 0.0263113, 0.0364597
0.498032, -0.00388805, 0.0352363
stamp: 10650000000
0.0084842, 0.000320161, 0.0377071
0.50795, -0.0284505, 0.0347552
0.537991, -0.0033156, 0.0355374
0.507475, 0.0263109, 0.0364599
0.498043, -0.0038888, 0.0352327
stamp: 10660000000
0.00848525, 0.000320108, 0.0377098
0.507989, -0.0285332, 0.034761
0.53799, -0.00331061, 0.0355399
0.507476, 0.026312, 0.0364619
0.498044, -0.00388862, 0.0352398
stamp: 10670000000
0.00847577, 0.000322431, 0.0376855
0.507989, -0.0285504, 0.034768
0.537986, -0.00331688, 0.0355456
0.507483, 0.0263138, 0.036465
0.498045, -0.00389026, 0.0352427
stamp: 10680000000
0.0084325, 0.000288894, 0.0377097
0.507995, -0.0285413, 0.0347708
0.537983, -0.00331124, 0.0355279
0.507478, 0.0263122, 0.0364556
0.49805, -0.00389304, 0.0352308
stamp: 10690000000
0.00847044, 0.000324042, 0.0376999
0.507865, -0.0284182, 0.0346943
0.537982, -0.00330521, 0.0355401
0.50748, 0.0263084, 0.036464
0.498051, -0.00389294, 0.0352307
stamp: 10700000000
0.00847424, 0.000322074, 0.0376869
0.507956, -0.0284502, 0.0347626
0.53799, -0.00330774, 0.0355439
0.507474, 0.0263058, 0.0364623
0.498044, -0.00388787, 0.0352408
stamp: 10710000000
0.00848664, 0.000316668, 0.0377083
0.507989, -0.0285447, 0.0347674
0.537993, -0.00330573, 0.0355398
0.507483, 0.0263154, 0.0364666
0.498045, -0.0038904, 0.0352347
stamp: 10720000000
0.00844033, 0.000287233, 0.0377255
0.507993, -0.0285461, 0.0347562
0.537989, -0.00331991, 0.0355428
0.507477, 0.0263147, 0.0364608
0.498041, -0.00389388, 0.0352218
stamp: 10730000000
0.00847385, 0.000314036, 0.0376919
0.507992, -0.0285352, 0.0347628
0.537984, -0.00331571, 0.0355332
0.507477, 0.026309, 0.0364636
0.498041, -0.00388765, 0.0352257
stamp: 10740000000
0.0084745, 0.00031093, 0.0377006
0.507996, -0.0285336, 0.0347552
0.537985, -0.00331164, 0.0355411
0.507472, 0.0263031, 0.0364706
0.498046, -0.00388795, 0.0352311
stamp: 10750000000
0.00847821, 0.000314901, 0.0377096
0.507949, -0.0284561, 0.0347614
0.537987, -0.00330695, 0.0355424
0.507427, 0.0263258, 0.0365082
0.498042, -0.00389759, 0.0352323
stamp: 10760000000
0.00847436, 0.000326618, 0.0377025
0.507993, -0.0285344, 0.0347745
0.5379, -0.00335739, 0.0356607
0.507466, 0.0263238, 0.0364745
0.498067, -0.00390766, 0.0352524
stamp: 10769000000
0.00848556, 0.000313876, 0.0377024
0.507898, -0.028501, 0.034684
0.537977, -0.00330809, 0.0355525
0.507473, 0.026306, 0.0364564
0.49805, -0.00389361, 0.0352177
stamp: 10780000000
0.00847912, 0.00031386, 0.0376926
0.50799, -0.0285324, 0.0347527
0.537989, -0.00331513, 0.0355424
0.507476, 0.0263144, 0.0364458
0.498047, -0.0038856, 0.035241
stamp: 10790000000
0.00849188, 0.000314709, 0.0376933
0.507994, -0.0285401, 0.0347587
0.537988, -0.0033107, 0.0355378
0.507478, 0.0263085, 0.0364615
0.498041, -0.00388706, 0.0352247
stamp: 10799000000
0.00843223, 0.000297323, 0.0377171
0.507992, -0.0285517, 0.0347657
0.537986, -0.0033103, 0.0355328
0.507479, 0.0263119, 0.0364582
0.498037, -0.00389676, 0.0352271
stamp: 10809000000
0.00847898, 0.000319033, 0.0377058
0.507986, -0.0285429, 0.0347501
0.537979, -0.00331052, 0.0355479
0.507484, 0.0263105, 0.0364578
0.498047, -0.00389992, 0.0352178
stamp: 10819000000
0.00848069, 0.000319515, 0.0376985
0.507988, -0.028542, 0.0347537
0.53799, -0.00330407, 0.0355457
0.507478, 0.0263147, 0.0364646
0.498045, -0.00389632, 0.0352228
stamp: 10829000000
0.00849251, 0.000327788, 0.0377132
0.508, -0.0285375, 0.0347611
0.537986, -0.00331647, 0.0355437
0.507477, 0.0263111, 0.0364723
0.498042, -0.00389594, 0.035227
stamp: 10840000000
0.00843662, 0.000294074, 0.0377068
0.507896, -0.0285017, 0.0346771
0.537984, -0.00330738, 0.0355371
0.507475, 0.0263135, 0.0364614
0.498047, -0.00389451, 0.0352323
stamp: 10849000000
0.00842682, 0.00029207, 0.0377089
0.507996, -0.0285483, 0.034764
0.537914, -0.00335593, 0.0356697
0.507474, 0.0263085, 0.0364614
0.498048, -0.00389195, 0.0352374
stamp: 10859000000
0.00847842, 0.000317288, 0.037703
0.507912, -0.0284924, 0.0346757
0.537986, -0.0033149, 0.0355526
0.507484, 0.0263124, 0.0364677
0.49804, -0.0038937, 0.0352279
stamp: 10869000000
0.00848521, 0.000321672, 0.037697
0.507994, -0.0285385, 0.034754
0.537996, -0.00330829, 0.0355403
0.507478, 0.0263097, 0.036451
0.498029, -0.00390295, 0.0351872
stamp: 10879000000
0.00843891, 0.000288183, 0.0377201
0.50799, -0.0285434, 0.0347555
0.537987, -0.00331033, 0.0355384
0.507479, 0.0263082, 0.0364605
0.498039, -0.00388702, 0.035231
stamp: 10889000000
0.00843784, 0.000289646, 0.0377198
0.507951, -0.0284518, 0.0347676
0.537992, -0.00331288, 0.035543
0.507481, 0.0263048, 0.0364643
0.498041, -0.00389132, 0.0352334
stamp: 10900000000
0.00847986, 0.000319589, 0.0376989
0.507998, -0.0285375, 0.0347662
0.537913, -0.00335965, 0.0356709
0.507476, 0.0263078, 0.0364578
0.498038, -0.00389497, 0.0352207
stamp: 10910000000
0.00848026, 0.000317817, 0.0376944
0.507996, -0.0285501, 0.0347615
0.537984, -0.00331569, 0.03556
0.507482, 0.0263111, 0.0364608
0.498049, -0.00389358, 0.0352282
stamp: 10920000000
0.00843261, 0.000294667, 0.0377071
0.507995, -0.0285419, 0.0347584
0.537988, -0.0033142, 0.0355314
0.507473, 0.0263097, 0.0364548
0.498043, -0.0038929, 0.0352283
stamp: 10930000000
0.00843233, 0.000298809, 0.0377153
0.507991, -0.0285389, 0.0347672
0.537988, -0.00330693, 0.0355508
0.507481, 0.026318, 0.036465
0.498039, -0.00389156, 0.0352235
stamp: 10940000000
0.00848531, 0.000313619, 0.0377082
0.507953, -0.0284502, 0.0347547
0.537904, -0.003352, 0.035675
0.507468, 0.0263182, 0.0364629
0.498045, -0.00388352, 0.0352393
stamp: 10950000000
0.00843886, 0.000295969, 0.0377168
0.507987, -0.0285346, 0.0347576
0.53799, -0.00330946, 0.03556
0.507478, 0.0263145, 0.0364693
0.498039, -0.00388484, 0.0352349
stamp: 10960000000
0.0084817, 0.000315335, 0.0376943
0.508, -0.0285424, 0.0347626
0.537993, -0.00330686, 0.0355282
0.507478, 0.0263032, 0.0364584
0.498034, -0.00389097, 0.0352197
stamp: 10970000000
0.00847983, 0.000316465, 0.0376938
0.507902, -0.028499, 0.034688
0.537987, -0.00331552, 0.0355423
0.507469, 0.0263146, 0.0364662
0.498043, -0.00389163, 0.03522
stamp: 10980000000
0.00847933, 0.000307903, 0.0376998
0.507958, -0.0284458, 0.0347562
0.537988, -0.00330538, 0.0355364
0.507473, 0.0263102, 0.0364647
0.498042, -0.00389292, 0.035235
stamp: 10990000000
0.00848167, 0.000317862, 0.0376956
0.507994, -0.0285311, 0.0347649
0.53791, -0.0033543, 0.0356627
0.507475, 0.0263091, 0.0364647
0.498038, -0.00387982, 0.0352197
stamp: 11000000000
0.00848333, 0.000321746, 0.0377044
0.507955, -0.0284408, 0.0347764
0.537986, -0.00330976, 0.0355664
0.507472, 0.0263094, 0.036456
0.498074, -0.00390571, 0.0352499
stamp: 11010000000
0.00843026, 0.000288782, 0.0377149
0.507947, -0.0284478, 0.0347675
0.537991, -0.00331082, 0.0355424
0.507481, 0.0263117, 0.0364656
0.498047, -0.00389659, 0.0352222
stamp: 11020000000
0.00847383, 0.000305089, 0.0377055
0.50799, -0.028534, 0.0347619
0.537986, -0.00330751, 0.0355273
0.507481, 0.0263146, 0.0364622
0.498041, -0.00389235, 0.035228
stamp: 11030000000
0.00847789, 0.000313244, 0.0376931
0.507994, -0.0285491, 0.0347585
0.53799, -0.00331163, 0.0355389
0.507482, 0.0263105, 0.0364582
0.498037, -0.00388156, 0.0352352
stamp: 11040000000
0.00843645, 0.000303383, 0.0377106
0.507909, -0.0284975, 0.0346743
0.537907, -0.00335985, 0.0356593
0.507478, 0.0263098, 0.0364559
0.49804, -0.00388733, 0.0352333
stamp: 11050000000
0.0084865, 0.000311565, 0.0376939
0.508002, -0.0285443, 0.034757
0.537983, -0.00331754, 0.0355578
0.507479, 0.0263074, 0.0364569
0.498043, -0.00389796, 0.0352234
stamp: 11060000000
0.00848067, 0.000321155, 0.0377083
0.507901, -0.028497, 0.0346883
0.53799, -0.00330846, 0.0355368
0.507477, 0.0263088, 0.0364631
0.498043, -0.00389125, 0.0352354
stamp: 11070000000
0.00843463, 0.000289667, 0.0377071
0.507999, -0.0285286, 0.0347692
0.537984, -0.00330483, 0.0355324
0.507434, 0.0263222, 0.0365071
0.498022, -0.00389485, 0.0351881
stamp: 11080000000
0.00847494, 0.000315949, 0.0377015
0.507994, -0.0285464, 0.034768
0.537989, -0.00331281, 0.0355508
0.507466, 0.026324, 0.0364805
0.49804, -0.00389145, 0.0352288
stamp: 11090000000
0.00848341, 0.000323037, 0.037699
0.508003, -0.0285477, 0.0347581
0.537988, -0.0033164, 0.0355379
0.507482, 0.0263227, 0.0364541
0.498043, -0.00389682, 0.0352344
stamp: 11100000000
0.00843645, 0.000295361, 0.0377094
0.507992, -0.0285473, 0.0347687
0.537985, -0.0033117, 0.0355332
0.507484, 0.026311, 0.0364621
0.498039, -0.00389469, 0.0352285
stamp: 11109000000
0.00843385, 0.000290823, 0.0377051
0.507988, -0.0285499, 0.0347554
0.537909, -0.00335722, 0.0356593
0.507483, 0.0263103, 0.0364724
0.498044, -0.00389266, 0.0352299
stamp: 11120000000
0.00848164, 0.000313165, 0.0376956
0.507985, -0.0285528, 0.0347711
0.537903, -0.00336124, 0.0356785
0.50748, 0.026312, 0.0364672
0.498043, -0.00389445, 0.0352314
stamp: 11129000000
0.00848271, 0.000311434, 0.0376915
0.507991, -0.0285394, 0.0347752
0.537981, -0.00330908, 0.0355528
0.507479, 0.0263141, 0.0364666
0.498075, -0.00390158, 0.0352518
stamp: 11139000000
0.00843878, 0.000286935, 0.0377026
0.507994, -0.0285352, 0.0347587
0.537978, -0.00331005, 0.0355343
0.507471, 0.026311, 0.0364551
0.498078, -0.00391373, 0.0352427
stamp: 11150000000
0.00847647, 0.000315204, 0.0376935
0.507985, -0.0285432, 0.0347674
0.537908, -0.00336095, 0.0356649
0.507472, 0.0263135, 0.0364574
0.498043, -0.00389215, 0.0352284
stamp: 11160000000
0.00844017, 0.000299625, 0.0377007
0.507996, -0.0285391, 0.0347605
0.537979, -0.00331486, 0.0355571
0.507468, 0.0263106, 0.0364696
0.498045, -0.00388656, 0.0352264
stamp: 11170000000
0.00847831, 0.000318993, 0.0376951
0.507899, -0.0285045, 0.0346781
0.537991, -0.00330947, 0.0355391
0.507473, 0.0263171, 0.0364557
0.498041, -0.00389389, 0.0352307
stamp: 11180000000
0.00847948, 0.000321958, 0.0376956
0.507992, -0.0285403, 0.0347554
0.537905, -0.00335691, 0.0356689
0.507475, 0.0263105, 0.0364632
0.498021, -0.00390157, 0.0351875
stamp: 11189000000
0.00847797, 0.000315228, 0.0377069
0.507874, -0.0284177, 0.0346983
0.537982, -0.0033148, 0.0355503
0.507481, 0.0263152, 0.0364539
0.498045, -0.00389226, 0.0352303
stamp: 11200000000
0.00848105, 0.000312033, 0.0377037
0.507989, -0.0285327, 0.0347743
0.537911, -0.00335706, 0.0356498
0.507481, 0.0263113, 0.0364697
0.49804, -0.00389119, 0.035225
stamp: 11210000000
0.00847438, 0.000313698, 0.0377092
0.507989, -0.0285473, 0.0347654
0.537985, -0.00330952, 0.0355592
0.507484, 0.0263092, 0.0364668
0.498041, -0.00388551, 0.0352307
stamp: 11220000000
0.00847795, 0.000313863, 0.0376877
0.507903, -0.0284954, 0.0347002
0.537909, -0.0033573, 0.0356611
0.507478, 0.0263071, 0.0364671
0.498041, -0.00389564, 0.0352359
stamp: 11229000000
0.00848159, 0.000320231, 0.0377035
0.507984, -0.02853, 0.0347494
0.537989, -0.00330965, 0.0355536
0.507476, 0.0263091, 0.0364669
0.498048, -0.00389418, 0.0352216
stamp: 11240000000
0.00848678, 0.000321044, 0.037704
0.50799, -0.0285429, 0.0347699
0.537989, -0.00331022, 0.0355415
0.507469, 0.0263095, 0.0364595
0.498043, -0.00388739, 0.0352295
stamp: 11250000000
0.00848402, 0.000317023, 0.0377012
0.507982, -0.0285388, 0.0347686
0.537989, -0.00330552, 0.0355386
0.507468, 0.0263092, 0.0364699
0.498039, -0.00389274, 0.0352338
stamp: 11260000000
0.00848208, 0.000312435, 0.0377145
0.507942, -0.0284527, 0.0347705
0.537985, -0.00331794, 0.0355465
0.507475, 0.0263027, 0.0364642
0.498037, -0.00388518, 0.035232
stamp: 11270000000
0.00848345, 0.000314729, 0.037699
0.50799, -0.0285305, 0.0347569
0.537904, -0.00336302, 0.0356606
0.507481, 0.02631, 0.036467
0.498047, -0.00389819, 0.035221
stamp: 11280000000
0.00847672, 0.000323488, 0.0377028
0.50795, -0.0284549, 0.0347595
0.537902, -0.0033547, 0.0356728
0.507481, 0.0263141, 0.0364613
0.498041, -0.00389325, 0.0352204
stamp: 11290000000
0.00848816, 0.000318372, 0.0377052
0.507991, -0.0285291, 0.0347568
0.537988, -0.00331376, 0.0355547
0.50748, 0.0263117, 0.0364622
0.498038, -0.00389451, 0.0352356
stamp: 11300000000
0.00849097, 0.000314465, 0.0377051
0.50799, -0.0285512, 0.0347609
0.537989, -0.00331452, 0.0355376
0.507485, 0.0263056, 0.0364718
0.498043, -0.00389121, 0.0352308
stamp: 11310000000
0.00848366, 0.000312152, 0.0377032
0.507901, -0.0285016, 0.0346856
0.537989, -0.00331104, 0.0355497
0.507425, 0.0263213, 0.0364935
0.498048, -0.00389951, 0.0352176
stamp: 11320000000
0.00843403, 0.000288904, 0.0377057
0.50795, -0.0284557, 0.0347665
0.537988, -0.00330704, 0.0355453
0.507474, 0.0263208, 0.0364714
0.49804, -0.00389652, 0.0352318
stamp: 11330000000
0.0084708, 0.000323361, 0.0377033
0.507869, -0.0284121, 0.0347029
0.537986, -0.00331057, 0.0355401
0.50748, 0.0263111, 0.0364639
0.498028, -0.00389808, 0.0351986
stamp: 11340000000
0.00848456, 0.000316735, 0.0377036
0.507992, -0.0285338, 0.0347569
0.537986, -0.00331023, 0.0355381
0.507478, 0.0263111, 0.0364674
0.498043, -0.00389565, 0.035226
stamp: 11350000000
0.00848662, 0.000316167, 0.0376971
0.507995, -0.028546, 0.0347612
0.537991, -0.00330883, 0.0355421
0.50747, 0.026308, 0.0364601
0.498044, -0.00389428, 0.0352252
stamp: 11360000000
0.00847751, 0.000316678, 0.0376906
0.507991, -0.0285478, 0.0347552
0.537904, -0.00335726, 0.0356669
0.507477, 0.0263182, 0.0364652
0.498043, -0.00388647, 0.0352201
stamp: 11370000000
0.00847851, 0.000319876, 0.0376995
0.50799, -0.0285372, 0.0347703
0.537984, -0.00331084, 0.0355562
0.50742, 0.0263198, 0.0365061
0.498048, -0.0038885, 0.0352332
stamp: 11380000000
0.0084709, 0.000322854, 0.0377113
0.507991, -0.0285319, 0.0347567
0.537907, -0.00335484, 0.0356641
0.507469, 0.0263164, 0.0364762
0.498045, -0.00389019, 0.0352351
stamp: 11390000000
0.00848126, 0.000318972, 0.0377052
0.507989, -0.0285403, 0.0347623
0.537897, -0.00335806, 0.0356812
0.50747, 0.0263066, 0.0364598
0.498043, -0.00389101, 0.0352383
stamp: 11400000000
0.0084897, 0.000306376, 0.0377057
0.507993, -0.0285384, 0.0347634
0.537984, -0.00331011, 0.0355476
0.507479, 0.0263145, 0.0364718
0.498075, -0.00391037, 0.0352406
stamp: 11410000000
0.00847869, 0.000321859, 0.0377039
0.507954, -0.0284478, 0.0347619
0.537917, -0.00335091, 0.0356572
0.507476, 0.0263059, 0.0364707
0.49804, -0.00390139, 0.0352213
stamp: 11420000000
0.00847997, 0.000317045, 0.0377025
0.507946, -0.0284507, 0.0347622
0.537985, -0.00331329, 0.035551
0.507473, 0.0263148, 0.0364585
0.498039, -0.00388916, 0.0352325
stamp: 11430000000
0.00842677, 0.000289237, 0.0377158
0.507897, -0.02849, 0.0346795
0.537981, -0.00330697, 0.0355365
0.507477, 0.026318, 0.0364673
0.498044, -0.0038892, 0.035225
stamp: 11440000000
0.00847064, 0.000313555, 0.0377011
0.507994, -0.0285342, 0.0347638
0.537989, -0.00330224, 0.0355438
0.507471, 0.0263268, 0.0364706
0.498044, -0.00388563, 0.0352386
stamp: 11450000000
0.00843859, 0.000304107, 0.0377064
0.5079, -0.0285017, 0.0346909
0.53791, -0.00335789, 0.0356741
0.507472, 0.0263112, 0.0364704
0.498041, -0.00388999, 0.0352327
stamp: 11460000000
0.00847332, 0.000315842, 0.0376962
0.507982, -0.0285403, 0.0347534
0.537986, -0.00331696, 0.0355582
0.507475, 0.0263108, 0.0364642
0.498044, -0.00389114, 0.0352291
stamp: 11470000000
0.00843883, 0.000296207, 0.0377009
0.507995, -0.0285483, 0.0347666
0.537995, -0.00331127, 0.0355349
0.507482, 0.0263042, 0.0364595
0.498042, -0.00389481, 0.0352215
stamp: 11480000000
0.00848068, 0.000314695, 0.0377083
0.507993, -0.0285347, 0.0347629
0.537991, -0.00330695, 0.0355367
0.507482, 0.0263119, 0.0364612
0.498045, -0.00388795, 0.0352187
stamp: 11490000000
0.00848147, 0.000317535, 0.0376999
0.507995, -0.0285414, 0.0347689
0.537987, -0.00330235, 0.0355388
0.507482, 0.026315, 0.0364675
0.498045, -0.00389455, 0.0352337
stamp: 11500000000
0.0084841, 0.00031069, 0.0377
0.508, -0.0285353, 0.0347708
0.537908, -0.00335543, 0.0356598
0.507483, 0.026311, 0.0364583
0.498037, -0.00389182, 0.0352265
stamp: 11510000000
0.00848104, 0.000307248, 0.0376918
0.508048, -0.0284981, 0.0346401
0.537984, -0.00322714, 0.0354633
0.507454, 0.0263286, 0.0363594
0.49804, -0.0039193, 0.0352749
stamp: 11520000000
0.00849401, 0.000326051, 0.0376935
0.507958, -0.0284498, 0.0346198
0.537896, -0.00335318, 0.0355941
0.507482, 0.0263075, 0.0364591
0.49803, -0.00388923, 0.0352483
stamp: 11530000000
0.00847689, 0.000322405, 0.0376848
0.507864, -0.0284179, 0.0346873
0.537986, -0.00329605, 0.0355448
0.507479, 0.0263034, 0.0364595
0.498024, -0.00389576, 0.0352308
stamp: 11540000000
0.00848443, 0.000318138, 0.0377054
0.507978, -0.0285748, 0.0347951
0.538023, -0.00323786, 0.0354671
0.507329, 0.0264204, 0.0363806
0.49803, -0.00391078, 0.0352552
stamp: 11550000000
0.00849481, 0.000316018, 0.0377042
0.507948, -0.0285913, 0.0348018
0.538026, -0.0032384, 0.0354675
0.507401, 0.0263338, 0.0363469
0.498018, -0.00390139, 0.0352789
stamp: 11560000000
0.00849626, 0.000308025, 0.0377126
0.507968, -0.0284808, 0.0346003
0.537886, -0.00334336, 0.0356342
0.507477, 0.0262984, 0.0364547
0.498021, -0.00388631, 0.0352415
stamp: 11570000000
0.00844122, 0.000288176, 0.0377002
0.507868, -0.0285249, 0.0346755
0.537969, -0.00326978, 0.0355083
0.507355, 0.0263308, 0.0364044
0.498025, -0.00388719, 0.0352596
stamp: 11580000000
0.00848203, 0.000329444, 0.0377254
0.507917, -0.0285188, 0.0346688
0.537971, -0.00327412, 0.0355163
0.507384, 0.0263332, 0.0363677
0.498024, -0.0038858, 0.0352592
stamp: 11590000000
0.00836661, 0.000353993, 0.0376719
0.50801, -0.0285381, 0.0348681
0.538018, -0.00320258, 0.0355382
0.507452, 0.0263331, 0.0364284
0.498022, -0.00387615, 0.0353068
stamp: 11600000000
0.00843457, 0.000317534, 0.0377414
0.507912, -0.028391, 0.0347505
0.537891, -0.00326443, 0.0357078
0.507407, 0.0264513, 0.0365401
0.498048, -0.00388261, 0.0353278
stamp: 11610000000
0.00835039, 0.00038421, 0.037703
0.507902, -0.0283729, 0.0347899
0.537894, -0.00325359, 0.035755
0.50738, 0.0263755, 0.0365298
0.498058, -0.0038742, 0.0353479
stamp: 11620000000
0.00848318, 0.000384855, 0.0377365
0.507926, -0.0283588, 0.034884
0.537932, -0.00320502, 0.0357577
0.507366, 0.0264929, 0.0366344
0.498079, -0.0038505, 0.0354076
stamp: 11629000000
0.00849313, 0.000485444, 0.0377858
0.507961, -0.0283453, 0.0349116
0.537962, -0.00317988, 0.0358153
0.507247, 0.026523, 0.0365409
0.4981, -0.00382682, 0.0354611
stamp: 11640000000
0.00838914, 0.000476924, 0.0377189
0.508089, -0.0283097, 0.035078
0.538, -0.00311048, 0.0360234
0.507378, 0.0265412, 0.0366594
0.498151, -0.00380881, 0.0355126
stamp: 11650000000
0.00832908, 0.00044181, 0.0377848
0.508156, -0.0282758, 0.035189
0.538039, -0.00295703, 0.0361865
0.507368, 0.0265849, 0.0366662
0.498206, -0.00377856, 0.0356194
stamp: 11660000000
0.00839463, 0.000468395, 0.0378983
0.50822, -0.0282444, 0.0352718
0.538085, -0.00293011, 0.0362908
0.50738, 0.026576, 0.0368368
0.498294, -0.00371209, 0.0355628
stamp: 11670000000
0.00832643, 0.000442664, 0.0378897
0.508287, -0.0281786, 0.0354027
0.538144, -0.0028688, 0.0362931
0.507386, 0.0266382, 0.0368014
0.498341, -0.00367425, 0.0356343
stamp: 11680000000
0.00842604, 0.000563499, 0.037997
0.508356, -0.0281344, 0.0355057
0.538193, -0.00276238, 0.0364212
0.507476, 0.0266868, 0.0367517
0.498414, -0.00367157, 0.0357587
stamp: 11690000000
0.0083032, 0.000678721, 0.0381538
0.508394, -0.0282353, 0.03584
0.538205, -0.00272821, 0.036485
0.50742, 0.0266745, 0.0368856
0.498428, -0.00366795, 0.0358047
stamp: 11699000000
0.00828168, 0.00079454, 0.038345
0.508514, -0.0281603, 0.0360005
0.538242, -0.00269837, 0.0365277
0.507474, 0.0266807, 0.0369248
0.498499, -0.00366276, 0.0358846
stamp: 11710000000
0.00828284, 0.000840103, 0.0384236
0.508733, -0.0283674, 0.0360999
0.538273, -0.00270251, 0.0365716
0.50754, 0.026678, 0.0369112
0.498548, -0.00365516, 0.0359471
stamp: 11720000000
0.00823422, 0.000771331, 0.0384034
0.508774, -0.0283807, 0.0361323
0.538309, -0.00269612, 0.0366048
0.507528, 0.0266774, 0.0369779
0.498581, -0.00368084, 0.03599
stamp: 11730000000
0.00830857, 0.000938712, 0.0387483
0.508808, -0.0283857, 0.0362019
0.538311, -0.00270503, 0.0367007
0.507532, 0.0266473, 0.0371168
0.498625, -0.00368216, 0.0360841
stamp: 11740000000
0.00830868, 0.00103666, 0.0389359
0.508854, -0.028377, 0.036319
0.538374, -0.00269477, 0.03678
0.507557, 0.0266628, 0.0371949
0.49862, -0.00372136, 0.0363373
stamp: 11750000000
0.00839577, 0.000935169, 0.0392043
0.508999, -0.0282837, 0.0362563
0.538443, -0.00269869, 0.0368924
0.507589, 0.0266538, 0.0373013
0.498678, -0.00373408, 0.0364972
stamp: 11760000000
0.0083105, 0.000814198, 0.0397446
0.509053, -0.0282848, 0.0363595
0.538554, -0.00274644, 0.0371074
0.507613, 0.0266419, 0.0374558
0.498744, -0.00375039, 0.0366552
stamp: 11770000000
0.00826341, 0.000827029, 0.0400278
0.5091, -0.0282805, 0.0365494
0.538591, -0.0027474, 0.0372862
0.507658, 0.0265716, 0.0377625
0.498869, -0.00376982, 0.0369314
stamp: 11780000000
0.00831875, 0.000894305, 0.0405353
0.509151, -0.028279, 0.0367167
0.538622, -0.0027225, 0.0375006
0.507664, 0.026517, 0.0382576
0.498931, -0.00379174, 0.0371711
stamp: 11789000000
0.00838455, 0.00101943, 0.0411467
0.509191, -0.0283047, 0.0369016
0.538678, -0.00267777, 0.0378913
0.507767, 0.0265113, 0.0386172
0.498959, -0.00382569, 0.0374774
stamp: 11799000000
0.00835883, 0.00112258, 0.0419549
0.509256, -0.0283823, 0.0372763
0.538727, -0.00274293, 0.038247
0.507855, 0.0264715, 0.038995
0.498995, -0.00382339, 0.0378233
stamp: 11810000000
0.00824844, 0.00115217, 0.0427585
0.509355, -0.028497, 0.0379505
0.538833, -0.00268071, 0.0389025
0.507906, 0.026398, 0.0396378
0.499041, -0.00381343, 0.0383314
stamp: 11820000000
0.00811616, 0.00121878, 0.0439413
0.509344, -0.0285307, 0.0385716
0.538816, -0.00284274, 0.0396223
0.50819, 0.026461, 0.0406588
0.499128, -0.00389217, 0.039105
stamp: 11830000000
0.00802601, 0.00124175, 0.0453481
0.509441, -0.0285063, 0.039452
0.538814, -0.0032143, 0.0406202
0.508316, 0.026357, 0.0413581
0.499258, -0.0039905, 0.0399989
stamp: 11840000000
0.00810804, 0.0012025, 0.0465953
0.509343, -0.0285335, 0.0405864
0.539022, -0.00328655, 0.0415521
0.508501, 0.0263796, 0.0424196
0.499374, -0.00387256, 0.0410348
stamp: 11850000000
0.00805847, 0.0013634, 0.0485246
0.509244, -0.0284593, 0.0414376
0.539169, -0.00310957, 0.0428205
0.508316, 0.0260707, 0.0438202
0.499426, -0.00389516, 0.0421392
stamp: 11859000000
0.00805595, 0.00138151, 0.0504941
0.509469, -0.0286691, 0.0431331
0.539153, -0.003278, 0.0441418
0.508419, 0.0263406, 0.0452871
0.499339, -0.00406574, 0.0437773
stamp: 11870000000
0.00799161, 0.00146371, 0.0524896
0.509529, -0.0287095, 0.0452826
0.539205, -0.00330861, 0.0456154
0.508465, 0.0264845, 0.0465559
0.499426, -0.00405623, 0.0455383
stamp: 11880000000
0.00771746, 0.00133983, 0.0549867
0.509537, -0.0286366, 0.0467973
0.539323, -0.00317734, 0.0475198
0.508715, 0.0263801, 0.0484195
0.499483, -0.00397234, 0.0471587
stamp: 11889000000
0.0076418, 0.0016244, 0.0576023
0.509725, -0.0284863, 0.0492532
0.539276, -0.00308446, 0.0494608
0.508703, 0.0262989, 0.0502702
0.49967, -0.00384193, 0.0495384
stamp: 11900000000
0.00764218, 0.001401, 0.0605134
0.509533, -0.0284746, 0.0512677
0.539522, -0.00316353, 0.0517352
0.508732, 0.0264143, 0.0527631
0.499513, -0.00373072, 0.0517339
stamp: 11910000000
0.00755296, 0.00132315, 0.0637108
0.509501, -0.0282176, 0.0538494
0.539464, -0.00323902, 0.0542316
0.508894, 0.026504, 0.0548379
0.499757, -0.00382339, 0.0543267
stamp: 11920000000
0.00737042, 0.00145821, 0.0668063
0.509773, -0.0286288, 0.0566172
0.539592, -0.00310364, 0.0568593
0.509071, 0.0264998, 0.0578293
0.499654, -0.00380032, 0.0572468
stamp: 11930000000
0.00732281, 0.00149156, 0.0705136
0.509826, -0.0283901, 0.0594933
0.539524, -0.00301299, 0.0598819
0.509031, 0.0266647, 0.0608384
0.499745, -0.00374869, 0.059942
stamp: 11940000000
0.00702513, 0.00158185, 0.0739301
0.510119, -0.0282839, 0.0625223
0.539608, -0.00308352, 0.0629572
0.509122, 0.0266125, 0.0636643
0.499807, -0.00371387, 0.0633453
stamp: 11950000000
0.00693121, 0.00160247, 0.0777627
0.509862, -0.028183, 0.0658545
0.539698, -0.00327158, 0.0663683
0.509378, 0.026579, 0.067219
0.499955, -0.00367803, 0.0667059
stamp: 11960000000
0.00669433, 0.00168155, 0.081897
0.509988, -0.0284796, 0.0694061
0.539941, -0.00311193, 0.0695985
0.509356, 0.0266403, 0.0707036
0.499926, -0.00362633, 0.0700755
stamp: 11970000000
0.0064517, 0.00159979, 0.0859192
0.510148, -0.0281896, 0.0730943
0.539928, -0.00283094, 0.0733052
0.509427, 0.0268586, 0.0745639
0.500087, -0.0034344, 0.0737313
stamp: 11980000000
0.00618341, 0.00156313, 0.0902079
0.51022, -0.0279789, 0.0770624
0.54002, -0.00272961, 0.0770514
0.509665, 0.0268951, 0.0783708
0.500158, -0.00330327, 0.0777472
stamp: 11990000000
0.00600519, 0.00151926, 0.0945864
0.510548, -0.0279433, 0.0810198
0.540086, -0.00262646, 0.0810097
0.509588, 0.0272118, 0.0824644
0.500296, -0.00320228, 0.0817425
stamp: 12000000000
0.00574715, 0.00144186, 0.0991993
0.510442, -0.0278108, 0.085408
0.540285, -0.00241046, 0.0853405
0.509626, 0.0272695, 0.0868078
0.500481, -0.00317315, 0.0859308
stamp: 12010000000
0.00553165, 0.00130238, 0.103796
0.510695, -0.0275608, 0.0897676
0.54043, -0.00218004, 0.0896945
0.509947, 0.027411, 0.0909318
0.500656, -0.00286049, 0.0903446
stamp: 12020000000
0.00528439, 0.00138104, 0.108697
0.511051, -0.0276492, 0.0940429
0.540735, -0.00208845, 0.0941257
0.510182, 0.027319, 0.0957104
0.500783, -0.00272503, 0.0949096
stamp: 12030000000
0.00501043, 0.00123694, 0.113614
0.511114, -0.0273802, 0.0989356
0.540863, -0.0020767, 0.099164
0.510199, 0.0276417, 0.100515
0.501023, -0.00270921, 0.0995793
stamp: 12039000000
0.00475051, 0.00120852, 0.11865
0.511254, -0.0271363, 0.103845
0.54107, -0.00183009, 0.104044
0.510355, 0.0279201, 0.105292
0.501106, -0.00254251, 0.10451
stamp: 12050000000
0.0045673, 0.00120877, 0.124133
0.511488, -0.0271238, 0.108675
0.541295, -0.00178386, 0.109114
0.510801, 0.0279113, 0.110296
0.501313, -0.00231284, 0.109448
stamp: 12060000000
0.00423755, 0.00112761, 0.129321
0.511678, -0.0268581, 0.113872
0.541374, -0.00151942, 0.114216
0.510954, 0.0281312, 0.11544
0.501573, -0.00226476, 0.114701
stamp: 12070000000
0.00403891, 0.000989724, 0.134466
0.512003, -0.0266746, 0.119104
0.541565, -0.00131166, 0.119344
0.511201, 0.0282171, 0.121032
0.501863, -0.0020458, 0.119986
stamp: 12080000000
0.00396988, 0.0010756, 0.139931
0.512186, -0.0262921, 0.1244
0.54229, -0.000917136, 0.124967
0.511323, 0.028551, 0.126416
0.502137, -0.0016474, 0.125287
stamp: 12090000000
0.00354775, 0.00108738, 0.145653
0.512536, -0.0263077, 0.130126
0.542356, -0.00103609, 0.130642
0.511639, 0.0286315, 0.131741
0.502365, -0.00165568, 0.130923
stamp: 12100000000
0.00355796, 0.00102154, 0.151622
0.512875, -0.0262536, 0.135864
0.542548, -0.000615108, 0.136308
0.512174, 0.028767, 0.137661
0.5028, -0.0013969, 0.136731
stamp: 12110000000
0.00321212, 0.000912367, 0.157283
0.51305, -0.0258356, 0.142043
0.542886, -0.000724487, 0.142598
0.512229, 0.029218, 0.143373
0.502948, -0.00135934, 0.142649
stamp: 12120000000
0.00290702, 0.000845317, 0.163194
0.513447, -0.0256503, 0.148103
0.543086, -0.000403816, 0.148487
0.512689, 0.0294297, 0.149551
0.503318, -0.00083911, 0.148935
stamp: 12130000000
0.00252766, 0.000720067, 0.169584
0.513476, -0.0253161, 0.154712
0.543548, 8.20221e-06, 0.155047
0.512905, 0.0296623, 0.155936
0.50347, -0.000764201, 0.155175
stamp: 12140000000
0.00240576, 0.000744413, 0.175728
0.513736, -0.0251613, 0.161076
0.543625, 0.000297285, 0.161439
0.51321, 0.0299599, 0.162478
0.503858, -0.000391603, 0.161728
stamp: 12150000000
0.00225692, 0.000738481, 0.182191
0.514172, -0.0250642, 0.167869
0.54394, 0.000432948, 0.168545
0.513488, 0.0301802, 0.169173
0.504063, -0.000202491, 0.168513
stamp: 12160000000
0.00195427, 0.000694536, 0.188829
0.514612, -0.0247805, 0.174767
0.54436, 0.000728121, 0.175387
0.513757, 0.0303016, 0.176291
0.504382, 0.000111906, 0.175237
stamp: 12170000000
0.00175372, 0.000620533, 0.195718
0.514709, -0.0244251, 0.181668
0.54457, 0.000890805, 0.182452
0.514023, 0.0307016, 0.183564
0.504783, 0.000356573, 0.182602
stamp: 12180000000
0.00152091, 0.000564822, 0.202577
0.515088, -0.0241504, 0.189079
0.544934, 0.00116292, 0.189696
0.514378, 0.0308636, 0.190474
0.504921, 0.000475784, 0.189792
stamp: 12190000000
0.00138131, 0.000603644, 0.209864
0.515315, -0.0241816, 0.196609
0.545265, 0.0013775, 0.197317
0.514806, 0.031169, 0.198189
0.505309, 0.00092412, 0.197264
stamp: 12200000000
0.0011499, 0.000540865, 0.217088
0.515601, -0.0237579, 0.204213
0.545676, 0.00157041, 0.205193
0.51501, 0.0313764, 0.206029
0.505609, 0.000982249, 0.205044
stamp: 12210000000
0.000965109, 0.000587619, 0.224656
0.515799, -0.0233202, 0.212537
0.545995, 0.00182604, 0.212958
0.515411, 0.0316299, 0.213945
0.505962, 0.00132999, 0.213018
stamp: 12220000000
0.000723327, 0.000574627, 0.232479
0.516234, -0.023068, 0.220611
0.546167, 0.00210861, 0.221028
0.515756, 0.0320391, 0.222049
0.506311, 0.00158825, 0.221042
stamp: 12230000000
0.000552804, 0.000540462, 0.240381
0.516667, -0.0229027, 0.228751
0.546555, 0.00225679, 0.229505
0.516253, 0.0321751, 0.230263
0.506687, 0.0018552, 0.229402
stamp: 12240000000
0.00023835, 0.00053251, 0.248437
0.516681, -0.0223517, 0.23743
0.546861, 0.00263702, 0.238037
0.516373, 0.032782, 0.238895
0.506762, 0.00227852, 0.238086
stamp: 12250000000
0.000121196, 0.000591692, 0.256614
0.517221, -0.0221349, 0.246044
0.547082, 0.00304759, 0.246883
0.516582, 0.0327882, 0.247548
0.507232, 0.00262136, 0.246569
stamp: 12260000000
-0.000153438, 0.00051079, 0.26522
0.517398, -0.0217346, 0.255038
0.547186, 0.0032415, 0.255784
0.516844, 0.0331948, 0.256504
0.50736, 0.00286742, 0.255577
stamp: 12270000000
-0.00020819, 0.000700723, 0.274102
0.517713, -0.0215511, 0.263994
0.547766, 0.00362557, 0.264838
0.517369, 0.0336725, 0.2657
0.507695, 0.00342565, 0.264841
stamp: 12280000000
-0.000389855, 0.000746486, 0.282841
0.517937, -0.0213136, 0.273205
0.547907, 0.00403161, 0.274477
0.517555, 0.0339715, 0.274909
0.507959, 0.00355135, 0.274165
stamp: 12290000000
-0.000763027, 0.000631712, 0.291865
0.518102, -0.0208053, 0.282878
0.548027, 0.00422139, 0.28388
0.517607, 0.0342925, 0.284427
0.508204, 0.00404103, 0.283413
stamp: 12299000000
-0.000776174, 0.000640984, 0.301519
0.518384, -0.0206131, 0.29276
0.548431, 0.00463497, 0.293352
0.518082, 0.0346906, 0.294324
0.508478, 0.00434429, 0.293156
stamp: 12310000000
-0.00107557, 0.000517419, 0.310676
0.518632, -0.0201188, 0.302246
0.548618, 0.00492282, 0.303219
0.518321, 0.0350536, 0.303939
0.508705, 0.00450519, 0.303088
stamp: 12320000000
-0.00112623, 0.000791556, 0.320311
0.518945, -0.0197269, 0.312455
0.548922, 0.00517118, 0.313316
0.518771, 0.0351552, 0.314044
0.509023, 0.00498495, 0.312884
stamp: 12330000000
-0.00134744, 0.000695526, 0.330167
0.519139, -0.0194926, 0.322526
0.549113, 0.0055406, 0.323579
0.518876, 0.0357486, 0.324092
0.509252, 0.00527443, 0.323157
stamp: 12340000000
-0.0015452, 0.000819399, 0.340259
0.519388, -0.0191991, 0.332936
0.549476, 0.00616402, 0.333565
0.519183, 0.0359642, 0.334456
0.509386, 0.00566065, 0.333377
stamp: 12350000000
-0.00185679, 0.000947252, 0.350082
0.519513, -0.0186104, 0.34317
0.549638, 0.00619513, 0.344153
0.519206, 0.0362509, 0.344951
0.50963, 0.0060658, 0.343957
stamp: 12360000000
-0.00186552, 0.000602612, 0.360212
0.519843, -0.0184255, 0.353725
0.549995, 0.00664419, 0.354607
0.519581, 0.0365828, 0.355388
0.509872, 0.00640987, 0.354427
stamp: 12370000000
-0.00198054, 0.000877268, 0.370429
0.51999, -0.0179198, 0.364368
0.550166, 0.00695496, 0.365083
0.519692, 0.0369167, 0.366159
0.510051, 0.00674408, 0.364949
stamp: 12380000000
-0.00198688, 0.000934624, 0.380872
0.520114, -0.0176068, 0.375092
0.550269, 0.00770588, 0.37611
0.519887, 0.0373684, 0.376965
0.510214, 0.00713675, 0.375615
stamp: 12390000000
-0.00223575, 0.000892707, 0.391249
0.520397, -0.0173449, 0.385809
0.550173, 0.00796174, 0.386967
0.520038, 0.0376903, 0.387587
0.510491, 0.00750065, 0.386447
stamp: 12400000000
-0.00236318, 0.000930924, 0.401664
0.520561, -0.016878, 0.396494
0.550438, 0.00808104, 0.397699
0.52024, 0.0380534, 0.39855
0.510632, 0.00785228, 0.397246
stamp: 12410000000
-0.00272021, 0.00112736, 0.412359
0.520713, -0.0166346, 0.407479
0.550566, 0.0084883, 0.408603
0.520441, 0.0384677, 0.409525
0.510822, 0.00840911, 0.408066
stamp: 12420000000
-0.00254251, 0.00091028, 0.422663
0.520794, -0.0160854, 0.418436
0.550828, 0.00888348, 0.41965
0.520625, 0.0388554, 0.420487
0.510906, 0.00864715, 0.41903
stamp: 12430000000
-0.00275656, 0.000971495, 0.433118
0.520985, -0.0157462, 0.429401
0.550922, 0.00908991, 0.430659
0.520695, 0.0391664, 0.431554
0.511033, 0.00895559, 0.430141
stamp: 12440000000
-0.00267608, 0.00105693, 0.443803
0.521061, -0.0153743, 0.440216
0.550969, 0.00957928, 0.44164
0.520753, 0.0394841, 0.44255
0.511197, 0.0092805, 0.441164
stamp: 12450000000
-0.00277576, 0.000920368, 0.454483
0.521202, -0.0150109, 0.451351
0.551034, 0.00983986, 0.452765
0.520882, 0.0398772, 0.453597
0.511241, 0.0097311, 0.452277
stamp: 12459000000
-0.00296615, 0.00113011, 0.465001
0.521285, -0.014689, 0.462468
0.551166, 0.0104164, 0.463597
0.521, 0.0402405, 0.464602
0.51132, 0.0101007, 0.463139
stamp: 12470000000
-0.00289898, 0.00112573, 0.475622
0.521592, -0.0143549, 0.473406
0.551314, 0.0106304, 0.474529
0.521176, 0.0407009, 0.475586
0.511438, 0.0103734, 0.47408
stamp: 12480000000
-0.00313345, 0.00107064, 0.48616
0.521606, -0.0139772, 0.484168
0.551385, 0.0109289, 0.485676
0.521035, 0.0409637, 0.486878
0.511491, 0.0107478, 0.485158
stamp: 12490000000
-0.002956, 0.00102412, 0.496758
0.521504, -0.0136013, 0.495193
0.551466, 0.0113278, 0.49658
0.521275, 0.0412474, 0.49779
0.511536, 0.0111187, 0.496199
stamp: 12500000000
-0.00305414, 0.00108309, 0.506987
0.521421, -0.0133226, 0.506148
0.551529, 0.0116922, 0.507509
0.521221, 0.0416623, 0.508471
0.51164, 0.0115034, 0.50708
stamp: 12510000000
-0.00296635, 0.000887016, 0.517539
0.521379, -0.0128728, 0.517216
0.551494, 0.012059, 0.518215
0.521344, 0.0418317, 0.519774
0.511652, 0.0118145, 0.517976
stamp: 12520000000
-0.00306988, 0.000940926, 0.527726
0.521427, -0.0126668, 0.528007
0.551594, 0.0122251, 0.529383
0.521311, 0.0423138, 0.530489
0.511683, 0.0120793, 0.528813
stamp: 12530000000
-0.00303549, 0.000846661, 0.538085
0.521539, -0.0123678, 0.53872
0.551536, 0.0125968, 0.540255
0.521449, 0.0428133, 0.541279
0.511756, 0.0124031, 0.539721
stamp: 12540000000
-0.00323428, 0.000762301, 0.548333
0.521515, -0.0121066, 0.549484
0.551541, 0.0127767, 0.550976
0.521295, 0.042791, 0.552067
0.511708, 0.0126316, 0.550425
stamp: 12550000000
-0.00319609, 0.000878367, 0.558719
0.521611, -0.0118988, 0.560126
0.551512, 0.0130127, 0.561666
0.521301, 0.0432588, 0.562724
0.511673, 0.0129721, 0.561245
stamp: 12560000000
-0.00322672, 0.000643501, 0.568887
0.521506, -0.0115656, 0.570801
0.55152, 0.0133902, 0.572154
0.521289, 0.0432867, 0.573381
0.511662, 0.0131992, 0.571798
stamp: 12570000000
-0.00298276, 0.000727247, 0.579087
0.521469, -0.0112956, 0.581538
0.551515, 0.0136459, 0.582754
0.521305, 0.0436468, 0.584227
0.511593, 0.0134804, 0.582375
stamp: 12580000000
-0.00299156, 0.000679269, 0.589145
0.521335, -0.0109877, 0.59187
0.55134, 0.0139104, 0.59326
0.521298, 0.0438674, 0.594792
0.511486, 0.0137059, 0.592848
stamp: 12590000000
-0.00310211, 0.000592711, 0.599187
0.521263, -0.0107285, 0.602358
0.551394, 0.0142858, 0.603803
0.521162, 0.0441561, 0.605246
0.511463, 0.0139959, 0.603356
stamp: 12600000000
-0.00290146, 0.000574414, 0.609301
0.521184, -0.0105631, 0.612905
0.551306, 0.0144397, 0.614209
0.521055, 0.0444458, 0.615621
0.511382, 0.0141843, 0.613895
stamp: 12610000000
-0.00271952, 0.00043833, 0.619228
0.521252, -0.0102856, 0.623327
0.551227, 0.0147421, 0.624742
0.521062, 0.0446748, 0.625963
0.511447, 0.0143877, 0.624256
stamp: 12620000000
-0.00267266, 0.000484827, 0.628971
0.521097, -0.0101609, 0.633668
0.551072, 0.0149021, 0.635105
0.520866, 0.0447461, 0.63645
0.511264, 0.014595, 0.634716
stamp: 12630000000
-0.0027337, 0.000395376, 0.638799
0.521107, -0.0100092, 0.643812
0.550904, 0.0151754, 0.645424
0.520952, 0.045045, 0.646679
0.511221, 0.0147753, 0.644925
stamp: 12640000000
-0.00268482, 0.000357799, 0.648482
0.520937, -0.00982258, 0.653957
0.550907, 0.0153497, 0.655704
0.520612, 0.0450152, 0.656958
0.511047, 0.0149939, 0.655173
stamp: 12650000000
-0.00235477, 0.000329517, 0.658144
0.520744, -0.00960153, 0.664023
0.550687, 0.0154324, 0.665616
0.520693, 0.0453978, 0.666967
0.510957, 0.0151183, 0.665053
stamp: 12660000000
-0.00227665, 0.000281652, 0.667679
0.520568, -0.00939754, 0.674273
0.550543, 0.0156155, 0.675627
0.520353, 0.0453121, 0.677069
0.510755, 0.015277, 0.675218
stamp: 12670000000
-0.0022364, 0.0002538, 0.67727
0.520449, -0.00925208, 0.684335
0.550298, 0.015686, 0.685576
0.520411, 0.0455846, 0.686791
0.510699, 0.0154369, 0.685112
stamp: 12680000000
-0.00202309, 0.00012937, 0.686503
0.520471, -0.00924821, 0.694201
0.550225, 0.0158737, 0.695427
0.520164, 0.0456705, 0.696736
0.510602, 0.0155319, 0.695059
stamp: 12690000000
-0.00205788, 0.00014184, 0.695799
0.520163, -0.00904586, 0.703796
0.550271, 0.0158022, 0.705226
0.519951, 0.045821, 0.70657
0.510459, 0.0156622, 0.704608
stamp: 12699000000
-0.00179505, 1.54848e-05, 0.704916
0.520093, -0.00893044, 0.713399
0.55002, 0.0159865, 0.714667
0.519914, 0.0457804, 0.716228
0.510267, 0.0157393, 0.714215
stamp: 12710000000
-0.00162765, -9.64468e-05, 0.71394
0.519856, -0.00888158, 0.722779
0.549811, 0.0159707, 0.724197
0.519745, 0.0458746, 0.725759
0.510125, 0.0158073, 0.723778
stamp: 12720000000
-0.00147175, -0.000127182, 0.722907
0.519819, -0.00883336, 0.732378
0.549638, 0.0159858, 0.733571
0.519746, 0.0460661, 0.735136
0.509959, 0.015956, 0.733359
stamp: 12729000000
-0.00150746, -0.000265991, 0.731639
0.519551, -0.00874814, 0.741546
0.549443, 0.0162168, 0.742786
0.519342, 0.0461736, 0.744354
0.509751, 0.0159835, 0.742511
stamp: 12740000000
-0.00127772, -0.000266119, 0.740247
0.519393, -0.00867253, 0.750667
0.549239, 0.0161931, 0.752073
0.519308, 0.0461624, 0.753276
0.509554, 0.0160766, 0.751608
stamp: 12750000000
-0.00106574, -0.000205938, 0.748875
0.519101, -0.00845699, 0.759907
0.549094, 0.0161404, 0.761149
0.518979, 0.0462478, 0.762687
0.509402, 0.0161811, 0.760826
stamp: 12759000000
-0.000783864, -0.000226685, 0.757279
0.518857, -0.00857626, 0.76874
0.549043, 0.0163941, 0.77005
0.518874, 0.046327, 0.771399
0.509166, 0.0161241, 0.769667
stamp: 12770000000
-0.000767084, -0.000252794, 0.765574
0.518735, -0.00855679, 0.77758
0.548818, 0.0162834, 0.77867
0.518619, 0.0463612, 0.779949
0.509034, 0.0162529, 0.778364
stamp: 12780000000
-0.000541261, -0.000464059, 0.773748
0.518493, -0.00849775, 0.786111
0.548492, 0.016434, 0.787344
0.518273, 0.0462623, 0.788805
0.508742, 0.016307, 0.787018
stamp: 12790000000
-0.000592116, -0.000338633, 0.781679
0.518312, -0.00830831, 0.794611
0.548278, 0.0163711, 0.795729
0.518271, 0.0463287, 0.797176
0.508608, 0.0162962, 0.795419
stamp: 12800000000
-0.000200084, -0.00030349, 0.789762
0.518187, -0.00836354, 0.802883
0.548023, 0.0163759, 0.804157
0.518008, 0.0462702, 0.805607
0.508441, 0.0163195, 0.803815
stamp: 12810000000
-0.000119326, -0.000424965, 0.797101
0.517936, -0.00829571, 0.811038
0.547968, 0.0163772, 0.812418
0.517867, 0.0462049, 0.813562
0.508157, 0.0163524, 0.811976
stamp: 12820000000
3.72902e-05, -0.000387576, 0.80468
0.517701, -0.00830669, 0.819124
0.547651, 0.0164072, 0.820243
0.517631, 0.0463284, 0.821716
0.507973, 0.0163978, 0.819947
stamp: 12829000000
0.000193611, -0.000470768, 0.812294
0.517497, -0.00840045, 0.826861
0.547431, 0.0163827, 0.827978
0.517381, 0.046346, 0.829555
0.507811, 0.0162321, 0.827752
stamp: 12840000000
0.000525034, -0.000378715, 0.819241
0.517275, -0.00849558, 0.834493
0.547183, 0.0164858, 0.83568
0.517028, 0.0462889, 0.836962
0.50755, 0.0162736, 0.835492
stamp: 12850000000
0.000273286, -0.000496536, 0.826213
0.517122, -0.00851116, 0.842113
0.546941, 0.0163354, 0.843057
0.516947, 0.0462356, 0.844473
0.507339, 0.0162725, 0.843005
stamp: 12859000000
0.00067794, -0.000554364, 0.832927
0.516845, -0.00844357, 0.849415
0.546705, 0.0163221, 0.850308
0.516668, 0.0463395, 0.851765
0.507154, 0.0162159, 0.850224
stamp: 12870000000
0.000835573, -0.000531222, 0.839476
0.516618, -0.00857932, 0.856523
0.546497, 0.0162766, 0.857369
0.51643, 0.0462794, 0.858801
0.506917, 0.0163137, 0.857307
stamp: 12880000000
0.000839009, -0.000647583, 0.846073
0.516413, -0.00846468, 0.863359
0.546372, 0.016374, 0.864399
0.516207, 0.0461937, 0.865586
0.506716, 0.0162073, 0.864129
stamp: 12890000000
0.00107874, -0.000604073, 0.852431
0.516106, -0.00849931, 0.869946
0.546035, 0.0163435, 0.871033
0.515989, 0.0460367, 0.872451
0.506508, 0.016208, 0.870875
stamp: 12900000000
0.00118192, -0.000525306, 0.858417
0.515874, -0.00858831, 0.876382
0.545791, 0.0161219, 0.877463
0.515717, 0.0459553, 0.878978
0.506284, 0.0161004, 0.877374
stamp: 12909000000
0.00136504, -0.000686215, 0.864345
0.515662, -0.00865187, 0.882684
0.545498, 0.0159548, 0.883606
0.515554, 0.0458951, 0.885185
0.506016, 0.0160686, 0.883739
stamp: 12920000000
0.0013483, -0.000607595, 0.870206
0.515457, -0.00874105, 0.888847
0.545328, 0.0159828, 0.889703
0.51538, 0.0459056, 0.891339
0.505825, 0.0160583, 0.889776
stamp: 12930000000
0.0015734, -0.00056192, 0.875812
0.515286, -0.00870429, 0.894717
0.545107, 0.0159698, 0.895706
0.515098, 0.0458317, 0.897192
0.505574, 0.0160257, 0.895692
stamp: 12940000000
0.00163418, -0.000605463, 0.881214
0.515042, -0.00878626, 0.900324
0.54493, 0.0158097, 0.901317
0.514842, 0.0457782, 0.902716
0.50536, 0.0159303, 0.901301
stamp: 12950000000
0.00165299, -0.000676181, 0.886554
0.514785, -0.00872812, 0.905745
0.544765, 0.0158983, 0.906752
0.514642, 0.0458151, 0.908097
0.505188, 0.0158995, 0.906679
stamp: 12960000000
0.00187397, -0.000416206, 0.891624
0.51456, -0.00870682, 0.910965
0.544417, 0.0157638, 0.911889
0.514375, 0.045618, 0.913381
0.504914, 0.0157616, 0.911932
stamp: 12970000000
0.00203624, -0.000643355, 0.896434
0.514343, -0.0088665, 0.915887
0.544252, 0.0157377, 0.916897
0.514277, 0.0457017, 0.918209
0.504603, 0.0156933, 0.916879
stamp: 12980000000
0.00211717, -0.000528539, 0.901132
0.514076, -0.00896077, 0.920718
0.544082, 0.0157509, 0.92168
0.513905, 0.0456073, 0.923051
0.504408, 0.0156857, 0.921626
stamp: 12990000000
0.0022613, -0.000405605, 0.905623
0.513959, -0.00908433, 0.92516
0.543863, 0.0156417, 0.926171
0.513756, 0.0455711, 0.927589
0.504185, 0.0156388, 0.926166
stamp: 12999000000
0.00234172, -0.000383933, 0.910033
0.51368, -0.00899898, 0.929594
0.543602, 0.0155861, 0.930484
0.51344, 0.0454312, 0.931838
0.504008, 0.0156126, 0.930472
stamp: 13010000000
0.00228129, -0.000457106, 0.914189
0.513527, -0.00902729, 0.933621
0.543507, 0.0154904, 0.934545
0.513342, 0.0454819, 0.935885
0.503724, 0.0155503, 0.934553
stamp: 13020000000
0.00266792, -0.000367114, 0.918113
0.513259, -0.00915979, 0.937463
0.543209, 0.0154719, 0.938307
0.513062, 0.0452118, 0.939696
0.50353, 0.0154457, 0.938322
stamp: 13030000000
0.00274363, -0.000461008, 0.921941
0.51305, -0.00923728, 0.940923
0.542999, 0.0153266, 0.941913
0.512811, 0.0452597, 0.943332
0.503296, 0.0152642, 0.941946
stamp: 13039000000
0.00272896, -0.000363191, 0.925636
0.512711, -0.00942, 0.944396
0.54264, 0.0152944, 0.945372
0.512633, 0.0451838, 0.946787
0.50312, 0.0153014, 0.94533
stamp: 13050000000
0.00272632, -0.000392581, 0.929103
0.512537, -0.00938338, 0.947554
0.542481, 0.0151997, 0.948529
0.512333, 0.0450985, 0.949794
0.502955, 0.0151609, 0.948516
stamp: 13060000000
0.00270161, -0.000238833, 0.932483
0.512253, -0.00962227, 0.950484
0.542259, 0.0151624, 0.951358
0.512127, 0.0449894, 0.952842
0.502714, 0.0151514, 0.951438
stamp: 13070000000
0.00269841, -0.000234133, 0.935572
0.511996, -0.0095625, 0.95315
0.542124, 0.0150279, 0.954035
0.512072, 0.0449532, 0.955575
0.502492, 0.0149695, 0.954124
stamp: 13080000000
0.00289272, -0.000128698, 0.93858
0.511808, -0.00973606, 0.955646
0.541944, 0.0149784, 0.956574
0.51188, 0.0448464, 0.957995
0.50222, 0.0149417, 0.956618
stamp: 13090000000
0.00293763, -0.000239989, 0.941376
0.511786, -0.0098448, 0.957885
0.541714, 0.01481, 0.958799
0.511585, 0.0447521, 0.960444
0.50205, 0.0149167, 0.958926
stamp: 13100000000
0.0030324, -0.000131948, 0.944059
0.511446, -0.00985009, 0.959963
0.54139, 0.0147832, 0.960902
0.511422, 0.0447974, 0.962355
0.50185, 0.0147615, 0.961087
stamp: 13109000000
0.00303769, -4.3976e-05, 0.946646
0.51136, -0.00991346, 0.961944
0.541251, 0.0147069, 0.962837
0.511251, 0.0445441, 0.96433
0.501727, 0.0147047, 0.962901
stamp: 13120000000
0.00312248, -1.08545e-05, 0.948911
0.511151, -0.0100481, 0.963706
0.541093, 0.014613, 0.964418
0.510962, 0.0444481, 0.966069
0.501476, 0.0146526, 0.964644
stamp: 13129000000
0.00323948, 0.000127416, 0.950992
0.510903, -0.0100623, 0.965255
0.540864, 0.0146512, 0.966015
0.510922, 0.0444959, 0.967565
0.501251, 0.0145506, 0.966223
stamp: 13139000000
0.00327922, -1.64517e-05, 0.953197
0.510652, -0.0102268, 0.966525
0.540686, 0.014418, 0.96736
0.51065, 0.0442687, 0.968831
0.501097, 0.0144669, 0.967501
stamp: 13150000000
0.00331854, 0.000112861, 0.955122
0.510531, -0.0103425, 0.967693
0.540555, 0.0143043, 0.968536
0.510552, 0.0442663, 0.970035
0.500917, 0.0143695, 0.968685
stamp: 13159000000
0.00317677, 0.000115111, 0.956915
0.510345, -0.0103658, 0.968819
0.540338, 0.0142487, 0.969569
0.510323, 0.0441683, 0.971094
0.500701, 0.0143139, 0.969688
stamp: 13170000000
0.00348548, 0.00017709, 0.958544
0.510016, -0.0104631, 0.969624
0.540093, 0.0142267, 0.97048
0.510128, 0.0441013, 0.971984
0.500529, 0.0142702, 0.970522
stamp: 13180000000
0.00328361, 0.000276127, 0.960079
0.509881, -0.0105281, 0.970232
0.539948, 0.0140929, 0.971144
0.509979, 0.0440327, 0.97259
0.50036, 0.0141084, 0.97136
stamp: 13189000000
0.0033832, 0.000308765, 0.96127
0.509754, -0.0105815, 0.970893
0.539893, 0.013989, 0.971742
0.509682, 0.0438707, 0.973249
0.500182, 0.0139938, 0.971971
stamp: 13200000000
0.00334284, 0.00043366, 0.962476
0.509585, -0.0107886, 0.971495
0.539668, 0.0139522, 0.972243
0.50959, 0.0438215, 0.97368
0.500097, 0.0139314, 0.972418
stamp: 13210000000
0.00355135, 0.00047391, 0.963611
0.509405, -0.0108425, 0.971897
0.539412, 0.0138457, 0.972644
0.509393, 0.0437444, 0.974041
0.499972, 0.013859, 0.97275
stamp: 13220000000
0.00346719, 0.000535139, 0.96464
0.509344, -0.0109532, 0.972093
0.539239, 0.0137095, 0.972881
0.509289, 0.0436887, 0.974254
0.499678, 0.0137517, 0.973029
stamp: 13229000000
0.00337765, 0.000531187, 0.965544
0.509129, -0.011059, 0.97227
0.539116, 0.013634, 0.973003
0.509157, 0.0435761, 0.974374
0.499506, 0.01371, 0.973191
stamp: 13240000000
0.00356807, 0.000446558, 0.966291
0.509015, -0.0111275, 0.97231
0.538993, 0.013571, 0.973058
0.508879, 0.0434412, 0.974464
0.49937, 0.0136438, 0.973226
stamp: 13250000000
0.00363315, 0.000521508, 0.966913
0.508888, -0.0111843, 0.972264
0.538825, 0.0135312, 0.973066
0.508748, 0.0433819, 0.974395
0.499213, 0.0135467, 0.973181
stamp: 13260000000
0.0035516, 0.000607703, 0.967562
0.50875, -0.0112647, 0.972136
0.538699, 0.0134581, 0.972936
0.508618, 0.0433382, 0.974264
0.499052, 0.0134731, 0.973047
stamp: 13270000000
0.00356226, 0.000619442, 0.968012
0.508571, -0.0113392, 0.971902
0.538567, 0.013393, 0.972773
0.50848, 0.0432624, 0.974036
0.498911, 0.0134162, 0.972882
stamp: 13280000000
0.00356904, 0.000707504, 0.968324
0.508398, -0.0114193, 0.971597
0.538496, 0.013307, 0.972511
0.508366, 0.0432092, 0.973835
0.498763, 0.0133484, 0.972626
stamp: 13290000000
0.00354439, 0.000752692, 0.968619
0.508259, -0.011487, 0.971322
0.538382, 0.0132399, 0.972236
0.50825, 0.043148, 0.973593
0.498594, 0.0132891, 0.972281
stamp: 13300000000
0.00354126, 0.00081311, 0.96884
0.508116, -0.0115644, 0.97096
0.538145, 0.0131123, 0.971815
0.508148, 0.0430834, 0.973295
0.498476, 0.0132079, 0.971931
stamp: 13310000000
0.00353908, 0.000836326, 0.968965
0.507932, -0.0115468, 0.970686
0.537983, 0.0130409, 0.971412
0.507949, 0.0430824, 0.972976
0.498374, 0.0131668, 0.971596
stamp: 13320000000
0.00354485, 0.000854151, 0.969046
0.507843, -0.0115445, 0.970283
0.537858, 0.0129908, 0.971003
0.50779, 0.0430078, 0.972522
0.498239, 0.0130798, 0.971141
stamp: 13330000000
0.00356076, 0.000877138, 0.969063
0.507706, -0.0115913, 0.969841
0.537755, 0.0129401, 0.970541
0.507605, 0.0428458, 0.971962
0.498122, 0.0130189, 0.970683
stamp: 13340000000
0.00355111, 0.000893003, 0.969066
0.507516, -0.0116638, 0.969245
0.537676, 0.0129332, 0.970032
0.507575, 0.0428469, 0.971387
0.498021, 0.0129018, 0.970072
stamp: 13350000000
0.00352563, 0.000898557, 0.969029
0.507391, -0.0117286, 0.968797
0.537526, 0.012866, 0.969488
0.507637, 0.0428211, 0.97076
0.497973, 0.0128798, 0.969569
stamp: 13360000000
0.00351976, 0.00090859, 0.968954
0.507339, -0.0117225, 0.968246
0.537386, 0.0127767, 0.968922
0.507522, 0.0427752, 0.970287
0.497881, 0.0128198, 0.96905
stamp: 13370000000
0.00352449, 0.000914684, 0.968854
0.507342, -0.0117775, 0.96764
0.537299, 0.01268, 0.968417
0.507416, 0.0427427, 0.969748
0.497806, 0.012787, 0.968527
stamp: 13380000000
0.00348705, 0.000869458, 0.96873
0.507282, -0.0118911, 0.967071
0.537301, 0.0126912, 0.967784
0.507306, 0.0427167, 0.96922
0.497652, 0.0128437, 0.968011
stamp: 13390000000
0.0035277, 0.000892519, 0.968584
0.507125, -0.0119362, 0.96657
0.537144, 0.0126485, 0.967404
0.50723, 0.0427395, 0.968665
0.497495, 0.0128156, 0.967427
stamp: 13400000000
0.00355405, 0.000911779, 0.968429
0.5071, -0.0118852, 0.966152
0.537161, 0.012649, 0.966855
0.507089, 0.0426245, 0.968181
0.497403, 0.0128014, 0.966913
stamp: 13410000000
0.00359161, 0.00102498, 0.968255
0.506976, -0.0119065, 0.965675
0.537073, 0.0126211, 0.966373
0.506975, 0.0426014, 0.967743
0.497305, 0.0127416, 0.966514
stamp: 13420000000
0.00358607, 0.00102888, 0.968117
0.506849, -0.0120424, 0.965094
0.536899, 0.0125618, 0.965873
0.506845, 0.0425345, 0.967217
0.497214, 0.0126671, 0.966029
stamp: 13430000000
0.00358483, 0.001003, 0.967965
0.506724, -0.0121019, 0.964595
0.536711, 0.0125371, 0.9654
0.506707, 0.042468, 0.966742
0.497198, 0.0126204, 0.965485
stamp: 13439000000
0.0035718, 0.00100635, 0.967825
0.506602, -0.012148, 0.964164
0.536604, 0.0125579, 0.965004
0.506734, 0.0424033, 0.966294
0.497065, 0.0125792, 0.96498
stamp: 13450000000
0.00356757, 0.000995165, 0.967686
0.506443, -0.0120894, 0.963849
0.536586, 0.012485, 0.964563
0.506736, 0.0424313, 0.965769
0.497032, 0.012535, 0.96449
stamp: 13460000000
0.00355419, 0.00102219, 0.967487
0.506477, -0.0121492, 0.963378
0.536538, 0.0125199, 0.964177
0.506677, 0.0424302, 0.965409
0.496963, 0.0124963, 0.96405
stamp: 13470000000
0.00355398, 0.00107479, 0.967372
0.506448, -0.0121493, 0.962884
0.53647, 0.0124618, 0.963671
0.506592, 0.0424066, 0.964975
0.496966, 0.0125204, 0.9637
stamp: 13479000000
0.0035486, 0.00103615, 0.967381
0.506406, -0.0120951, 0.962424
0.536416, 0.0124567, 0.963303
0.506509, 0.0423886, 0.964614
0.496905, 0.012525, 0.963394
stamp: 13490000000
0.00347267, 0.00104208, 0.967156
0.506347, -0.012116, 0.962075
0.536362, 0.0123886, 0.962853
0.506481, 0.0424507, 0.964229
0.49683, 0.0125305, 0.963059
stamp: 13500000000
0.00347895, 0.000893435, 0.966877
0.506414, -0.012054, 0.961731
0.536345, 0.0124539, 0.962554
0.506361, 0.0424379, 0.96388
0.496752, 0.0125259, 0.962773
stamp: 13509000000
0.00351199, 0.000816256, 0.966824
0.506307, -0.012092, 0.96141
0.536313, 0.0125454, 0.962275
0.506289, 0.0424572, 0.963607
0.496663, 0.0125254, 0.962478
stamp: 13520000000
0.00350803, 0.000861757, 0.966761
0.506184, -0.0121568, 0.961185
0.536269, 0.0125621, 0.962061
0.50621, 0.0424833, 0.963371
0.496578, 0.0125194, 0.96218
stamp: 13530000000
0.0035313, 0.000778395, 0.966734
0.506119, -0.0121351, 0.961034
0.536208, 0.0125499, 0.961905
0.506159, 0.0424836, 0.963187
0.496506, 0.0125433, 0.961964
stamp: 13540000000
0.00356519, 0.000764485, 0.96672
0.506064, -0.0121016, 0.960943
0.536157, 0.0125523, 0.96177
0.506127, 0.0424819, 0.963033
0.496437, 0.012677, 0.961666
stamp: 13550000000
0.00352698, 0.000741349, 0.966726
0.506022, -0.0120767, 0.960826
0.536096, 0.0125597, 0.961622
0.506084, 0.0424989, 0.962914
0.496394, 0.0126837, 0.961508
stamp: 13560000000
0.00352453, 0.000716966, 0.966741
0.505992, -0.0120956, 0.960648
0.536068, 0.0125746, 0.961515
0.506039, 0.0425102, 0.962787
0.496364, 0.0126825, 0.961416
stamp: 13570000000
0.00353856, 0.000690635, 0.966767
0.505969, -0.0121144, 0.960469
0.536031, 0.0125878, 0.96142
0.505982, 0.0425198, 0.962672
0.496328, 0.0126877, 0.961309
stamp: 13580000000
0.00354481, 0.000660264, 0.966803
0.505894, -0.0120932, 0.960319
0.535979, 0.0125892, 0.961333
0.50594, 0.0425475, 0.962584
0.496294, 0.0126851, 0.961213
stamp: 13590000000
0.00363274, 0.000569244, 0.967001
0.505852, -0.0120728, 0.960255
0.535938, 0.0125969, 0.961261
0.505876, 0.0425163, 0.962445
0.496336, 0.012646, 0.961102
stamp: 13600000000
0.00366813, 0.000552212, 0.967062
0.505841, -0.0120299, 0.960159
0.535892, 0.0126149, 0.961182
0.505829, 0.0425283, 0.962375
0.496316, 0.0127113, 0.960983
stamp: 13610000000
0.00368184, 0.000536046, 0.96712
0.505801, -0.0120315, 0.960057
0.535863, 0.0126351, 0.961098
0.505779, 0.0425377, 0.962289
0.496258, 0.0126983, 0.96085
stamp: 13620000000
0.00371778, 0.000576131, 0.967308
0.505757, -0.012009, 0.959997
0.535839, 0.0126473, 0.960999
0.505752, 0.0425619, 0.962205
0.496223, 0.0127255, 0.960771
stamp: 13630000000
0.00373588, 0.000595854, 0.967304
0.505711, -0.011985, 0.95995
0.535763, 0.0126858, 0.960804
0.505722, 0.0425814, 0.96212
0.49619, 0.0127481, 0.960704
stamp: 13640000000
0.0036971, 0.000441912, 0.967394
0.505657, -0.0119587, 0.959893
0.535727, 0.012701, 0.960712
0.50572, 0.0426597, 0.961871
0.496143, 0.0127904, 0.960625
stamp: 13650000000
0.00375796, 0.000486202, 0.967538
0.505628, -0.0119298, 0.959844
0.535689, 0.01272, 0.960632
0.50569, 0.0426839, 0.961775
0.496115, 0.0128257, 0.960546
stamp: 13660000000
0.00377251, 0.000475479, 0.96767
0.505606, -0.0119071, 0.959748
0.535613, 0.0128024, 0.960569
0.505658, 0.0427113, 0.961702
0.496088, 0.0128587, 0.960492
stamp: 13670000000
0.00373744, 0.000430596, 0.96785
0.505585, -0.011902, 0.959641
0.535588, 0.0128484, 0.960482
0.505617, 0.0427379, 0.961608
0.496066, 0.0128766, 0.960422
stamp: 13680000000
0.00376502, 0.000440586, 0.96787
0.505556, -0.0118987, 0.95952
0.535568, 0.0128835, 0.960398
0.505557, 0.0427752, 0.961505
0.49604, 0.0128921, 0.960354
stamp: 13690000000
0.00380339, 0.000368834, 0.968026
0.505508, -0.011896, 0.959403
0.535541, 0.0129056, 0.960297
0.505484, 0.0427772, 0.961424
0.495997, 0.0129073, 0.960261
stamp: 13700000000
0.00384207, 0.00034274, 0.968107
0.505463, -0.0118611, 0.959325
0.535469, 0.0129141, 0.960191
0.505426, 0.0428028, 0.961343
0.495951, 0.0129308, 0.960141
stamp: 13710000000
0.00388813, 0.000319895, 0.968186
0.505359, -0.011754, 0.959221
0.535437, 0.0129398, 0.960084
0.505389, 0.0428218, 0.961272
0.495876, 0.0129468, 0.959993
stamp: 13720000000
0.00393571, 0.000281997, 0.968258
0.505255, -0.0117633, 0.959059
0.535339, 0.012922, 0.959911
0.505353, 0.0428454, 0.961201
0.495829, 0.0129703, 0.959863
stamp: 13730000000
0.00400541, 0.000294519, 0.968312
0.505214, -0.011741, 0.9589
0.535306, 0.012953, 0.959793
0.505333, 0.042866, 0.961105
0.495801, 0.0129867, 0.959739
stamp: 13740000000
0.00404323, 0.00024624, 0.968359
0.505206, -0.0116361, 0.958695
0.535301, 0.012978, 0.959663
0.505273, 0.0429561, 0.961015
0.495794, 0.0129884, 0.959592
stamp: 13750000000
0.00411216, 8.6323e-05, 0.96842
0.505171, -0.0116026, 0.958584
0.535277, 0.0130101, 0.959531
0.505345, 0.0429916, 0.960794
0.495766, 0.0130197, 0.959466
stamp: 13760000000
0.00416235, 4.50676e-05, 0.968448
0.505193, -0.0115227, 0.958473
0.535323, 0.0130151, 0.959319
0.505357, 0.0430787, 0.960641
0.495746, 0.0130505, 0.959308
stamp: 13770000000
0.00422386, 6.31675e-06, 0.968469
0.50526, -0.0114459, 0.958271
0.535291, 0.0130334, 0.959167
0.505446, 0.0431637, 0.960428
0.49577, 0.0131018, 0.959131
stamp: 13780000000
0.00434546, -3.1552e-05, 0.968551
0.505382, -0.0114244, 0.958062
0.535273, 0.0130567, 0.959039
0.505425, 0.0431417, 0.96044
0.495766, 0.0131268, 0.958977
stamp: 13790000000
0.00444652, -7.88039e-05, 0.968499
0.505383, -0.0114045, 0.957885
0.535256, 0.0130959, 0.958914
0.505412, 0.043175, 0.960288
0.49579, 0.0131329, 0.958777
stamp: 13800000000
0.00449326, -0.000100616, 0.968487
0.505384, -0.011406, 0.957655
0.535264, 0.0131272, 0.958776
0.505406, 0.0431402, 0.960042
0.49578, 0.0131458, 0.958634
stamp: 13810000000
0.00455245, -0.000173791, 0.96854
0.50535, -0.0115126, 0.957347
0.535294, 0.0131693, 0.958568
0.505376, 0.0431647, 0.959881
0.495766, 0.0131508, 0.958498
stamp: 13820000000
0.0045901, -0.000171024, 0.968474
0.505334, -0.011495, 0.95722
0.535285, 0.0131888, 0.958405
0.505339, 0.0431696, 0.959734
0.495725, 0.0132575, 0.958276
stamp: 13830000000
0.00464142, -0.000238397, 0.968431
0.50538, -0.0113935, 0.957132
0.535268, 0.0132058, 0.958253
0.505361, 0.0432196, 0.959511
0.495686, 0.0132614, 0.95811
stamp: 13840000000
0.00470707, -0.000273435, 0.968402
0.505373, -0.011364, 0.957034
0.535285, 0.0131808, 0.958047
0.505329, 0.0432177, 0.959363
0.495672, 0.0132615, 0.957944
stamp: 13850000000
0.00474841, -0.000303869, 0.968368
0.505355, -0.0113651, 0.956882
0.535273, 0.013219, 0.957809
0.505314, 0.043214, 0.959223
0.495662, 0.0132615, 0.957803
stamp: 13860000000
0.00479388, -0.000345099, 0.968328
0.505325, -0.011392, 0.956664
0.535252, 0.01322, 0.95766
0.505312, 0.0432162, 0.959084
0.495664, 0.0132754, 0.957657
stamp: 13869000000
0.00493165, -0.000489532, 0.968136
0.505305, -0.0114015, 0.95653
0.535251, 0.0132201, 0.957526
0.505275, 0.0432276, 0.958921
0.495652, 0.0132763, 0.957513
stamp: 13879000000
0.00507516, -0.000463362, 0.968007
0.505294, -0.0114014, 0.956417
0.535282, 0.0132308, 0.957382
0.505281, 0.0432313, 0.958787
0.495635, 0.0132647, 0.957357
stamp: 13890000000
0.00503298, -0.000549998, 0.968002
0.505262, -0.0114216, 0.956258
0.535274, 0.01324, 0.957259
0.50525, 0.0431233, 0.958607
0.495618, 0.0132686, 0.957222
stamp: 13899000000
0.00508049, -0.000603365, 0.96796
0.505305, -0.0114327, 0.956065
0.535247, 0.0132433, 0.957138
0.505213, 0.0430867, 0.958453
0.495612, 0.0132603, 0.957091
stamp: 13909000000
0.00519308, -0.000654641, 0.96788
0.505292, -0.0114463, 0.955931
0.535279, 0.0132293, 0.957019
0.505191, 0.0430861, 0.958342
0.495674, 0.0132278, 0.956868
stamp: 13920000000
0.00523283, -0.000689972, 0.967844
0.505276, -0.0114565, 0.955837
0.53526, 0.0132169, 0.956928
0.505192, 0.043077, 0.958264
0.495668, 0.0132335, 0.956766
stamp: 13930000000
0.00527799, -0.000715035, 0.96779
0.505257, -0.0114589, 0.95578
0.535252, 0.013186, 0.95685
0.505205, 0.0430627, 0.958208
0.495661, 0.0132252, 0.956673
stamp: 13940000000
0.00537527, -0.00075811, 0.96773
0.505244, -0.0114532, 0.955747
0.535193, 0.013117, 0.956699
0.505208, 0.0430323, 0.958132
0.495661, 0.0132213, 0.956578
stamp: 13950000000
0.00533333, -0.000777631, 0.967691
0.505246, -0.0114555, 0.955722
0.535183, 0.0130996, 0.956621
0.505218, 0.0430242, 0.958073
0.49566, 0.0132049, 0.956498
stamp: 13959000000
0.00536257, -0.000786454, 0.967657
0.505253, -0.0114809, 0.955637
0.535195, 0.0130789, 0.95653
0.505212, 0.0430016, 0.957988
0.495672, 0.0131804, 0.956425
stamp: 13970000000
0.00541847, -0.000792676, 0.967637
0.505228, -0.0115387, 0.955425
0.535209, 0.0130472, 0.956451
0.505225, 0.0429849, 0.95791
0.495684, 0.0131556, 0.956363
stamp: 13980000000
0.00545756, -0.000794266, 0.96761
0.505179, -0.0116538, 0.955281
0.535265, 0.0129874, 0.95629
0.505235, 0.0429669, 0.957843
0.495668, 0.0130855, 0.956242
stamp: 13990000000
0.0054772, -0.000800266, 0.967592
0.505177, -0.0116969, 0.95519
0.535267, 0.012953, 0.956204
0.505238, 0.0429302, 0.95776
0.495673, 0.0130496, 0.956183
stamp: 14000000000
0.00549967, -0.000803721, 0.96758
0.505192, -0.0117089, 0.955179
0.535275, 0.012923, 0.956146
0.505239, 0.0429029, 0.957699
0.49567, 0.0130125, 0.956122
stamp: 14010000000
0.00553328, -0.000830042, 0.967591
0.505202, -0.0117268, 0.955202
0.535277, 0.0129033, 0.956077
0.505286, 0.0428356, 0.957611
0.49568, 0.0129744, 0.956058
stamp: 14020000000
0.00554742, -0.00084068, 0.967592
0.505215, -0.0117523, 0.955179
0.535273, 0.012863, 0.956013
0.505292, 0.0428129, 0.957559
0.495686, 0.0129372, 0.955991
stamp: 14029000000
0.00557814, -0.000863678, 0.967598
0.505224, -0.0117884, 0.95515
0.53528, 0.0128299, 0.955958
0.505299, 0.0427778, 0.957496
0.495692, 0.0128999, 0.955946
stamp: 14040000000
0.00562642, -0.000884795, 0.967638
0.505302, -0.0117988, 0.955054
0.535342, 0.0127184, 0.955907
0.505318, 0.0427382, 0.957454
0.495703, 0.01286, 0.955914
stamp: 14050000000
0.00563309, -0.00088201, 0.967627
0.505301, -0.011848, 0.955002
0.535342, 0.0126589, 0.955879
0.505342, 0.0427034, 0.957422
0.49572, 0.0128264, 0.955883
stamp: 14060000000
0.00568497, -0.000891463, 0.96765
0.505308, -0.0119076, 0.954966
0.535351, 0.01261, 0.955866
0.505358, 0.0426566, 0.957392
0.495722, 0.0127844, 0.955849
stamp: 14070000000
0.00570768, -0.000882996, 0.967672
0.505445, -0.0119614, 0.954865
0.535359, 0.0125648, 0.95586
0.50535, 0.0426175, 0.957361
0.495754, 0.0127018, 0.955799
stamp: 14080000000
0.00573184, -0.000870449, 0.96768
0.505537, -0.0120319, 0.954833
0.535379, 0.012457, 0.955824
0.505346, 0.0425735, 0.957335
0.495767, 0.0126508, 0.95579
stamp: 14090000000
0.00581063, -0.000824468, 0.967753
0.505553, -0.0120936, 0.954786
0.535384, 0.012413, 0.95582
0.505346, 0.0425345, 0.957314
0.495776, 0.0126006, 0.955775
stamp: 14100000000
0.00575181, -0.000839061, 0.967703
0.505554, -0.0122189, 0.95471
0.535393, 0.0123647, 0.955821
0.505351, 0.0424802, 0.957301
0.495807, 0.0124703, 0.955813
stamp: 14110000000
0.00572787, -0.000861572, 0.967775
0.505532, -0.0122567, 0.954738
0.535391, 0.0122963, 0.955822
0.505364, 0.0424313, 0.957297
0.49581, 0.0124217, 0.95579
stamp: 14120000000
0.00572737, -0.000864246, 0.967779
0.505477, -0.0122417, 0.954882
0.535391, 0.0122367, 0.955835
0.505381, 0.0423708, 0.957287
0.495799, 0.0123542, 0.95573
stamp: 14130000000
0.00572489, -0.000862522, 0.967793
0.505478, -0.0122717, 0.954943
0.535394, 0.0121897, 0.955838
0.505358, 0.0422087, 0.957213
0.495811, 0.0123067, 0.955705
stamp: 14140000000
0.00572638, -0.000831884, 0.967746
0.505492, -0.0123123, 0.954933
0.535407, 0.0121421, 0.955814
0.505379, 0.0421563, 0.957212
0.495825, 0.0122509, 0.955683
stamp: 14150000000
0.00572825, -0.000841312, 0.967748
0.505554, -0.0124215, 0.954795
0.53543, 0.0120955, 0.95579
0.505371, 0.0420866, 0.957123
0.495832, 0.0121962, 0.955675
stamp: 14160000000
0.00573111, -0.00084641, 0.967747
0.505498, -0.0124546, 0.954788
0.535444, 0.0120353, 0.955763
0.505385, 0.0420253, 0.95708
0.495854, 0.0121294, 0.955642
stamp: 14170000000
0.00572349, -0.000852147, 0.967744
0.505494, -0.0124964, 0.954765
0.535446, 0.0119795, 0.955735
0.505392, 0.0419698, 0.957044
0.49585, 0.0120879, 0.955627
stamp: 14180000000
0.00572931, -0.000852134, 0.967738
0.505491, -0.0125515, 0.954726
0.535445, 0.0119275, 0.955704
0.505407, 0.0419077, 0.957003
0.495853, 0.0120323, 0.955596
stamp: 14190000000
0.00572058, -0.000848695, 0.967735
0.505517, -0.0126879, 0.954637
0.535451, 0.0118905, 0.955661
0.505401, 0.0418511, 0.956946
0.495875, 0.0119548, 0.95553
stamp: 14200000000
0.00568911, -0.00084957, 0.967722
0.505539, -0.0127296, 0.95463
0.535465, 0.0118555, 0.955619
0.505395, 0.041805, 0.956889
0.495882, 0.011906, 0.955498
stamp: 14209000000
0.0056618, -0.000861797, 0.967714
0.505521, -0.0128082, 0.954548
0.535471, 0.0118166, 0.955566
0.505369, 0.041753, 0.956802
0.495884, 0.0118598, 0.955449
stamp: 14220000000
0.00564298, -0.000862244, 0.967708
0.505509, -0.0128474, 0.95454
0.535476, 0.0117699, 0.955513
0.505448, 0.0416371, 0.95672
0.495878, 0.0118173, 0.955401
stamp: 14230000000
0.00561545, -0.000864296, 0.967693
0.505437, -0.0128355, 0.954611
0.535459, 0.0117056, 0.955467
0.505447, 0.0415812, 0.956642
0.495867, 0.0117716, 0.955345
stamp: 14240000000
0.00558122, -0.000865621, 0.96768
0.505378, -0.0129386, 0.954691
0.53544, 0.0116552, 0.955418
0.505437, 0.0415268, 0.956576
0.495851, 0.011703, 0.955248
stamp: 14250000000
0.00553168, -0.00085389, 0.967657
0.505343, -0.0130505, 0.954634
0.535421, 0.0116094, 0.955395
0.505477, 0.0414722, 0.956495
0.495842, 0.0116665, 0.955192
stamp: 14260000000
0.00549534, -0.000842383, 0.967648
0.505441, -0.0130854, 0.954484
0.535427, 0.0115845, 0.955354
0.50546, 0.0414314, 0.956434
0.495846, 0.0116082, 0.955137
stamp: 14270000000
0.00544415, -0.00085674, 0.967641
0.505456, -0.0131567, 0.95438
0.535423, 0.0115439, 0.955284
0.505444, 0.0413977, 0.956361
0.495848, 0.0115608, 0.955093
stamp: 14280000000
0.00540755, -0.000863819, 0.967632
0.505468, -0.0131996, 0.954283
0.535432, 0.0115078, 0.955209
0.505435, 0.0413649, 0.956311
0.495856, 0.0115133, 0.95503
stamp: 14290000000
0.00534753, -0.000875265, 0.967635
0.505465, -0.013263, 0.954187
0.535472, 0.011488, 0.955068
0.505422, 0.041323, 0.956269
0.495851, 0.0114661, 0.954952
stamp: 14300000000
0.00528348, -0.000910405, 0.96761
0.505559, -0.0132271, 0.954177
0.535474, 0.0114546, 0.954982
0.505407, 0.0412872, 0.95623
0.495832, 0.0113809, 0.954858
stamp: 14310000000
0.00517391, -0.000971202, 0.967596
0.505553, -0.0132607, 0.954085
0.535438, 0.0112967, 0.954841
0.505395, 0.0412463, 0.956171
0.495875, 0.0113763, 0.954776
stamp: 14320000000
0.0051295, -0.000992417, 0.967585
0.505623, -0.0133472, 0.953966
0.535425, 0.011199, 0.954646
0.505505, 0.0412641, 0.956056
0.495871, 0.0113506, 0.954705
stamp: 14330000000
0.00506339, -0.00100944, 0.96757
0.505599, -0.0133835, 0.953895
0.535422, 0.0111788, 0.954565
0.505493, 0.0412359, 0.955979
0.495858, 0.0113226, 0.954633
stamp: 14340000000
0.004884, -0.00101214, 0.967484
0.505584, -0.0134721, 0.953825
0.535421, 0.0111442, 0.954495
0.505489, 0.0412083, 0.955901
0.495852, 0.0113001, 0.954567
stamp: 14350000000
0.00481223, -0.00101434, 0.967461
0.505496, -0.0134298, 0.953817
0.535405, 0.0111088, 0.954445
0.50548, 0.0411811, 0.955834
0.495833, 0.0112848, 0.95449
stamp: 14360000000
0.00473517, -0.0010113, 0.967432
0.505544, -0.0134865, 0.953763
0.53538, 0.0110881, 0.954409
0.505436, 0.0410346, 0.955668
0.495823, 0.0112682, 0.954418
stamp: 14370000000
0.00465359, -0.00101495, 0.967414
0.505548, -0.0135175, 0.95369
0.535377, 0.0110734, 0.954373
0.505412, 0.0410186, 0.955611
0.495825, 0.0112445, 0.954366
stamp: 14380000000
0.00457187, -0.00100846, 0.967379
0.505534, -0.0135679, 0.953535
0.535379, 0.0110704, 0.954333
0.505407, 0.041008, 0.955558
0.495822, 0.0112289, 0.954321
stamp: 14390000000
0.00447659, -0.00100422, 0.967357
0.505526, -0.0136082, 0.953426
0.535383, 0.0110579, 0.954278
0.505383, 0.0410031, 0.955501
0.495817, 0.0112024, 0.954279
stamp: 14400000000
0.00438027, -0.00100712, 0.967349
0.505514, -0.0136282, 0.953402
0.535379, 0.0110455, 0.954224
0.505326, 0.0409611, 0.955451
0.495787, 0.0111686, 0.954237
stamp: 14410000000
0.00429636, -0.00103414, 0.96741
0.505502, -0.0136231, 0.953435
0.535361, 0.0110423, 0.954189
0.505199, 0.0409341, 0.955328
0.495744, 0.0111431, 0.954161
stamp: 14420000000
0.00414225, -0.00106834, 0.967462
0.50549, -0.0136182, 0.953464
0.5353, 0.011017, 0.954213
0.50517, 0.04092, 0.955296
0.495722, 0.011135, 0.954134
stamp: 14430000000
0.00403958, -0.00105722, 0.967458
0.505416, -0.013585, 0.95338
0.535233, 0.0110231, 0.954269
0.505177, 0.0409095, 0.955286
0.495716, 0.0111348, 0.954118
stamp: 14440000000
0.00393656, -0.00104703, 0.967436
0.505393, -0.0136109, 0.953342
0.535325, 0.0109921, 0.954135
0.505301, 0.0409007, 0.955383
0.495716, 0.0111211, 0.954119
stamp: 14450000000
0.00379764, -0.000922325, 0.967336
0.50538, -0.0136169, 0.953341
0.535318, 0.0109758, 0.954122
0.50531, 0.0408926, 0.955383
0.495707, 0.0111202, 0.954112
stamp: 14460000000
0.00362738, -0.000876098, 0.967297
0.505434, -0.0136606, 0.953416
0.535213, 0.0109783, 0.954255
0.505193, 0.0408756, 0.955289
0.495701, 0.0111058, 0.954122
stamp: 14470000000
0.00350123, -0.000856661, 0.967282
0.505427, -0.0136785, 0.953406
0.53525, 0.0109978, 0.954209
0.505163, 0.040872, 0.955287
0.495681, 0.0110926, 0.954132
stamp: 14480000000
0.0033767, -0.000867492, 0.967217
0.505357, -0.0136505, 0.953318
0.535191, 0.0109838, 0.954265
0.50514, 0.0408664, 0.955298
0.495664, 0.0110851, 0.954145
stamp: 14490000000
0.00317478, -0.000778874, 0.967357
0.505323, -0.0136726, 0.953294
0.53517, 0.0109675, 0.95431
0.505075, 0.0408796, 0.955365
0.495637, 0.0110691, 0.954157
stamp: 14500000000
0.00295689, -0.00078706, 0.967311
0.505296, -0.0136757, 0.95332
0.535138, 0.0109449, 0.954342
0.505064, 0.0408716, 0.955388
0.495616, 0.0110694, 0.954173
stamp: 14510000000
0.00269303, -0.000720122, 0.967307
0.505265, -0.013673, 0.953371
0.535123, 0.0109312, 0.954369
0.505067, 0.0408629, 0.955407
0.495591, 0.0110707, 0.954195
stamp: 14520000000
0.00249326, -0.000691289, 0.967224
0.505293, -0.0137004, 0.953511
0.5351, 0.0109146, 0.954405
0.505066, 0.0408572, 0.955428
0.495516, 0.0110404, 0.954219
stamp: 14530000000
0.00235056, -0.000653918, 0.967207
0.505238, -0.0136499, 0.95351
0.535084, 0.0109226, 0.954439
0.504982, 0.0407932, 0.95545
0.4955, 0.0110345, 0.954229
stamp: 14540000000
0.00216773, -0.000564796, 0.967135
0.505238, -0.0136732, 0.9536
0.535071, 0.0109222, 0.954463
0.504972, 0.0407964, 0.955472
0.495481, 0.0110426, 0.954268
stamp: 14550000000
0.00201529, -0.000535422, 0.96709
0.505178, -0.0136546, 0.953505
0.535062, 0.0109156, 0.954485
0.504965, 0.0408049, 0.955488
0.495463, 0.0110403, 0.954294
stamp: 14560000000
0.00186015, -0.00050723, 0.967054
0.505142, -0.0136767, 0.953442
0.535046, 0.0109146, 0.954496
0.50495, 0.0408049, 0.955509
0.495443, 0.0110359, 0.954327
stamp: 14570000000
0.00168944, -0.000470355, 0.967027
0.505139, -0.0136875, 0.953447
0.53503, 0.0109138, 0.9545
0.504931, 0.040798, 0.955522
0.495423, 0.0110382, 0.954351
stamp: 14580000000
0.00152769, -0.0004203, 0.967008
0.505174, -0.013716, 0.953572
0.535012, 0.0109262, 0.954506
0.504903, 0.0408019, 0.95555
0.495399, 0.0110241, 0.954365
stamp: 14590000000
0.00137119, -0.000374797, 0.966996
0.505175, -0.0137108, 0.953629
0.534993, 0.0109421, 0.954507
0.504867, 0.040796, 0.955576
0.495386, 0.0110219, 0.954387
stamp: 14600000000
0.00115129, -0.000404882, 0.967012
0.505149, -0.0137011, 0.953655
0.53497, 0.0109456, 0.954507
0.504864, 0.040795, 0.95573
0.495355, 0.0110123, 0.954393
stamp: 14610000000
0.00102418, -0.000376638, 0.966989
0.505117, -0.0136945, 0.953686
0.534942, 0.010946, 0.954521
0.50485, 0.0407973, 0.955762
0.495329, 0.011019, 0.954432
stamp: 14620000000
0.000763841, -0.000339391, 0.96703
0.50507, -0.0136982, 0.953692
0.534908, 0.010937, 0.954563
0.504779, 0.0407617, 0.955841
0.495297, 0.0110297, 0.954445
stamp: 14630000000
0.000493506, -0.000410959, 0.967143
0.505029, -0.0136966, 0.953728
0.534869, 0.0109273, 0.954605
0.504761, 0.0407694, 0.95587
0.495267, 0.0110422, 0.95447
stamp: 14640000000
0.000285152, -0.000223921, 0.967228
0.505, -0.0136846, 0.953776
0.534842, 0.0109372, 0.95465
0.504729, 0.0407754, 0.955902
0.495235, 0.0110425, 0.954497
stamp: 14650000000
-0.000173114, -0.000185157, 0.967046
0.504978, -0.0136732, 0.953819
0.534809, 0.0109584, 0.954701
0.504684, 0.0407935, 0.955923
0.495206, 0.0110496, 0.954538
stamp: 14660000000
-0.000387591, -9.71201e-05, 0.967072
0.504963, -0.013676, 0.953839
0.534775, 0.0109854, 0.954759
0.50463, 0.0408094, 0.955943
0.495164, 0.0110542, 0.954582
stamp: 14670000000
-0.000644547, -2.68853e-05, 0.967138
0.504925, -0.0136879, 0.953819
0.534677, 0.0109902, 0.954854
0.504583, 0.0408151, 0.95597
0.495117, 0.0110593, 0.954613
stamp: 14680000000
-0.000893506, 6.0711e-05, 0.967091
0.504861, -0.0136904, 0.953832
0.534638, 0.0109895, 0.954899
0.504568, 0.0409264, 0.956074
0.495071, 0.0110696, 0.954659
stamp: 14690000000
-0.00115409, 0.000164572, 0.967167
0.50471, -0.0136463, 0.953972
0.534646, 0.0110219, 0.954985
0.504526, 0.0409375, 0.956114
0.495016, 0.0110888, 0.954683
stamp: 14700000000
-0.00133902, 0.000264963, 0.967233
0.504629, -0.0135958, 0.954138
0.534606, 0.0110667, 0.955061
0.504482, 0.0409331, 0.956156
0.494975, 0.0111002, 0.954705
stamp: 14710000000
-0.00164174, 0.000340364, 0.967239
0.504609, -0.0135623, 0.954237
0.534575, 0.011085, 0.955076
0.504388, 0.040968, 0.956232
0.494941, 0.0111128, 0.954737
stamp: 14720000000
-0.00187093, 0.000469839, 0.96741
0.504578, -0.0135635, 0.954233
0.534508, 0.011134, 0.955113
0.504367, 0.0409845, 0.956259
0.494919, 0.011125, 0.954773
stamp: 14730000000
-0.00216227, 0.000585202, 0.967484
0.504547, -0.0135646, 0.954218
0.534497, 0.0111413, 0.955117
0.504347, 0.0410002, 0.956283
0.494893, 0.0111388, 0.954819
stamp: 14740000000
-0.00246913, 0.000628435, 0.967527
0.504512, -0.0135229, 0.954259
0.534461, 0.0111464, 0.955125
0.504333, 0.041019, 0.95631
0.494851, 0.0111555, 0.954847
stamp: 14750000000
-0.00275174, 0.000740307, 0.967669
0.504473, -0.0135072, 0.954284
0.534418, 0.0111702, 0.955151
0.504303, 0.0410267, 0.956336
0.494781, 0.0111681, 0.954912
stamp: 14760000000
-0.00310111, 0.000819581, 0.96778
0.504443, -0.0134971, 0.95431
0.534377, 0.0111945, 0.955182
0.504257, 0.0410466, 0.956369
0.494742, 0.0111845, 0.954934
stamp: 14770000000
-0.00348893, 0.000895175, 0.967878
0.504413, -0.0134763, 0.954333
0.534344, 0.0112618, 0.955239
0.504201, 0.0410672, 0.956381
0.494677, 0.0112168, 0.954999
stamp: 14780000000
-0.00360315, 0.000966575, 0.9678
0.50437, -0.0134525, 0.954378
0.534302, 0.0113032, 0.955292
0.504151, 0.0410843, 0.956407
0.494609, 0.0111788, 0.955064
stamp: 14790000000
-0.00403621, 0.00103331, 0.968026
0.504258, -0.0133741, 0.954447
0.534202, 0.0113388, 0.955282
0.504104, 0.0411155, 0.956452
0.494563, 0.011199, 0.955099
stamp: 14800000000
-0.00435322, 0.00118555, 0.968004
0.504127, -0.0133253, 0.954574
0.534116, 0.0113533, 0.955371
0.504069, 0.0411313, 0.956486
0.494434, 0.0112642, 0.955262
stamp: 14810000000
-0.00469163, 0.00129874, 0.968088
0.504071, -0.0132045, 0.954638
0.534055, 0.0113723, 0.955437
0.504036, 0.0411496, 0.956533
0.49438, 0.0112989, 0.955306
stamp: 14820000000
-0.00500354, 0.00142466, 0.968157
0.504026, -0.0131453, 0.954702
0.533938, 0.0114151, 0.95554
0.504011, 0.0412198, 0.956633
0.494336, 0.011342, 0.955348
stamp: 14830000000
-0.00527583, 0.00146178, 0.968128
0.503989, -0.0131144, 0.954725
0.53389, 0.0114647, 0.955608
0.503851, 0.0412002, 0.95673
0.494299, 0.0113657, 0.955402
stamp: 14840000000
-0.0056338, 0.00152133, 0.968251
0.503949, -0.0130966, 0.954697
0.533861, 0.0115098, 0.955629
0.503808, 0.0412499, 0.956755
0.494266, 0.0114478, 0.955437
stamp: 14850000000
-0.00596754, 0.00170841, 0.968335
0.503875, -0.0130511, 0.954644
0.533819, 0.0115481, 0.955636
0.503757, 0.0412944, 0.956782
0.494203, 0.0114303, 0.955511
stamp: 14860000000
-0.00642629, 0.00188446, 0.96849
0.503764, -0.0130531, 0.954669
0.533778, 0.0115797, 0.95564
0.503669, 0.0414343, 0.956674
0.494116, 0.0114407, 0.955556
stamp: 14870000000
-0.0067909, 0.00194317, 0.968562
0.503717, -0.0130146, 0.95468
0.533733, 0.0116085, 0.955647
0.503605, 0.0414246, 0.95685
0.494076, 0.0115275, 0.955554
stamp: 14880000000
-0.00709024, 0.00205556, 0.968586
0.503691, -0.0129227, 0.954688
0.533678, 0.0116494, 0.955669
0.503557, 0.0414546, 0.956887
0.494026, 0.0115644, 0.955563
stamp: 14890000000
-0.00735238, 0.00212203, 0.968632
0.503648, -0.0128641, 0.954656
0.533622, 0.0116677, 0.955662
0.503544, 0.0415437, 0.956763
0.493959, 0.0115936, 0.955557
stamp: 14900000000
-0.00767665, 0.00212416, 0.968819
0.503605, -0.0128311, 0.954642
0.533587, 0.0116951, 0.955661
0.503473, 0.0415319, 0.95691
0.493906, 0.0116345, 0.955565
stamp: 14910000000
-0.00801966, 0.00220939, 0.968704
0.503551, -0.0127917, 0.95466
0.533542, 0.0117115, 0.955652
0.503429, 0.041571, 0.956933
0.493863, 0.0116678, 0.95555
stamp: 14920000000
-0.00832065, 0.00231054, 0.96885
0.503461, -0.0127802, 0.954679
0.533455, 0.0117038, 0.955607
0.503425, 0.0416622, 0.956786
0.493835, 0.0117543, 0.955539
stamp: 14930000000
-0.00872007, 0.00240856, 0.968827
0.503398, -0.0127379, 0.954686
0.533394, 0.0117236, 0.955602
0.503386, 0.0417067, 0.956762
0.49377, 0.0118215, 0.955537
stamp: 14940000000
-0.00911139, 0.00252841, 0.96881
0.503346, -0.0127081, 0.954669
0.533332, 0.011755, 0.955589
0.503341, 0.0417458, 0.956757
0.49372, 0.0118569, 0.955523
stamp: 14950000000
-0.00956982, 0.00260697, 0.96872
0.503317, -0.0126907, 0.954609
0.533284, 0.0118001, 0.955583
0.503251, 0.0417865, 0.95676
0.49367, 0.0118901, 0.955516
stamp: 14960000000
-0.0099116, 0.00267891, 0.968807
0.5033, -0.0126706, 0.954542
0.533251, 0.0118533, 0.955568
0.503197, 0.0418258, 0.956738
0.493644, 0.0119196, 0.955516
stamp: 14970000000
-0.0102935, 0.00267986, 0.968859
0.503266, -0.0126579, 0.95451
0.533214, 0.0118944, 0.95554
0.503147, 0.0418643, 0.956721
0.493596, 0.0119507, 0.955511
stamp: 14980000000
-0.0106105, 0.00286322, 0.968636
0.503228, -0.0126245, 0.954527
0.533179, 0.011938, 0.95552
0.503083, 0.0418942, 0.95672
0.493516, 0.0120722, 0.955459
stamp: 14990000000
-0.0109715, 0.0029273, 0.968541
0.503182, -0.0125799, 0.954566
0.533101, 0.011965, 0.955496
0.503022, 0.0419219, 0.956723
0.493442, 0.0121163, 0.955424
stamp: 15000000000
-0.0112746, 0.00304074, 0.968506
0.503034, -0.0125287, 0.954656
0.532985, 0.0120458, 0.955503
0.502984, 0.0419466, 0.956726
0.493398, 0.0121456, 0.955416
stamp: 15010000000
-0.0117097, 0.00316227, 0.968551
0.502981, -0.012503, 0.954662
0.532927, 0.0120671, 0.955498
0.502937, 0.0419651, 0.956729
0.493346, 0.0121761, 0.955401
stamp: 15020000000
-0.0121166, 0.00325691, 0.96836
0.502948, -0.0124858, 0.954636
0.532878, 0.0120829, 0.955474
0.502906, 0.0419892, 0.956729
0.493306, 0.0122024, 0.955385
stamp: 15030000000
-0.0124832, 0.00327337, 0.968256
0.502911, -0.0124597, 0.954611
0.532841, 0.0121049, 0.955454
0.50287, 0.0420137, 0.956716
0.493268, 0.0122263, 0.955387
stamp: 15040000000
-0.0128729, 0.00332066, 0.968194
0.502864, -0.0124324, 0.954599
0.532809, 0.0121291, 0.955445
0.502837, 0.0421435, 0.956752
0.493225, 0.0122478, 0.955366
stamp: 15050000000
-0.0132294, 0.00338992, 0.968206
0.502816, -0.0124077, 0.954577
0.532748, 0.0121637, 0.955438
0.502745, 0.0422085, 0.95677
0.49319, 0.0122809, 0.955348
stamp: 15059000000
-0.013603, 0.00338934, 0.968182
0.502782, -0.0123866, 0.954541
0.532709, 0.0121855, 0.955433
0.502697, 0.042234, 0.956761
0.493143, 0.0123226, 0.955309
stamp: 15070000000
-0.0139482, 0.00338862, 0.968022
0.502743, -0.0123706, 0.954501
0.532656, 0.0122165, 0.955438
0.502653, 0.0422509, 0.956751
0.493098, 0.0123549, 0.95529
stamp: 15080000000
-0.0143111, 0.00343411, 0.967826
0.502708, -0.0123498, 0.954484
0.532637, 0.0122467, 0.955436
0.502598, 0.042227, 0.956908
0.493064, 0.0123749, 0.955285
stamp: 15089000000
-0.0147022, 0.00353732, 0.967841
0.502666, -0.0123241, 0.954512
0.532526, 0.0122926, 0.955478
0.502563, 0.0422488, 0.956904
0.493029, 0.0124006, 0.955289
stamp: 15100000000
-0.0151378, 0.00363889, 0.967772
0.502579, -0.012275, 0.954603
0.532513, 0.0123206, 0.955424
0.50252, 0.0422897, 0.956875
0.492988, 0.0124305, 0.95528
stamp: 15110000000
-0.0154537, 0.00362289, 0.967809
0.502538, -0.0122306, 0.954666
0.532444, 0.0123328, 0.95544
0.50249, 0.0423033, 0.956871
0.492945, 0.0124578, 0.955281
stamp: 15120000000
-0.0157583, 0.00375126, 0.967738
0.502506, -0.0122075, 0.954696
0.532391, 0.0123575, 0.95545
0.502467, 0.0423326, 0.956868
0.492913, 0.0124826, 0.955285
stamp: 15130000000
-0.0161165, 0.00378463, 0.967663
0.502481, -0.0122006, 0.954657
0.53232, 0.0123558, 0.955523
0.502452, 0.0423515, 0.956867
0.492867, 0.0125048, 0.955344
stamp: 15140000000
-0.0165199, 0.00374604, 0.967632
0.502466, -0.0122105, 0.954603
0.532262, 0.0124253, 0.95554
0.502424, 0.0423764, 0.956859
0.492851, 0.0125173, 0.955366
stamp: 15150000000
-0.0168599, 0.00369751, 0.967494
0.502446, -0.0122046, 0.954588
0.53225, 0.0124528, 0.955531
0.502395, 0.042397, 0.956861
0.492827, 0.0125326, 0.955388
stamp: 15159000000
-0.0172138, 0.00374185, 0.967459
0.502428, -0.0121741, 0.954623
0.532224, 0.0125054, 0.955537
0.502363, 0.0424197, 0.956864
0.492782, 0.0125637, 0.955427
stamp: 15170000000
-0.0176315, 0.00383378, 0.967429
0.502413, -0.0121236, 0.954668
0.532196, 0.0125252, 0.955528
0.502335, 0.0424224, 0.956885
0.492742, 0.0125747, 0.955427
stamp: 15180000000
-0.0179538, 0.0037134, 0.96746
0.502385, -0.012118, 0.954646
0.532171, 0.0125397, 0.955543
0.502317, 0.0424308, 0.956918
0.492638, 0.012576, 0.955481
stamp: 15190000000
-0.018224, 0.00370531, 0.967495
0.502342, -0.012113, 0.954621
0.532136, 0.0125553, 0.955573
0.502299, 0.042438, 0.956944
0.492608, 0.0125976, 0.95549
stamp: 15200000000
-0.018627, 0.00370301, 0.967525
0.502301, -0.012097, 0.954623
0.532109, 0.0125434, 0.955584
0.502291, 0.0424451, 0.956971
0.492578, 0.0126135, 0.955489
stamp: 15210000000
-0.0189611, 0.00361807, 0.967625
0.502265, -0.0120706, 0.954647
0.532054, 0.012532, 0.955626
0.502281, 0.0424514, 0.956995
0.492549, 0.0126153, 0.955491
stamp: 15220000000
-0.0194045, 0.00356728, 0.967663
0.502182, -0.0120572, 0.954712
0.532042, 0.0125373, 0.955664
0.502277, 0.0424551, 0.95701
0.492529, 0.0126324, 0.95549
stamp: 15230000000
-0.0196781, 0.00351175, 0.967704
0.502171, -0.0120584, 0.954716
0.532023, 0.0125403, 0.95568
0.502257, 0.0424659, 0.957013
0.492509, 0.0126428, 0.955491
stamp: 15240000000
-0.0199929, 0.00347884, 0.967679
0.502167, -0.0120609, 0.954694
0.532009, 0.0125588, 0.95569
0.502249, 0.0424719, 0.957016
0.4925, 0.0126355, 0.955495
stamp: 15250000000
-0.0203405, 0.00349073, 0.967863
0.502159, -0.0120679, 0.954661
0.532003, 0.0125591, 0.955707
0.502238, 0.0424859, 0.957013
0.492494, 0.0126461, 0.955515
stamp: 15260000000
-0.0206121, 0.00347185, 0.96792
0.50216, -0.0120852, 0.954641
0.532001, 0.0125662, 0.955719
0.502225, 0.0424802, 0.957025
0.492486, 0.0126371, 0.955529
stamp: 15270000000
-0.0208916, 0.00344418, 0.967989
0.502152, -0.0120899, 0.954661
0.532001, 0.0125613, 0.955724
0.502222, 0.0424724, 0.957026
0.492485, 0.0126293, 0.955552
stamp: 15279000000
-0.0213426, 0.00327399, 0.968189
0.502149, -0.0120764, 0.954731
0.531991, 0.0125644, 0.955722
0.502204, 0.04247, 0.957045
0.492458, 0.0126267, 0.955564
stamp: 15290000000
-0.0216338, 0.00320239, 0.968366
0.502142, -0.0120654, 0.954805
0.531984, 0.01257, 0.95573
0.502185, 0.0424557, 0.957066
0.492449, 0.0126096, 0.955567
stamp: 15299000000
-0.0219105, 0.00322401, 0.96837
0.50214, -0.0120557, 0.95486
0.531979, 0.0125538, 0.955742
0.502173, 0.0424364, 0.957088
0.492448, 0.012588, 0.955586
stamp: 15310000000
-0.022269, 0.00308635, 0.968349
0.502141, -0.0120892, 0.954844
0.531966, 0.0125413, 0.955759
0.502206, 0.0424081, 0.957142
0.492453, 0.0125776, 0.955608
stamp: 15320000000
-0.0226291, 0.00298087, 0.968472
0.502153, -0.0121283, 0.954785
0.531976, 0.0125122, 0.955779
0.502229, 0.0423928, 0.957176
0.492465, 0.0125513, 0.955645
stamp: 15330000000
-0.0230342, 0.00294283, 0.968599
0.502162, -0.0121603, 0.95478
0.532021, 0.0124508, 0.955774
0.502243, 0.0423718, 0.957198
0.492473, 0.0125187, 0.955667
stamp: 15340000000
-0.0233325, 0.00281736, 0.96876
0.502174, -0.0121808, 0.954815
0.532027, 0.0124349, 0.955796
0.502229, 0.0423538, 0.957221
0.492482, 0.0124912, 0.955698
stamp: 15350000000
-0.0235974, 0.00272619, 0.968876
0.502191, -0.0122013, 0.954834
0.532033, 0.0124353, 0.955819
0.50222, 0.0423363, 0.957236
0.492475, 0.0124555, 0.955719
stamp: 15360000000
-0.0238476, 0.00246569, 0.969005
0.502194, -0.0122354, 0.954846
0.532036, 0.0123938, 0.955861
0.50221, 0.0423061, 0.957263
0.492502, 0.012409, 0.955703
stamp: 15370000000
-0.0241258, 0.00240012, 0.969222
0.502181, -0.0122769, 0.95486
0.532049, 0.0123631, 0.955889
0.502217, 0.0422838, 0.957287
0.492492, 0.0123857, 0.955719
stamp: 15380000000
-0.0244169, 0.00235839, 0.969253
0.502158, -0.0123012, 0.954906
0.532044, 0.0123049, 0.955936
0.50211, 0.0421896, 0.957376
0.492465, 0.0122994, 0.955763
stamp: 15390000000
-0.0246476, 0.0022256, 0.969275
0.502153, -0.0123292, 0.954988
0.532046, 0.0121643, 0.95596
0.502129, 0.0421517, 0.957424
0.492428, 0.0122399, 0.955813
stamp: 15400000000
-0.0248883, 0.00216007, 0.969435
0.502149, -0.0123676, 0.955058
0.532054, 0.0121084, 0.956007
0.502146, 0.0421078, 0.957464
0.492432, 0.0121976, 0.955846
stamp: 15410000000
-0.0252319, 0.00205326, 0.96958
0.502163, -0.0124083, 0.95511
0.532059, 0.0120492, 0.956027
0.502155, 0.0420689, 0.957491
0.492461, 0.0121589, 0.955898
stamp: 15420000000
-0.0255099, 0.00198145, 0.969667
0.502185, -0.0124762, 0.955106
0.532077, 0.0120239, 0.956079
0.502163, 0.0420228, 0.957518
0.492475, 0.012109, 0.955939
stamp: 15429000000
-0.025796, 0.0018496, 0.969828
0.502208, -0.012597, 0.955054
0.532092, 0.0119435, 0.956112
0.502169, 0.0419829, 0.95753
0.492492, 0.0120551, 0.955989
stamp: 15440000000
-0.0260836, 0.00162581, 0.969851
0.502212, -0.0126708, 0.955031
0.532114, 0.011898, 0.956141
0.502187, 0.0419422, 0.957561
0.492491, 0.0120054, 0.95605
stamp: 15450000000
-0.0262963, 0.00153421, 0.969902
0.502222, -0.0127331, 0.955063
0.532128, 0.0118359, 0.95617
0.502167, 0.0417802, 0.957537
0.492488, 0.0119466, 0.956115
stamp: 15460000000
-0.0265394, 0.0014995, 0.969911
0.502186, -0.0127473, 0.955213
0.532152, 0.0117777, 0.956215
0.502164, 0.0417188, 0.957563
0.492514, 0.0117913, 0.9562
stamp: 15470000000
-0.0267954, 0.00140784, 0.969873
0.502201, -0.0127621, 0.955349
0.532157, 0.0117291, 0.956249
0.502161, 0.0416641, 0.957593
0.492525, 0.0117345, 0.956236
stamp: 15480000000
-0.0270145, 0.00129721, 0.969901
0.502216, -0.0128033, 0.955437
0.532169, 0.0116842, 0.956272
0.502151, 0.0416139, 0.957617
0.492523, 0.0116823, 0.956261
stamp: 15490000000
-0.027171, 0.00119521, 0.969873
0.502238, -0.0128662, 0.955441
0.532182, 0.0116266, 0.956287
0.502127, 0.0415077, 0.957694
0.492541, 0.0116279, 0.95629
stamp: 15500000000
-0.0275385, 0.00112662, 0.96996
0.50224, -0.0129284, 0.955405
0.532165, 0.0114928, 0.956355
0.502159, 0.0414577, 0.957711
0.492557, 0.0115698, 0.956322
stamp: 15510000000
-0.0278282, 0.00104008, 0.969984
0.502257, -0.0129873, 0.955391
0.532202, 0.0114285, 0.956378
0.502187, 0.0413944, 0.957718
0.492583, 0.0115221, 0.95634
stamp: 15520000000
-0.0280144, 0.00091083, 0.969932
0.502261, -0.0130414, 0.955402
0.532221, 0.0113677, 0.956384
0.502284, 0.0412866, 0.957696
0.492608, 0.011466, 0.956357
stamp: 15529000000
-0.0281879, 0.000820561, 0.969899
0.502282, -0.0130865, 0.955417
0.532233, 0.0113235, 0.956377
0.502306, 0.0412279, 0.957692
0.492622, 0.0114094, 0.956353
stamp: 15540000000
-0.0284025, 0.000608811, 0.969948
0.502341, -0.0131635, 0.955449
0.532256, 0.0112813, 0.956381
0.502312, 0.0411814, 0.957684
0.49264, 0.0113438, 0.956353
stamp: 15550000000
-0.0285564, 0.000575247, 0.969904
0.502344, -0.0133015, 0.955527
0.532268, 0.0112363, 0.956377
0.502299, 0.0411296, 0.957658
0.492619, 0.0112383, 0.956323
stamp: 15560000000
-0.0287706, 0.000485548, 0.969858
0.502358, -0.0134185, 0.955468
0.532276, 0.0111814, 0.956384
0.502312, 0.0410775, 0.957637
0.492622, 0.011182, 0.956305
stamp: 15570000000
-0.0289121, 0.000414009, 0.969797
0.502354, -0.0134723, 0.955437
0.532283, 0.011127, 0.956376
0.502322, 0.0410224, 0.957618
0.492628, 0.0111282, 0.956275
stamp: 15580000000
-0.0290611, 0.000328458, 0.969725
0.502348, -0.0135323, 0.95541
0.532283, 0.0110499, 0.956364
0.502344, 0.0409615, 0.957599
0.492644, 0.0110564, 0.956219
stamp: 15590000000
-0.0292719, 0.000261996, 0.969582
0.502424, -0.0136293, 0.955398
0.532299, 0.0109748, 0.95636
0.502381, 0.040897, 0.957592
0.492656, 0.0110005, 0.956175
stamp: 15600000000
-0.029462, 0.000157386, 0.969495
0.50244, -0.0136762, 0.955416
0.532306, 0.0109086, 0.956328
0.502404, 0.0408139, 0.957539
0.492683, 0.0109439, 0.956121
stamp: 15609000000
-0.029588, 0.000101697, 0.969432
0.502477, -0.0137214, 0.955386
0.532402, 0.0108125, 0.95625
0.502419, 0.0407581, 0.957503
0.492707, 0.0108734, 0.956078
stamp: 15620000000
-0.0297079, 8.57035e-05, 0.969287
0.5025, -0.0137954, 0.955302
0.532417, 0.0107361, 0.956168
0.502436, 0.0407026, 0.957453
0.492733, 0.0108098, 0.956017
stamp: 15630000000
-0.0298271, 2.82694e-05, 0.969212
0.502487, -0.0139302, 0.955174
0.532444, 0.010687, 0.956115
0.502414, 0.0406009, 0.957388
0.492788, 0.0107244, 0.955953
stamp: 15640000000
-0.0299592, -6.7457e-05, 0.969081
0.502496, -0.0140282, 0.955034
0.532456, 0.0105443, 0.956005
0.502436, 0.0405462, 0.957322
0.492816, 0.0106682, 0.955911
stamp: 15650000000
-0.0300818, -0.000144262, 0.96907
0.502534, -0.0140962, 0.954944
0.532493, 0.0104834, 0.955926
0.502436, 0.0404874, 0.95726
0.492853, 0.0106213, 0.955816
stamp: 15660000000
-0.0303134, -0.000110474, 0.969104
0.502601, -0.0141567, 0.954909
0.532507, 0.0104522, 0.955858
0.502437, 0.0404446, 0.957202
0.492868, 0.0105683, 0.955761
stamp: 15670000000
-0.0303258, -0.000150761, 0.968872
0.502633, -0.0141867, 0.95494
0.532489, 0.0104159, 0.955796
0.502484, 0.0403163, 0.957049
0.492892, 0.0105106, 0.955697
stamp: 15680000000
-0.0304236, -0.000194391, 0.968794
0.502657, -0.0142192, 0.954921
0.532508, 0.0103755, 0.955741
0.502503, 0.0402791, 0.957017
0.492994, 0.0104176, 0.955637
stamp: 15690000000
-0.0306247, -0.000260436, 0.968703
0.502663, -0.0142706, 0.954867
0.532616, 0.0103223, 0.955682
0.50252, 0.0402464, 0.956984
0.493006, 0.0103439, 0.955561
stamp: 15700000000
-0.0307214, -0.000293003, 0.968616
0.502674, -0.0143324, 0.954791
0.532637, 0.0102558, 0.955651
0.502616, 0.0401831, 0.956914
0.49303, 0.0103107, 0.955529
stamp: 15710000000
-0.0308878, -0.000356436, 0.968425
0.502689, -0.0143881, 0.95475
0.532659, 0.0102111, 0.955629
0.502642, 0.0401406, 0.956906
0.493052, 0.0102642, 0.955508
stamp: 15720000000
-0.0310005, -0.000382162, 0.968383
0.502712, -0.01444, 0.954724
0.532675, 0.0101745, 0.95562
0.502659, 0.0401017, 0.956897
0.493069, 0.0102209, 0.955498
stamp: 15730000000
-0.0311838, -0.000374638, 0.9683
0.502748, -0.0144774, 0.954724
0.532706, 0.0101468, 0.955628
0.502605, 0.0400732, 0.956962
0.493087, 0.0101781, 0.955499
stamp: 15740000000
-0.0312697, -0.000391888, 0.968226
0.50278, -0.0145189, 0.95472
0.532759, 0.0101378, 0.95566
0.5026, 0.0400458, 0.956961
0.493101, 0.0101413, 0.955511
stamp: 15750000000
-0.0313513, -0.000396601, 0.968154
0.502787, -0.0145836, 0.954694
0.532786, 0.0100987, 0.955689
0.502619, 0.0400143, 0.956982
0.493118, 0.0101092, 0.955533
stamp: 15760000000
-0.0314191, -0.000392328, 0.968041
0.502783, -0.0146118, 0.954726
0.532802, 0.0100528, 0.955745
0.502653, 0.0399718, 0.957019
0.493173, 0.0100358, 0.955566
stamp: 15770000000
-0.0314936, -0.000389441, 0.96796
0.502788, -0.0146246, 0.954843
0.53282, 0.010004, 0.955816
0.502718, 0.0399269, 0.957093
0.493187, 0.0100094, 0.955612
stamp: 15780000000
-0.0315556, -0.000394476, 0.967884
0.502806, -0.0145967, 0.955016
0.532839, 0.00996833, 0.955893
0.502751, 0.0398943, 0.957153
0.493222, 0.00998656, 0.955664
stamp: 15790000000
-0.0315681, -0.000415796, 0.967777
0.502853, -0.0146175, 0.955107
0.532861, 0.00991394, 0.955951
0.502769, 0.0398688, 0.957198
0.493249, 0.0099471, 0.955753
stamp: 15800000000
-0.0316395, -0.000448854, 0.967711
0.502879, -0.0146874, 0.955076
0.532871, 0.0098642, 0.956085
0.502782, 0.0398499, 0.957241
0.493271, 0.00992609, 0.955844
stamp: 15810000000
-0.0316812, -0.000440661, 0.967641
0.502889, -0.0147425, 0.955042
0.532908, 0.00984007, 0.956169
0.502808, 0.0398438, 0.957299
0.493287, 0.00989719, 0.955917
stamp: 15820000000
-0.03174, -0.000435405, 0.967569
0.502936, -0.0147422, 0.955093
0.532935, 0.0098243, 0.95623
0.502715, 0.0396952, 0.957419
0.493311, 0.00990374, 0.956028
stamp: 15830000000
-0.0317862, -0.000432253, 0.967505
0.502919, -0.0147466, 0.95528
0.532956, 0.00977937, 0.956261
0.502735, 0.0396743, 0.957489
0.493326, 0.00988216, 0.956103
stamp: 15840000000
-0.03183, -0.000424961, 0.967439
0.502944, -0.0147295, 0.955439
0.532978, 0.00980398, 0.956347
0.502758, 0.0396539, 0.957565
0.493352, 0.00985609, 0.956178
stamp: 15850000000
-0.0318727, -0.000411612, 0.967351
0.502995, -0.0147212, 0.955562
0.533006, 0.00978643, 0.95641
0.502809, 0.039645, 0.957663
0.493407, 0.00985585, 0.956315
stamp: 15860000000
-0.0320003, -0.0003577, 0.967239
0.503028, -0.0147395, 0.955645
0.533034, 0.00974027, 0.956433
0.502899, 0.0395699, 0.957738
0.493443, 0.00983728, 0.956394
stamp: 15870000000
-0.0320261, -0.000337373, 0.967153
0.503061, -0.0147313, 0.955737
0.533013, 0.00969676, 0.956532
0.502937, 0.0395495, 0.957804
0.493468, 0.00981972, 0.956472
stamp: 15880000000
-0.0320066, -0.000353635, 0.967034
0.503074, -0.0147448, 0.955787
0.533037, 0.00967245, 0.956612
0.503003, 0.0395605, 0.957947
0.49341, 0.00980241, 0.956615
stamp: 15890000000
-0.0320229, -0.000333655, 0.966942
0.503091, -0.0147703, 0.955832
0.533061, 0.0096413, 0.95668
0.503045, 0.0395459, 0.958018
0.493441, 0.00979878, 0.956694
stamp: 15900000000
-0.032042, -0.000356905, 0.966888
0.503125, -0.0147901, 0.955874
0.533084, 0.00962902, 0.956766
0.50308, 0.0395355, 0.958104
0.49347, 0.00978935, 0.956754
stamp: 15910000000
-0.0320462, -0.000310488, 0.966708
0.503136, -0.0147983, 0.955986
0.533129, 0.00966366, 0.95689
0.503095, 0.0395339, 0.958181
0.493494, 0.00978243, 0.956827
stamp: 15920000000
-0.0320813, -0.000230732, 0.9665
0.503167, -0.0148475, 0.956138
0.533145, 0.00967738, 0.956971
0.503108, 0.0395311, 0.958244
0.493525, 0.00977335, 0.956878
stamp: 15930000000
-0.0320411, -0.000247728, 0.966525
0.503243, -0.0148673, 0.956256
0.533167, 0.00968442, 0.957038
0.503142, 0.0395311, 0.958332
0.493551, 0.00977903, 0.956959
stamp: 15940000000
-0.0320291, -0.000214092, 0.966433
0.503259, -0.0148622, 0.956321
0.533181, 0.00968547, 0.957119
0.503177, 0.0395355, 0.958409
0.493573, 0.00978519, 0.957027
stamp: 15950000000
-0.0319122, -0.0002187, 0.966237
0.503258, -0.0148553, 0.9564
0.533201, 0.00966596, 0.95721
0.503221, 0.0395302, 0.958513
0.493578, 0.00974643, 0.957111
stamp: 15960000000
-0.0318886, -0.000217703, 0.966176
0.503268, -0.0148297, 0.956517
0.533224, 0.0096454, 0.957295
0.503265, 0.0395282, 0.95861
0.493621, 0.00975372, 0.95719
stamp: 15970000000
-0.0318772, -0.000202015, 0.966065
0.503294, -0.0148112, 0.956644
0.533244, 0.00963974, 0.957373
0.503315, 0.0395261, 0.958706
0.493644, 0.00975951, 0.957244
stamp: 15980000000
-0.0318598, -0.000176797, 0.965986
0.503318, -0.0148052, 0.956713
0.53327, 0.00965033, 0.957445
0.503339, 0.0395324, 0.958782
0.493644, 0.00975503, 0.957329
stamp: 15990000000
-0.0318263, -0.000166148, 0.965889
0.50336, -0.0148096, 0.956729
0.533291, 0.00966546, 0.957519
0.503359, 0.0395366, 0.958834
0.493684, 0.00975852, 0.957389
stamp: 16000000000
-0.0318236, -0.000139418, 0.965787
0.503453, -0.0148858, 0.956691
0.533322, 0.00966328, 0.957589
0.503396, 0.0395544, 0.958879
0.493708, 0.00976254, 0.957465
stamp: 16010000000
-0.0317772, -0.000100253, 0.96568
0.503476, -0.0149003, 0.956673
0.533385, 0.00962192, 0.957621
0.503433, 0.0395705, 0.958922
0.493738, 0.00980255, 0.95754
stamp: 16020000000
-0.0317164, -5.55439e-05, 0.965577
0.5035, -0.01488, 0.956716
0.533413, 0.00967192, 0.957677
0.503456, 0.0395811, 0.958948
0.493782, 0.00986152, 0.957571
stamp: 16030000000
-0.0315367, -3.79117e-05, 0.965498
0.503522, -0.0148389, 0.956808
0.533473, 0.00964998, 0.957665
0.503501, 0.0397029, 0.959019
0.493799, 0.00988216, 0.957582
stamp: 16040000000
-0.0315343, 0.000138199, 0.965199
0.503554, -0.0148048, 0.956896
0.53346, 0.00972711, 0.957678
0.503514, 0.0397266, 0.959041
0.493822, 0.00990084, 0.957602
stamp: 16050000000
-0.0314674, 0.000201318, 0.965102
0.503578, -0.014766, 0.956918
0.533488, 0.00976079, 0.957665
0.503524, 0.0397384, 0.959039
0.493854, 0.00992691, 0.957618
stamp: 16060000000
-0.0313985, 0.000284715, 0.964976
0.503594, -0.0147536, 0.95691
0.533504, 0.00978372, 0.957647
0.503543, 0.0397614, 0.959044
0.49389, 0.00995476, 0.957582
stamp: 16070000000
-0.0312946, 0.000478754, 0.964876
0.50352, -0.014688, 0.956884
0.533519, 0.00978622, 0.957644
0.503574, 0.0397833, 0.959044
0.49391, 0.0099808, 0.957583
stamp: 16080000000
-0.0312274, 0.000531523, 0.964815
0.503507, -0.014654, 0.956869
0.533528, 0.00978575, 0.957644
0.503605, 0.0398002, 0.959051
0.493929, 0.0100113, 0.957587
stamp: 16090000000
-0.0310465, 0.000545014, 0.964657
0.503511, -0.0146203, 0.95688
0.533538, 0.00980085, 0.957653
0.503629, 0.0398145, 0.959051
0.493958, 0.0100454, 0.957578
stamp: 16100000000
-0.0309828, 0.000605346, 0.964573
0.503497, -0.0145801, 0.956914
0.533558, 0.00981375, 0.95765
0.503646, 0.0398334, 0.959049
0.493979, 0.0100663, 0.957572
stamp: 16110000000
-0.030961, 0.000702928, 0.964503
0.503506, -0.0145551, 0.956887
0.53359, 0.00984803, 0.957652
0.503667, 0.0398825, 0.959086
0.493998, 0.0100926, 0.957564
stamp: 16120000000
-0.0308149, 0.00072845, 0.964413
0.503548, -0.0144675, 0.956755
0.533608, 0.00988097, 0.957635
0.503668, 0.0399117, 0.959091
0.494015, 0.0101123, 0.957544
stamp: 16130000000
-0.030613, 0.000774927, 0.964371
0.503554, -0.0144536, 0.956692
0.533617, 0.00991049, 0.957622
0.503789, 0.0399758, 0.959016
0.494038, 0.0101313, 0.957528
stamp: 16140000000
-0.0304818, 0.000836476, 0.964276
0.50364, -0.0144186, 0.956608
0.533642, 0.00994355, 0.957608
0.50369, 0.0399608, 0.959075
0.494138, 0.010162, 0.957466
stamp: 16150000000
-0.0303573, 0.00092339, 0.964197
0.503658, -0.0143877, 0.9566
0.533662, 0.00996877, 0.957594
0.503808, 0.0400362, 0.958999
0.494154, 0.0101818, 0.957461
stamp: 16160000000
-0.0301698, 0.00104334, 0.964017
0.503667, -0.0143481, 0.956623
0.533707, 0.0100384, 0.957629
0.503821, 0.0400666, 0.958999
0.494165, 0.0102083, 0.957455
stamp: 16170000000
-0.0300717, 0.00114166, 0.963918
0.503682, -0.0142892, 0.956703
0.533737, 0.0100664, 0.957617
0.503836, 0.0400896, 0.958993
0.4942, 0.0102932, 0.957461
stamp: 16180000000
-0.0299572, 0.00129121, 0.963792
0.503701, -0.0142195, 0.956801
0.533743, 0.0100995, 0.95761
0.503852, 0.0401178, 0.958987
0.494219, 0.0103174, 0.95745
stamp: 16190000000
-0.0297604, 0.0014505, 0.963681
0.503727, -0.0141792, 0.95683
0.533765, 0.0101346, 0.957613
0.503873, 0.040154, 0.95899
0.494245, 0.0103505, 0.957462
stamp: 16200000000
-0.0296583, 0.00152671, 0.963619
0.503769, -0.0141554, 0.956808
0.533798, 0.0102605, 0.957647
0.503901, 0.0401887, 0.958995
0.49428, 0.0103796, 0.957483
stamp: 16210000000
-0.0295513, 0.00158476, 0.963565
0.503815, -0.0141606, 0.956755
0.533836, 0.0103018, 0.957649
0.503866, 0.0402834, 0.958991
0.494314, 0.0104113, 0.957513
stamp: 16220000000
-0.0294364, 0.00163408, 0.963515
0.50386, -0.0141503, 0.956715
0.533858, 0.0103483, 0.957655
0.503865, 0.0403247, 0.958992
0.494353, 0.0104272, 0.957555
stamp: 16230000000
-0.0292911, 0.00172303, 0.963499
0.503888, -0.0141258, 0.956706
0.533883, 0.0103905, 0.957672
0.503875, 0.040363, 0.959008
0.494375, 0.0104483, 0.957568
stamp: 16240000000
-0.0291332, 0.00176387, 0.963451
0.503914, -0.0140919, 0.956719
0.533913, 0.0104215, 0.95768
0.503885, 0.0403834, 0.959024
0.49439, 0.0104783, 0.957576
stamp: 16249000000
-0.0287944, 0.00179958, 0.963427
0.503928, -0.0140527, 0.956751
0.533921, 0.0104488, 0.957712
0.503912, 0.0404205, 0.959056
0.494404, 0.0105027, 0.957585
stamp: 16260000000
-0.0285802, 0.00187201, 0.963361
0.503946, -0.0140123, 0.956789
0.533938, 0.0104756, 0.95774
0.503938, 0.0404401, 0.959093
0.49443, 0.0105382, 0.957593
stamp: 16270000000
-0.0283553, 0.00197189, 0.963357
0.503969, -0.0139738, 0.956818
0.533966, 0.010497, 0.957765
0.504003, 0.0405279, 0.959057
0.494456, 0.0105651, 0.957592
stamp: 16280000000
-0.0282354, 0.00200483, 0.963442
0.504031, -0.0138931, 0.956816
0.533994, 0.0105225, 0.957776
0.504059, 0.0406181, 0.959052
0.494489, 0.0105975, 0.957606
stamp: 16290000000
-0.0279967, 0.00213004, 0.963442
0.503957, -0.013937, 0.956761
0.534027, 0.0105381, 0.957789
0.504095, 0.0406399, 0.959069
0.49452, 0.0106207, 0.957625
stamp: 16300000000
-0.0278585, 0.00218593, 0.963446
0.503974, -0.0139139, 0.956771
0.534056, 0.0105471, 0.957801
0.504125, 0.0406727, 0.959083
0.494539, 0.0106453, 0.957624
stamp: 16310000000
-0.0277245, 0.0022212, 0.963458
0.503998, -0.0138782, 0.956757
0.534074, 0.0105636, 0.95782
0.504221, 0.040654, 0.959063
0.494564, 0.0106877, 0.957635
stamp: 16320000000
-0.0275999, 0.00231197, 0.963413
0.504029, -0.0138678, 0.956724
0.534098, 0.010583, 0.957837
0.504255, 0.0406766, 0.959065
0.494591, 0.0107087, 0.957635
stamp: 16330000000
-0.0274315, 0.00248671, 0.963425
0.504062, -0.0138497, 0.95672
0.534125, 0.0106144, 0.957861
0.504275, 0.0407087, 0.959073
0.494626, 0.010745, 0.957643
stamp: 16340000000
-0.0273103, 0.00254753, 0.963481
0.504104, -0.013815, 0.956733
0.534173, 0.0107407, 0.957846
0.504291, 0.0407325, 0.95907
0.494665, 0.0107576, 0.957642
stamp: 16350000000
-0.027187, 0.00258831, 0.963563
0.504141, -0.0137962, 0.956744
0.534203, 0.0107698, 0.957831
0.504312, 0.0407626, 0.959053
0.494691, 0.0107841, 0.957638
stamp: 16360000000
-0.0270549, 0.00262267, 0.963633
0.504227, -0.0136963, 0.956746
0.534238, 0.0107901, 0.95783
0.504264, 0.0407973, 0.95893
0.494713, 0.0108103, 0.95763
stamp: 16370000000
-0.0269267, 0.00265458, 0.963704
0.504227, -0.0136614, 0.956753
0.534262, 0.0107964, 0.957815
0.504296, 0.0408212, 0.958914
0.494735, 0.0108514, 0.957622
stamp: 16380000000
-0.0267768, 0.00273425, 0.963796
0.504246, -0.0136359, 0.956776
0.534319, 0.0108385, 0.957786
0.504341, 0.0408377, 0.958917
0.494769, 0.0108802, 0.957616
stamp: 16390000000
-0.0265366, 0.00277207, 0.9639
0.504272, -0.0135923, 0.956823
0.534342, 0.0108524, 0.957787
0.504376, 0.0408527, 0.958914
0.494804, 0.0109093, 0.957607
stamp: 16400000000
-0.0263459, 0.0028552, 0.964037
0.504317, -0.0135682, 0.956842
0.534373, 0.0108856, 0.957798
0.504404, 0.0408811, 0.958904
0.494821, 0.0110204, 0.95758
stamp: 16410000000
-0.0262248, 0.00288688, 0.964099
0.504361, -0.0135662, 0.956795
0.534468, 0.0108997, 0.957827
0.50442, 0.0408979, 0.958893
0.494885, 0.0110786, 0.957581
stamp: 16420000000
-0.0260955, 0.00291304, 0.964222
0.504487, -0.0135622, 0.956594
0.53455, 0.0108603, 0.95781
0.50443, 0.0409265, 0.958896
0.494906, 0.0110975, 0.957582
stamp: 16429000000
-0.0260493, 0.00293527, 0.964315
0.504495, -0.0135588, 0.956506
0.534572, 0.0108828, 0.957797
0.504474, 0.040948, 0.958883
0.494932, 0.0111092, 0.957578
stamp: 16440000000
-0.0258639, 0.00288038, 0.964421
0.504506, -0.0135515, 0.956486
0.534578, 0.0108908, 0.957798
0.50449, 0.0409552, 0.958887
0.494933, 0.0111318, 0.957559
stamp: 16450000000
-0.02578, 0.00288867, 0.964499
0.504524, -0.0135286, 0.956515
0.534603, 0.0109029, 0.957772
0.504505, 0.0409699, 0.958891
0.494956, 0.0111402, 0.957545
stamp: 16459000000
-0.0256968, 0.00287635, 0.964562
0.504544, -0.0134903, 0.956562
0.534633, 0.0109217, 0.957752
0.504515, 0.0409671, 0.958898
0.49498, 0.0111596, 0.957533
stamp: 16470000000
-0.0255684, 0.00289521, 0.964673
0.504589, -0.0134676, 0.956596
0.534658, 0.0109458, 0.957717
0.504545, 0.0409757, 0.958902
0.495012, 0.011166, 0.957516
stamp: 16480000000
-0.0254556, 0.00289049, 0.964775
0.504621, -0.0134614, 0.956591
0.534694, 0.0109632, 0.957701
0.50457, 0.0409807, 0.958904
0.495055, 0.0111782, 0.957505
stamp: 16489000000
-0.0253975, 0.00287658, 0.964844
0.504654, -0.0134671, 0.956542
0.534735, 0.0109569, 0.957687
0.504732, 0.0409805, 0.959004
0.495095, 0.011185, 0.957526
stamp: 16500000000
-0.0253251, 0.00287537, 0.964918
0.50468, -0.0134818, 0.956483
0.534759, 0.0109523, 0.957674
0.504782, 0.0409798, 0.959013
0.495139, 0.0111916, 0.957543
stamp: 16510000000
-0.0251557, 0.00283735, 0.965015
0.504711, -0.0134844, 0.956464
0.534796, 0.0109575, 0.95767
0.504814, 0.0409843, 0.959012
0.495176, 0.0111985, 0.957546
stamp: 16520000000
-0.0250774, 0.00284228, 0.965093
0.504748, -0.0134887, 0.95649
0.534824, 0.0109797, 0.957674
0.504832, 0.0409858, 0.959018
0.495201, 0.01119, 0.957555
stamp: 16530000000
-0.0249229, 0.00286769, 0.965251
0.504781, -0.0134821, 0.956529
0.53488, 0.0110466, 0.957654
0.504835, 0.0409847, 0.959031
0.495215, 0.0111859, 0.957562
stamp: 16540000000
-0.0249014, 0.00289886, 0.965366
0.504834, -0.0134669, 0.9566
0.534873, 0.0109864, 0.957721
0.504849, 0.0409803, 0.959046
0.495243, 0.0111757, 0.95758
stamp: 16550000000
-0.0248434, 0.00292841, 0.965438
0.504876, -0.013509, 0.956658
0.534921, 0.0110033, 0.95774
0.504884, 0.0409664, 0.959082
0.495278, 0.0111808, 0.95764
stamp: 16560000000
-0.0248267, 0.00292597, 0.965511
0.504908, -0.0135139, 0.956706
0.534954, 0.0109624, 0.957761
0.505012, 0.0409931, 0.959099
0.495318, 0.0111749, 0.95768
stamp: 16570000000
-0.024817, 0.00289333, 0.965575
0.504935, -0.01353, 0.956751
0.534955, 0.0108518, 0.957841
0.505029, 0.0409169, 0.959286
0.495388, 0.0110568, 0.957771
stamp: 16580000000
-0.0248005, 0.00286687, 0.965629
0.50498, -0.0135605, 0.956786
0.535033, 0.0108676, 0.957825
0.505155, 0.0409269, 0.959326
0.495445, 0.0110164, 0.957833
stamp: 16590000000
-0.024785, 0.00282198, 0.965684
0.505036, -0.0136124, 0.956781
0.535045, 0.0107584, 0.957872
0.505176, 0.0408109, 0.959531
0.495482, 0.0109087, 0.957885
stamp: 16600000000
-0.0247548, 0.00274662, 0.965712
0.505163, -0.0137379, 0.95669
0.535087, 0.0106915, 0.957882
0.505252, 0.0407356, 0.959683
0.495564, 0.0108372, 0.957962
stamp: 16610000000
-0.0247187, 0.00268661, 0.965752
0.505221, -0.0138462, 0.956599
0.535134, 0.0106091, 0.957894
0.505424, 0.0405957, 0.959799
0.495649, 0.0107496, 0.958039
stamp: 16620000000
-0.024682, 0.00262294, 0.965789
0.505338, -0.0139551, 0.956465
0.535207, 0.0105149, 0.957893
0.50546, 0.0404813, 0.960004
0.49574, 0.0106665, 0.958099
stamp: 16630000000
-0.0246811, 0.00253502, 0.965834
0.505427, -0.0140559, 0.956477
0.535265, 0.0104325, 0.957868
0.505551, 0.0403641, 0.960118
0.495825, 0.0105669, 0.958161
stamp: 16640000000
-0.024628, 0.00245439, 0.965858
0.505514, -0.0142143, 0.956652
0.535384, 0.010326, 0.957702
0.505657, 0.0402279, 0.960233
0.495931, 0.0104369, 0.958235
stamp: 16650000000
-0.0245759, 0.00233709, 0.965863
0.505692, -0.0143799, 0.956701
0.53564, 0.010116, 0.957583
0.505756, 0.0400249, 0.96035
0.496056, 0.0102504, 0.958256
stamp: 16660000000
-0.0245061, 0.00221367, 0.96588
0.505818, -0.0146254, 0.95663
0.535735, 0.00990509, 0.95756
0.505942, 0.0398527, 0.96039
0.496072, 0.0101384, 0.95821
stamp: 16670000000
-0.0244061, 0.00190372, 0.965905
0.505943, -0.0148085, 0.956551
0.535908, 0.0097407, 0.957469
0.506088, 0.0396438, 0.960516
0.496194, 0.00996482, 0.958252
stamp: 16680000000
-0.0243174, 0.00166821, 0.965918
0.506171, -0.0150095, 0.956497
0.536102, 0.00945284, 0.957519
0.506201, 0.0393723, 0.9607
0.496396, 0.00965098, 0.95835
stamp: 16690000000
-0.0241871, 0.00138313, 0.965915
0.506443, -0.015277, 0.956363
0.536327, 0.00913256, 0.957457
0.506497, 0.0389679, 0.960825
0.496758, 0.00941854, 0.958316
stamp: 16700000000
-0.0240671, 0.00110721, 0.965942
0.506667, -0.0155933, 0.956347
0.536614, 0.00890175, 0.957423
0.50673, 0.0386709, 0.960965
0.497091, 0.00898269, 0.958342
stamp: 16710000000
-0.0238987, 0.000807854, 0.96591
0.506971, -0.016059, 0.956285
0.536825, 0.00850162, 0.957301
0.50699, 0.0383599, 0.961083
0.497399, 0.00854504, 0.958357
stamp: 16720000000
-0.023668, 0.00051267, 0.96581
0.507225, -0.0164303, 0.956179
0.537192, 0.00805762, 0.957248
0.507195, 0.0379046, 0.961272
0.497709, 0.00803187, 0.958464
stamp: 16730000000
-0.0233068, 0.000141725, 0.96567
0.507494, -0.0168652, 0.956005
0.537544, 0.00762009, 0.957122
0.507662, 0.0373468, 0.961273
0.497982, 0.00762633, 0.958502
stamp: 16740000000
-0.0230772, -0.000409717, 0.965561
0.50784, -0.0174305, 0.955795
0.537851, 0.00699199, 0.957066
0.508042, 0.0368464, 0.961288
0.498228, 0.00710237, 0.958534
stamp: 16750000000
-0.0228617, -0.000923358, 0.965472
0.50834, -0.0180608, 0.95564
0.538225, 0.00630411, 0.956873
0.508459, 0.0361998, 0.961441
0.49862, 0.00644892, 0.958574
stamp: 16760000000
-0.0224436, -0.00155577, 0.965542
0.50863, -0.0186972, 0.955504
0.538657, 0.00562989, 0.956649
0.50889, 0.0355207, 0.961327
0.499112, 0.00582616, 0.958451
stamp: 16770000000
-0.0219274, -0.00218141, 0.965441
0.509196, -0.019347, 0.955379
0.539287, 0.00501049, 0.956501
0.509364, 0.0348321, 0.961579
0.499516, 0.00509553, 0.958438
stamp: 16780000000
-0.0216104, -0.00279611, 0.965472
0.509647, -0.0201183, 0.955256
0.539753, 0.00429774, 0.956394
0.509926, 0.0339604, 0.961684
0.500071, 0.00423168, 0.958404
stamp: 16790000000
-0.0210702, -0.00346721, 0.965429
0.510232, -0.0210076, 0.955144
0.540435, 0.00330947, 0.956304
0.510529, 0.033062, 0.961762
0.500731, 0.0035024, 0.958387
stamp: 16800000000
-0.0205529, -0.00439601, 0.965483
0.510943, -0.0219212, 0.954727
0.54093, 0.00236682, 0.956167
0.511149, 0.0321571, 0.961762
0.501395, 0.00249493, 0.95834
stamp: 16810000000
-0.0198431, -0.00532028, 0.965464
0.511738, -0.0230234, 0.954551
0.541659, 0.00121749, 0.95587
0.511912, 0.0312272, 0.961842
0.502054, 0.00141867, 0.958464
stamp: 16820000000
-0.0192281, -0.00638929, 0.965444
0.512323, -0.0240159, 0.954339
0.542344, 0.000344294, 0.955729
0.512718, 0.0299675, 0.961925
0.50276, 0.000330025, 0.958289
stamp: 16830000000
-0.0185403, -0.00755825, 0.965507
0.51317, -0.0252553, 0.954126
0.543208, -0.000920937, 0.955523
0.513496, 0.0288657, 0.961911
0.503626, -0.00089259, 0.958153
stamp: 16840000000
-0.0178082, -0.00872835, 0.965505
0.514044, -0.0265545, 0.954048
0.54413, -0.00208993, 0.955324
0.514305, 0.0273777, 0.961875
0.504534, -0.00224066, 0.958212
stamp: 16850000000
-0.0167754, -0.0100634, 0.965457
0.515046, -0.0278606, 0.954005
0.545061, -0.00361121, 0.955188
0.515285, 0.0259921, 0.961993
0.50552, -0.00365885, 0.958091
stamp: 16860000000
-0.0158526, -0.0114854, 0.965556
0.516064, -0.0294382, 0.954012
0.546047, -0.00505095, 0.955038
0.516415, 0.0245745, 0.962073
0.506451, -0.00518972, 0.958086
stamp: 16870000000
-0.014862, -0.0130624, 0.965667
0.517052, -0.0309812, 0.95349
0.547166, -0.00672802, 0.954972
0.517425, 0.0229854, 0.961879
0.507688, -0.00672752, 0.957987
stamp: 16880000000
-0.0137508, -0.0148669, 0.965613
0.518277, -0.0327609, 0.953416
0.54836, -0.00832956, 0.954701
0.518672, 0.0211454, 0.962121
0.508805, -0.00847423, 0.958013
stamp: 16890000000
-0.0125319, -0.016563, 0.965723
0.51965, -0.034572, 0.95312
0.549661, -0.010177, 0.95446
0.519973, 0.0194035, 0.9621
0.510051, -0.0102556, 0.95788
stamp: 16900000000
-0.0112264, -0.0184856, 0.965761
0.520979, -0.0365008, 0.953076
0.551031, -0.0120432, 0.954347
0.521269, 0.0173456, 0.962214
0.511433, -0.0122115, 0.957867
stamp: 16910000000
-0.00978671, -0.0203988, 0.96576
0.522341, -0.0384334, 0.952737
0.552328, -0.0141074, 0.954345
0.522615, 0.0154346, 0.962169
0.512782, -0.0142281, 0.957757
stamp: 16920000000
-0.0082892, -0.0225785, 0.965643
0.523885, -0.0405638, 0.952516
0.553985, -0.0163096, 0.954019
0.524134, 0.0132461, 0.9621
0.514383, -0.0164537, 0.95779
stamp: 16930000000
-0.006699, -0.0247397, 0.965829
0.525564, -0.042975, 0.952592
0.555545, -0.018428, 0.953942
0.5257, 0.0107278, 0.962362
0.515942, -0.0187753, 0.957789
stamp: 16940000000
-0.00498648, -0.0272092, 0.96574
0.52722, -0.0451579, 0.952436
0.557191, -0.0209902, 0.95385
0.527596, 0.00837109, 0.962381
0.517703, -0.021201, 0.957714
stamp: 16950000000
-0.0030351, -0.0296751, 0.965723
0.528927, -0.0478434, 0.952334
0.55898, -0.0235084, 0.953674
0.52923, 0.00573158, 0.962335
0.519482, -0.0237775, 0.957686
stamp: 16960000000
-0.00124912, -0.0322686, 0.96581
0.530858, -0.0506814, 0.9524
0.560958, -0.0262482, 0.953658
0.531188, 0.00304758, 0.962495
0.521512, -0.0264132, 0.957749
stamp: 16970000000
0.000904506, -0.0350881, 0.965714
0.53287, -0.0533809, 0.952103
0.563053, -0.0290285, 0.953475
0.53329, 0.000115428, 0.962607
0.523482, -0.0293395, 0.957816
stamp: 16980000000
0.00313079, -0.0380737, 0.965798
0.535045, -0.0562799, 0.951759
0.564953, -0.0319423, 0.953275
0.535282, -0.00277309, 0.962685
0.525615, -0.0323145, 0.957876
stamp: 16990000000
0.00529222, -0.0409402, 0.965783
0.537255, -0.0594467, 0.951862
0.567277, -0.0350053, 0.953322
0.537576, -0.00591587, 0.962682
0.527965, -0.0353824, 0.957794
stamp: 16999000000
0.00770082, -0.0441688, 0.965757
0.539563, -0.0626506, 0.951849
0.569613, -0.0382195, 0.953343
0.539964, -0.00927647, 0.962841
0.530201, -0.0386546, 0.957815
stamp: 17010000000
0.010166, -0.04758, 0.965751
0.542006, -0.0660405, 0.95185
0.572069, -0.0415864, 0.953118
0.542397, -0.0127422, 0.963018
0.532646, -0.0420117, 0.957887
stamp: 17020000000
0.0129757, -0.0510661, 0.965857
0.544614, -0.0696663, 0.951892
0.574498, -0.045072, 0.953257
0.544998, -0.0161254, 0.962953
0.535201, -0.0455861, 0.957931
stamp: 17030000000
0.015715, -0.0546524, 0.965936
0.547198, -0.0733064, 0.95207
0.577189, -0.0488319, 0.953213
0.547674, -0.0199796, 0.963016
0.537918, -0.0493188, 0.958153
stamp: 17040000000
0.018577, -0.0584145, 0.965956
0.550097, -0.0772612, 0.952273
0.58025, -0.0526536, 0.953385
0.550306, -0.0236637, 0.963248
0.540749, -0.0531829, 0.958252
stamp: 17050000000
0.021711, -0.0623234, 0.966007
0.553076, -0.0813089, 0.952266
0.582933, -0.0566026, 0.95347
0.553255, -0.0277168, 0.963278
0.54363, -0.0572018, 0.958444
stamp: 17060000000
0.0249823, -0.0664592, 0.966187
0.555914, -0.0854572, 0.95231
0.586044, -0.0607897, 0.953463
0.5563, -0.0319129, 0.963481
0.546631, -0.061325, 0.958545
stamp: 17070000000
0.0281995, -0.0706169, 0.966309
0.55907, -0.0895415, 0.952265
0.589145, -0.0648567, 0.953373
0.559365, -0.0361782, 0.963545
0.549833, -0.065592, 0.958674
stamp: 17080000000
0.0318386, -0.0750167, 0.966447
0.562286, -0.0938779, 0.95238
0.592462, -0.06924, 0.95363
0.562636, -0.0406726, 0.963724
0.553104, -0.0700555, 0.958813
stamp: 17090000000
0.0353258, -0.0794551, 0.966609
0.565802, -0.0985791, 0.95267
0.595822, -0.0738526, 0.953517
0.566056, -0.0452763, 0.963927
0.556563, -0.0746824, 0.959054
stamp: 17100000000
0.0391307, -0.0842319, 0.966857
0.569444, -0.10324, 0.952876
0.599436, -0.0784808, 0.953856
0.569738, -0.0498678, 0.964186
0.560045, -0.0792955, 0.959098
stamp: 17110000000
0.0430938, -0.0889917, 0.96703
0.572981, -0.108004, 0.953106
0.603194, -0.0834733, 0.953959
0.573382, -0.0547175, 0.964472
0.563633, -0.0841889, 0.959354
stamp: 17120000000
0.0471333, -0.093883, 0.9673
0.576896, -0.11335, 0.953392
0.606885, -0.0883335, 0.954029
0.577202, -0.0597193, 0.964647
0.567515, -0.0893574, 0.95964
stamp: 17130000000
0.0514138, -0.0989121, 0.96774
0.580857, -0.118324, 0.953266
0.61074, -0.0935829, 0.954162
0.581223, -0.0650898, 0.964821
0.571484, -0.0944601, 0.959763
stamp: 17140000000
0.0557741, -0.104176, 0.968059
0.585011, -0.123614, 0.953576
0.61485, -0.0988107, 0.95438
0.585182, -0.0702653, 0.965185
0.575627, -0.0997739, 0.960017
stamp: 17150000000
0.0602541, -0.109583, 0.968363
0.589258, -0.129214, 0.953873
0.619045, -0.104157, 0.954693
0.589489, -0.0757876, 0.965554
0.579841, -0.105239, 0.96033
stamp: 17160000000
0.0650183, -0.115059, 0.968769
0.593677, -0.134842, 0.95415
0.623373, -0.109872, 0.954865
0.593875, -0.0813323, 0.965643
0.584141, -0.1109, 0.960601
stamp: 17170000000
0.0697781, -0.120645, 0.969108
0.597999, -0.140425, 0.954414
0.627954, -0.115566, 0.954951
0.598251, -0.0869206, 0.965769
0.58859, -0.11653, 0.960773
stamp: 17180000000
0.0747084, -0.126377, 0.969523
0.602643, -0.146345, 0.955015
0.632495, -0.121442, 0.955352
0.602965, -0.0927772, 0.965937
0.593282, -0.12244, 0.961072
stamp: 17190000000
0.0798474, -0.132189, 0.969834
0.607473, -0.152296, 0.955316
0.637321, -0.127373, 0.955504
0.607693, -0.0987407, 0.966117
0.597994, -0.128415, 0.961354
stamp: 17200000000
0.0851018, -0.138216, 0.970221
0.612339, -0.158439, 0.955532
0.642171, -0.133555, 0.956006
0.612443, -0.104954, 0.966366
0.602902, -0.134489, 0.961579
stamp: 17210000000
0.0903092, -0.144264, 0.970578
0.617353, -0.164689, 0.955949
0.647149, -0.139807, 0.956137
0.617562, -0.111016, 0.966434
0.60785, -0.140691, 0.96198
stamp: 17220000000
0.0958928, -0.150527, 0.971098
0.622557, -0.171034, 0.956198
0.652367, -0.14603, 0.95637
0.622683, -0.117413, 0.96663
0.613025, -0.147174, 0.962239
stamp: 17230000000
0.10151, -0.156874, 0.971523
0.627942, -0.177602, 0.956608
0.657623, -0.152558, 0.956684
0.628028, -0.123933, 0.967007
0.618403, -0.153632, 0.962484
stamp: 17240000000
0.107199, -0.163374, 0.971757
0.633224, -0.184241, 0.957086
0.663047, -0.159155, 0.956908
0.633381, -0.130516, 0.967039
0.623741, -0.16018, 0.962826
stamp: 17250000000
0.113042, -0.169822, 0.97217
0.63889, -0.191084, 0.957385
0.668754, -0.165852, 0.957256
0.638828, -0.137237, 0.967364
0.629426, -0.167005, 0.963182
stamp: 17260000000
0.119048, -0.176383, 0.972577
0.64456, -0.19775, 0.957395
0.674444, -0.172724, 0.957476
0.644643, -0.144091, 0.967487
0.635074, -0.173761, 0.963357
stamp: 17270000000
0.125213, -0.183178, 0.972968
0.650319, -0.204799, 0.957944
0.680283, -0.179602, 0.957713
0.650449, -0.150903, 0.967643
0.640951, -0.180657, 0.963568
stamp: 17280000000
0.131526, -0.190086, 0.973227
0.656299, -0.211835, 0.958411
0.686052, -0.186619, 0.957887
0.656294, -0.157944, 0.967893
0.646757, -0.18762, 0.963913
stamp: 17290000000
0.137898, -0.197072, 0.973619
0.662448, -0.218689, 0.958651
0.692075, -0.193642, 0.958231
0.662419, -0.164954, 0.967999
0.652888, -0.194753, 0.964208
stamp: 17300000000
0.144418, -0.203818, 0.97402
0.668774, -0.225907, 0.958758
0.69848, -0.200844, 0.958645
0.668627, -0.172175, 0.968201
0.659061, -0.202016, 0.964414
stamp: 17310000000
0.151016, -0.210812, 0.974466
0.674996, -0.233219, 0.95931
0.704763, -0.208099, 0.958798
0.674899, -0.179341, 0.968277
0.665368, -0.209278, 0.96478
stamp: 17320000000
0.157801, -0.217967, 0.97481
0.681402, -0.240735, 0.959827
0.71113, -0.215507, 0.958901
0.68141, -0.186741, 0.968415
0.671872, -0.216577, 0.964935
stamp: 17330000000
0.164481, -0.225001, 0.975218
0.688088, -0.248056, 0.960086
0.717906, -0.222949, 0.959202
0.687966, -0.194138, 0.96871
0.678487, -0.223952, 0.965188
stamp: 17340000000
0.171584, -0.232198, 0.975569
0.694862, -0.255542, 0.960558
0.724623, -0.230409, 0.959515
0.694758, -0.201557, 0.968574
0.68525, -0.231449, 0.965462
stamp: 17350000000
0.178681, -0.239475, 0.976034
0.701743, -0.263074, 0.960995
0.731205, -0.237982, 0.959899
0.701513, -0.209099, 0.968673
0.691985, -0.239043, 0.9658
stamp: 17360000000
0.185694, -0.246685, 0.976319
0.708661, -0.2707, 0.961458
0.738243, -0.245609, 0.959997
0.708349, -0.216438, 0.968741
0.699006, -0.246542, 0.965904
stamp: 17370000000
0.193108, -0.25402, 0.976566
0.715836, -0.27846, 0.961879
0.74549, -0.253369, 0.960449
0.715493, -0.224123, 0.96868
0.706146, -0.254236, 0.966184
stamp: 17380000000
0.200396, -0.261302, 0.97698
0.722908, -0.286106, 0.962189
0.75261, -0.261025, 0.960688
0.722719, -0.231859, 0.968748
0.713323, -0.26192, 0.966414
stamp: 17390000000
0.207921, -0.268668, 0.97723
0.730357, -0.293825, 0.962662
0.759938, -0.268716, 0.961032
0.729887, -0.239428, 0.968877
0.720573, -0.269563, 0.96675
stamp: 17400000000
0.215393, -0.276061, 0.977481
0.737626, -0.301506, 0.963185
0.767245, -0.276485, 0.96125
0.737271, -0.247247, 0.968795
0.727984, -0.277323, 0.966858
stamp: 17410000000
0.223114, -0.283388, 0.977766
0.745354, -0.309424, 0.963635
0.774753, -0.284349, 0.961576
0.744776, -0.255019, 0.968947
0.735438, -0.285044, 0.96714
stamp: 17420000000
0.23073, -0.290725, 0.978008
0.752761, -0.317106, 0.963939
0.782488, -0.292091, 0.962064
0.752424, -0.262731, 0.968846
0.743055, -0.292764, 0.967443
stamp: 17430000000
0.238545, -0.298068, 0.978289
0.760568, -0.324967, 0.964463
0.79016, -0.299857, 0.962438
0.76023, -0.270599, 0.968784
0.750794, -0.300697, 0.967616
stamp: 17440000000
0.246428, -0.305364, 0.978479
0.768299, -0.332662, 0.964819
0.798013, -0.307622, 0.962723
0.767897, -0.278256, 0.968996
0.758573, -0.308324, 0.967745
stamp: 17450000000
0.254458, -0.312752, 0.978791
0.77643, -0.340509, 0.965233
0.806027, -0.315433, 0.963123
0.775959, -0.285975, 0.968825
0.76658, -0.316175, 0.968063
stamp: 17460000000
0.262255, -0.319996, 0.9789
0.784285, -0.348274, 0.965848
0.813935, -0.323247, 0.963313
0.78389, -0.293779, 0.968988
0.774495, -0.323857, 0.968187
stamp: 17470000000
0.270446, -0.327304, 0.978839
0.792503, -0.356039, 0.966285
0.822035, -0.331013, 0.963587
0.792027, -0.30145, 0.968943
0.782654, -0.331638, 0.968386
stamp: 17480000000
0.278552, -0.3345, 0.978922
0.800562, -0.36382, 0.966681
0.83039, -0.338791, 0.964053
0.800206, -0.309067, 0.968991
0.790819, -0.339281, 0.968635
stamp: 17490000000
0.286697, -0.341657, 0.979059
0.808902, -0.371371, 0.967174
0.838507, -0.346541, 0.964288
0.808413, -0.316726, 0.968764
0.799007, -0.346875, 0.968815
stamp: 17499000000
0.294993, -0.348767, 0.97902
0.817154, -0.379067, 0.967698
0.846851, -0.354168, 0.964487
0.816832, -0.324299, 0.968781
0.807347, -0.354473, 0.969042
stamp: 17510000000
0.303289, -0.355766, 0.978976
0.825575, -0.386466, 0.968385
0.85526, -0.36167, 0.964924
0.825095, -0.331857, 0.968917
0.815771, -0.362048, 0.9692
stamp: 17520000000
0.311576, -0.362622, 0.978828
0.834158, -0.39396, 0.968628
0.863757, -0.369126, 0.965137
0.833583, -0.339414, 0.968702
0.82422, -0.369501, 0.969277
stamp: 17530000000
0.320018, -0.369624, 0.978578
0.842561, -0.401482, 0.969054
0.872299, -0.376499, 0.965656
0.842046, -0.346763, 0.968484
0.832747, -0.376919, 0.969742
stamp: 17540000000
0.328515, -0.376375, 0.978447
0.851106, -0.408782, 0.9693
0.880944, -0.383911, 0.96582
0.850693, -0.35409, 0.968345
0.841327, -0.384138, 0.9698
stamp: 17550000000
0.33691, -0.382998, 0.978332
0.859805, -0.415933, 0.969605
0.889583, -0.39127, 0.966084
0.859375, -0.361348, 0.968178
0.850071, -0.391368, 0.969955
stamp: 17560000000
0.345455, -0.389692, 0.978103
0.868498, -0.423182, 0.970126
0.898188, -0.398225, 0.966272
0.868044, -0.368396, 0.968041
0.858763, -0.39846, 0.969934
stamp: 17570000000
0.354017, -0.396044, 0.977853
0.877154, -0.430074, 0.970414
0.906827, -0.405106, 0.9665
0.877055, -0.375555, 0.968013
0.867432, -0.405508, 0.970015
stamp: 17580000000
0.36243, -0.40221, 0.977896
0.885933, -0.437033, 0.970873
0.9157, -0.411977, 0.966799
0.885831, -0.382483, 0.967922
0.876314, -0.412476, 0.970083
stamp: 17590000000
0.371008, -0.408495, 0.977696
0.894837, -0.443907, 0.97095
0.924494, -0.41914, 0.96693
0.894494, -0.38925, 0.967837
0.885048, -0.419097, 0.970092
stamp: 17600000000
0.37954, -0.414537, 0.977354
0.903695, -0.450502, 0.971075
0.933448, -0.425709, 0.967089
0.903566, -0.396016, 0.967599
0.893837, -0.42585, 0.970352
stamp: 17610000000
0.388175, -0.420346, 0.977206
0.912632, -0.457016, 0.971236
0.942414, -0.43231, 0.967207
0.912312, -0.402423, 0.967506
0.902791, -0.432356, 0.970362
stamp: 17620000000
0.396759, -0.426065, 0.976979
0.921703, -0.463464, 0.971688
0.951419, -0.438725, 0.96736
0.921433, -0.408861, 0.967314
0.911772, -0.438763, 0.970401
stamp: 17630000000
0.405484, -0.431547, 0.976748
0.930781, -0.469808, 0.971835
0.960482, -0.445257, 0.967713
0.930436, -0.415055, 0.967207
0.92073, -0.445053, 0.970377
stamp: 17640000000
0.413997, -0.436964, 0.976486
0.939834, -0.475992, 0.972056
0.969509, -0.45149, 0.967676
0.939496, -0.421237, 0.966844
0.929689, -0.451218, 0.970276
stamp: 17650000000
0.422729, -0.442313, 0.976261
0.948756, -0.481853, 0.972153
0.978484, -0.457448, 0.967631
0.948553, -0.427248, 0.966653
0.938761, -0.457024, 0.970257
stamp: 17660000000
0.431368, -0.447392, 0.976107
0.957724, -0.487659, 0.972244
0.987531, -0.463169, 0.967818
0.957699, -0.433092, 0.966354
0.947765, -0.462859, 0.970207
stamp: 17670000000
0.440073, -0.452248, 0.975915
0.966807, -0.493083, 0.972396
0.996563, -0.468876, 0.967826
0.966692, -0.43875, 0.966059
0.956865, -0.468405, 0.970002
stamp: 17680000000
0.448607, -0.456882, 0.975687
0.975875, -0.498597, 0.972508
1.0057, -0.474283, 0.967847
0.975856, -0.444133, 0.965747
0.965883, -0.473901, 0.969869
stamp: 17690000000
0.457172, -0.461417, 0.975408
0.984964, -0.503884, 0.972476
1.01493, -0.479418, 0.967833
0.984853, -0.449428, 0.96534
0.974998, -0.479128, 0.969722
stamp: 17700000000
0.465843, -0.465724, 0.975413
0.994025, -0.508784, 0.972606
1.02402, -0.484629, 0.967892
0.993812, -0.454555, 0.965029
0.984138, -0.48419, 0.969507
stamp: 17709000000
0.474318, -0.469653, 0.975218
1.0031, -0.513781, 0.972675
1.03303, -0.489343, 0.967963
1.003, -0.459494, 0.964683
0.99324, -0.489032, 0.969291
stamp: 17720000000
0.482947, -0.473421, 0.975011
1.01217, -0.518416, 0.972545
1.04219, -0.494053, 0.968004
1.01207, -0.464098, 0.964296
1.00234, -0.493661, 0.969175
stamp: 17730000000
0.491466, -0.477151, 0.974853
1.02126, -0.522803, 0.972594
1.05127, -0.498366, 0.967945
1.02134, -0.468602, 0.96404
1.01144, -0.498159, 0.968866
stamp: 17740000000
0.499855, -0.480596, 0.974774
1.03042, -0.527033, 0.972546
1.06027, -0.502738, 0.967728
1.0304, -0.472887, 0.963666
1.02058, -0.502429, 0.968715
stamp: 17750000000
0.508427, -0.48388, 0.974678
1.03947, -0.531082, 0.972486
1.06942, -0.506671, 0.967692
1.03948, -0.477016, 0.963377
1.02961, -0.506429, 0.968585
stamp: 17760000000
0.51669, -0.486898, 0.974448
1.04855, -0.534735, 0.972276
1.07842, -0.510547, 0.967552
1.04847, -0.480704, 0.96322
1.0386, -0.510234, 0.9683
stamp: 17770000000
0.525302, -0.489583, 0.974454
1.05756, -0.538392, 0.972245
1.08739, -0.514088, 0.967379
1.05759, -0.484374, 0.962764
1.04771, -0.513765, 0.968129
stamp: 17779000000
0.533484, -0.492166, 0.974288
1.06659, -0.541728, 0.972393
1.09663, -0.517574, 0.96711
1.0667, -0.487685, 0.962394
1.05673, -0.517199, 0.967874
stamp: 17790000000
0.541826, -0.49434, 0.974172
1.07571, -0.544732, 0.972176
1.10561, -0.520528, 0.967144
1.07562, -0.490784, 0.96217
1.06575, -0.520328, 0.967676
stamp: 17800000000
0.550154, -0.496356, 0.974105
1.08463, -0.547755, 0.972094
1.11453, -0.523552, 0.967217
1.0847, -0.49354, 0.961862
1.0747, -0.523179, 0.967569
stamp: 17810000000
0.558385, -0.498107, 0.974157
1.09349, -0.55029, 0.972003
1.12355, -0.52613, 0.966941
1.09362, -0.496377, 0.96152
1.08369, -0.525791, 0.96733
stamp: 17820000000
0.566694, -0.499624, 0.974098
1.10224, -0.552613, 0.971851
1.13227, -0.528591, 0.966901
1.10238, -0.498825, 0.961336
1.09256, -0.528133, 0.967132
stamp: 17830000000
0.574858, -0.501071, 0.974124
1.11121, -0.554758, 0.971714
1.14101, -0.530597, 0.966868
1.1112, -0.500962, 0.960897
1.10134, -0.530246, 0.966962
stamp: 17840000000
0.582783, -0.502102, 0.974165
1.11998, -0.556558, 0.971698
1.15, -0.532512, 0.966774
1.12007, -0.502781, 0.960798
1.11015, -0.532163, 0.966739
stamp: 17850000000
0.590801, -0.503146, 0.974066
1.1286, -0.558233, 0.971671
1.15875, -0.533968, 0.966868
1.1287, -0.504445, 0.960392
1.11895, -0.53378, 0.966442
stamp: 17860000000
0.599005, -0.503374, 0.973887
1.13719, -0.559402, 0.97173
1.16742, -0.53527, 0.966952
1.13755, -0.505747, 0.960339
1.12761, -0.535175, 0.966277
stamp: 17870000000
0.606817, -0.503765, 0.974021
1.14608, -0.560516, 0.971522
1.17608, -0.536345, 0.966957
1.14613, -0.506915, 0.960012
1.13604, -0.536269, 0.966193
stamp: 17880000000
0.614768, -0.5038, 0.973931
1.15451, -0.561264, 0.971766
1.18463, -0.537096, 0.966904
1.15468, -0.50767, 0.960169
1.14497, -0.537323, 0.965959
stamp: 17890000000
0.622631, -0.503498, 0.974084
1.16299, -0.561864, 0.971683
1.1932, -0.537656, 0.967029
1.16308, -0.508144, 0.96001
1.15327, -0.537651, 0.966074
stamp: 17900000000
0.63036, -0.503015, 0.974269
1.17171, -0.562241, 0.971632
1.20172, -0.538053, 0.967112
1.17176, -0.508509, 0.959845
1.16168, -0.537847, 0.966106
stamp: 17910000000
0.637995, -0.502387, 0.974291
1.17996, -0.56208, 0.971868
1.21003, -0.538006, 0.967137
1.18005, -0.508366, 0.959834
1.1702, -0.537849, 0.966002
stamp: 17920000000
0.645608, -0.501468, 0.974156
1.18829, -0.561926, 0.971792
1.21855, -0.537714, 0.966947
1.18855, -0.508273, 0.959745
1.17857, -0.537649, 0.966056
stamp: 17930000000
0.653111, -0.500327, 0.974261
1.19676, -0.561393, 0.971604
1.22674, -0.53719, 0.967122
1.19687, -0.507626, 0.959606
1.18687, -0.537049, 0.965961
stamp: 17940000000
0.660741, -0.498876, 0.974367
1.20493, -0.560482, 0.971899
1.23501, -0.536417, 0.967094
1.20491, -0.506847, 0.959751
1.195, -0.53631, 0.966085
stamp: 17950000000
0.668281, -0.497179, 0.974162
1.21312, -0.559505, 0.971906
1.24316, -0.535316, 0.967441
1.21316, -0.505802, 0.959778
1.20325, -0.535261, 0.965992
stamp: 17960000000
0.675588, -0.495212, 0.974236
1.22104, -0.55814, 0.972142
1.25121, -0.533815, 0.96744
1.22124, -0.504522, 0.95981
1.2115, -0.534091, 0.965936
stamp: 17970000000
0.682879, -0.493252, 0.974367
1.22908, -0.556447, 0.972367
1.25913, -0.531962, 0.967647
1.22912, -0.502908, 0.959709
1.21943, -0.532457, 0.966123
stamp: 17980000000
0.690102, -0.4909, 0.974566
1.23715, -0.554612, 0.972147
1.26716, -0.530043, 0.967726
1.237, -0.500936, 0.960046
1.22714, -0.530361, 0.966355
stamp: 17990000000
0.697339, -0.48825, 0.974686
1.2449, -0.55221, 0.972674
1.27493, -0.528334, 0.968083
1.24484, -0.498758, 0.960185
1.23502, -0.528216, 0.966375
stamp: 18000000000
0.704404, -0.485301, 0.974445
1.25248, -0.549801, 0.972886
1.28251, -0.525706, 0.96833
1.25285, -0.496374, 0.960217
1.24287, -0.525859, 0.966495
stamp: 18010000000
0.711266, -0.482354, 0.974645
1.26021, -0.547075, 0.973022
1.2903, -0.522995, 0.968616
1.26037, -0.4936, 0.960514
1.25048, -0.523047, 0.966899
stamp: 18020000000
0.718249, -0.478918, 0.974581
1.26801, -0.544283, 0.972968
1.29797, -0.519736, 0.968693
1.26794, -0.490643, 0.960687
1.25805, -0.520269, 0.966817
stamp: 18030000000
0.725078, -0.475339, 0.974567
1.27544, -0.540896, 0.973545
1.30548, -0.5166, 0.968993
1.27536, -0.487461, 0.961149
1.26553, -0.516974, 0.967304
stamp: 18040000000
0.731856, -0.471667, 0.974491
1.28282, -0.537706, 0.973405
1.31282, -0.513082, 0.969385
1.28258, -0.483949, 0.961442
1.27293, -0.513457, 0.967497
stamp: 18050000000
0.738671, -0.467694, 0.974579
1.29017, -0.533903, 0.973727
1.3202, -0.509425, 0.969843
1.29005, -0.48021, 0.961676
1.28032, -0.509801, 0.967625
stamp: 18060000000
0.745118, -0.46374, 0.974759
1.29719, -0.52999, 0.973895
1.32718, -0.505395, 0.970163
1.29734, -0.47612, 0.96188
1.28757, -0.505886, 0.967867
stamp: 18070000000
0.751723, -0.459262, 0.974641
1.30441, -0.525741, 0.974383
1.33451, -0.501046, 0.970615
1.30436, -0.471917, 0.962322
1.29469, -0.501666, 0.968073
stamp: 18080000000
0.758242, -0.454737, 0.97485
1.31137, -0.521018, 0.974605
1.34137, -0.496598, 0.970847
1.31126, -0.46757, 0.962676
1.30168, -0.497025, 0.968513
stamp: 18090000000
0.764533, -0.449932, 0.974885
1.31829, -0.516275, 0.974985
1.34835, -0.491797, 0.971061
1.31822, -0.462742, 0.962912
1.30851, -0.492319, 0.9687
stamp: 18100000000
0.77088, -0.445032, 0.974766
1.32513, -0.511538, 0.974996
1.35498, -0.486718, 0.971653
1.32505, -0.457658, 0.963043
1.31536, -0.487396, 0.968967
stamp: 18110000000
0.776974, -0.439873, 0.974837
1.33185, -0.506047, 0.975507
1.36199, -0.481572, 0.971659
1.33176, -0.452677, 0.963511
1.32213, -0.482147, 0.969212
stamp: 18120000000
0.783198, -0.434624, 0.974947
1.33843, -0.500745, 0.975631
1.36851, -0.475878, 0.971999
1.33826, -0.44699, 0.963908
1.3287, -0.476816, 0.969381
stamp: 18130000000
0.789153, -0.429112, 0.9751
1.34493, -0.495076, 0.975817
1.37499, -0.470527, 0.972374
1.34493, -0.441473, 0.964019
1.33514, -0.471104, 0.969775
stamp: 18140000000
0.795052, -0.423523, 0.975022
1.3514, -0.489286, 0.975951
1.38149, -0.464439, 0.972584
1.35119, -0.435564, 0.96474
1.34151, -0.465318, 0.969977
stamp: 18150000000
0.801072, -0.417644, 0.975095
1.3576, -0.483213, 0.976238
1.38799, -0.458381, 0.972983
1.35718, -0.429376, 0.965325
1.34782, -0.459238, 0.970158
stamp: 18160000000
0.806766, -0.4117, 0.975194
1.3638, -0.476913, 0.976339
1.39417, -0.451944, 0.9732
1.36353, -0.423316, 0.965351
1.354, -0.452907, 0.97038
stamp: 18170000000
0.812474, -0.4056, 0.975379
1.37002, -0.470435, 0.976291
1.40021, -0.445338, 0.973356
1.37019, -0.416683, 0.965343
1.3601, -0.44633, 0.970695
stamp: 18180000000
0.818007, -0.399295, 0.975414
1.3768, -0.463785, 0.976024
1.40587, -0.43852, 0.973698
1.37629, -0.409907, 0.965653
1.366, -0.439646, 0.970889
stamp: 18190000000
0.823681, -0.392864, 0.975456
1.38262, -0.456974, 0.976071
1.4118, -0.431712, 0.973905
1.38204, -0.402958, 0.965947
1.37171, -0.432672, 0.971059
stamp: 18200000000
0.829081, -0.38641, 0.975577
1.38842, -0.44991, 0.976367
1.41742, -0.4245, 0.974088
1.38752, -0.395647, 0.966365
1.37742, -0.425644, 0.971134
stamp: 18210000000
0.834386, -0.379789, 0.975409
1.39402, -0.442739, 0.97639
1.4232, -0.417446, 0.974233
1.39308, -0.388385, 0.966705
1.38297, -0.418401, 0.971256
stamp: 18220000000
0.839637, -0.372829, 0.975491
1.39925, -0.43524, 0.976451
1.42859, -0.410065, 0.974287
1.39865, -0.381065, 0.966828
1.38841, -0.410909, 0.97143
stamp: 18230000000
0.844738, -0.365913, 0.975587
1.40455, -0.42756, 0.976781
1.43387, -0.402468, 0.974596
1.40422, -0.373259, 0.966672
1.39387, -0.403285, 0.971516
stamp: 18240000000
0.849783, -0.358931, 0.975871
1.41017, -0.419844, 0.976166
1.43897, -0.394522, 0.974768
1.40921, -0.365257, 0.967076
1.39902, -0.395471, 0.971642
stamp: 18250000000
0.854637, -0.351811, 0.975945
1.41502, -0.411736, 0.976215
1.44435, -0.386428, 0.974714
1.41442, -0.357511, 0.96728
1.4043, -0.387412, 0.971755
stamp: 18260000000
0.85957, -0.344469, 0.976031
1.41961, -0.403584, 0.976496
1.44938, -0.378317, 0.974984
1.41947, -0.349327, 0.967642
1.40936, -0.379369, 0.971673
stamp: 18270000000
0.864294, -0.337041, 0.975929
1.4248, -0.395387, 0.976567
1.45419, -0.370317, 0.975028
1.42459, -0.340982, 0.967697
1.41404, -0.370997, 0.971818
stamp: 18280000000
0.868909, -0.329647, 0.97625
1.42975, -0.386807, 0.976551
1.45902, -0.361745, 0.975182
1.42901, -0.332578, 0.967978
1.41899, -0.362579, 0.971598
stamp: 18290000000
0.873587, -0.322093, 0.976177
1.43398, -0.378397, 0.976368
1.46347, -0.352877, 0.97511
1.43338, -0.323949, 0.968319
1.42359, -0.354033, 0.971645
stamp: 18300000000
0.877907, -0.314388, 0.976232
1.43916, -0.369631, 0.975779
1.46796, -0.344589, 0.975144
1.43792, -0.314954, 0.968262
1.42827, -0.345245, 0.971631
stamp: 18310000000
0.882409, -0.306649, 0.976078
1.44325, -0.360818, 0.975974
1.47275, -0.335508, 0.975007
1.44252, -0.30643, 0.968286
1.43287, -0.33632, 0.971523
stamp: 18320000000
0.886593, -0.298835, 0.976379
1.44727, -0.351711, 0.975802
1.47685, -0.32665, 0.974883
1.44697, -0.297294, 0.968461
1.437, -0.327312, 0.971414
stamp: 18330000000
0.890776, -0.290801, 0.976435
1.45176, -0.342699, 0.975455
1.4811, -0.31717, 0.974954
1.45091, -0.288268, 0.968682
1.4412, -0.318223, 0.971441
stamp: 18340000000
0.894711, -0.282988, 0.976365
1.45577, -0.333313, 0.975296
1.48512, -0.308291, 0.975165
1.45501, -0.278781, 0.968537
1.4454, -0.309039, 0.971266
stamp: 18350000000
0.898768, -0.274757, 0.976166
1.45979, -0.32407, 0.975029
1.48896, -0.298767, 0.974751
1.45903, -0.269644, 0.96875
1.44918, -0.299656, 0.97125
stamp: 18360000000
0.902638, -0.266795, 0.976526
1.46352, -0.314597, 0.974983
1.49272, -0.289471, 0.975083
1.46276, -0.260134, 0.968756
1.45309, -0.290255, 0.971181
stamp: 18370000000
0.906301, -0.258556, 0.97633
1.46728, -0.30513, 0.974696
1.49643, -0.279996, 0.974745
1.46658, -0.250555, 0.968732
1.45673, -0.280599, 0.971024
stamp: 18380000000
0.909781, -0.250339, 0.976291
1.47081, -0.29537, 0.974672
1.50006, -0.270284, 0.974935
1.47015, -0.24091, 0.9687
1.46035, -0.270986, 0.970948
stamp: 18390000000
0.913615, -0.24197, 0.976636
1.47422, -0.285558, 0.974381
1.50357, -0.260578, 0.974664
1.47359, -0.231188, 0.968766
1.46369, -0.261171, 0.970805
stamp: 18400000000
0.917043, -0.23376, 0.976434
1.47754, -0.275851, 0.974334
1.50705, -0.250623, 0.974372
1.4768, -0.221117, 0.968871
1.46711, -0.251309, 0.970729
stamp: 18410000000
0.920069, -0.225497, 0.976382
1.4807, -0.265739, 0.973903
1.51005, -0.240889, 0.974443
1.48026, -0.211252, 0.968718
1.47041, -0.241361, 0.970523
stamp: 18420000000
0.923399, -0.216873, 0.976411
1.48401, -0.256013, 0.973798
1.51339, -0.230699, 0.97425
1.48325, -0.201295, 0.968804
1.47341, -0.231395, 0.970547
stamp: 18430000000
0.926631, -0.208567, 0.976237
1.48685, -0.245888, 0.973388
1.51624, -0.220715, 0.974444
1.4862, -0.191012, 0.968626
1.47635, -0.221359, 0.970257
stamp: 18440000000
0.929572, -0.199898, 0.97636
1.48954, -0.235757, 0.973118
1.51893, -0.210594, 0.974336
1.48898, -0.180764, 0.968835
1.4792, -0.211084, 0.970076
stamp: 18450000000
0.932473, -0.191382, 0.976279
1.49233, -0.225459, 0.972959
1.52164, -0.200127, 0.97406
1.49176, -0.170699, 0.968719
1.48188, -0.200874, 0.970054
stamp: 18460000000
0.935334, -0.18274, 0.976231
1.49506, -0.215005, 0.972836
1.52438, -0.190203, 0.973748
1.49438, -0.160276, 0.968576
1.48448, -0.190598, 0.969767
stamp: 18470000000
0.937957, -0.174176, 0.976141
1.49738, -0.204749, 0.972445
1.52704, -0.179834, 0.973856
1.49712, -0.149967, 0.968595
1.48691, -0.180182, 0.969635
stamp: 18480000000
0.940312, -0.165437, 0.976193
1.4995, -0.194474, 0.972094
1.5293, -0.169192, 0.973656
1.49926, -0.139606, 0.968643
1.48933, -0.169783, 0.969549
stamp: 18490000000
0.942628, -0.156731, 0.976165
1.50195, -0.18389, 0.971806
1.53155, -0.158896, 0.973466
1.50137, -0.128917, 0.968597
1.49161, -0.159348, 0.969246
stamp: 18500000000
0.945126, -0.14798, 0.976136
1.50435, -0.173467, 0.971548
1.53375, -0.148315, 0.973337
1.50366, -0.118653, 0.968436
1.49363, -0.148843, 0.969138
stamp: 18510000000
0.947122, -0.139236, 0.976198
1.50594, -0.162982, 0.97125
1.53569, -0.137866, 0.973076
1.50559, -0.108095, 0.968493
1.49553, -0.138291, 0.968828
stamp: 18520000000
0.949184, -0.13042, 0.975915
1.5076, -0.152323, 0.971065
1.53741, -0.127375, 0.972998
1.50752, -0.0974621, 0.96828
1.49734, -0.127701, 0.968744
stamp: 18530000000
0.951025, -0.121664, 0.975823
1.50938, -0.141697, 0.970739
1.53913, -0.116568, 0.972863
1.50911, -0.0868624, 0.968221
1.49913, -0.117081, 0.968503
stamp: 18540000000
0.952922, -0.112874, 0.97579
1.51079, -0.131102, 0.970479
1.54066, -0.106335, 0.972621
1.5108, -0.0762627, 0.968159
1.50063, -0.106459, 0.968253
stamp: 18549000000
0.954423, -0.104045, 0.975791
1.5123, -0.120502, 0.970009
1.5422, -0.095578, 0.972425
1.5122, -0.0654998, 0.968087
1.50206, -0.09577, 0.967972
stamp: 18560000000
0.956166, -0.0949723, 0.97569
1.51359, -0.109767, 0.969719
1.54349, -0.084969, 0.972325
1.51353, -0.0550765, 0.967975
1.50339, -0.0850579, 0.967819
stamp: 18570000000
0.957567, -0.0861544, 0.9757
1.51481, -0.09929, 0.969428
1.54451, -0.0744823, 0.972191
1.51459, -0.0441984, 0.968072
1.50436, -0.074603, 0.96774
stamp: 18580000000
0.9591, -0.0772964, 0.975416
1.51601, -0.0884082, 0.969093
1.54569, -0.0637177, 0.972001
1.51571, -0.0334965, 0.967978
1.50543, -0.0637999, 0.967425
stamp: 18590000000
0.960137, -0.0683614, 0.975394
1.517, -0.0775387, 0.968728
1.54654, -0.0532493, 0.971705
1.51661, -0.022915, 0.967782
1.50644, -0.0530267, 0.967053
stamp: 18600000000
0.961227, -0.0593132, 0.975325
1.51694, -0.0673226, 0.968705
1.54737, -0.0425446, 0.97165
1.5174, -0.0120323, 0.967692
1.50713, -0.04236, 0.966846
stamp: 18610000000
0.962081, -0.0505879, 0.975185
1.51795, -0.0564226, 0.968148
1.54783, -0.0315765, 0.971569
1.51815, -0.00161063, 0.967721
1.50783, -0.0316299, 0.966708
stamp: 18620000000
0.963056, -0.041853, 0.975103
1.51838, -0.0458061, 0.967792
1.54837, -0.020998, 0.971405
1.51873, 0.00934425, 0.967702
1.50822, -0.0210889, 0.966624
stamp: 18630000000
0.963595, -0.0328438, 0.975104
1.51883, -0.035101, 0.967454
1.54882, -0.010313, 0.971199
1.51915, 0.0198761, 0.967421
1.50876, -0.0102472, 0.966259
stamp: 18640000000
0.963979, -0.0238631, 0.975004
1.51896, -0.0244869, 0.967125
1.54894, 0.000197412, 0.97116
1.51916, 0.0304713, 0.967473
1.50902, 0.000337776, 0.965914
stamp: 18650000000
0.964454, -0.0150637, 0.97484
1.51904, -0.0136853, 0.966987
1.54888, 0.0108727, 0.971013
1.51938, 0.0407082, 0.967359
1.50895, 0.010983, 0.965839
stamp: 18660000000
0.964704, -0.0060582, 0.974861
1.51899, -0.00344743, 0.966638
1.54899, 0.0213846, 0.970849
1.51954, 0.051242, 0.967249
1.50879, 0.0213839, 0.965706
stamp: 18670000000
0.964941, 0.00283086, 0.974824
1.51879, 0.00736193, 0.966256
1.54878, 0.0318359, 0.970748
1.51928, 0.061852, 0.967257
1.50912, 0.0318096, 0.965314
stamp: 18680000000
0.9649, 0.0116143, 0.974847
1.51834, 0.0178011, 0.965833
1.54847, 0.0423901, 0.970561
1.51902, 0.0724427, 0.967184
1.50876, 0.0423619, 0.96518
stamp: 18690000000
0.964798, 0.0205585, 0.974352
1.51758, 0.0279532, 0.965924
1.548, 0.052454, 0.970367
1.51841, 0.0827214, 0.967008
1.50804, 0.0527176, 0.965186
stamp: 18700000000
0.964518, 0.0294352, 0.974394
1.51756, 0.0386004, 0.96542
1.5474, 0.06323, 0.970295
1.51776, 0.0935161, 0.967001
1.50745, 0.0632062, 0.964941
stamp: 18710000000
0.964124, 0.0381296, 0.974473
1.5165, 0.0486875, 0.965248
1.54667, 0.0734824, 0.970076
1.51716, 0.103621, 0.966988
1.50691, 0.0736786, 0.964627
stamp: 18720000000
0.963593, 0.046957, 0.97452
1.51627, 0.0595581, 0.964703
1.54567, 0.0835714, 0.970002
1.51624, 0.11392, 0.967002
1.50569, 0.0840356, 0.964515
stamp: 18730000000
0.962789, 0.0557129, 0.974533
1.51495, 0.0698, 0.964723
1.54462, 0.0936267, 0.969953
1.51494, 0.124731, 0.967014
1.50495, 0.0944459, 0.964217
stamp: 18740000000
0.962096, 0.0643576, 0.974203
1.51314, 0.0795175, 0.964714
1.54334, 0.104312, 0.969798
1.51391, 0.134604, 0.966866
1.5034, 0.104517, 0.964229
stamp: 18750000000
0.961051, 0.0734411, 0.974391
1.51193, 0.0898998, 0.964526
1.54201, 0.114579, 0.969707
1.51272, 0.144698, 0.96672
1.50251, 0.1149, 0.963776
stamp: 18760000000
0.959909, 0.0819185, 0.97425
1.51074, 0.100168, 0.964068
1.54042, 0.124441, 0.969691
1.51117, 0.154732, 0.966527
1.50061, 0.125009, 0.96385
stamp: 18770000000
0.958727, 0.0905463, 0.974118
1.50934, 0.110434, 0.96371
1.53874, 0.134461, 0.969539
1.50937, 0.164987, 0.966613
1.49902, 0.134963, 0.963634
stamp: 18780000000
0.957135, 0.0991769, 0.974117
1.50752, 0.120329, 0.963604
1.53687, 0.144205, 0.969419
1.50772, 0.174861, 0.966565
1.49739, 0.145082, 0.963392
stamp: 18790000000
0.955771, 0.107715, 0.974037
1.5053, 0.130159, 0.963379
1.53487, 0.154424, 0.969375
1.5057, 0.184898, 0.966603
1.49516, 0.154924, 0.963395
stamp: 18800000000
0.954174, 0.116395, 0.973811
1.50317, 0.14002, 0.963384
1.53284, 0.164311, 0.969259
1.50358, 0.194661, 0.966671
1.49313, 0.164705, 0.963314
stamp: 18810000000
0.952234, 0.12484, 0.973783
1.50105, 0.149672, 0.963221
1.53064, 0.173988, 0.969237
1.50143, 0.204395, 0.966547
1.49074, 0.174452, 0.963325
stamp: 18820000000
0.950372, 0.133204, 0.973729
1.49842, 0.159476, 0.963118
1.52821, 0.183678, 0.969083
1.49896, 0.214119, 0.966596
1.4887, 0.184304, 0.963058
stamp: 18830000000
0.948283, 0.141484, 0.973442
1.49587, 0.16912, 0.962886
1.5257, 0.193301, 0.968981
1.49644, 0.223738, 0.966545
1.48603, 0.194037, 0.962938
stamp: 18840000000
0.945924, 0.149924, 0.973435
1.49332, 0.17875, 0.96297
1.52292, 0.202608, 0.968987
1.49378, 0.233289, 0.966562
1.48352, 0.203531, 0.962832
stamp: 18850000000
0.943545, 0.158141, 0.973504
1.49072, 0.188223, 0.962733
1.52011, 0.212182, 0.968895
1.49102, 0.242807, 0.966538
1.48062, 0.213023, 0.962779
stamp: 18860000000
0.940994, 0.166494, 0.973275
1.48758, 0.197757, 0.962444
1.51719, 0.22152, 0.968852
1.48801, 0.252202, 0.966642
1.4776, 0.222397, 0.962807
stamp: 18870000000
0.938418, 0.174545, 0.97325
1.48476, 0.207071, 0.962237
1.51398, 0.230812, 0.968767
1.48489, 0.261492, 0.96659
1.47428, 0.231682, 0.962888
stamp: 18880000000
0.935447, 0.182551, 0.973325
1.48057, 0.215897, 0.962435
1.51069, 0.240046, 0.968675
1.4816, 0.270747, 0.966618
1.47108, 0.240926, 0.962807
stamp: 18890000000
0.932555, 0.190627, 0.973276
1.47723, 0.225121, 0.962298
1.5074, 0.249187, 0.968775
1.47828, 0.27957, 0.966784
1.46768, 0.25, 0.962808
stamp: 18900000000
0.929494, 0.198671, 0.973086
1.47354, 0.233979, 0.962247
1.50372, 0.258074, 0.968707
1.47453, 0.288643, 0.96684
1.46404, 0.258932, 0.962746
stamp: 18910000000
0.926357, 0.206499, 0.973006
1.47078, 0.243344, 0.9617
1.5, 0.266984, 0.968594
1.47074, 0.297814, 0.967009
1.46006, 0.267749, 0.962973
stamp: 18920000000
0.922708, 0.21454, 0.972985
1.46619, 0.251772, 0.961856
1.49617, 0.275945, 0.96885
1.46685, 0.306447, 0.967044
1.45648, 0.27674, 0.962746
stamp: 18930000000
0.919164, 0.222205, 0.972945
1.46272, 0.260756, 0.961546
1.49214, 0.284497, 0.968772
1.463, 0.314999, 0.967138
1.45234, 0.285297, 0.962782
stamp: 18940000000
0.915236, 0.23009, 0.973115
1.45778, 0.269052, 0.961774
1.48798, 0.293097, 0.968645
1.45883, 0.323572, 0.967153
1.44822, 0.294004, 0.962709
stamp: 18950000000
0.91146, 0.237671, 0.972947
1.45408, 0.277829, 0.961571
1.48373, 0.301417, 0.968597
1.45459, 0.332033, 0.967207
1.44397, 0.302434, 0.962797
stamp: 18960000000
0.907548, 0.24528, 0.972869
1.44867, 0.28574, 0.96205
1.47931, 0.309844, 0.96859
1.45005, 0.340643, 0.967387
1.43965, 0.310925, 0.962814
stamp: 18970000000
0.90348, 0.252669, 0.972798
1.44487, 0.294149, 0.96175
1.4747, 0.317964, 0.968641
1.44561, 0.348913, 0.967484
1.43495, 0.319031, 0.96295
stamp: 18980000000
0.899027, 0.260069, 0.972893
1.43966, 0.302161, 0.961861
1.47, 0.326277, 0.968784
1.44072, 0.356785, 0.96769
1.42989, 0.327093, 0.963257
stamp: 18990000000
0.894775, 0.267526, 0.97272
1.43513, 0.310322, 0.961907
1.46523, 0.334317, 0.969067
1.43586, 0.364879, 0.967989
1.42544, 0.335263, 0.963071
stamp: 19000000000
0.890134, 0.27469, 0.972831
1.43088, 0.318623, 0.961673
1.46021, 0.342083, 0.969109
1.43108, 0.37277, 0.968105
1.42035, 0.343123, 0.963133
stamp: 19010000000
0.88539, 0.281751, 0.972802
1.42546, 0.326297, 0.961857
1.45499, 0.349774, 0.969142
1.42594, 0.380416, 0.968219
1.41506, 0.350846, 0.963279
stamp: 19020000000
0.880681, 0.288701, 0.97269
1.42006, 0.333812, 0.961756
1.4497, 0.357357, 0.96908
1.42064, 0.388033, 0.96843
1.4101, 0.358668, 0.963202
stamp: 19030000000
0.875679, 0.295631, 0.972724
1.41389, 0.34098, 0.961987
1.44434, 0.364794, 0.969152
1.41529, 0.395477, 0.968627
1.4045, 0.366116, 0.96345
stamp: 19040000000
0.870508, 0.30268, 0.972943
1.4085, 0.348284, 0.96207
1.43886, 0.372389, 0.969326
1.40952, 0.402981, 0.968902
1.39921, 0.373444, 0.9635
stamp: 19050000000
0.865286, 0.3094, 0.972825
1.40283, 0.355543, 0.962215
1.43323, 0.379653, 0.969265
1.40403, 0.410117, 0.968962
1.39348, 0.380674, 0.96368
stamp: 19060000000
0.859996, 0.316017, 0.972791
1.39749, 0.36286, 0.961961
1.42742, 0.386882, 0.969327
1.39819, 0.417137, 0.969139
1.38729, 0.387523, 0.964133
stamp: 19070000000
0.854622, 0.322475, 0.972927
1.39165, 0.369868, 0.961822
1.42141, 0.393567, 0.969468
1.39209, 0.423994, 0.969329
1.38145, 0.394449, 0.964235
stamp: 19080000000
0.848947, 0.328776, 0.972894
1.3859, 0.376808, 0.961738
1.41556, 0.400521, 0.96939
1.38612, 0.430762, 0.969398
1.37556, 0.401169, 0.964591
stamp: 19090000000
0.843221, 0.335071, 0.972919
1.3797, 0.38366, 0.961796
1.40942, 0.40715, 0.96937
1.3804, 0.436983, 0.969243
1.36908, 0.407578, 0.964949
stamp: 19100000000
0.837369, 0.341317, 0.973053
1.37311, 0.389863, 0.962144
1.40316, 0.413758, 0.969571
1.37409, 0.443657, 0.96962
1.36325, 0.414403, 0.964672
stamp: 19110000000
0.83139, 0.347313, 0.972939
1.36652, 0.39622, 0.962108
1.39691, 0.420139, 0.96957
1.36775, 0.450134, 0.969741
1.35426, 0.422012, 0.965791
stamp: 19120000000
0.825268, 0.353228, 0.973101
1.36064, 0.402712, 0.961873
1.39018, 0.426036, 0.969785
1.36142, 0.455933, 0.969929
1.34715, 0.42813, 0.966322
stamp: 19130000000
0.81914, 0.359125, 0.973235
1.35283, 0.408094, 0.962474
1.38359, 0.432203, 0.96956
1.35444, 0.462143, 0.970155
1.34256, 0.433495, 0.965091
stamp: 19140000000
0.812844, 0.364728, 0.973289
1.34659, 0.414252, 0.962524
1.37676, 0.437951, 0.969788
1.34769, 0.467946, 0.970439
1.33388, 0.440036, 0.966382
stamp: 19150000000
0.806458, 0.37016, 0.973333
1.34018, 0.419739, 0.961348
1.36993, 0.44391, 0.969854
1.34073, 0.473926, 0.970781
1.32944, 0.445002, 0.965048
stamp: 19160000000
0.800039, 0.375518, 0.973326
1.33862, 0.423689, 0.957552
1.3628, 0.449281, 0.969945
1.3338, 0.479384, 0.970892
1.32251, 0.45058, 0.965159
stamp: 19170000000
0.793406, 0.380902, 0.973521
1.33725, 0.427504, 0.954058
1.35586, 0.454228, 0.970176
1.3264, 0.48487, 0.97104
1.31271, 0.457063, 0.967082
stamp: 19180000000
0.78673, 0.38584, 0.973564
1.33589, 0.43077, 0.950811
1.34848, 0.459867, 0.970338
1.31922, 0.49018, 0.971378
1.30571, 0.461922, 0.967154
stamp: 19190000000
0.779843, 0.390779, 0.97354
1.34127, 0.465146, 0.970357
1.31175, 0.495107, 0.97157
1.29867, 0.466892, 0.96711
stamp: 19200000000
0.773108, 0.395664, 0.973754
1.33399, 0.469946, 0.970314
1.30444, 0.500124, 0.971913
1.29087, 0.472023, 0.967586
stamp: 19210000000
0.76592, 0.400285, 0.973698
1.3264, 0.474784, 0.970589
1.29699, 0.505102, 0.972028
1.28352, 0.476778, 0.967784
stamp: 19220000000
0.758774, 0.40487, 0.973709
1.31889, 0.479211, 0.970588
1.28852, 0.509852, 0.972919
1.276, 0.481367, 0.967857
stamp: 19230000000
0.751602, 0.40924, 0.973813
1.31105, 0.483728, 0.970594
1.28176, 0.514098, 0.972105
1.26833, 0.485718, 0.96784
stamp: 19240000000
0.744239, 0.413472, 0.973864
1.3031, 0.488114, 0.970739
1.27445, 0.5178, 0.972016
1.26111, 0.489809, 0.967277
stamp: 19250000000
0.736871, 0.417508, 0.973979
1.2953, 0.492182, 0.970956
1.26716, 0.52158, 0.971446
1.25593, 0.493085, 0.965798
stamp: 19260000000
0.729385, 0.42149, 0.973969
1.28724, 0.496333, 0.971268
1.25764, 0.526376, 0.973056
1.24783, 0.497008, 0.966083
stamp: 19270000000
0.721879, 0.425322, 0.973945
1.27906, 0.499804, 0.971526
1.24945, 0.530456, 0.972829
1.23969, 0.500964, 0.966157
stamp: 19280000000
0.714354, 0.428938, 0.973905
1.27059, 0.503407, 0.971862
1.24126, 0.5341, 0.97293
1.2313, 0.5045, 0.96644
stamp: 19290000000
0.706531, 0.432466, 0.973974
1.26218, 0.507367, 0.972362
1.233, 0.537458, 0.973186
1.22304, 0.508056, 0.966465
stamp: 19300000000
0.698862, 0.435757, 0.974061
1.25359, 0.51024, 0.972777
1.22431, 0.540787, 0.973401
1.2143, 0.511441, 0.966652
stamp: 19310000000
0.690893, 0.438861, 0.974013
1.24485, 0.513184, 0.973034
1.21542, 0.543854, 0.973908
1.20555, 0.514441, 0.967116
stamp: 19320000000
0.683012, 0.441715, 0.973972
1.23605, 0.516004, 0.973612
1.20663, 0.546975, 0.974486
1.19677, 0.517641, 0.967186
stamp: 19330000000
0.675046, 0.444766, 0.974029
1.22691, 0.518679, 0.973938
1.19779, 0.549687, 0.974467
1.18799, 0.5205, 0.967239
stamp: 19340000000
0.667152, 0.447395, 0.973921
1.21779, 0.521321, 0.974527
1.18904, 0.552243, 0.974612
1.17878, 0.523046, 0.967435
stamp: 19350000000
0.658785, 0.449869, 0.973894
1.20877, 0.523949, 0.974681
1.17971, 0.554852, 0.974938
1.16951, 0.525625, 0.967717
stamp: 19360000000
0.650729, 0.452206, 0.97386
1.19948, 0.526286, 0.974859
1.17064, 0.557133, 0.975393
1.16055, 0.528002, 0.967616
stamp: 19370000000
0.642505, 0.454404, 0.973922
1.19015, 0.527997, 0.975037
1.16125, 0.559127, 0.97619
1.15118, 0.530123, 0.967991
stamp: 19380000000
0.634328, 0.456505, 0.974018
1.18081, 0.529958, 0.974864
1.15174, 0.561053, 0.976677
1.14171, 0.532066, 0.968305
stamp: 19390000000
0.625878, 0.458361, 0.973925
1.17125, 0.531706, 0.974808
1.14227, 0.562806, 0.977096
1.13218, 0.533848, 0.969103
stamp: 19400000000
0.617659, 0.460116, 0.973993
1.16213, 0.533011, 0.974583
1.13268, 0.56419, 0.977432
1.12254, 0.535251, 0.969639
stamp: 19410000000
0.609178, 0.461578, 0.974058
1.15222, 0.534332, 0.974472
1.1232, 0.565421, 0.977735
1.11292, 0.536758, 0.969599
stamp: 19420000000
0.600633, 0.462929, 0.974163
1.14243, 0.535512, 0.974215
1.11348, 0.566851, 0.97815
1.10312, 0.538093, 0.969825
stamp: 19430000000
0.592124, 0.46407, 0.974059
1.13263, 0.536202, 0.974127
1.1038, 0.567565, 0.978398
1.09322, 0.538974, 0.970485
stamp: 19440000000
0.583604, 0.464974, 0.974125
1.12262, 0.537079, 0.973899
1.09407, 0.56839, 0.978705
1.08323, 0.539816, 0.970663
stamp: 19450000000
0.575041, 0.465769, 0.97416
1.11253, 0.53737, 0.97407
1.08422, 0.568856, 0.978906
1.07315, 0.540416, 0.970614
stamp: 19460000000
0.566478, 0.466409, 0.974173
1.1025, 0.538074, 0.973963
1.07447, 0.569203, 0.979074
1.0628, 0.540964, 0.970981
stamp: 19470000000
0.557799, 0.466856, 0.974345
1.09245, 0.538303, 0.974073
1.06437, 0.569322, 0.979442
1.05298, 0.541108, 0.971102
stamp: 19480000000
0.549046, 0.467131, 0.974486
1.08211, 0.537871, 0.973848
1.05424, 0.569387, 0.979869
1.04288, 0.541037, 0.971188
1.05071, 0.516637, 0.965457
stamp: 19490000000
0.540499, 0.46707, 0.974586
1.07207, 0.537432, 0.97353
1.04428, 0.569078, 0.980003
1.03269, 0.540918, 0.971367
1.04045, 0.516355, 0.965633
stamp: 19500000000
0.531828, 0.46692, 0.974768
1.06172, 0.537062, 0.973462
1.03415, 0.568647, 0.980017
1.02239, 0.54045, 0.971279
1.03011, 0.515821, 0.965654
stamp: 19510000000
0.523072, 0.466716, 0.974836
1.05159, 0.536356, 0.973092
1.02406, 0.567814, 0.979817
1.01222, 0.539785, 0.971345
1.0199, 0.515132, 0.965288
stamp: 19520000000
0.514417, 0.466279, 0.975016
1.04129, 0.53535, 0.972943
1.01391, 0.566997, 0.98007
1.00191, 0.538919, 0.971807
1.00938, 0.514538, 0.965442
stamp: 19530000000
0.505699, 0.465681, 0.975238
1.03126, 0.534361, 0.972768
1.00387, 0.566048, 0.980269
0.991738, 0.537913, 0.971898
0.999163, 0.513099, 0.965252
stamp: 19540000000
0.49691, 0.464728, 0.975618
1.02097, 0.532681, 0.972408
0.993592, 0.564706, 0.980155
0.981453, 0.536452, 0.971418
0.988531, 0.51206, 0.965171
stamp: 19549000000
0.488165, 0.463472, 0.975665
1.01079, 0.53126, 0.971993
0.983599, 0.563006, 0.980079
0.971132, 0.535122, 0.971799
0.978383, 0.510349, 0.965186
stamp: 19560000000
0.479264, 0.46226, 0.975707
1.0005, 0.529266, 0.971877
0.973493, 0.561223, 0.980076
0.961082, 0.533191, 0.971907
0.968187, 0.508724, 0.965173
stamp: 19570000000
0.470596, 0.460912, 0.975878
0.990415, 0.527371, 0.971681
0.963408, 0.55918, 0.9803
0.950797, 0.531218, 0.971938
0.957822, 0.506413, 0.964762
stamp: 19579000000
0.461979, 0.459267, 0.976005
0.980138, 0.524936, 0.971572
0.953203, 0.556977, 0.980257
0.940498, 0.52899, 0.971768
0.947391, 0.504215, 0.965005
stamp: 19590000000
0.453287, 0.457309, 0.976171
0.969722, 0.522389, 0.971397
0.943064, 0.55417, 0.980068
0.930295, 0.526533, 0.971869
0.937192, 0.502021, 0.965296
stamp: 19599000000
0.444266, 0.455394, 0.976315
0.959538, 0.519472, 0.971495
0.932928, 0.551738, 0.9802
0.919919, 0.523847, 0.971987
0.926884, 0.499408, 0.965
stamp: 19609000000
0.435672, 0.453093, 0.976734
0.94929, 0.516471, 0.971582
0.922794, 0.54879, 0.980054
0.90961, 0.520895, 0.971743
0.916568, 0.496417, 0.965008
stamp: 19620000000
0.426995, 0.450712, 0.976801
0.938978, 0.513087, 0.971598
0.912683, 0.545549, 0.980168
0.899536, 0.517872, 0.971747
0.905929, 0.493077, 0.964658
stamp: 19630000000
0.418278, 0.448112, 0.976859
0.928518, 0.509465, 0.97212
0.902528, 0.542078, 0.980322
0.889227, 0.514534, 0.971509
0.895876, 0.489571, 0.964839
stamp: 19640000000
0.409713, 0.445281, 0.977057
0.918401, 0.505687, 0.972256
0.892266, 0.538507, 0.9803
0.87891, 0.510903, 0.971867
0.885564, 0.486096, 0.964874
stamp: 19650000000
0.400907, 0.442496, 0.977047
0.908122, 0.501936, 0.972336
0.882107, 0.534334, 0.980144
0.86888, 0.507025, 0.971685
0.875365, 0.48203, 0.964561
stamp: 19660000000
0.392345, 0.439316, 0.977347
0.898082, 0.497607, 0.972249
0.872174, 0.530311, 0.98029
0.858804, 0.503058, 0.971491
0.865149, 0.478219, 0.965016
stamp: 19670000000
0.383772, 0.435956, 0.977455
0.888067, 0.493152, 0.972008
0.862199, 0.525969, 0.980374
0.848808, 0.498643, 0.971666
0.855227, 0.473918, 0.965082
stamp: 19680000000
0.375173, 0.432515, 0.977588
0.878165, 0.488689, 0.971857
0.852396, 0.521456, 0.980338
0.838723, 0.494078, 0.972032
0.845136, 0.469324, 0.965131
stamp: 19690000000
0.366632, 0.428794, 0.97754
0.868098, 0.483946, 0.971514
0.842194, 0.516804, 0.980384
0.828847, 0.489222, 0.971988
0.83509, 0.464762, 0.965463
stamp: 19700000000
0.358217, 0.425027, 0.977787
0.858141, 0.478672, 0.971467
0.832448, 0.511871, 0.980464
0.818862, 0.484356, 0.972252
0.825, 0.459702, 0.965509
stamp: 19710000000
0.349607, 0.420847, 0.977723
0.847911, 0.473551, 0.971501
0.822526, 0.506561, 0.980303
0.808797, 0.478978, 0.972366
0.814845, 0.454417, 0.965402
stamp: 19720000000
0.341194, 0.416774, 0.977825
0.838045, 0.468008, 0.971914
0.812699, 0.50084, 0.980615
0.798609, 0.473463, 0.972572
0.804793, 0.448973, 0.965522
stamp: 19730000000
0.332798, 0.4122, 0.978022
0.827815, 0.4621, 0.972531
0.802434, 0.495424, 0.980878
0.788595, 0.467896, 0.972658
0.794511, 0.443194, 0.965586
stamp: 19740000000
0.32442, 0.407563, 0.977957
0.817662, 0.455902, 0.972979
0.792232, 0.48929, 0.98111
0.778351, 0.462155, 0.972585
0.784389, 0.437356, 0.965823
stamp: 19750000000
0.315939, 0.402663, 0.978211
0.807218, 0.449448, 0.973758
0.782171, 0.483072, 0.981431
0.768252, 0.456023, 0.972587
0.773906, 0.431379, 0.966079
stamp: 19759000000
0.307557, 0.397875, 0.978316
0.796883, 0.442803, 0.974398
0.771892, 0.476372, 0.981877
0.757615, 0.449852, 0.972655
0.763596, 0.424916, 0.966157
stamp: 19770000000
0.299242, 0.392646, 0.978449
0.78637, 0.43573, 0.975468
0.761352, 0.469671, 0.982634
0.747383, 0.443152, 0.972708
0.753157, 0.418436, 0.966353
stamp: 19780000000
0.290903, 0.387336, 0.978437
0.77598, 0.428616, 0.976167
0.7513, 0.462729, 0.983096
0.737119, 0.436418, 0.972669
0.742743, 0.411546, 0.966068
stamp: 19789000000
0.282734, 0.381915, 0.978492
0.765382, 0.421278, 0.976965
0.740776, 0.455137, 0.983557
0.727187, 0.429078, 0.972411
0.732359, 0.4047, 0.966208
stamp: 19800000000
0.274508, 0.376373, 0.978576
0.754679, 0.413782, 0.977764
0.730344, 0.448082, 0.983906
0.716222, 0.42204, 0.972889
0.721624, 0.397174, 0.966396
stamp: 19810000000
0.266363, 0.370444, 0.978633
0.74395, 0.405736, 0.978304
0.719653, 0.440284, 0.984896
0.70567, 0.414416, 0.973162
0.710971, 0.389567, 0.966249
stamp: 19820000000
0.25844, 0.364668, 0.978932
0.733339, 0.397844, 0.979037
0.709058, 0.432338, 0.985125
0.694596, 0.406681, 0.973514
0.700238, 0.381983, 0.966345
stamp: 19830000000
0.250405, 0.358602, 0.978702
0.722123, 0.389376, 0.979536
0.698206, 0.424185, 0.985751
0.683967, 0.398776, 0.973555
0.689174, 0.373966, 0.966466
stamp: 19840000000
0.242421, 0.352358, 0.978856
0.71094, 0.380749, 0.980139
0.687098, 0.4158, 0.986468
0.67276, 0.39042, 0.973955
0.677836, 0.365613, 0.967189
stamp: 19850000000
0.234485, 0.345962, 0.97892
0.69939, 0.37187, 0.980747
0.676007, 0.407068, 0.986667
0.661822, 0.382192, 0.974171
0.666851, 0.357347, 0.967161
stamp: 19860000000
0.226684, 0.339444, 0.979007
0.687843, 0.36274, 0.981266
0.664495, 0.398031, 0.987449
0.650248, 0.373324, 0.974424
0.655172, 0.348438, 0.967512
stamp: 19870000000
0.218741, 0.332922, 0.979138
0.675936, 0.353291, 0.982261
0.653023, 0.389087, 0.987955
0.638649, 0.364349, 0.974799
0.64323, 0.339483, 0.967454
stamp: 19880000000
0.210844, 0.325849, 0.978992
0.663786, 0.343871, 0.983058
0.641052, 0.379418, 0.988458
0.627012, 0.355226, 0.974994
0.631421, 0.330053, 0.967761
stamp: 19889000000
0.203101, 0.319, 0.979325
0.65166, 0.334139, 0.983679
0.62893, 0.369805, 0.988951
0.615492, 0.345723, 0.976292
0.61926, 0.320534, 0.968118
stamp: 19900000000
0.195318, 0.311911, 0.979279
0.639082, 0.324039, 0.984216
0.616684, 0.36005, 0.989341
0.602887, 0.335943, 0.975939
0.606764, 0.310616, 0.968411
stamp: 19910000000
0.187883, 0.304635, 0.979487
0.626849, 0.313941, 0.984758
0.604358, 0.349948, 0.989448
0.590485, 0.325831, 0.976709
0.594182, 0.300623, 0.969058
stamp: 19920000000
0.180207, 0.29755, 0.979569
0.614315, 0.303744, 0.984879
0.5922, 0.339917, 0.989508
0.577686, 0.315478, 0.97696
0.58121, 0.290654, 0.969547
stamp: 19930000000
0.172546, 0.289957, 0.979496
0.601778, 0.29366, 0.984553
0.579933, 0.330014, 0.989085
0.564951, 0.3053, 0.97726
0.568511, 0.279979, 0.970941
stamp: 19940000000
0.165007, 0.282388, 0.97977
0.58939, 0.283203, 0.983984
0.567479, 0.319803, 0.988327
0.551863, 0.294863, 0.977253
0.555472, 0.269292, 0.971588
stamp: 19950000000
0.157538, 0.274693, 0.979819
0.576789, 0.272808, 0.982721
0.55529, 0.309331, 0.987822
0.539035, 0.284197, 0.977835
0.542529, 0.258535, 0.972401
stamp: 19960000000
0.150147, 0.266805, 0.979773
0.564561, 0.262275, 0.981165
0.543149, 0.29878, 0.986807
0.526384, 0.273329, 0.978276
0.529587, 0.247656, 0.973346
stamp: 19970000000
0.142876, 0.258849, 0.979934
0.552269, 0.251622, 0.979266
0.530902, 0.28809, 0.985332
0.513954, 0.262215, 0.97901
0.516873, 0.236604, 0.973997
stamp: 19980000000
0.135609, 0.250938, 0.980171
0.539942, 0.240744, 0.976822
0.518837, 0.277214, 0.984173
0.501515, 0.251107, 0.97934
0.50433, 0.225302, 0.974429
stamp: 19990000000
0.128299, 0.24272, 0.980192
0.527461, 0.2299, 0.974151
0.506917, 0.266096, 0.982789
0.489488, 0.239903, 0.979593
0.492009, 0.213991, 0.974819
stamp: 20000000000
0.121118, 0.234456, 0.980371
0.514905, 0.218769, 0.971387
0.494773, 0.254812, 0.981109
0.477458, 0.228563, 0.979626
0.479766, 0.202687, 0.974716
stamp: 20010000000
0.114071, 0.226029, 0.980398
0.502645, 0.207511, 0.968822
0.483087, 0.243581, 0.979609
0.465875, 0.217264, 0.979892
0.467845, 0.19129, 0.97451
stamp: 20020000000
0.107121, 0.217809, 0.980504
0.490331, 0.1961, 0.966097
0.471315, 0.232102, 0.978096
0.454468, 0.205796, 0.979643
0.456005, 0.17997, 0.974168
stamp: 20030000000
0.10001, 0.209258, 0.980664
0.478329, 0.184702, 0.963591
0.459793, 0.22081, 0.976436
0.442988, 0.19437, 0.979157
0.444547, 0.168211, 0.973611
stamp: 20040000000
0.0930006, 0.200615, 0.980756
0.466554, 0.173383, 0.961028
0.448575, 0.209302, 0.974621
0.432116, 0.182733, 0.978532
0.433367, 0.15689, 0.973155
stamp: 20050000000
0.0861968, 0.191919, 0.981049
0.455196, 0.161823, 0.959089
0.437544, 0.197855, 0.972954
0.421405, 0.171178, 0.9777
0.422565, 0.145259, 0.972378
stamp: 20060000000
0.0793092, 0.183145, 0.981302
0.444377, 0.150172, 0.957262
0.427123, 0.186285, 0.971456
0.411384, 0.159802, 0.976958
0.41246, 0.133727, 0.971817
stamp: 20070000000
0.0724037, 0.174173, 0.981238
0.433964, 0.138659, 0.955697
0.416766, 0.174821, 0.969695
0.401362, 0.148409, 0.975968
0.402492, 0.122088, 0.971191
stamp: 20080000000
0.0656593, 0.16546, 0.981393
0.424265, 0.127204, 0.954456
0.40701, 0.163419, 0.967996
0.391764, 0.136799, 0.974708
0.39322, 0.110585, 0.970467
stamp: 20090000000
0.0588079, 0.156297, 0.981537
0.415555, 0.115716, 0.95352
0.397574, 0.151953, 0.966445
0.382703, 0.125463, 0.97341
0.384306, 0.0992245, 0.96986
stamp: 20100000000
0.052161, 0.14736, 0.981595
0.40706, 0.104488, 0.952685
0.388877, 0.140577, 0.964918
0.373863, 0.113929, 0.9723
0.375787, 0.0876179, 0.968736
stamp: 20110000000
0.0454532, 0.138189, 0.981716
0.399087, 0.0928911, 0.951842
0.380719, 0.129208, 0.963771
0.365837, 0.102528, 0.971036
0.367938, 0.0763816, 0.968061
stamp: 20120000000
0.0387053, 0.128867, 0.981756
0.391955, 0.0815772, 0.951145
0.373051, 0.117893, 0.962513
0.358268, 0.0912394, 0.969829
0.360712, 0.065059, 0.967125
stamp: 20130000000
0.0321385, 0.119769, 0.981879
0.385286, 0.070449, 0.950444
0.36613, 0.106622, 0.961473
0.351506, 0.0796989, 0.968705
0.353924, 0.0534316, 0.965912
stamp: 20140000000
0.0255904, 0.110412, 0.982118
0.379483, 0.0590979, 0.949756
0.359719, 0.0952021, 0.960355
0.345224, 0.0683395, 0.96775
0.34784, 0.0421454, 0.96493
stamp: 20150000000
0.0190497, 0.101224, 0.982092
0.373802, 0.0481076, 0.948993
0.353939, 0.0841382, 0.959532
0.339404, 0.0571773, 0.966376
0.34238, 0.0310508, 0.963927
stamp: 20160000000
0.0124607, 0.0918749, 0.982145
0.368865, 0.0369891, 0.948124
0.348904, 0.0729194, 0.958691
0.334337, 0.0458145, 0.965462
0.337316, 0.019625, 0.962936
stamp: 20171000000
0.00585449, 0.0826134, 0.982149
0.364448, 0.026054, 0.947523
0.344316, 0.0619743, 0.957962
0.329704, 0.0346686, 0.964444
0.332787, 0.00863212, 0.961878
stamp: 20180000000
-0.000613243, 0.0731741, 0.981978
0.360586, 0.0151111, 0.946868
0.340226, 0.0507273, 0.957182
0.325682, 0.0237043, 0.96345
0.329011, -0.00233145, 0.961048
stamp: 20190000000
-0.00711381, 0.0635957, 0.98196
0.357288, 0.00422689, 0.946396
0.336704, 0.0399909, 0.95652
0.322003, 0.0126373, 0.962585
0.325564, -0.0134393, 0.960214
stamp: 20200000000
-0.013587, 0.0543962, 0.981942
0.354484, -0.00642303, 0.946051
0.333423, 0.0292168, 0.956003
0.318888, 0.00184802, 0.961815
0.322526, -0.024274, 0.959504
stamp: 20210000000
-0.0201497, 0.0448018, 0.98179
0.352003, -0.0171369, 0.945981
0.330789, 0.0184796, 0.955493
0.316205, -0.00888552, 0.961108
0.320071, -0.0348394, 0.958948
stamp: 20220000000
-0.0264805, 0.0353623, 0.981833
0.350242, -0.0276358, 0.94623
0.3284, 0.00786924, 0.955072
0.313959, -0.0196261, 0.960382
0.317989, -0.0456523, 0.958431
stamp: 20230000000
-0.0329836, 0.0260374, 0.98157
0.348545, -0.0380281, 0.946527
0.326637, -0.00276469, 0.954627
0.312003, -0.0302343, 0.95958
0.316247, -0.0563873, 0.957856
stamp: 20240000000
-0.0393928, 0.0165489, 0.981412
0.347385, -0.0483714, 0.946897
0.324935, -0.0132276, 0.954419
0.310368, -0.0406743, 0.958975
0.315102, -0.0668899, 0.957409
stamp: 20250000000
-0.0457693, 0.00710702, 0.981385
0.34649, -0.0584793, 0.947226
0.323802, -0.0235165, 0.954243
0.309168, -0.0510974, 0.958282
0.313806, -0.077281, 0.95672
stamp: 20260000000
-0.0521179, -0.00239525, 0.98126
0.346146, -0.0687213, 0.94772
0.322813, -0.0336618, 0.95415
0.308342, -0.0614398, 0.957708
0.313049, -0.0875228, 0.956418
stamp: 20270000000
-0.058522, -0.0118311, 0.980946
0.345682, -0.0787707, 0.948201
0.322265, -0.0438703, 0.953838
0.307704, -0.0717018, 0.957094
0.312607, -0.0979598, 0.956001
stamp: 20280000000
-0.0649423, -0.021059, 0.980809
0.345523, -0.0888103, 0.94851
0.321997, -0.053996, 0.953546
0.307408, -0.0817785, 0.956501
0.312402, -0.107978, 0.955575
stamp: 20290000000
-0.0714146, -0.0304783, 0.980599
0.345733, -0.0989554, 0.948916
0.321891, -0.0640962, 0.953444
0.307245, -0.0918408, 0.955992
0.312456, -0.117948, 0.955215
stamp: 20300000000
-0.0778058, -0.0400034, 0.980337
0.346212, -0.108675, 0.949358
0.322045, -0.0740398, 0.95326
0.307399, -0.101881, 0.955317
0.312669, -0.127835, 0.95484
stamp: 20310000000
-0.0840915, -0.0492715, 0.980171
0.346438, -0.118518, 0.949619
0.322225, -0.0838895, 0.952848
0.30763, -0.111695, 0.95484
0.313085, -0.137758, 0.954293
stamp: 20320000000
-0.090639, -0.0586934, 0.980146
0.347063, -0.128144, 0.950072
0.322606, -0.0935042, 0.952679
0.308077, -0.121487, 0.954143
0.313425, -0.147506, 0.953949
stamp: 20330000000
-0.0971816, -0.0678131, 0.979764
0.34765, -0.137755, 0.950291
0.323314, -0.103106, 0.952435
0.308627, -0.131066, 0.953571
0.313977, -0.157147, 0.95351
stamp: 20340000000
-0.103553, -0.0771784, 0.979452
0.348466, -0.147186, 0.950681
0.323791, -0.112701, 0.952386
0.309347, -0.140562, 0.952983
0.314855, -0.166655, 0.953122
stamp: 20350000000
-0.10991, -0.0863133, 0.979443
0.349126, -0.156546, 0.951014
0.324487, -0.122079, 0.951799
0.310008, -0.150095, 0.952532
0.31535, -0.176078, 0.952722
stamp: 20360000000
-0.116408, -0.0955423, 0.979297
0.350042, -0.165988, 0.951547
0.325199, -0.131409, 0.95145
0.3108, -0.15943, 0.951932
0.316158, -0.185476, 0.952107
stamp: 20370000000
-0.122855, -0.104626, 0.979026
0.350592, -0.175193, 0.951901
0.326005, -0.140501, 0.951276
0.311422, -0.168537, 0.951249
0.316835, -0.194679, 0.951867
stamp: 20380000000
-0.129284, -0.113694, 0.978926
0.351549, -0.184312, 0.95232
0.32693, -0.149744, 0.950882
0.312236, -0.177781, 0.950596
0.317802, -0.203689, 0.951483
stamp: 20390000000
-0.135884, -0.122586, 0.978712
0.352128, -0.19336, 0.95258
0.327535, -0.158683, 0.950625
0.31308, -0.186738, 0.950208
0.318425, -0.212767, 0.951084
stamp: 20400000000
-0.142401, -0.13156, 0.978603
0.352782, -0.202281, 0.952761
0.328201, -0.167726, 0.950475
0.313737, -0.195539, 0.949313
0.319152, -0.221665, 0.950473
stamp: 20410000000
-0.148938, -0.140282, 0.978609
0.353402, -0.210991, 0.953027
0.328743, -0.176461, 0.950112
0.314281, -0.20425, 0.94864
0.319874, -0.23037, 0.950291
stamp: 20420000000
-0.155524, -0.149223, 0.978555
0.353842, -0.219656, 0.953353
0.329502, -0.18512, 0.949899
0.315052, -0.213127, 0.948432
0.320215, -0.239067, 0.949991
stamp: 20430000000
-0.162225, -0.157908, 0.978421
0.354293, -0.228159, 0.953641
0.33003, -0.193756, 0.949436
0.315557, -0.221707, 0.947994
0.320743, -0.247501, 0.949594
stamp: 20440000000
-0.168672, -0.166736, 0.978406
0.354454, -0.236571, 0.953859
0.330245, -0.202135, 0.949364
0.315877, -0.230105, 0.947555
0.321058, -0.255874, 0.949249
stamp: 20450000000
-0.175279, -0.175301, 0.978423
0.354585, -0.244875, 0.954135
0.330528, -0.210468, 0.948957
0.315964, -0.238357, 0.947059
0.32111, -0.264406, 0.949294
stamp: 20460000000
-0.18189, -0.183838, 0.97825
0.354541, -0.253038, 0.954536
0.330553, -0.218505, 0.948751
0.315987, -0.246446, 0.946719
0.321069, -0.272466, 0.949102
stamp: 20470000000
-0.188706, -0.192245, 0.978352
0.35435, -0.261039, 0.954854
0.3303, -0.226539, 0.948386
0.315914, -0.254486, 0.946375
0.32091, -0.280527, 0.948787
stamp: 20480000000
-0.195405, -0.20058, 0.978373
0.353908, -0.268973, 0.95517
0.329984, -0.234531, 0.948296
0.315591, -0.262459, 0.94627
0.320727, -0.288453, 0.948654
stamp: 20490000000
-0.202103, -0.208815, 0.978277
0.353297, -0.276654, 0.955612
0.329443, -0.242345, 0.948231
0.315125, -0.27035, 0.946123
0.320215, -0.296382, 0.948946
stamp: 20500000000
-0.208816, -0.217031, 0.978272
0.352481, -0.284434, 0.956013
0.328492, -0.249922, 0.948218
0.314363, -0.277891, 0.945962
0.319203, -0.303928, 0.948767
stamp: 20510000000
-0.215545, -0.225062, 0.978237
0.351505, -0.291957, 0.956458
0.327649, -0.257487, 0.948356
0.313355, -0.285518, 0.94608
0.318294, -0.311558, 0.94906
stamp: 20520000000
-0.222378, -0.233093, 0.97834
0.350109, -0.299243, 0.95691
0.326483, -0.264856, 0.948526
0.31223, -0.292745, 0.946154
0.317106, -0.318986, 0.949547
stamp: 20530000000
-0.229128, -0.241005, 0.978313
0.348475, -0.306367, 0.957339
0.324947, -0.272103, 0.948649
0.310668, -0.300124, 0.946284
0.315602, -0.326148, 0.949715
stamp: 20540000000
-0.236095, -0.248731, 0.97838
0.346724, -0.313525, 0.957795
0.323247, -0.279165, 0.948897
0.308917, -0.307287, 0.946505
0.313777, -0.333166, 0.949946
stamp: 20550000000
-0.242996, -0.256487, 0.978437
0.344631, -0.32033, 0.95838
0.321059, -0.286149, 0.949135
0.307039, -0.314292, 0.946828
0.31189, -0.340129, 0.950606
stamp: 20560000000
-0.249998, -0.264051, 0.978436
0.342353, -0.327031, 0.958953
0.318794, -0.292919, 0.949572
0.304577, -0.32098, 0.947212
0.309521, -0.346983, 0.950786
stamp: 20570000000
-0.25688, -0.271501, 0.97835
0.33987, -0.33365, 0.959621
0.31631, -0.299596, 0.949901
0.302093, -0.327565, 0.947655
0.307031, -0.353577, 0.951438
stamp: 20580000000
-0.26396, -0.278876, 0.978338
0.336938, -0.340013, 0.960291
0.313473, -0.30602, 0.950543
0.2993, -0.334202, 0.948301
0.304212, -0.360013, 0.951953
stamp: 20590000000
-0.270973, -0.28619, 0.978287
0.333841, -0.34635, 0.960907
0.309993, -0.312466, 0.950856
0.296169, -0.340507, 0.94875
0.3011, -0.366232, 0.95278
stamp: 20600000000
-0.278112, -0.293241, 0.978241
0.330348, -0.352418, 0.961669
0.306561, -0.318514, 0.951544
0.292689, -0.34661, 0.949183
0.297732, -0.372322, 0.953482
stamp: 20610000000
-0.285152, -0.300243, 0.978202
0.326719, -0.358466, 0.962432
0.303022, -0.324453, 0.952155
0.288981, -0.352671, 0.949974
0.294201, -0.378443, 0.954228
stamp: 20620000000
-0.292144, -0.307229, 0.978157
0.322758, -0.364277, 0.963055
0.298854, -0.330319, 0.952884
0.285115, -0.358413, 0.950502
0.29008, -0.384168, 0.954842
stamp: 20630000000
-0.299366, -0.314016, 0.977951
0.318501, -0.369896, 0.963643
0.294729, -0.335883, 0.953182
0.280911, -0.364297, 0.951304
0.285884, -0.389871, 0.955785
stamp: 20640000000
-0.306655, -0.320732, 0.977729
0.313916, -0.375221, 0.964388
0.290293, -0.341472, 0.954028
0.276447, -0.36971, 0.952194
0.281482, -0.395466, 0.956344
stamp: 20650000000
-0.313737, -0.327143, 0.977697
0.30928, -0.380574, 0.965051
0.285507, -0.346949, 0.954507
0.271692, -0.375149, 0.952903
0.27669, -0.400781, 0.956839
stamp: 20660000000
-0.320973, -0.33356, 0.977509
0.304216, -0.385662, 0.965765
0.280301, -0.352105, 0.955191
0.2665, -0.380347, 0.953588
0.271868, -0.405916, 0.957714
stamp: 20670000000
-0.328294, -0.339754, 0.977416
0.299039, -0.390661, 0.966461
0.274709, -0.357253, 0.955896
0.261257, -0.385455, 0.954362
0.266538, -0.411112, 0.958638
stamp: 20680000000
-0.33566, -0.34595, 0.977167
0.293524, -0.395454, 0.96692
0.269535, -0.362058, 0.956491
0.255773, -0.390222, 0.954976
0.261061, -0.416079, 0.959394
stamp: 20690000000
-0.342887, -0.351828, 0.977017
0.287819, -0.400148, 0.967625
0.263356, -0.366818, 0.957135
0.24993, -0.395078, 0.955822
0.255233, -0.420646, 0.959917
stamp: 20700000000
-0.350266, -0.357764, 0.976754
0.281807, -0.404583, 0.968124
0.257199, -0.371499, 0.957762
0.243914, -0.399515, 0.956431
0.249014, -0.425277, 0.960694
stamp: 20709000000
-0.357564, -0.363591, 0.976681
0.275485, -0.409015, 0.968678
0.251067, -0.375704, 0.958236
0.237511, -0.404117, 0.957165
0.242885, -0.429511, 0.961416
stamp: 20720000000
-0.365056, -0.36904, 0.976376
0.268972, -0.413243, 0.969094
0.244569, -0.380091, 0.958969
0.230897, -0.40837, 0.957932
0.236367, -0.433807, 0.961935
stamp: 20730000000
-0.372488, -0.374621, 0.976247
0.262445, -0.417308, 0.969555
0.237612, -0.384156, 0.959633
0.224236, -0.412443, 0.95851
0.229817, -0.437978, 0.962678
stamp: 20740000000
-0.379998, -0.379897, 0.976009
0.255375, -0.42122, 0.969872
0.230828, -0.387953, 0.960129
0.217168, -0.41641, 0.959038
0.222816, -0.44186, 0.963267
stamp: 20750000000
-0.387474, -0.385025, 0.975892
0.248225, -0.424885, 0.970243
0.223539, -0.391844, 0.960849
0.210042, -0.420085, 0.95975
0.215505, -0.445528, 0.963871
stamp: 20760000000
-0.394957, -0.390083, 0.975717
0.240934, -0.428471, 0.970515
0.216196, -0.395382, 0.961085
0.202597, -0.423713, 0.960286
0.20826, -0.449268, 0.964659
stamp: 20770000000
-0.402555, -0.394948, 0.975542
0.233393, -0.432013, 0.970808
0.208494, -0.39888, 0.961688
0.195049, -0.427197, 0.960865
0.200835, -0.452709, 0.965102
stamp: 20780000000
-0.41007, -0.399611, 0.975423
0.225705, -0.435308, 0.971121
0.20066, -0.402007, 0.961915
0.187267, -0.430573, 0.961372
0.19304, -0.456029, 0.96541
stamp: 20790000000
-0.417683, -0.404104, 0.97524
0.217937, -0.438431, 0.971411
0.192755, -0.405215, 0.962355
0.17927, -0.433745, 0.96217
0.18527, -0.459317, 0.96601
stamp: 20800000000
-0.425228, -0.408474, 0.975155
0.209816, -0.441333, 0.971474
0.184552, -0.408112, 0.962646
0.171201, -0.43676, 0.96263
0.177049, -0.462279, 0.966607
stamp: 20810000000
-0.432911, -0.412732, 0.975143
0.201606, -0.444156, 0.971507
0.176415, -0.411235, 0.963442
0.162917, -0.439623, 0.962985
0.168974, -0.464993, 0.966919
stamp: 20820000000
-0.44057, -0.416797, 0.975009
0.193266, -0.446804, 0.971587
0.167871, -0.41378, 0.963581
0.154567, -0.44219, 0.963562
0.160425, -0.467686, 0.967313
stamp: 20830000000
-0.448191, -0.420731, 0.97502
0.184832, -0.449229, 0.97161
0.1595, -0.416286, 0.96383
0.146011, -0.444797, 0.963977
0.152002, -0.470169, 0.967629
stamp: 20840000000
-0.455832, -0.424296, 0.975073
0.176175, -0.451674, 0.971664
0.150461, -0.418816, 0.96392
0.137296, -0.44714, 0.964446
0.143224, -0.472571, 0.968088
stamp: 20850000000
-0.463558, -0.427961, 0.975075
0.167468, -0.453891, 0.971572
0.141874, -0.420932, 0.964356
0.12832, -0.449404, 0.964518
0.134422, -0.47486, 0.968274
stamp: 20860000000
-0.471301, -0.431415, 0.975021
0.158553, -0.456067, 0.971601
0.132804, -0.422954, 0.964638
0.119413, -0.451525, 0.965118
0.125515, -0.476952, 0.968687
stamp: 20870000000
-0.479021, -0.434633, 0.975012
0.14956, -0.458022, 0.971645
0.123901, -0.42476, 0.964655
0.110382, -0.453509, 0.965516
0.116584, -0.478809, 0.968678
stamp: 20880000000
-0.486741, -0.437687, 0.975109
0.140389, -0.459828, 0.97153
0.114469, -0.426785, 0.964947
0.101232, -0.455211, 0.96557
0.107367, -0.480734, 0.968974
stamp: 20890000000
-0.494523, -0.440548, 0.97522
0.131096, -0.46136, 0.971609
0.105185, -0.428499, 0.965089
0.0918852, -0.456995, 0.965881
0.0982145, -0.482318, 0.96915
stamp: 20900000000
-0.502365, -0.443393, 0.975216
0.121896, -0.462987, 0.971518
0.0957284, -0.429955, 0.965248
0.0825006, -0.458452, 0.966052
0.0888007, -0.483916, 0.969328
stamp: 20910000000
-0.510043, -0.44597, 0.975348
0.112418, -0.464222, 0.971458
0.086417, -0.431137, 0.965262
0.0731672, -0.459707, 0.966233
0.0794347, -0.485214, 0.969492
stamp: 20920000000
-0.51787, -0.448412, 0.975409
0.10296, -0.465518, 0.971416
0.0767612, -0.4324, 0.96531
0.063699, -0.461044, 0.966523
0.0698915, -0.486474, 0.969385
stamp: 20930000000
-0.525711, -0.450592, 0.975572
0.0935071, -0.46664, 0.971248
0.0673976, -0.433546, 0.965468
0.0542244, -0.461929, 0.966639
0.0605041, -0.487621, 0.969806
stamp: 20940000000
-0.533506, -0.452706, 0.975664
0.0838371, -0.467557, 0.971127
0.0579574, -0.434476, 0.965867
0.0446296, -0.463039, 0.966845
0.050812, -0.488607, 0.969919
stamp: 20950000000
-0.541236, -0.45463, 0.975754
0.0743116, -0.468294, 0.970902
0.0481308, -0.435214, 0.965736
0.0347773, -0.463845, 0.966922
0.0413272, -0.48942, 0.96997
stamp: 20960000000
-0.549071, -0.456334, 0.975889
0.0646552, -0.469015, 0.970852
0.0381634, -0.436086, 0.965865
0.025082, -0.464493, 0.967131
0.0315446, -0.490124, 0.969984
stamp: 20970000000
-0.556905, -0.457961, 0.976068
0.0549695, -0.469464, 0.970732
0.0286857, -0.436548, 0.966117
0.0155516, -0.465002, 0.967425
0.021919, -0.490522, 0.970216
stamp: 20980000000
-0.564693, -0.459282, 0.976202
0.0451807, -0.469904, 0.970631
0.0187779, -0.436791, 0.966132
0.00566745, -0.465368, 0.967546
0.0123761, -0.490853, 0.970337
stamp: 20990000000
-0.572514, -0.460571, 0.976289
0.0354379, -0.470243, 0.970588
0.00909771, -0.43704, 0.966226
-0.00408433, -0.465517, 0.967476
0.00233101, -0.491027, 0.970412
stamp: 21000000000
-0.580398, -0.461737, 0.976386
0.0255163, -0.47024, 0.97054
-0.000677687, -0.437148, 0.966223
-0.0139288, -0.465731, 0.967813
-0.00759402, -0.491243, 0.970505
stamp: 21010000000
-0.588128, -0.462632, 0.976546
0.0157953, -0.470332, 0.970429
-0.010665, -0.4372, 0.966246
-0.0237601, -0.465767, 0.968129
-0.0171822, -0.491287, 0.970578
stamp: 21020000000
-0.595911, -0.463397, 0.976614
0.00595556, -0.470081, 0.97045
-0.0205619, -0.437309, 0.966493
-0.0336152, -0.465573, 0.968156
-0.0268896, -0.491131, 0.970818
stamp: 21030000000
-0.603754, -0.464021, 0.976672
-0.00374707, -0.469719, 0.970603
-0.0302705, -0.43671, 0.966581
-0.0433978, -0.465322, 0.968337
-0.0369871, -0.490687, 0.971144
stamp: 21040000000
-0.611599, -0.464398, 0.976747
-0.0135674, -0.469511, 0.970584
-0.0400369, -0.436264, 0.966694
-0.0531998, -0.464842, 0.968628
-0.0466393, -0.490354, 0.971239
stamp: 21050000000
-0.619369, -0.464643, 0.976845
-0.023348, -0.468753, 0.970579
-0.0500043, -0.435716, 0.966734
-0.0629495, -0.464245, 0.968831
-0.0565283, -0.489879, 0.971254
stamp: 21059000000
-0.627111, -0.46479, 0.976912
-0.0332529, -0.46804, 0.970545
-0.0598862, -0.435161, 0.966886
-0.0728608, -0.463652, 0.968919
-0.066058, -0.489235, 0.971419
stamp: 21070000000
-0.634833, -0.46471, 0.976996
-0.0429274, -0.467356, 0.970471
-0.0695311, -0.434247, 0.967081
-0.0826337, -0.462849, 0.96907
-0.0759123, -0.488402, 0.971741
stamp: 21079000000
-0.642554, -0.464556, 0.977048
-0.052826, -0.466374, 0.970651
-0.0792981, -0.433561, 0.96728
-0.092326, -0.461879, 0.969481
-0.085733, -0.487314, 0.971875
stamp: 21090000000
-0.650213, -0.464147, 0.977147
-0.0624565, -0.46525, 0.970695
-0.089115, -0.432421, 0.967373
-0.101932, -0.460885, 0.969777
-0.0954292, -0.486144, 0.972198
stamp: 21100000000
-0.658013, -0.463614, 0.977119
-0.0721876, -0.464051, 0.970675
-0.0989172, -0.43137, 0.967562
-0.111561, -0.459653, 0.970025
-0.105213, -0.484948, 0.972342
stamp: 21109000000
-0.66563, -0.462884, 0.977147
-0.0819482, -0.462689, 0.970863
-0.108558, -0.430002, 0.967596
-0.121395, -0.458367, 0.970183
-0.114785, -0.48365, 0.972504
stamp: 21120000000
-0.673304, -0.462089, 0.977122
-0.0915478, -0.461195, 0.970892
-0.11818, -0.428247, 0.967663
-0.130975, -0.456819, 0.970523
-0.124366, -0.482214, 0.972773
stamp: 21130000000
-0.680863, -0.461062, 0.977142
-0.101071, -0.459594, 0.971102
-0.127687, -0.426648, 0.96794
-0.140618, -0.455213, 0.97053
-0.134054, -0.480734, 0.972885
stamp: 21140000000
-0.688409, -0.459846, 0.977231
-0.1107, -0.45794, 0.971115
-0.137203, -0.424996, 0.967893
-0.150121, -0.45348, 0.97087
-0.143381, -0.479088, 0.973511
stamp: 21150000000
-0.69594, -0.458539, 0.977258
-0.12002, -0.456089, 0.971201
-0.146739, -0.423135, 0.967923
-0.159404, -0.451713, 0.971141
-0.152788, -0.477146, 0.973615
stamp: 21160000000
-0.703494, -0.457129, 0.977253
-0.129574, -0.454134, 0.971251
-0.156264, -0.421133, 0.967962
-0.169017, -0.449776, 0.971165
-0.162192, -0.475291, 0.97364
stamp: 21170000000
-0.710973, -0.455403, 0.977324
-0.138887, -0.451887, 0.971389
-0.165536, -0.418973, 0.968069
-0.178318, -0.447602, 0.97142
-0.171459, -0.473147, 0.973917
stamp: 21180000000
-0.718363, -0.453577, 0.977317
-0.148261, -0.449575, 0.971287
-0.174989, -0.416798, 0.96835
-0.187778, -0.445377, 0.971485
-0.180954, -0.47086, 0.97396
stamp: 21190000000
-0.725724, -0.451564, 0.97743
-0.157452, -0.447282, 0.9714
-0.184183, -0.414313, 0.968464
-0.196971, -0.442922, 0.971663
-0.190088, -0.468332, 0.974229
stamp: 21200000000
-0.733058, -0.449444, 0.977476
-0.166553, -0.444809, 0.97152
-0.193415, -0.411887, 0.968416
-0.206182, -0.440498, 0.971756
-0.199148, -0.465754, 0.974601
stamp: 21210000000
-0.740305, -0.447221, 0.977563
-0.175766, -0.442099, 0.971433
-0.202463, -0.409067, 0.968422
-0.215201, -0.437848, 0.971921
-0.208296, -0.463309, 0.97476
stamp: 21220000000
-0.747601, -0.444783, 0.9776
-0.184853, -0.43929, 0.97127
-0.211694, -0.406378, 0.968613
-0.224172, -0.435024, 0.972177
-0.217334, -0.460494, 0.97488
stamp: 21230000000
-0.754794, -0.442166, 0.977719
-0.193732, -0.436329, 0.971509
-0.220574, -0.403479, 0.968575
-0.233167, -0.431991, 0.972256
-0.226271, -0.457478, 0.974954
stamp: 21240000000
-0.761918, -0.439406, 0.977793
-0.202579, -0.433237, 0.971508
-0.229608, -0.400502, 0.968778
-0.242063, -0.428972, 0.972431
-0.235157, -0.454397, 0.975082
stamp: 21250000000
-0.76904, -0.436548, 0.977922
-0.21138, -0.430085, 0.97143
-0.238146, -0.397242, 0.968672
-0.250759, -0.42582, 0.972435
-0.244048, -0.451144, 0.975071
stamp: 21260000000
-0.776136, -0.433513, 0.97808
-0.220188, -0.426747, 0.971392
-0.247027, -0.394024, 0.968812
-0.259474, -0.422432, 0.972549
-0.252799, -0.447881, 0.975039
stamp: 21270000000
-0.783068, -0.430243, 0.978208
-0.228499, -0.423276, 0.971352
-0.255555, -0.390582, 0.968744
-0.268163, -0.419004, 0.972775
-0.26139, -0.444478, 0.975141
stamp: 21280000000
-0.78999, -0.427007, 0.978267
-0.237468, -0.419726, 0.971168
-0.264232, -0.386961, 0.968648
-0.276645, -0.415434, 0.972599
-0.269728, -0.440813, 0.975207
stamp: 21290000000
-0.796803, -0.423416, 0.978442
-0.245986, -0.416088, 0.971019
-0.272647, -0.383221, 0.968702
-0.285165, -0.411784, 0.972639
-0.278376, -0.437206, 0.975112
stamp: 21300000000
-0.803671, -0.419872, 0.978535
-0.254384, -0.412204, 0.970939
-0.280878, -0.379245, 0.968673
-0.293422, -0.40799, 0.972579
-0.28654, -0.433287, 0.975229
stamp: 21310000000
-0.810293, -0.416008, 0.978821
-0.262442, -0.408274, 0.970957
-0.28923, -0.375401, 0.968742
-0.301708, -0.403853, 0.9727
-0.294937, -0.429142, 0.97538
stamp: 21320000000
-0.816859, -0.412073, 0.97905
-0.270576, -0.404129, 0.97086
-0.297503, -0.371367, 0.968626
-0.309816, -0.399815, 0.972742
-0.302951, -0.425071, 0.97547
stamp: 21330000000
-0.823482, -0.407986, 0.979177
-0.278634, -0.399874, 0.970766
-0.305468, -0.366982, 0.968599
-0.317878, -0.395522, 0.972827
-0.311192, -0.42098, 0.975237
stamp: 21340000000
-0.829979, -0.403692, 0.979342
-0.286515, -0.395494, 0.970709
-0.313411, -0.362645, 0.968477
-0.325858, -0.391102, 0.972667
-0.318921, -0.416479, 0.97525
stamp: 21350000000
-0.836325, -0.399283, 0.979572
-0.294257, -0.390908, 0.970499
-0.32125, -0.358185, 0.968386
-0.333639, -0.386587, 0.972647
-0.326803, -0.412008, 0.975277
stamp: 21360000000
-0.842683, -0.394797, 0.979759
-0.302053, -0.38632, 0.970342
-0.328865, -0.353527, 0.968362
-0.341426, -0.381957, 0.97252
-0.334569, -0.40732, 0.975293
stamp: 21370000000
-0.848955, -0.390169, 0.979845
-0.309571, -0.381524, 0.970217
-0.336538, -0.348837, 0.968381
-0.348971, -0.377156, 0.972628
-0.342106, -0.402469, 0.975211
stamp: 21380000000
-0.855101, -0.385373, 0.980119
-0.31713, -0.37661, 0.970096
-0.343996, -0.34381, 0.968398
-0.356414, -0.372196, 0.972603
-0.349633, -0.397652, 0.975021
stamp: 21390000000
-0.860966, -0.380396, 0.980302
-0.324566, -0.371684, 0.969879
-0.351296, -0.338713, 0.968255
-0.363816, -0.36714, 0.972612
-0.357029, -0.392599, 0.975033
stamp: 21400000000
-0.866819, -0.375308, 0.980509
-0.3318, -0.366466, 0.969831
-0.358723, -0.333618, 0.968223
-0.371003, -0.361966, 0.97254
-0.364151, -0.38739, 0.975102
stamp: 21410000000
-0.872809, -0.370114, 0.980658
-0.338897, -0.361194, 0.969768
-0.365895, -0.32821, 0.968066
-0.37814, -0.356678, 0.972524
-0.371494, -0.382054, 0.974953
stamp: 21420000000
-0.878607, -0.364838, 0.98076
-0.345927, -0.35583, 0.9696
-0.372828, -0.322894, 0.968033
-0.385065, -0.351231, 0.972449
-0.378383, -0.376673, 0.974875
stamp: 21430000000
-0.88423, -0.359459, 0.980884
-0.352812, -0.35022, 0.969488
-0.379739, -0.31729, 0.967981
-0.391797, -0.345738, 0.972545
-0.385015, -0.371126, 0.974966
stamp: 21440000000
-0.889697, -0.353808, 0.981101
-0.359352, -0.344488, 0.969365
-0.386352, -0.311633, 0.967971
-0.3986, -0.340048, 0.97241
-0.391817, -0.365313, 0.97497
stamp: 21450000000
-0.895172, -0.348201, 0.981211
-0.365998, -0.338702, 0.969243
-0.392877, -0.305779, 0.967968
-0.405215, -0.334278, 0.972345
-0.398392, -0.359463, 0.974956
stamp: 21460000000
-0.900586, -0.342421, 0.981255
-0.372462, -0.332818, 0.969118
-0.399175, -0.299906, 0.967933
-0.411583, -0.328362, 0.972634
-0.404815, -0.353633, 0.974878
stamp: 21470000000
-0.905746, -0.336391, 0.981399
-0.378843, -0.326731, 0.968971
-0.405597, -0.293841, 0.968046
-0.417898, -0.322237, 0.972446
-0.411056, -0.347613, 0.974832
stamp: 21480000000
-0.910941, -0.33036, 0.981454
-0.385006, -0.320481, 0.968919
-0.411761, -0.287862, 0.968255
-0.424067, -0.316068, 0.972448
-0.417202, -0.341417, 0.974914
stamp: 21490000000
-0.915948, -0.324211, 0.98152
-0.391092, -0.314214, 0.968792
-0.417864, -0.281464, 0.968154
-0.430169, -0.309653, 0.972391
-0.423372, -0.33501, 0.974865
stamp: 21500000000
-0.920885, -0.317955, 0.981544
-0.396964, -0.307746, 0.968771
-0.423812, -0.274967, 0.968042
-0.436095, -0.303188, 0.972381
-0.429271, -0.328569, 0.974907
stamp: 21510000000
-0.925625, -0.311544, 0.981608
-0.402635, -0.3013, 0.968711
-0.429417, -0.268407, 0.967931
-0.441774, -0.296636, 0.972559
-0.435008, -0.32212, 0.974881
stamp: 21520000000
-0.93031, -0.305048, 0.98163
-0.408326, -0.294531, 0.968773
-0.4352, -0.261574, 0.967974
-0.447247, -0.289969, 0.972864
-0.44049, -0.315366, 0.975029
stamp: 21530000000
-0.934856, -0.298507, 0.981584
-0.413735, -0.287762, 0.968709
-0.440523, -0.254766, 0.968076
-0.452637, -0.283168, 0.972996
-0.44604, -0.308451, 0.975027
stamp: 21540000000
-0.939314, -0.291804, 0.981617
-0.41915, -0.280777, 0.968772
-0.445851, -0.247841, 0.968103
-0.45792, -0.276317, 0.973044
-0.451311, -0.301489, 0.975154
stamp: 21550000000
-0.943614, -0.284924, 0.981576
-0.424216, -0.273797, 0.968708
-0.450881, -0.240914, 0.968271
-0.462965, -0.269323, 0.973206
-0.456374, -0.294417, 0.975112
stamp: 21560000000
-0.947773, -0.277969, 0.981616
-0.429178, -0.266654, 0.9688
-0.45598, -0.233903, 0.96853
-0.467906, -0.262124, 0.973315
-0.461451, -0.287325, 0.975085
stamp: 21570000000
-0.951844, -0.270916, 0.981602
-0.434019, -0.259357, 0.968741
-0.460597, -0.226613, 0.968553
-0.472921, -0.254827, 0.973059
-0.466262, -0.279958, 0.975296
stamp: 21580000000
-0.955739, -0.263671, 0.981647
-0.438564, -0.252016, 0.968744
-0.465161, -0.219193, 0.968642
-0.477437, -0.247484, 0.97323
-0.470897, -0.272567, 0.975375
stamp: 21590000000
-0.959566, -0.256493, 0.981611
-0.443117, -0.244465, 0.968795
-0.469605, -0.211748, 0.96897
-0.482008, -0.23994, 0.973215
-0.475166, -0.265227, 0.975468
stamp: 21600000000
-0.963226, -0.249156, 0.981576
-0.447318, -0.236943, 0.968795
-0.474108, -0.204205, 0.968933
-0.486088, -0.232442, 0.973726
-0.479683, -0.257574, 0.975265
stamp: 21610000000
-0.966788, -0.241752, 0.981555
-0.451452, -0.229278, 0.968852
-0.478296, -0.196475, 0.969028
-0.490263, -0.224741, 0.973806
-0.483851, -0.249994, 0.975266
stamp: 21620000000
-0.970118, -0.234225, 0.981453
-0.455429, -0.221491, 0.968839
-0.482168, -0.188699, 0.969169
-0.494194, -0.216992, 0.973898
-0.487955, -0.242198, 0.975303
stamp: 21630000000
-0.97347, -0.226672, 0.981426
-0.459247, -0.21357, 0.968885
-0.485894, -0.180819, 0.96931
-0.497967, -0.209115, 0.974008
-0.491293, -0.234307, 0.975708
stamp: 21640000000
-0.976529, -0.218929, 0.981459
-0.462896, -0.205616, 0.968932
-0.489536, -0.172835, 0.969399
-0.501555, -0.201106, 0.974255
-0.494958, -0.226341, 0.975801
stamp: 21650000000
-0.979514, -0.211095, 0.981497
-0.466211, -0.197607, 0.968959
-0.493023, -0.1647, 0.969503
-0.504633, -0.193179, 0.97423
-0.498184, -0.218377, 0.975972
stamp: 21660000000
-0.982373, -0.203188, 0.981411
-0.469556, -0.189438, 0.968998
-0.496191, -0.156491, 0.969667
-0.508177, -0.18488, 0.974289
-0.501696, -0.210106, 0.975893
stamp: 21670000000
-0.985129, -0.195327, 0.981414
-0.472608, -0.181173, 0.968974
-0.499337, -0.148189, 0.969715
-0.511386, -0.176642, 0.974308
-0.504629, -0.201793, 0.976094
stamp: 21680000000
-0.987642, -0.187115, 0.981522
-0.475701, -0.1727, 0.969028
-0.502298, -0.139873, 0.969795
-0.514241, -0.168148, 0.974553
-0.50772, -0.193441, 0.976135
stamp: 21690000000
-0.990126, -0.178985, 0.981561
-0.478447, -0.164228, 0.969096
-0.504987, -0.131312, 0.96998
-0.517087, -0.159719, 0.97443
-0.510325, -0.184909, 0.976244
stamp: 21700000000
-0.99253, -0.170802, 0.981619
-0.481067, -0.155657, 0.969074
-0.507811, -0.122779, 0.969828
-0.51975, -0.151153, 0.974411
-0.513009, -0.176421, 0.976089
stamp: 21710000000
-0.994567, -0.162481, 0.981725
-0.483521, -0.146984, 0.969155
-0.510091, -0.114109, 0.970044
-0.522133, -0.142462, 0.974657
-0.515621, -0.167744, 0.976044
stamp: 21720000000
-0.996581, -0.154092, 0.981859
-0.485755, -0.138235, 0.969086
-0.512546, -0.105332, 0.970032
-0.524394, -0.133779, 0.974662
-0.517575, -0.158969, 0.976202
stamp: 21730000000
-0.998424, -0.145602, 0.98197
-0.487821, -0.129388, 0.969181
-0.514499, -0.0965435, 0.970327
-0.526473, -0.124908, 0.974564
-0.51964, -0.150094, 0.976311
stamp: 21740000000
-1.0002, -0.136997, 0.98209
-0.489675, -0.120476, 0.969168
-0.516407, -0.0875928, 0.970296
-0.52841, -0.116031, 0.974629
-0.52191, -0.141221, 0.975996
stamp: 21750000000
-1.00178, -0.128387, 0.982199
-0.4915, -0.111469, 0.969129
-0.518298, -0.0786149, 0.970325
-0.530171, -0.107057, 0.97475
-0.523541, -0.132249, 0.975993
stamp: 21760000000
-1.00327, -0.119812, 0.982365
-0.493003, -0.102337, 0.969206
-0.519889, -0.0695249, 0.970461
-0.531729, -0.0980209, 0.974842
-0.52498, -0.123216, 0.976005
stamp: 21770000000
-1.00464, -0.111067, 0.982583
-0.494419, -0.0932281, 0.969165
-0.521244, -0.0603235, 0.970577
-0.533179, -0.0888664, 0.974726
-0.526489, -0.114082, 0.975849
stamp: 21780000000
-1.00559, -0.102265, 0.98284
-0.495618, -0.0839823, 0.969127
-0.522568, -0.0510867, 0.970578
-0.534385, -0.0796572, 0.974773
-0.527627, -0.104882, 0.975936
stamp: 21790000000
-1.00675, -0.0933961, 0.982948
-0.496764, -0.0746755, 0.969105
-0.52344, -0.0418255, 0.970924
-0.535364, -0.0703628, 0.974868
-0.528561, -0.095574, 0.975952
stamp: 21800000000
-1.00767, -0.0845533, 0.983041
-0.497532, -0.0652977, 0.969104
-0.524302, -0.0324511, 0.970921
-0.536284, -0.060965, 0.97484
-0.52958, -0.0862269, 0.97577
stamp: 21810000000
-1.00844, -0.0755762, 0.983252
-0.49824, -0.0558673, 0.969087
-0.525029, -0.0231232, 0.970922
-0.536931, -0.0515241, 0.975009
-0.530234, -0.0768212, 0.975695
stamp: 21820000000
-1.00902, -0.0665969, 0.983532
-0.498739, -0.0463997, 0.969101
-0.525564, -0.013626, 0.971084
-0.537401, -0.0420755, 0.974966
-0.530804, -0.0674445, 0.975508
stamp: 21830000000
-1.0092, -0.0575797, 0.983712
-0.499092, -0.036794, 0.969113
-0.526028, -0.00402872, 0.970995
-0.537849, -0.0325394, 0.974891
-0.53099, -0.0577929, 0.97562
stamp: 21840000000
-1.00952, -0.0484158, 0.983916
-0.499448, -0.0272484, 0.969002
-0.526162, 0.00557099, 0.971257
-0.537892, -0.0228843, 0.975117
-0.531222, -0.0482587, 0.97561
stamp: 21850000000
-1.00979, -0.0393793, 0.98402
-0.499384, -0.0175038, 0.969078
-0.52624, 0.0151533, 0.97139
-0.537983, -0.0133113, 0.974887
-0.531491, -0.0386149, 0.975323
stamp: 21860000000
-1.0098, -0.030243, 0.984253
-0.499169, -0.00783051, 0.96905
-0.526117, 0.0248787, 0.97141
-0.537951, -0.00370053, 0.974771
-0.531036, -0.02882, 0.975527
stamp: 21870000000
-1.00957, -0.0210071, 0.984425
-0.498938, 0.00191585, 0.968998
-0.525683, 0.0345814, 0.971693
-0.537454, 0.00611956, 0.974883
-0.530833, -0.0192369, 0.975391
stamp: 21880000000
-1.00937, -0.0118314, 0.984501
-0.498406, 0.0117086, 0.968992
-0.525252, 0.0443409, 0.971727
-0.537167, 0.0157505, 0.974862
-0.530275, -0.00955908, 0.975131
stamp: 21890000000
-1.00903, -0.00257399, 0.984706
-0.497705, 0.0214819, 0.969016
-0.524559, 0.054174, 0.972007
-0.536236, 0.025593, 0.975079
-0.529663, 0.000224876, 0.975006
stamp: 21900000000
-1.0085, 0.0066401, 0.984847
-0.496884, 0.0313879, 0.968897
-0.523737, 0.0638884, 0.972183
-0.535593, 0.0353517, 0.974787
-0.528783, 0.010064, 0.974852
stamp: 21910000000
-1.0078, 0.0158955, 0.984829
-0.496004, 0.041285, 0.968928
-0.522895, 0.0737983, 0.972287
-0.534643, 0.0451786, 0.974988
-0.52786, 0.0198254, 0.974766
stamp: 21920000000
-1.00705, 0.0251878, 0.984912
-0.494765, 0.0511235, 0.968925
-0.521677, 0.0836123, 0.972403
-0.53346, 0.0549634, 0.97483
-0.526672, 0.029823, 0.974675
stamp: 21930000000
-1.0061, 0.0345092, 0.985043
-0.49348, 0.0610959, 0.968885
-0.52035, 0.0934695, 0.972667
-0.532012, 0.0649479, 0.974915
-0.525235, 0.0396147, 0.974595
stamp: 21940000000
-1.00516, 0.043789, 0.984966
-0.491995, 0.071001, 0.968903
-0.518957, 0.103451, 0.972657
-0.530761, 0.0746723, 0.974918
-0.523809, 0.0495061, 0.974527
stamp: 21950000000
-1.00389, 0.053073, 0.984976
-0.490404, 0.0809114, 0.968823
-0.517258, 0.113287, 0.972779
-0.528939, 0.0846266, 0.974951
-0.52232, 0.0593626, 0.974181
stamp: 21960000000
-1.00238, 0.0623523, 0.98507
-0.488572, 0.0908776, 0.968755
-0.515449, 0.123269, 0.972864
-0.527009, 0.0945409, 0.974955
-0.52032, 0.0692521, 0.974146
stamp: 21970000000
-1.0009, 0.0716507, 0.984917
-0.486613, 0.100831, 0.968842
-0.513658, 0.133255, 0.972828
-0.525274, 0.104323, 0.974826
-0.518337, 0.0791685, 0.974017
stamp: 21980000000
-0.999391, 0.0808248, 0.9849
-0.484465, 0.110692, 0.968809
-0.511473, 0.143078, 0.973051
-0.522981, 0.114238, 0.975008
-0.516292, 0.0890382, 0.973859
stamp: 21990000000
-0.997417, 0.0901841, 0.98485
-0.482164, 0.120626, 0.968823
-0.509289, 0.152959, 0.973114
-0.520684, 0.124104, 0.974931
-0.51397, 0.0988971, 0.9738
stamp: 22000000000
-0.995606, 0.0993921, 0.984588
-0.479721, 0.130528, 0.968863
-0.506765, 0.162833, 0.973189
-0.51824, 0.133947, 0.97503
-0.511475, 0.108742, 0.973845
stamp: 22010000000
-0.993561, 0.108516, 0.98455
-0.477148, 0.140387, 0.968918
-0.504196, 0.172614, 0.973541
-0.515817, 0.143728, 0.974803
-0.50887, 0.118639, 0.973566
stamp: 22020000000
-0.991363, 0.117819, 0.984371
-0.474559, 0.150153, 0.96879
-0.501489, 0.182412, 0.973489
-0.513094, 0.153576, 0.974812
-0.506284, 0.128308, 0.973201
stamp: 22030000000
-0.988953, 0.126853, 0.984235
-0.471697, 0.160006, 0.968721
-0.498667, 0.192186, 0.973699
-0.510381, 0.163324, 0.974621
-0.503304, 0.138058, 0.972998
stamp: 22040000000
-0.9866, 0.135975, 0.984025
-0.468675, 0.169738, 0.968701
-0.495618, 0.201881, 0.973866
-0.507422, 0.17296, 0.974477
-0.500246, 0.147847, 0.972755
stamp: 22050000000
-0.983953, 0.145018, 0.98383
-0.465479, 0.179553, 0.968669
-0.492625, 0.211595, 0.974006
-0.504282, 0.182628, 0.97447
-0.49705, 0.157542, 0.972583
stamp: 22060000000
-0.981145, 0.153995, 0.983748
-0.462244, 0.189237, 0.96859
-0.489241, 0.221235, 0.974225
-0.500961, 0.192219, 0.974412
-0.493774, 0.167114, 0.972446
stamp: 22070000000
-0.978368, 0.163022, 0.983496
-0.458751, 0.198805, 0.968587
-0.485883, 0.230757, 0.97431
-0.49749, 0.201835, 0.974379
-0.490221, 0.176653, 0.972309
stamp: 22080000000
-0.97551, 0.171924, 0.983257
-0.455272, 0.208398, 0.968438
-0.48223, 0.240274, 0.974423
-0.493944, 0.211388, 0.974302
-0.486684, 0.186288, 0.972158
stamp: 22090000000
-0.972336, 0.180762, 0.983151
-0.451498, 0.217949, 0.968432
-0.478598, 0.249841, 0.974457
-0.490282, 0.220832, 0.974142
-0.482995, 0.195796, 0.971987
stamp: 22100000000
-0.969011, 0.189702, 0.982927
-0.447707, 0.227419, 0.968314
-0.474777, 0.259246, 0.974477
-0.486398, 0.230204, 0.974097
-0.479033, 0.205255, 0.971771
stamp: 22110000000
-0.965711, 0.19828, 0.98277
-0.443666, 0.236834, 0.9683
-0.470803, 0.2686, 0.974504
-0.482493, 0.239573, 0.974023
-0.475017, 0.214504, 0.971552
stamp: 22120000000
-0.962248, 0.206981, 0.982584
-0.439524, 0.246107, 0.96828
-0.466785, 0.277788, 0.97447
-0.478307, 0.2488, 0.973925
-0.470838, 0.223767, 0.97127
stamp: 22130000000
-0.95855, 0.215656, 0.982443
-0.435451, 0.255336, 0.96809
-0.462531, 0.286929, 0.974593
-0.474155, 0.257911, 0.973841
-0.466767, 0.232946, 0.970951
stamp: 22140000000
-0.954898, 0.224072, 0.982227
-0.430896, 0.264524, 0.968096
-0.458294, 0.296008, 0.974638
-0.469771, 0.26696, 0.973585
-0.462387, 0.242037, 0.97062
stamp: 22150000000
-0.951146, 0.232342, 0.982109
-0.426426, 0.273568, 0.967997
-0.453839, 0.305006, 0.974802
-0.465271, 0.275912, 0.973475
-0.457779, 0.250974, 0.970425
stamp: 22160000000
-0.947033, 0.240788, 0.981944
-0.421791, 0.282429, 0.967948
-0.44909, 0.31383, 0.974906
-0.460672, 0.284769, 0.973394
-0.453099, 0.259877, 0.97025
stamp: 22170000000
-0.942975, 0.249042, 0.981804
-0.416986, 0.291205, 0.967946
-0.444468, 0.322571, 0.974995
-0.455927, 0.293534, 0.973254
-0.448397, 0.268765, 0.969967
stamp: 22180000000
-0.938819, 0.257164, 0.981729
-0.412173, 0.299917, 0.967779
-0.439607, 0.331235, 0.975063
-0.450917, 0.302179, 0.973078
-0.443538, 0.277377, 0.969734
stamp: 22190000000
-0.934499, 0.265104, 0.981556
-0.407184, 0.308556, 0.96768
-0.434749, 0.339791, 0.975097
-0.44595, 0.310738, 0.973073
-0.438515, 0.285939, 0.969424
stamp: 22200000000
-0.93009, 0.272989, 0.981419
-0.401976, 0.317139, 0.967627
-0.429463, 0.348225, 0.975237
-0.441024, 0.319217, 0.97287
-0.433329, 0.294392, 0.969211
stamp: 22210000000
-0.925537, 0.280753, 0.981432
-0.396897, 0.325408, 0.967568
-0.424385, 0.356526, 0.975247
-0.435629, 0.327447, 0.972893
-0.428076, 0.302776, 0.969029
stamp: 22220000000
-0.920987, 0.288409, 0.981346
-0.39142, 0.333604, 0.967455
-0.419109, 0.364776, 0.97529
-0.430423, 0.335699, 0.972748
-0.422852, 0.310889, 0.968764
stamp: 22230000000
-0.916023, 0.296114, 0.981323
-0.386071, 0.341628, 0.967307
-0.413585, 0.372792, 0.975392
-0.424965, 0.343788, 0.972503
-0.417313, 0.319008, 0.968513
stamp: 22240000000
-0.911213, 0.303529, 0.981242
-0.380411, 0.349674, 0.967293
-0.40805, 0.380723, 0.975457
-0.41949, 0.351665, 0.972525
-0.411585, 0.326916, 0.968347
stamp: 22250000000
-0.906281, 0.310856, 0.981147
-0.374683, 0.357447, 0.967295
-0.402412, 0.388485, 0.975545
-0.413725, 0.359498, 0.972539
-0.405982, 0.334735, 0.968144
stamp: 22260000000
-0.901237, 0.317919, 0.981051
-0.368855, 0.365115, 0.967393
-0.396589, 0.396027, 0.975651
-0.408001, 0.367028, 0.972451
-0.400277, 0.342276, 0.967976
stamp: 22270000000
-0.896085, 0.324907, 0.980952
-0.362944, 0.372705, 0.967304
-0.39077, 0.403493, 0.975669
-0.402101, 0.374616, 0.972412
-0.394255, 0.349836, 0.967844
stamp: 22280000000
-0.890756, 0.3318, 0.980931
-0.356901, 0.380104, 0.967421
-0.384804, 0.410868, 0.975864
-0.396097, 0.381857, 0.972309
-0.388241, 0.357122, 0.967645
stamp: 22290000000
-0.885347, 0.33854, 0.98091
-0.350914, 0.387338, 0.967323
-0.378578, 0.418057, 0.975968
-0.389911, 0.389042, 0.972347
-0.382041, 0.364355, 0.967546
stamp: 22300000000
-0.879898, 0.345136, 0.980852
-0.344567, 0.394416, 0.967442
-0.372601, 0.425058, 0.976073
-0.383756, 0.396083, 0.972297
-0.375969, 0.371355, 0.967443
stamp: 22310000000
-0.874272, 0.351535, 0.98073
-0.338278, 0.401203, 0.96739
-0.366223, 0.431842, 0.97627
-0.377462, 0.402955, 0.972268
-0.369558, 0.378191, 0.96735
stamp: 22320000000
-0.868508, 0.357793, 0.980738
-0.331844, 0.407864, 0.967363
-0.35978, 0.438557, 0.976353
-0.371066, 0.409604, 0.972299
-0.363132, 0.384876, 0.967194
stamp: 22330000000
-0.862743, 0.363918, 0.98071
-0.325226, 0.414459, 0.967354
-0.353201, 0.445063, 0.976547
-0.364435, 0.416116, 0.97234
-0.356575, 0.391478, 0.96737
stamp: 22340000000
-0.856855, 0.369841, 0.980713
-0.318616, 0.420949, 0.967427
-0.346601, 0.451365, 0.976675
-0.357901, 0.422417, 0.9724
-0.34984, 0.397857, 0.967291
stamp: 22350000000
-0.850876, 0.375649, 0.980661
-0.311775, 0.427165, 0.967449
-0.339836, 0.457576, 0.976847
-0.351139, 0.428554, 0.972444
-0.343066, 0.404002, 0.967026
stamp: 22360000000
-0.844796, 0.381237, 0.980532
-0.304977, 0.433101, 0.967525
-0.333088, 0.463589, 0.976951
-0.344225, 0.434465, 0.972484
-0.336232, 0.40988, 0.966852
stamp: 22370000000
-0.838686, 0.386693, 0.980442
-0.29806, 0.439095, 0.967572
-0.326098, 0.469355, 0.976998
-0.337392, 0.440297, 0.972473
-0.329302, 0.415829, 0.966772
stamp: 22380000000
-0.832419, 0.391964, 0.980353
-0.291182, 0.44469, 0.967432
-0.319218, 0.474897, 0.977015
-0.330358, 0.445988, 0.972515
-0.322125, 0.42142, 0.966781
stamp: 22390000000
-0.826055, 0.397016, 0.980331
-0.283987, 0.450173, 0.967579
-0.31209, 0.480244, 0.977236
-0.323209, 0.451412, 0.972463
-0.31504, 0.426803, 0.966727
stamp: 22400000000
-0.819621, 0.401876, 0.980372
-0.276768, 0.455238, 0.967493
-0.304934, 0.485595, 0.977424
-0.315998, 0.456629, 0.972496
-0.307904, 0.43209, 0.966595
stamp: 22410000000
-0.81294, 0.406614, 0.980291
-0.269434, 0.460454, 0.967603
-0.297688, 0.490536, 0.977444
-0.308662, 0.461694, 0.972531
-0.300606, 0.437149, 0.966583
stamp: 22420000000
-0.806354, 0.411174, 0.980202
-0.261953, 0.465351, 0.96766
-0.290374, 0.495395, 0.977612
-0.301433, 0.466385, 0.972208
-0.292917, 0.44214, 0.966551
stamp: 22430000000
-0.799743, 0.415493, 0.980177
-0.254475, 0.469851, 0.967794
-0.28276, 0.499985, 0.977766
-0.293906, 0.471115, 0.972191
-0.285419, 0.446813, 0.966494
stamp: 22440000000
-0.792789, 0.419639, 0.980192
-0.247032, 0.474348, 0.967622
-0.275265, 0.504549, 0.977841
-0.286381, 0.475409, 0.972388
-0.278008, 0.451163, 0.966083
stamp: 22450000000
-0.785969, 0.423629, 0.980058
-0.23925, 0.478806, 0.967673
-0.267627, 0.508689, 0.97797
-0.27861, 0.479769, 0.972307
-0.270206, 0.455275, 0.966133
stamp: 22460000000
-0.779058, 0.427356, 0.980095
-0.231546, 0.482843, 0.967648
-0.259908, 0.5129, 0.977918
-0.270895, 0.483793, 0.972295
-0.262358, 0.459483, 0.965898
stamp: 22470000000
-0.771946, 0.430933, 0.980014
-0.223499, 0.486704, 0.967776
-0.252073, 0.516591, 0.978231
-0.263016, 0.487676, 0.972305
-0.254481, 0.463329, 0.965783
stamp: 22480000000
-0.764914, 0.434184, 0.980009
-0.215584, 0.490252, 0.967887
-0.244235, 0.520225, 0.978143
-0.255201, 0.49127, 0.972195
-0.246707, 0.466844, 0.96591
stamp: 22490000000
-0.757625, 0.437374, 0.979886
-0.207487, 0.493961, 0.967881
-0.23606, 0.523635, 0.978311
-0.24713, 0.49473, 0.972235
-0.238484, 0.470434, 0.965969
stamp: 22500000000
-0.750458, 0.440247, 0.9799
-0.199661, 0.496994, 0.967938
-0.228186, 0.526861, 0.978429
-0.239019, 0.497894, 0.972122
-0.230767, 0.473626, 0.965694
stamp: 22510000000
-0.743061, 0.442948, 0.979914
-0.191469, 0.499993, 0.96807
-0.220058, 0.529852, 0.978443
-0.230928, 0.500875, 0.972276
-0.22246, 0.476572, 0.965505
stamp: 22520000000
-0.735675, 0.445474, 0.979838
-0.183131, 0.502865, 0.9682
-0.211861, 0.532627, 0.978532
-0.222701, 0.503555, 0.972167
-0.213999, 0.479429, 0.965603
stamp: 22530000000
-0.728046, 0.447864, 0.979931
-0.174735, 0.505392, 0.968262
-0.203461, 0.535105, 0.978732
-0.214365, 0.506141, 0.972273
-0.205675, 0.482099, 0.965439
stamp: 22540000000
-0.720611, 0.450022, 0.979838
-0.1665, 0.507768, 0.96839
-0.195185, 0.537448, 0.978792
-0.20601, 0.508456, 0.972147
-0.19727, 0.484307, 0.965361
stamp: 22550000000
-0.712919, 0.451924, 0.979873
-0.158078, 0.50969, 0.96859
-0.186594, 0.53947, 0.978946
-0.197562, 0.510593, 0.972173
-0.188921, 0.48635, 0.965466
stamp: 22560000000
-0.705221, 0.453521, 0.980051
-0.149294, 0.511772, 0.968626
-0.178346, 0.541236, 0.978999
-0.189133, 0.512534, 0.972288
-0.180379, 0.488318, 0.965503
stamp: 22570000000
-0.697566, 0.455017, 0.98001
-0.140907, 0.513416, 0.968714
-0.169621, 0.542933, 0.979234
-0.180544, 0.513995, 0.97229
-0.171823, 0.489877, 0.965454
stamp: 22580000000
-0.689696, 0.456234, 0.980087
-0.132165, 0.514926, 0.968854
-0.160961, 0.544362, 0.979301
-0.171911, 0.51552, 0.972379
-0.162973, 0.491199, 0.965539
stamp: 22590000000
-0.681882, 0.457209, 0.980213
-0.123652, 0.515993, 0.969063
-0.15223, 0.545519, 0.9795
-0.163229, 0.516624, 0.972388
-0.154281, 0.492592, 0.965705
stamp: 22600000000
-0.674016, 0.458038, 0.980242
-0.114773, 0.516774, 0.969435
-0.143573, 0.546375, 0.979745
-0.154406, 0.517563, 0.972633
-0.1457, 0.493511, 0.965752
stamp: 22610000000
-0.666144, 0.458683, 0.98033
-0.10606, 0.517768, 0.969632
-0.135046, 0.547027, 0.97995
-0.145638, 0.518316, 0.972773
-0.1369, 0.494329, 0.965932
stamp: 22620000000
-0.658136, 0.459008, 0.980376
-0.0973116, 0.518097, 0.96984
-0.126223, 0.547598, 0.980118
-0.136808, 0.518844, 0.972965
-0.128259, 0.49464, 0.965703
stamp: 22630000000
-0.650026, 0.459179, 0.980562
-0.0885031, 0.518456, 0.970065
-0.11729, 0.547813, 0.980527
-0.127915, 0.519028, 0.973013
-0.119203, 0.495089, 0.966034
stamp: 22640000000
-0.642005, 0.459137, 0.980675
-0.0795075, 0.518542, 0.9705
-0.108187, 0.547885, 0.980784
-0.119057, 0.51912, 0.973216
-0.110316, 0.495168, 0.966449
stamp: 22650000000
-0.633877, 0.458932, 0.98077
-0.070336, 0.51816, 0.970669
-0.0995212, 0.547728, 0.980868
-0.110132, 0.518984, 0.973412
-0.10127, 0.494944, 0.966493
stamp: 22660000000
-0.625699, 0.458413, 0.980891
-0.0614904, 0.517848, 0.971025
-0.090434, 0.547339, 0.981046
-0.1012, 0.518441, 0.973606
-0.0923674, 0.494573, 0.966784
stamp: 22670000000
-0.617402, 0.457769, 0.981091
-0.0523616, 0.517196, 0.971481
-0.0813483, 0.546739, 0.981367
-0.0920677, 0.517893, 0.973919
-0.0832414, 0.493901, 0.96706
stamp: 22680000000
-0.609246, 0.456857, 0.981385
-0.043358, 0.516426, 0.971842
-0.0724295, 0.545906, 0.981516
-0.0829944, 0.517035, 0.974075
-0.0741357, 0.492911, 0.967176
stamp: 22690000000
-0.601057, 0.455872, 0.981445
-0.0343345, 0.515308, 0.972128
-0.0632901, 0.544589, 0.981885
-0.0738246, 0.515946, 0.974289
-0.0649091, 0.491939, 0.967361
stamp: 22700000000
-0.592785, 0.454597, 0.981632
-0.0251309, 0.513834, 0.972347
-0.0540869, 0.543341, 0.982224
-0.0648111, 0.514573, 0.974626
-0.0558463, 0.490541, 0.967585
stamp: 22710000000
-0.584489, 0.453073, 0.981864
-0.0161811, 0.512438, 0.972736
-0.0449543, 0.541643, 0.982545
-0.055638, 0.513025, 0.974859
-0.0469176, 0.488967, 0.968184
stamp: 22720000000
-0.576162, 0.45133, 0.982001
-0.00702376, 0.510476, 0.973278
-0.0360328, 0.540133, 0.982662
-0.0465896, 0.511316, 0.975065
-0.0377971, 0.487248, 0.968098
stamp: 22730000000
-0.567733, 0.449491, 0.982197
0.00227687, 0.508416, 0.973739
-0.0268269, 0.538018, 0.982959
-0.037427, 0.509372, 0.975222
-0.0286368, 0.485322, 0.968595
stamp: 22740000000
-0.559409, 0.447432, 0.98229
0.0114391, 0.506336, 0.974308
-0.0177221, 0.535882, 0.983207
-0.02825, 0.507158, 0.97546
-0.0194364, 0.483002, 0.968934
stamp: 22750000000
-0.551086, 0.445007, 0.982461
0.0205272, 0.503906, 0.974411
-0.0085607, 0.533457, 0.983346
-0.01916, 0.504783, 0.975698
-0.0102209, 0.48061, 0.969277
stamp: 22760000000
-0.54278, 0.44262, 0.982457
0.0298332, 0.501281, 0.974782
0.000630519, 0.530854, 0.983664
-0.00995945, 0.502236, 0.975968
-0.00119298, 0.478018, 0.969585
stamp: 22770000000
-0.534294, 0.440119, 0.982643
0.0388499, 0.498416, 0.974926
0.0100857, 0.528085, 0.984064
-0.000768037, 0.499296, 0.976269
0.00814666, 0.475154, 0.96987
stamp: 22780000000
-0.525819, 0.437417, 0.982656
0.0481518, 0.495263, 0.975332
0.0189043, 0.525167, 0.983791
0.00836565, 0.496374, 0.97643
0.0172375, 0.47226, 0.970178
stamp: 22790000000
-0.517386, 0.434309, 0.982703
0.0573323, 0.492077, 0.975735
0.028199, 0.521674, 0.984274
0.0176745, 0.493077, 0.976727
0.0266644, 0.469032, 0.970517
stamp: 22800000000
-0.508988, 0.43116, 0.982732
0.0664955, 0.48854, 0.975835
0.0373736, 0.518512, 0.984409
0.0268356, 0.489692, 0.976951
0.0355609, 0.465502, 0.97053
stamp: 22810000000
-0.500607, 0.427861, 0.982737
0.0757264, 0.484899, 0.976056
0.0465568, 0.514723, 0.984364
0.0359345, 0.486101, 0.977105
0.0448652, 0.461911, 0.970984
stamp: 22820000000
-0.492305, 0.424271, 0.982722
0.0846897, 0.481171, 0.976351
0.0555849, 0.511134, 0.984417
0.0450392, 0.482251, 0.977282
0.0538779, 0.458028, 0.971301
stamp: 22830000000
-0.483987, 0.42072, 0.982748
0.0939942, 0.477174, 0.97655
0.0647648, 0.50711, 0.984642
0.0542056, 0.478261, 0.97742
0.0630856, 0.454146, 0.971518
stamp: 22840000000
-0.475563, 0.416998, 0.982732
0.102977, 0.472933, 0.976863
0.0738997, 0.502952, 0.984752
0.0633731, 0.474116, 0.977591
0.072282, 0.44974, 0.971622
stamp: 22850000000
-0.467152, 0.413081, 0.98269
0.112237, 0.468654, 0.977112
0.0830921, 0.498524, 0.984995
0.072452, 0.46979, 0.977793
0.0813488, 0.445453, 0.971966
stamp: 22860000000
-0.458857, 0.408919, 0.982669
0.121236, 0.46399, 0.977247
0.092012, 0.494118, 0.984726
0.0815802, 0.465206, 0.977879
0.0904789, 0.440843, 0.972332
stamp: 22870000000
-0.450619, 0.404534, 0.982509
0.130382, 0.459423, 0.977523
0.101179, 0.489242, 0.985048
0.0907465, 0.460527, 0.978056
0.0994846, 0.436221, 0.972481
stamp: 22880000000
-0.442316, 0.400216, 0.982438
0.139361, 0.45433, 0.977893
0.110215, 0.48451, 0.984909
0.0996853, 0.455676, 0.97811
0.108391, 0.431358, 0.972527
stamp: 22890000000
-0.433976, 0.39571, 0.982406
0.148265, 0.449351, 0.978029
0.11929, 0.479628, 0.984932
0.108725, 0.450724, 0.97823
0.117743, 0.426216, 0.973101
stamp: 22900000000
-0.425726, 0.391088, 0.982282
0.157373, 0.444324, 0.977902
0.128082, 0.474407, 0.985036
0.117769, 0.445572, 0.978283
0.126671, 0.421129, 0.973169
stamp: 22910000000
-0.41748, 0.386413, 0.982226
0.166327, 0.439005, 0.978591
0.137098, 0.469232, 0.98479
0.126716, 0.440204, 0.978333
0.135441, 0.415777, 0.973416
stamp: 22920000000
-0.409302, 0.381602, 0.982135
0.175019, 0.433398, 0.97854
0.146039, 0.463647, 0.985032
0.135625, 0.434825, 0.978535
0.144489, 0.410379, 0.973608
stamp: 22930000000
-0.40127, 0.376676, 0.98201
0.183853, 0.427938, 0.978712
0.15482, 0.458327, 0.984791
0.144449, 0.429218, 0.978493
0.153205, 0.404663, 0.973837
stamp: 22940000000
-0.393135, 0.371614, 0.981923
0.192823, 0.422189, 0.978955
0.163773, 0.452445, 0.984831
0.153292, 0.423457, 0.978445
0.162157, 0.398883, 0.973991
stamp: 22950000000
-0.38509, 0.366367, 0.981773
0.201508, 0.416322, 0.979037
0.172491, 0.4465, 0.984875
0.162161, 0.41757, 0.978673
0.170902, 0.393, 0.974414
stamp: 22960000000
-0.37709, 0.361173, 0.981673
0.210416, 0.410191, 0.979297
0.181268, 0.440774, 0.984645
0.170885, 0.411641, 0.978713
0.179709, 0.387082, 0.974502
stamp: 22970000000
-0.369158, 0.355965, 0.981604
0.218959, 0.404367, 0.979373
0.189955, 0.434655, 0.984557
0.179526, 0.405647, 0.978712
0.188325, 0.381001, 0.974678
stamp: 22980000000
-0.361225, 0.350599, 0.981548
0.227591, 0.398174, 0.979753
0.198634, 0.428439, 0.984478
0.188116, 0.399481, 0.978752
0.19688, 0.374934, 0.974868
stamp: 22990000000
-0.35341, 0.345071, 0.981398
0.236149, 0.391874, 0.979876
0.207153, 0.42227, 0.984359
0.196717, 0.393228, 0.97869
0.205335, 0.36848, 0.975032
stamp: 23000000000
-0.345742, 0.339494, 0.981343
0.244707, 0.385495, 0.980146
0.215568, 0.416067, 0.984244
0.205156, 0.386887, 0.978694
0.213849, 0.362042, 0.97515
stamp: 23010000000
-0.337993, 0.334035, 0.981376
0.253215, 0.378895, 0.980219
0.22398, 0.409548, 0.984091
0.213544, 0.380435, 0.978736
0.222302, 0.35575, 0.975371
stamp: 23020000000
-0.330298, 0.328306, 0.981238
0.261344, 0.372358, 0.980516
0.232458, 0.403085, 0.98398
0.221887, 0.373871, 0.978752
0.23051, 0.349188, 0.975648
stamp: 23030000000
-0.322706, 0.322677, 0.98114
0.269517, 0.365749, 0.980484
0.240623, 0.396781, 0.983649
0.23018, 0.367331, 0.978767
0.238834, 0.342544, 0.975674
stamp: 23040000000
-0.315078, 0.316889, 0.981241
0.277851, 0.359263, 0.980669
0.248831, 0.390035, 0.983525
0.238359, 0.360696, 0.97877
0.247046, 0.335907, 0.975938
stamp: 23050000000
-0.307626, 0.311125, 0.981158
0.285972, 0.352344, 0.980756
0.25697, 0.383383, 0.983587
0.246393, 0.353994, 0.978722
0.255204, 0.329002, 0.976156
stamp: 23060000000
-0.3004, 0.305232, 0.980996
0.293977, 0.345662, 0.981017
0.264863, 0.376498, 0.983295
0.254503, 0.347139, 0.978631
0.263346, 0.322257, 0.976341
stamp: 23071000000
-0.293028, 0.299382, 0.980919
0.301991, 0.338886, 0.98093
0.27281, 0.369756, 0.982898
0.262511, 0.340391, 0.978678
0.271166, 0.315519, 0.976559
stamp: 23080000000
-0.285742, 0.293562, 0.980895
0.309724, 0.331888, 0.980922
0.280801, 0.363012, 0.98292
0.270333, 0.333608, 0.97862
0.27912, 0.308617, 0.97647
stamp: 23090000000
-0.278521, 0.287645, 0.980932
0.317631, 0.325387, 0.981249
0.28837, 0.356081, 0.982472
0.278071, 0.326618, 0.978514
0.286789, 0.301931, 0.97684
stamp: 23100000000
-0.271541, 0.281965, 0.980843
0.32516, 0.318391, 0.981142
0.29619, 0.349226, 0.982301
0.285738, 0.319811, 0.978453
0.294639, 0.294922, 0.977116
stamp: 23110000000
-0.264662, 0.27601, 0.980672
0.332669, 0.311599, 0.981462
0.303517, 0.342367, 0.981729
0.293195, 0.31295, 0.97825
0.301967, 0.288048, 0.976966
stamp: 23120000000
-0.257807, 0.27021, 0.980664
0.339993, 0.304642, 0.98133
0.311161, 0.335445, 0.981685
0.300681, 0.306004, 0.978272
0.309493, 0.281209, 0.977185
stamp: 23130000000
-0.250972, 0.264287, 0.98054
0.347435, 0.297719, 0.981664
0.318382, 0.328836, 0.981224
0.307933, 0.299164, 0.978037
0.316705, 0.274119, 0.977326
stamp: 23140000000
-0.244269, 0.258483, 0.980478
0.354289, 0.290841, 0.981724
0.325368, 0.321776, 0.980989
0.315249, 0.292182, 0.977942
0.323904, 0.267355, 0.977451
stamp: 23149000000
-0.237666, 0.252776, 0.980264
0.361485, 0.283759, 0.981883
0.332465, 0.31488, 0.980796
0.322172, 0.285321, 0.977832
0.330754, 0.260484, 0.977523
stamp: 23160000000
-0.231201, 0.246969, 0.980149
0.368397, 0.277102, 0.982019
0.339461, 0.308011, 0.980509
0.32899, 0.278518, 0.977554
0.337673, 0.253553, 0.977566
stamp: 23170000000
-0.224748, 0.241158, 0.979999
0.375119, 0.270242, 0.981804
0.346216, 0.301053, 0.980142
0.335895, 0.271541, 0.977337
0.344697, 0.246799, 0.977629
stamp: 23180000000
-0.218472, 0.23541, 0.979791
0.381741, 0.263531, 0.98182
0.352916, 0.294336, 0.979743
0.342671, 0.264769, 0.977158
0.351294, 0.239844, 0.977401
stamp: 23190000000
-0.212295, 0.229714, 0.979666
0.388338, 0.256729, 0.981834
0.359466, 0.28748, 0.979444
0.349202, 0.257984, 0.977027
0.35788, 0.233052, 0.977397
stamp: 23200000000
-0.206323, 0.224222, 0.979434
0.39467, 0.24995, 0.981633
0.365789, 0.280636, 0.979164
0.355693, 0.251197, 0.976911
0.364195, 0.226275, 0.97734
stamp: 23210000000
-0.200458, 0.218612, 0.979256
0.400898, 0.243292, 0.981647
0.372112, 0.273988, 0.978676
0.361945, 0.244561, 0.976529
0.370394, 0.21957, 0.977395
stamp: 23220000000
-0.194465, 0.21324, 0.979166
0.407099, 0.236652, 0.981457
0.378362, 0.267551, 0.978312
0.368129, 0.237916, 0.976376
0.376733, 0.212919, 0.977403
stamp: 23230000000
-0.188848, 0.20772, 0.978855
0.413197, 0.230034, 0.981309
0.384313, 0.261045, 0.977869
0.373982, 0.231317, 0.976047
0.382691, 0.206342, 0.977235
stamp: 23240000000
-0.183196, 0.202394, 0.97857
0.419021, 0.223549, 0.981116
0.390034, 0.254495, 0.977027
0.379921, 0.224771, 0.975685
0.388321, 0.199819, 0.977117
stamp: 23250000000
-0.177743, 0.196913, 0.978315
0.424686, 0.217108, 0.980781
0.395744, 0.24797, 0.976828
0.385489, 0.218367, 0.97547
0.39401, 0.193379, 0.97696
stamp: 23260000000
-0.172467, 0.191783, 0.978076
0.430055, 0.210621, 0.980573
0.401301, 0.241469, 0.976611
0.391041, 0.212049, 0.975462
0.399714, 0.186945, 0.97713
stamp: 23270000000
-0.167107, 0.186565, 0.97791
0.435422, 0.204621, 0.980373
0.40662, 0.235184, 0.97596
0.396541, 0.205665, 0.975106
0.405009, 0.180787, 0.976929
stamp: 23280000000
-0.161927, 0.181448, 0.977716
0.440758, 0.198363, 0.980064
0.41181, 0.229057, 0.975592
0.401664, 0.199479, 0.974768
0.410347, 0.17461, 0.976733
stamp: 23290000000
-0.156957, 0.176388, 0.977442
0.445753, 0.192234, 0.979797
0.416722, 0.222858, 0.975146
0.406915, 0.193269, 0.97453
0.41536, 0.168378, 0.976691
stamp: 23300000000
-0.152125, 0.171532, 0.977146
0.450667, 0.186161, 0.979485
0.42176, 0.216755, 0.974945
0.411793, 0.187227, 0.974206
0.420273, 0.162376, 0.976238
stamp: 23310000000
-0.147342, 0.166632, 0.9769
0.455433, 0.180364, 0.979265
0.426457, 0.210962, 0.974159
0.416785, 0.181377, 0.974125
0.425104, 0.156373, 0.976144
stamp: 23320000000
-0.142788, 0.161902, 0.976664
0.460086, 0.174438, 0.978771
0.430993, 0.204934, 0.973865
0.421216, 0.175354, 0.973768
0.429908, 0.150481, 0.975741
stamp: 23330000000
-0.138119, 0.157248, 0.976492
0.464554, 0.1687, 0.978498
0.435435, 0.199174, 0.973472
0.425642, 0.169721, 0.973487
0.434173, 0.144817, 0.97543
stamp: 23340000000
-0.133902, 0.152722, 0.976232
0.468954, 0.163227, 0.978331
0.439752, 0.193506, 0.973052
0.430349, 0.164083, 0.973391
0.438735, 0.139121, 0.975382
stamp: 23350000000
-0.129585, 0.148247, 0.976056
0.473005, 0.157632, 0.977784
0.443971, 0.18804, 0.972425
0.4345, 0.158533, 0.973059
0.442767, 0.133548, 0.97491
stamp: 23360000000
-0.12543, 0.143878, 0.975759
0.477106, 0.152195, 0.977464
0.448053, 0.182503, 0.972108
0.438608, 0.152917, 0.972825
0.446893, 0.128068, 0.974714
stamp: 23370000000
-0.121455, 0.139638, 0.975591
0.481017, 0.14688, 0.977173
0.45192, 0.17716, 0.972142
0.442237, 0.147599, 0.972286
0.450556, 0.122927, 0.974236
stamp: 23380000000
-0.117564, 0.135351, 0.975414
0.484729, 0.141684, 0.976806
0.455554, 0.171855, 0.971633
0.446196, 0.142524, 0.972503
0.454594, 0.117531, 0.974112
stamp: 23390000000
-0.113777, 0.131379, 0.97529
0.488399, 0.136536, 0.976438
0.459264, 0.166778, 0.971146
0.449865, 0.137513, 0.972383
0.458306, 0.112414, 0.973826
stamp: 23400000000
-0.110023, 0.127504, 0.975015
0.491892, 0.13152, 0.976023
0.46268, 0.161801, 0.970938
0.453064, 0.131991, 0.971513
0.461637, 0.107445, 0.973841
stamp: 23410000000
-0.106603, 0.123555, 0.974896
0.495327, 0.126664, 0.97563
0.466046, 0.156753, 0.970804
0.456611, 0.127297, 0.971238
0.465073, 0.102567, 0.973468
stamp: 23420000000
-0.103121, 0.119792, 0.974748
0.498658, 0.121813, 0.975236
0.469387, 0.152079, 0.970326
0.46001, 0.122551, 0.971233
0.468448, 0.0977267, 0.973066
stamp: 23430000000
-0.0997274, 0.116116, 0.974625
0.501711, 0.117255, 0.974983
0.472439, 0.147476, 0.969999
0.462856, 0.117886, 0.971064
0.471596, 0.0930612, 0.972905
stamp: 23440000000
-0.0964892, 0.112554, 0.974517
0.504778, 0.112575, 0.974524
0.475571, 0.142869, 0.970086
0.465911, 0.113665, 0.970949
0.474307, 0.0884801, 0.972439
stamp: 23450000000
-0.0934142, 0.109095, 0.974281
0.507527, 0.10819, 0.974102
0.478284, 0.138401, 0.96943
0.469709, 0.110348, 0.971844
0.477323, 0.0841716, 0.972192
stamp: 23460000000
-0.0903334, 0.105832, 0.974235
0.510375, 0.103718, 0.973614
0.4809, 0.133915, 0.969058
0.472837, 0.106619, 0.971854
0.480107, 0.0795293, 0.971876
stamp: 23470000000
-0.0876206, 0.102591, 0.974038
0.51304, 0.0995413, 0.973305
0.483531, 0.129691, 0.968874
0.475121, 0.102039, 0.971187
0.482668, 0.0753379, 0.971502
stamp: 23480000000
-0.0847858, 0.0993903, 0.973983
0.515487, 0.0955054, 0.973051
0.486041, 0.12547, 0.968375
0.477265, 0.0970467, 0.970094
0.485234, 0.0712858, 0.971282
stamp: 23490000000
-0.0820269, 0.0962313, 0.973792
0.51793, 0.0914603, 0.972619
0.488492, 0.121606, 0.968078
0.478857, 0.0920341, 0.969116
0.487651, 0.0671893, 0.971078
stamp: 23500000000
-0.0793687, 0.0933411, 0.973733
0.520248, 0.0875341, 0.972213
0.490718, 0.117675, 0.968075
0.481274, 0.0881992, 0.968989
0.489909, 0.0633308, 0.970635
stamp: 23510000000
-0.0770106, 0.0903802, 0.973499
0.522502, 0.0837704, 0.9719
0.492919, 0.113907, 0.967653
0.48331, 0.0844103, 0.968665
0.492179, 0.0595202, 0.970453
stamp: 23520000000
-0.0746828, 0.0878807, 0.973391
0.524578, 0.080048, 0.971581
0.495127, 0.110212, 0.967394
0.485224, 0.0805641, 0.968184
0.494269, 0.055747, 0.970277
stamp: 23530000000
-0.0722631, 0.0851471, 0.973227
0.526587, 0.0764161, 0.971181
0.497135, 0.106638, 0.967223
0.48733, 0.0769896, 0.967878
0.496472, 0.0522214, 0.969985
stamp: 23540000000
-0.0699286, 0.0824049, 0.973255
0.528489, 0.0729503, 0.970898
0.498862, 0.103099, 0.967343
0.489249, 0.0734203, 0.967649
0.498271, 0.0486142, 0.969813
stamp: 23550000000
-0.0676953, 0.0798772, 0.97318
0.530404, 0.0695737, 0.970593
0.50095, 0.0997325, 0.966842
0.490957, 0.0699788, 0.967588
0.500106, 0.0451819, 0.969338
stamp: 23560000000
-0.0656199, 0.0775578, 0.973002
0.532123, 0.0661503, 0.970267
0.502525, 0.096367, 0.966845
0.492724, 0.0667, 0.967395
0.501866, 0.0419739, 0.969356
stamp: 23570000000
-0.0637647, 0.0752119, 0.972958
0.533816, 0.0630023, 0.969995
0.504232, 0.0932347, 0.966644
0.494425, 0.0634597, 0.967102
0.503578, 0.0387428, 0.968916
stamp: 23580000000
-0.0617989, 0.0729129, 0.972892
0.53539, 0.0599227, 0.969704
0.505858, 0.0900086, 0.966614
0.496048, 0.0604188, 0.967066
0.505275, 0.0356443, 0.968668
stamp: 23590000000
-0.0598726, 0.070875, 0.972875
0.536938, 0.0569634, 0.969534
0.507353, 0.0871468, 0.966515
0.497534, 0.0573485, 0.966816
0.506586, 0.0325767, 0.968578
stamp: 23600000000
-0.0581384, 0.0688413, 0.972804
0.538382, 0.0539878, 0.969257
0.508813, 0.0842242, 0.966207
0.498971, 0.0546378, 0.966845
0.5081, 0.029722, 0.968238
stamp: 23610000000
-0.0564744, 0.0667439, 0.972648
0.539692, 0.0512523, 0.969164
0.510154, 0.0814831, 0.966269
0.500255, 0.0516843, 0.966547
0.509558, 0.0268761, 0.968281
stamp: 23620000000
-0.0547652, 0.0648487, 0.972682
0.540997, 0.0484499, 0.968903
0.511344, 0.0786689, 0.966207
0.501663, 0.0490006, 0.966591
0.510924, 0.0240514, 0.968049
stamp: 23630000000
-0.0531073, 0.0630196, 0.972627
0.542195, 0.0457478, 0.968811
0.512561, 0.0759352, 0.966148
0.502804, 0.0464276, 0.966567
0.511906, 0.0214833, 0.967751
stamp: 23640000000
-0.0515319, 0.0611828, 0.97243
0.543339, 0.0431269, 0.968548
0.513811, 0.0735235, 0.966168
0.504012, 0.043763, 0.966402
0.513114, 0.0187821, 0.967703
stamp: 23650000000
-0.0501963, 0.0593769, 0.97246
0.544591, 0.0407614, 0.96844
0.514914, 0.0709135, 0.96613
0.505104, 0.0413333, 0.966368
0.514139, 0.016427, 0.967665
stamp: 23660000000
-0.0487107, 0.0579073, 0.972271
0.545548, 0.038206, 0.968256
0.515962, 0.0685221, 0.966069
0.506147, 0.0387894, 0.966318
0.515247, 0.0140526, 0.967457
stamp: 23670000000
-0.0473312, 0.0561896, 0.972315
0.546543, 0.0358567, 0.968118
0.516954, 0.0662387, 0.966182
0.506996, 0.036469, 0.966275
0.516227, 0.0116884, 0.967351
stamp: 23680000000
-0.0460083, 0.0546576, 0.972236
0.547548, 0.0335717, 0.968038
0.517857, 0.0638945, 0.966185
0.50804, 0.0341349, 0.966405
0.517157, 0.00935703, 0.967402
stamp: 23690000000
-0.0446595, 0.0531497, 0.972058
0.548437, 0.0312913, 0.967907
0.51878, 0.061659, 0.966287
0.50883, 0.0319492, 0.966351
0.518072, 0.00708676, 0.967238
stamp: 23700000000
-0.0434643, 0.0517539, 0.972108
0.549188, 0.0293468, 0.967812
0.519496, 0.0595347, 0.966305
0.50964, 0.0297877, 0.966256
0.518989, 0.00500372, 0.967124
stamp: 23710000000
-0.0423378, 0.0503394, 0.972061
0.550118, 0.027243, 0.967727
0.520296, 0.0574732, 0.966355
0.510469, 0.0277054, 0.966312
0.51983, 0.00297973, 0.967138
stamp: 23720000000
-0.0411158, 0.0490145, 0.971859
0.550797, 0.0251584, 0.967678
0.521099, 0.0553692, 0.966501
0.511251, 0.025662, 0.966483
0.520476, 0.000851921, 0.967109
stamp: 23730000000
-0.0399493, 0.0476797, 0.971822
0.551506, 0.0232125, 0.967651
0.521851, 0.053577, 0.966556
0.51197, 0.0236654, 0.966393
0.521235, -0.0012464, 0.966936
stamp: 23740000000
-0.0387568, 0.0463588, 0.971821
0.552178, 0.0212906, 0.967622
0.522505, 0.0516891, 0.966696
0.512544, 0.021732, 0.96635
0.521967, -0.00302579, 0.96695
stamp: 23750000000
-0.0375975, 0.0450224, 0.971768
0.552906, 0.0194952, 0.967531
0.523185, 0.0498249, 0.966653
0.513202, 0.019976, 0.966435
0.522582, -0.00483569, 0.967055
stamp: 23760000000
-0.0365348, 0.043841, 0.971543
0.553492, 0.0178206, 0.967617
0.523913, 0.0479995, 0.966612
0.513936, 0.0181595, 0.966465
0.523219, -0.00663304, 0.966875
stamp: 23770000000
-0.035603, 0.0425934, 0.971542
0.554073, 0.0159907, 0.967569
0.524456, 0.0462666, 0.966805
0.514484, 0.0164521, 0.966596
0.523798, -0.00836373, 0.966799
stamp: 23780000000
-0.0345269, 0.0414496, 0.971475
0.554618, 0.0142408, 0.967464
0.524926, 0.0445202, 0.966982
0.514991, 0.014772, 0.966578
0.524253, -0.0101123, 0.966788
stamp: 23790000000
-0.03354, 0.0404529, 0.971398
0.55522, 0.0126105, 0.967425
0.525565, 0.0429497, 0.967041
0.515457, 0.0130745, 0.966534
0.524791, -0.0116273, 0.967013
stamp: 23800000000
-0.0325038, 0.0392191, 0.971459
0.555692, 0.0110407, 0.967528
0.526038, 0.0411905, 0.967029
0.516002, 0.0115591, 0.966701
0.525451, -0.0132295, 0.966994
stamp: 23810000000
-0.0315655, 0.0381596, 0.971411
0.556114, 0.00950821, 0.967575
0.526546, 0.0399022, 0.967186
0.516603, 0.010002, 0.96683
0.525903, -0.0149254, 0.96697
stamp: 23820000000
-0.0305536, 0.0370388, 0.971384
0.556593, 0.00789149, 0.967519
0.526936, 0.038292, 0.967463
0.517073, 0.00845538, 0.966836
0.526328, -0.0163684, 0.966998
stamp: 23830000000
-0.0296004, 0.0360684, 0.971287
0.557098, 0.00649623, 0.967529
0.527378, 0.0369239, 0.967315
0.517485, 0.00696183, 0.966872
0.526672, -0.0178365, 0.966942
stamp: 23840000000
-0.0287849, 0.0350363, 0.971297
0.557471, 0.00504928, 0.967657
0.527869, 0.0354145, 0.967547
0.517792, 0.00552469, 0.966953
0.527045, -0.0191898, 0.966834
stamp: 23850000000
-0.0278492, 0.0339669, 0.971484
0.557859, 0.00374106, 0.967686
0.528267, 0.0340616, 0.967428
0.518134, 0.00421986, 0.966927
0.527494, -0.020582, 0.966848
stamp: 23860000000
-0.0268562, 0.0330551, 0.971336
0.558169, 0.0023776, 0.967726
0.528441, 0.0324873, 0.967629
0.518589, 0.00286048, 0.966919
0.527921, -0.0219389, 0.966936
stamp: 23870000000
-0.0260869, 0.0319889, 0.971389
0.558584, 0.00105901, 0.967618
0.528799, 0.0312535, 0.967601
0.518971, 0.0015637, 0.966973
0.528219, -0.0233122, 0.966923
stamp: 23880000000
-0.0250564, 0.0308735, 0.971375
0.558924, -0.00019523, 0.967672
0.52905, 0.0300395, 0.967489
0.519289, 0.000294178, 0.966992
0.528409, -0.0244984, 0.9671
stamp: 23890000000
-0.0244632, 0.0301346, 0.971278
0.559164, -0.00145233, 0.967751
0.529438, 0.0289146, 0.967719
0.519526, -0.000876447, 0.967035
0.528748, -0.0257131, 0.967056
stamp: 23900000000
-0.0233958, 0.0290419, 0.971249
0.559369, -0.00259564, 0.967858
0.529659, 0.0276644, 0.967469
0.519791, -0.00205506, 0.96699
0.528964, -0.0269033, 0.967167
stamp: 23910000000
-0.0226543, 0.0281174, 0.971359
0.559701, -0.00374373, 0.967863
0.529989, 0.0266561, 0.967386
0.519969, -0.00322098, 0.967015
0.529188, -0.0279974, 0.967225
stamp: 23921000000
-0.0218582, 0.0272467, 0.971357
0.559806, -0.00484407, 0.967873
0.530209, 0.0254955, 0.967448
0.52018, -0.00425503, 0.966925
0.529395, -0.0290198, 0.967324
stamp: 23930000000
-0.0212113, 0.0264268, 0.971445
0.559964, -0.00592759, 0.967878
0.530362, 0.0245235, 0.96739
0.520335, -0.00530935, 0.966941
0.529565, -0.0301102, 0.967413
stamp: 23940000000
-0.0200773, 0.0253805, 0.971496
0.560129, -0.00683242, 0.967971
0.530582, 0.0234426, 0.967082
0.520496, -0.00624923, 0.966939
0.529829, -0.0311102, 0.967317
stamp: 23950000000
-0.0194892, 0.024649, 0.971359
0.560358, -0.00786362, 0.968037
0.530731, 0.022555, 0.967161
0.520744, -0.00726619, 0.966814
0.530025, -0.0321005, 0.967315
stamp: 23960000000
-0.0186627, 0.023686, 0.97127
0.560582, -0.0087694, 0.968003
0.530879, 0.0215956, 0.967109
0.520905, -0.00827423, 0.966884
0.529999, -0.0330393, 0.967203
stamp: 23970000000
-0.017898, 0.0229076, 0.971342
0.560659, -0.00966242, 0.967958
0.531067, 0.0206613, 0.966949
0.521034, -0.00912032, 0.966814
0.530226, -0.033956, 0.967377
stamp: 23980000000
-0.0171106, 0.0220149, 0.971201
0.560644, -0.0105108, 0.96781
0.531151, 0.0199268, 0.966971
0.521117, -0.00998909, 0.966834
0.530154, -0.0348282, 0.967328
stamp: 23990000000
-0.0164457, 0.0212951, 0.971205
0.560691, -0.0112764, 0.967764
0.53119, 0.0189707, 0.967013
0.521175, -0.0107917, 0.966788
0.530503, -0.0356357, 0.967187
stamp: 24000000000
-0.0158081, 0.0204142, 0.971407
0.560675, -0.0120596, 0.967755
0.531148, 0.0182976, 0.967055
0.521167, -0.0115584, 0.966739
0.53044, -0.0363569, 0.967124
stamp: 24010000000
-0.0150774, 0.019783, 0.971368
0.560702, -0.0127878, 0.967692
0.531059, 0.0174486, 0.967239
0.521201, -0.0122892, 0.966771
0.530593, -0.0371093, 0.967043
stamp: 24020000000
-0.0144166, 0.0191301, 0.971243
0.560673, -0.0134562, 0.9677
0.531159, 0.0167843, 0.967175
0.521151, -0.0129603, 0.966737
0.530563, -0.0377065, 0.967056
stamp: 24030000000
-0.0137681, 0.0182956, 0.971034
0.560711, -0.014116, 0.967594
0.53116, 0.0163081, 0.966963
0.521108, -0.0136719, 0.966693
0.530546, -0.0382024, 0.967115
stamp: 24040000000
-0.0131607, 0.0176015, 0.971002
0.560698, -0.0146376, 0.96753
0.531079, 0.0156912, 0.966922
0.521088, -0.0141816, 0.966645
0.530517, -0.0389194, 0.967203
stamp: 24050000000
-0.0124254, 0.0168122, 0.971034
0.560621, -0.0152339, 0.967487
0.531045, 0.0150826, 0.967053
0.521008, -0.014672, 0.966601
0.53042, -0.0394371, 0.967087
stamp: 24060000000
-0.0119057, 0.016299, 0.970885
0.560455, -0.0157386, 0.967379
0.531, 0.0146251, 0.967007
0.520934, -0.0152131, 0.966562
0.530283, -0.0398983, 0.966976
stamp: 24070000000
-0.0114126, 0.015728, 0.970808
0.560386, -0.0162699, 0.967351
0.530843, 0.0141355, 0.966928
0.52086, -0.0157242, 0.966537
0.530191, -0.0403981, 0.966869
stamp: 24080000000
-0.010796, 0.0150222, 0.970751
0.560284, -0.0166893, 0.967319
0.530625, 0.0136401, 0.966976
0.520705, -0.0161721, 0.966475
0.530099, -0.0409364, 0.966707
stamp: 24090000000
-0.0102281, 0.0144748, 0.970682
0.56014, -0.017099, 0.967187
0.530467, 0.0132541, 0.966835
0.52048, -0.0165518, 0.966448
0.529815, -0.0412834, 0.96653
stamp: 24100000000
-0.00959159, 0.013808, 0.970787
0.559996, -0.0174468, 0.967172
0.530379, 0.0128938, 0.967039
0.5203, -0.016904, 0.966437
0.529794, -0.0417025, 0.966536
stamp: 24110000000
-0.00903151, 0.0130939, 0.970581
0.559853, -0.017745, 0.967111
0.530181, 0.012555, 0.966866
0.52013, -0.0172035, 0.966398
0.529642, -0.0420144, 0.966416
stamp: 24120000000
-0.00859901, 0.0125908, 0.9706
0.559616, -0.0180271, 0.967048
0.529965, 0.0123519, 0.966882
0.519935, -0.0176444, 0.966472
0.529332, -0.0422824, 0.966435
stamp: 24130000000
-0.00824001, 0.0121458, 0.970543
0.559439, -0.0183965, 0.966987
0.529662, 0.0120531, 0.966901
0.519754, -0.0178816, 0.966461
0.52901, -0.0425447, 0.966455
stamp: 24140000000
-0.00779443, 0.0116758, 0.970482
0.559131, -0.0187055, 0.967034
0.529441, 0.0118007, 0.966996
0.51953, -0.0180948, 0.966459
0.528786, -0.0428101, 0.966507
stamp: 24150000000
-0.00724509, 0.0113139, 0.970455
0.558891, -0.0189054, 0.967013
0.529303, 0.0115469, 0.967001
0.519272, -0.0182816, 0.96647
0.528618, -0.0430818, 0.966554
stamp: 24160000000
-0.00678097, 0.0108768, 0.970351
0.558589, -0.0189748, 0.967049
0.529096, 0.0114079, 0.967001
0.518992, -0.0184495, 0.966493
0.528423, -0.0432372, 0.966573
stamp: 24170000000
-0.00635413, 0.0104328, 0.970329
0.558369, -0.0190819, 0.967046
0.528742, 0.0111302, 0.967262
0.518782, -0.0186042, 0.966474
0.528204, -0.0434508, 0.966502
stamp: 24180000000
-0.00597075, 0.00989893, 0.970452
0.558154, -0.0191791, 0.967051
0.528374, 0.0109722, 0.967364
0.51845, -0.0187137, 0.966552
0.52795, -0.0435878, 0.966422
stamp: 24190000000
-0.00557078, 0.0095859, 0.970367
0.557839, -0.01933, 0.967126
0.528046, 0.0109094, 0.96745
0.518179, -0.0188127, 0.966581
0.527611, -0.0436734, 0.966372
stamp: 24200000000
-0.00521977, 0.00926563, 0.970368
0.557451, -0.0195048, 0.967175
0.527817, 0.010845, 0.967479
0.517841, -0.0189322, 0.966629
0.527199, -0.0437463, 0.966374
stamp: 24210000000
-0.00482067, 0.00890749, 0.970424
0.55715, -0.0195728, 0.967157
0.527554, 0.0108039, 0.967516
0.517519, -0.0190103, 0.966665
0.526823, -0.0437378, 0.966452
stamp: 24220000000
-0.00444941, 0.0084072, 0.970463
0.556731, -0.0195952, 0.967162
0.52728, 0.010771, 0.96758
0.517184, -0.0190577, 0.96669
0.526516, -0.0438002, 0.966533
stamp: 24230000000
-0.00404114, 0.0079532, 0.970642
0.556436, -0.0195504, 0.967132
0.52674, 0.0107018, 0.967613
0.516896, -0.0190733, 0.966729
0.526243, -0.0438228, 0.966543
stamp: 24240000000
-0.00376461, 0.00769416, 0.970553
0.556095, -0.0195971, 0.96711
0.526417, 0.01076, 0.967708
0.516472, -0.0190878, 0.966808
0.525919, -0.0438306, 0.966508
stamp: 24250000000
-0.0035117, 0.00740395, 0.970527
0.55581, -0.01961, 0.9671
0.526153, 0.0107908, 0.967758
0.516089, -0.019098, 0.966867
0.525516, -0.043819, 0.966533
stamp: 24260000000
-0.00316504, 0.00704588, 0.970497
0.555487, -0.0196739, 0.967122
0.525932, 0.0107656, 0.967943
0.515802, -0.0190823, 0.966913
0.525222, -0.0438081, 0.966506
stamp: 24270000000
-0.00289044, 0.00680339, 0.970595
0.555188, -0.0196473, 0.967141
0.525567, 0.0108192, 0.968039
0.515488, -0.0190437, 0.966966
0.524891, -0.0438221, 0.966534
stamp: 24280000000
-0.00248963, 0.00633719, 0.970607
0.554679, -0.0195619, 0.967219
0.525106, 0.0107566, 0.968121
0.515141, -0.0190143, 0.967014
0.524445, -0.0437274, 0.966581
stamp: 24290000000
-0.00224633, 0.00609874, 0.970607
0.554328, -0.0195381, 0.967225
0.524627, 0.0108846, 0.968112
0.514731, -0.0189668, 0.967085
0.524054, -0.0436288, 0.966637
stamp: 24300000000
-0.0020398, 0.00579981, 0.970674
0.554006, -0.019451, 0.967238
0.524154, 0.0109598, 0.967983
0.514336, -0.0188661, 0.967134
0.523721, -0.043524, 0.966543
stamp: 24310000000
-0.00194145, 0.00560756, 0.970675
0.553575, -0.0192979, 0.967173
0.523827, 0.0110483, 0.967998
0.513949, -0.0188003, 0.967133
0.523263, -0.0434458, 0.966562
stamp: 24320000000
-0.00160443, 0.00538302, 0.970642
0.553249, -0.019202, 0.967137
0.52347, 0.0111364, 0.968019
0.513579, -0.0186032, 0.967062
0.522895, -0.0433696, 0.96653
stamp: 24330000000
-0.00137009, 0.00505235, 0.970722
0.552839, -0.0191075, 0.967159
0.523093, 0.0111676, 0.968132
0.513198, -0.0185497, 0.967119
0.522526, -0.0432678, 0.966489
stamp: 24340000000
-0.00116333, 0.0047473, 0.97075
0.552487, -0.0189747, 0.96719
0.522807, 0.0112852, 0.968166
0.512813, -0.0183767, 0.967119
0.522075, -0.0431803, 0.966558
stamp: 24350000000
-0.00100563, 0.00448233, 0.970848
0.552162, -0.0188566, 0.967203
0.522478, 0.0114163, 0.968347
0.512387, -0.0182626, 0.967119
0.521825, -0.0430248, 0.966569
stamp: 24360000000
-0.000817718, 0.00429159, 0.970852
0.551669, -0.0187419, 0.967202
0.522169, 0.0115472, 0.968319
0.512043, -0.0181678, 0.967124
0.52145, -0.0429137, 0.966597
stamp: 24370000000
-0.000653428, 0.00406247, 0.970838
0.551314, -0.0186467, 0.967126
0.521755, 0.011682, 0.968437
0.511734, -0.0180849, 0.967095
0.52111, -0.0428991, 0.966497
stamp: 24380000000
-0.00047116, 0.00390626, 0.970778
0.550939, -0.0184631, 0.967091
0.521378, 0.0117531, 0.968463
0.511443, -0.0179824, 0.96704
0.520716, -0.0427736, 0.966325
stamp: 24390000000
-0.000333617, 0.00371447, 0.970758
0.550578, -0.0183949, 0.967039
0.520947, 0.011886, 0.968367
0.511042, -0.0178569, 0.967037
0.520347, -0.0426103, 0.966075
stamp: 24400000000
-0.000155259, 0.00329367, 0.970815
0.550254, -0.018239, 0.966982
0.520502, 0.0120546, 0.968321
0.510604, -0.0177544, 0.967035
0.519901, -0.042453, 0.966003
stamp: 24410000000
0.000137381, 0.00299135, 0.970781
0.549969, -0.0181086, 0.966889
0.520204, 0.0121784, 0.968139
0.510154, -0.0175296, 0.966931
0.519584, -0.042318, 0.966025
stamp: 24420000000
0.000316942, 0.00274711, 0.97077
0.549626, -0.0179544, 0.96681
0.519862, 0.0123744, 0.968218
0.509811, -0.0174248, 0.966841
0.519273, -0.0421501, 0.966087
stamp: 24430000000
0.000425243, 0.00255135, 0.970751
0.549199, -0.0178333, 0.9667
0.519446, 0.0124085, 0.968078
0.509502, -0.0173114, 0.966798
0.518884, -0.0420101, 0.966168
stamp: 24440000000
0.00050122, 0.00231333, 0.970722
0.548761, -0.0177395, 0.966614
0.519144, 0.0125448, 0.96804
0.509186, -0.0171758, 0.96673
0.518626, -0.0419062, 0.966111
stamp: 24450000000
0.000603881, 0.00210847, 0.970685
0.548399, -0.0175758, 0.966541
0.518821, 0.012719, 0.967998
0.508946, -0.0169924, 0.966668
0.518355, -0.0418333, 0.965999
stamp: 24460000000
0.000751856, 0.0019814, 0.970652
0.548085, -0.0174217, 0.966507
0.518495, 0.0128433, 0.967945
0.508585, -0.0169012, 0.966677
0.517991, -0.0417075, 0.965804
stamp: 24470000000
0.000798605, 0.00184033, 0.970618
0.547781, -0.0173405, 0.966399
0.518173, 0.012868, 0.967946
0.508194, -0.0168715, 0.96663
0.517557, -0.041542, 0.965562
stamp: 24480000000
0.000891534, 0.00165315, 0.970635
0.547437, -0.0171652, 0.966273
0.517854, 0.0130316, 0.967891
0.507857, -0.0167674, 0.966551
0.517249, -0.0413787, 0.965485
stamp: 24490000000
0.00106914, 0.00135195, 0.97067
0.547181, -0.0170396, 0.966191
0.517319, 0.0131722, 0.967893
0.50754, -0.0166739, 0.966449
0.516958, -0.0413105, 0.965423
stamp: 24500000000
0.00111957, 0.0011531, 0.970666
0.546889, -0.0169299, 0.966153
0.517007, 0.0132401, 0.967778
0.507147, -0.0165005, 0.966259
0.516601, -0.0412046, 0.965483
stamp: 24510000000
0.00116286, 0.000975794, 0.970623
0.546602, -0.0168199, 0.966137
0.516763, 0.0133159, 0.967742
0.506894, -0.0163714, 0.966271
0.516284, -0.0411713, 0.965456
stamp: 24520000000
0.00119623, 0.000668685, 0.970614
0.546156, -0.0166976, 0.966128
0.516539, 0.0133962, 0.967723
0.506609, -0.0162657, 0.966265
0.516012, -0.0410898, 0.965418
stamp: 24530000000
0.00123585, 0.000435968, 0.970574
0.545845, -0.0166722, 0.966136
0.516202, 0.0135532, 0.967782
0.506263, -0.0161693, 0.966251
0.515752, -0.0409975, 0.965394
stamp: 24540000000
0.00133388, 0.000127815, 0.970485
0.545532, -0.0166339, 0.966175
0.51593, 0.013665, 0.967719
0.505936, -0.0160858, 0.966252
0.515435, -0.0408456, 0.965481
stamp: 24550000000
0.00136453, -9.66144e-05, 0.970413
0.545294, -0.0165561, 0.96616
0.515664, 0.013771, 0.967656
0.50563, -0.0160349, 0.966258
0.515043, -0.0407691, 0.965425
stamp: 24560000000
0.00140486, -0.000272318, 0.970387
0.544998, -0.0164674, 0.966165
0.515311, 0.0138412, 0.967533
0.505378, -0.0159664, 0.966248
0.514746, -0.0406823, 0.965285
stamp: 24570000000
0.00142874, -0.000467128, 0.970365
0.544724, -0.0164389, 0.966171
0.515009, 0.0138931, 0.967556
0.50514, -0.0158903, 0.966256
0.514393, -0.0405466, 0.96523
stamp: 24580000000
0.00143546, -0.000743557, 0.970352
0.544492, -0.0163782, 0.966154
0.514764, 0.0139611, 0.967541
0.504884, -0.0158179, 0.966268
0.514143, -0.0404616, 0.965242
stamp: 24590000000
0.00147537, -0.000924312, 0.97035
0.544122, -0.0161839, 0.966154
0.514472, 0.0139555, 0.967653
0.504661, -0.0157196, 0.966271
0.513865, -0.0403999, 0.965268
stamp: 24599000000
0.00149454, -0.00108982, 0.970308
0.543887, -0.0161031, 0.966167
0.514158, 0.0140984, 0.96768
0.504399, -0.0156485, 0.966273
0.513565, -0.040371, 0.965363
stamp: 24610000000
0.00150637, -0.00128724, 0.970276
0.543668, -0.0160525, 0.966174
0.513897, 0.0141431, 0.967644
0.503992, -0.0156148, 0.96634
0.513392, -0.040256, 0.965429
stamp: 24620000000
0.00150085, -0.00144766, 0.970281
0.543344, -0.0160025, 0.966224
0.513716, 0.0142429, 0.967593
0.503663, -0.0154611, 0.966279
0.513197, -0.0402047, 0.96546
stamp: 24630000000
0.00143737, -0.00172263, 0.970312
0.543153, -0.0159375, 0.96626
0.513361, 0.0142305, 0.967692
0.503457, -0.0154239, 0.966312
0.513005, -0.0401832, 0.965457
stamp: 24639000000
0.00142401, -0.00188266, 0.970314
0.542927, -0.015851, 0.966338
0.513188, 0.0143846, 0.967755
0.503254, -0.0153878, 0.96635
0.51278, -0.0401307, 0.965527
stamp: 24650000000
0.00137376, -0.00204466, 0.970297
0.542667, -0.0157863, 0.966365
0.512921, 0.0143907, 0.967842
0.503059, -0.0153244, 0.966451
0.512439, -0.0401501, 0.96563
stamp: 24660000000
0.00127825, -0.00227351, 0.970258
0.542283, -0.0157568, 0.966512
0.512705, 0.0144294, 0.967855
0.502825, -0.01528, 0.966486
0.512192, -0.0400842, 0.96572
stamp: 24670000000
0.00123189, -0.0025003, 0.970214
0.542062, -0.0157217, 0.966558
0.512506, 0.0145031, 0.967926
0.502586, -0.0152323, 0.966501
0.511933, -0.0399926, 0.965896
stamp: 24680000000
0.00124368, -0.00285884, 0.970336
0.54184, -0.015629, 0.966542
0.51224, 0.0145808, 0.967983
0.502241, -0.0151667, 0.966623
0.511758, -0.0399103, 0.966037
stamp: 24690000000
0.00120962, -0.00304583, 0.970347
0.541641, -0.0156227, 0.966648
0.512015, 0.0146576, 0.968009
0.501995, -0.0151363, 0.966682
0.511539, -0.0398582, 0.966129
stamp: 24700000000
0.00114499, -0.00324174, 0.970357
0.541456, -0.015539, 0.966639
0.5117, 0.0147257, 0.967908
0.501817, -0.0150856, 0.966728
0.511361, -0.0398237, 0.96612
stamp: 24710000000
0.00112503, -0.00344473, 0.970329
0.541235, -0.0154837, 0.966693
0.511524, 0.0147762, 0.967877
0.501607, -0.0150906, 0.966805
0.511184, -0.0398223, 0.966052
stamp: 24720000000
0.00100278, -0.00355807, 0.970446
0.541061, -0.0154646, 0.966687
0.511331, 0.0148237, 0.967865
0.501415, -0.0150609, 0.96683
0.510803, -0.0397349, 0.966047
stamp: 24730000000
0.00091614, -0.00383472, 0.97048
0.540853, -0.0154042, 0.966697
0.511079, 0.0148467, 0.967901
0.501225, -0.0150169, 0.966833
0.510608, -0.0397112, 0.96601
stamp: 24740000000
0.000871993, -0.00398955, 0.970505
0.540508, -0.0153828, 0.966673
0.510829, 0.0148293, 0.968033
0.501001, -0.0149634, 0.966821
0.510346, -0.0396231, 0.966007
stamp: 24750000000
0.000815041, -0.0041346, 0.970532
0.540325, -0.015345, 0.966668
0.510628, 0.0148834, 0.968022
0.500786, -0.0149089, 0.966814
0.510097, -0.0395572, 0.96601
stamp: 24760000000
0.000902792, -0.00431938, 0.970499
0.540149, -0.0153066, 0.966638
0.510374, 0.0149594, 0.968019
0.500555, -0.0148364, 0.96677
0.509836, -0.0394615, 0.96597
stamp: 24770000000
0.000843544, -0.00447313, 0.970537
0.539951, -0.0152127, 0.966603
0.51018, 0.0149995, 0.96795
0.500251, -0.0147922, 0.966796
0.509666, -0.0394084, 0.965957
stamp: 24780000000
0.00079439, -0.0046454, 0.970653
0.53965, -0.0150574, 0.966651
0.509964, 0.0151065, 0.9679
0.500006, -0.0147261, 0.96671
0.509508, -0.0393612, 0.965926
stamp: 24790000000
0.000652406, -0.00475123, 0.970629
0.53946, -0.0149992, 0.966608
0.509538, 0.015136, 0.967793
0.499809, -0.0146757, 0.966646
0.509339, -0.0393192, 0.96588
stamp: 24800000000
0.000576492, -0.00498823, 0.970597
0.539277, -0.0149349, 0.966541
0.509502, 0.0152289, 0.967817
0.499644, -0.0146224, 0.966609
0.509215, -0.0391893, 0.965871
stamp: 24810000000
0.000471953, -0.00514262, 0.970676
0.539092, -0.0148694, 0.966495
0.50932, 0.0152891, 0.967769
0.499456, -0.0144629, 0.96653
0.509035, -0.0391414, 0.965824
stamp: 24820000000
0.000252663, -0.00536038, 0.970839
0.538899, -0.014766, 0.966486
0.509124, 0.0153738, 0.967688
0.499257, -0.0144075, 0.966499
0.508695, -0.0391274, 0.965839
stamp: 24830000000
0.000160701, -0.00552948, 0.970901
0.538711, -0.0146771, 0.966467
0.508892, 0.0154104, 0.967671
0.499085, -0.0142996, 0.966497
0.50848, -0.0390543, 0.965861
stamp: 24840000000
4.88948e-05, -0.00567741, 0.971002
0.538405, -0.0145579, 0.966504
0.508694, 0.0154882, 0.96758
0.498893, -0.0142079, 0.966458
0.508301, -0.0389755, 0.965858
stamp: 24850000000
-2.27038e-05, -0.00579872, 0.971081
0.538228, -0.0144932, 0.966463
0.508518, 0.0156783, 0.967603
0.498693, -0.0141237, 0.966427
0.508096, -0.0388627, 0.965808
stamp: 24860000000
-0.000131754, -0.00600226, 0.971275
0.537989, -0.0144577, 0.966373
0.508337, 0.0157646, 0.967574
0.498492, -0.0140451, 0.96641
0.507849, -0.0387555, 0.965865
stamp: 24870000000
-0.000246521, -0.00607113, 0.971222
0.537753, -0.0143746, 0.966337
0.508101, 0.0158838, 0.967579
0.49826, -0.0139827, 0.966405
0.507656, -0.0386551, 0.96587
stamp: 24880000000
-0.000352435, -0.00623773, 0.971397
0.537577, -0.0143053, 0.966322
0.507935, 0.015976, 0.967569
0.497965, -0.0138614, 0.966493
0.507386, -0.038497, 0.965895
stamp: 24890000000
-0.000407369, -0.00635569, 0.971473
0.537425, -0.0141952, 0.966323
0.507754, 0.016052, 0.967543
0.497791, -0.0137672, 0.966495
0.507253, -0.0383337, 0.965789
stamp: 24900000000
-0.000485302, -0.006528, 0.971479
0.537215, -0.0140257, 0.966314
0.507572, 0.0161665, 0.967498
0.497633, -0.0136119, 0.966476
0.507075, -0.0382578, 0.965681
stamp: 24910000000
-0.000590163, -0.00664951, 0.971574
0.537059, -0.0138879, 0.966277
0.507148, 0.0163067, 0.967557
0.497428, -0.013512, 0.966449
0.506895, -0.0381851, 0.965583
stamp: 24920000000
-0.000661146, -0.00697152, 0.971658
0.536847, -0.0137562, 0.966303
0.506986, 0.0164704, 0.967473
0.497189, -0.0133922, 0.966378
0.506719, -0.0380768, 0.965582
stamp: 24930000000
-0.000835822, -0.00703387, 0.971824
0.536587, -0.0135774, 0.966372
0.506819, 0.0165986, 0.967463
0.496963, -0.0131302, 0.966321
0.506425, -0.0379444, 0.965697
stamp: 24940000000
-0.000938144, -0.00715361, 0.971855
0.536284, -0.0134741, 0.966453
0.506582, 0.0166641, 0.967514
0.496767, -0.0129833, 0.966263
0.50619, -0.0377832, 0.965841
stamp: 24950000000
-0.001049, -0.00726657, 0.971891
0.536076, -0.013252, 0.966445
0.506431, 0.0167869, 0.96752
0.496594, -0.0128684, 0.966264
0.506018, -0.0376533, 0.965867
stamp: 24960000000
-0.0012404, -0.00738323, 0.97187
0.53591, -0.0131257, 0.966429
0.506251, 0.0169102, 0.967498
0.496431, -0.0126998, 0.966323
0.505848, -0.0375257, 0.965843
stamp: 24970000000
-0.0012651, -0.00753454, 0.97177
0.535757, -0.0130073, 0.966412
0.506016, 0.017207, 0.967611
0.496245, -0.0125548, 0.966315
0.505592, -0.0373186, 0.965811
stamp: 24980000000
-0.0013486, -0.00762851, 0.971774
0.535596, -0.0128927, 0.966393
0.505838, 0.0173583, 0.967594
0.49592, -0.0124072, 0.966371
0.505327, -0.0370985, 0.965849
stamp: 24990000000
-0.00145002, -0.00774773, 0.971832
0.53533, -0.0126835, 0.96635
0.505672, 0.017535, 0.96758
0.495725, -0.0122702, 0.966382
0.505182, -0.0368855, 0.965746
stamp: 25000000000
-0.00154006, -0.00786417, 0.971805
0.535117, -0.01256, 0.966272
0.505434, 0.0177482, 0.967579
0.495488, -0.0121341, 0.966402
0.505014, -0.0367741, 0.965655
stamp: 25010000000
-0.00165074, -0.00795079, 0.971787
0.534925, -0.012383, 0.966243
0.505257, 0.0179733, 0.967489
0.495301, -0.0119716, 0.966396
0.504846, -0.0366327, 0.965612
stamp: 25020000000
-0.00175112, -0.00803968, 0.971762
0.534746, -0.01214, 0.966246
0.504946, 0.0180956, 0.967522
0.495119, -0.0116638, 0.966316
0.504702, -0.0364123, 0.965618
stamp: 25030000000
-0.00196838, -0.00815499, 0.971611
0.53457, -0.0119025, 0.966354
0.504755, 0.018331, 0.967327
0.494907, -0.0114963, 0.966321
0.504423, -0.0362212, 0.965712
stamp: 25040000000
-0.00208448, -0.00831289, 0.971644
0.534316, -0.0117249, 0.966362
0.50452, 0.0184664, 0.967349
0.494714, -0.0113239, 0.966303
0.504216, -0.0359991, 0.965791
stamp: 25050000000
-0.00225472, -0.00841333, 0.971603
0.53408, -0.0115507, 0.966407
0.504377, 0.0187146, 0.967375
0.494527, -0.0111678, 0.9663
0.503992, -0.0358651, 0.965835
stamp: 25060000000
-0.00234167, -0.0084519, 0.971513
0.533865, -0.0114257, 0.966444
0.504182, 0.0188543, 0.967319
0.494326, -0.0109583, 0.966356
0.503725, -0.0355493, 0.965819
stamp: 25070000000
-0.0024326, -0.00852286, 0.971474
0.533604, -0.0112283, 0.966541
0.503969, 0.0191068, 0.967436
0.494141, -0.0108008, 0.966361
0.503545, -0.0353241, 0.965671
stamp: 25080000000
-0.00257666, -0.00868974, 0.97146
0.533459, -0.0109252, 0.966486
0.503703, 0.0192851, 0.967644
0.493877, -0.0106367, 0.966457
0.503368, -0.0351608, 0.965607
stamp: 25090000000
-0.00271293, -0.00880416, 0.971479
0.53328, -0.0106721, 0.966506
0.50356, 0.0195453, 0.967631
0.49366, -0.0104308, 0.966467
0.503191, -0.0350086, 0.965592
stamp: 25100000000
-0.002876, -0.00887505, 0.971486
0.533113, -0.0105117, 0.966511
0.503371, 0.0197255, 0.967631
0.493458, -0.0100931, 0.966442
0.502985, -0.0348101, 0.965683
stamp: 25110000000
-0.00292823, -0.00897236, 0.97138
0.53293, -0.0103424, 0.966516
0.503188, 0.0198947, 0.967681
0.493221, -0.00993707, 0.966437
0.502823, -0.0346373, 0.965759
stamp: 25120000000
-0.00311305, -0.00901487, 0.971407
0.532674, -0.0101705, 0.966547
0.503054, 0.020149, 0.96779
0.493044, -0.00975007, 0.966442
0.502552, -0.0344418, 0.965865
stamp: 25130000000
-0.00328673, -0.0091579, 0.971231
0.532502, -0.0099289, 0.966572
0.502714, 0.0202401, 0.967945
0.49287, -0.00955341, 0.966497
0.502288, -0.0341643, 0.965949
stamp: 25140000000
-0.00349297, -0.00917429, 0.971324
0.532251, -0.00971051, 0.966558
0.50256, 0.0204393, 0.968003
0.492676, -0.00933677, 0.966605
0.502066, -0.0338935, 0.965925
stamp: 25150000000
-0.00366248, -0.00921776, 0.971277
0.532037, -0.00947642, 0.966601
0.502393, 0.0206313, 0.968022
0.4925, -0.00913404, 0.966644
0.50187, -0.0336779, 0.965886
stamp: 25160000000
-0.00377135, -0.00928613, 0.971269
0.531878, -0.00921466, 0.966655
0.502106, 0.0209144, 0.968105
0.492372, -0.00884795, 0.966668
0.501751, -0.0334384, 0.965911
stamp: 25170000000
-0.00388709, -0.0093348, 0.971265
0.531718, -0.0090253, 0.966679
0.501976, 0.0211893, 0.968142
0.492146, -0.0085922, 0.966687
0.501577, -0.0332888, 0.965866
stamp: 25180000000
-0.00403805, -0.00935273, 0.971283
0.531587, -0.00877629, 0.966677
0.501834, 0.0214759, 0.968202
0.491909, -0.00832295, 0.966786
0.501368, -0.0331702, 0.96588
stamp: 25190000000
-0.00418282, -0.00938699, 0.971327
0.531378, -0.00862537, 0.966703
0.50166, 0.0216591, 0.968139
0.491719, -0.00815497, 0.966744
0.501193, -0.0329868, 0.965933
stamp: 25200000000
-0.00428664, -0.00947115, 0.971407
0.531187, -0.00842738, 0.966764
0.501445, 0.0218457, 0.968124
0.491509, -0.00794633, 0.966775
0.50095, -0.0326742, 0.966052
stamp: 25210000000
-0.00442963, -0.00962331, 0.971341
0.530982, -0.00828963, 0.966833
0.50127, 0.0220327, 0.968117
0.491334, -0.00774544, 0.966746
0.50079, -0.0324575, 0.966129
stamp: 25220000000
-0.00452338, -0.00970606, 0.971344
0.530718, -0.00793129, 0.966876
0.501099, 0.0222532, 0.968115
0.491169, -0.00752262, 0.966819
0.500481, -0.0321925, 0.966199
stamp: 25230000000
-0.00467977, -0.00975002, 0.971368
0.530465, -0.00775049, 0.966948
0.500884, 0.0225235, 0.968166
0.490959, -0.00732116, 0.96691
0.500307, -0.0319375, 0.966226
stamp: 25240000000
-0.00480093, -0.00980296, 0.971414
0.530324, -0.00753246, 0.96705
0.500747, 0.0227219, 0.968191
0.49074, -0.00704094, 0.966926
0.500046, -0.0317173, 0.966257
stamp: 25250000000
-0.00492643, -0.00989924, 0.971432
0.53016, -0.00734596, 0.967083
0.500594, 0.0230161, 0.968296
0.490571, -0.00685488, 0.966964
0.499919, -0.0314837, 0.966284
stamp: 25260000000
-0.00504036, -0.00991739, 0.971446
0.530022, -0.00707679, 0.967079
0.500325, 0.0232457, 0.968321
0.490367, -0.00663301, 0.967059
0.499758, -0.0312945, 0.966335
stamp: 25270000000
-0.00515145, -0.00994423, 0.971468
0.529892, -0.0068924, 0.967085
0.5, 0.0233705, 0.968393
0.490163, -0.00643638, 0.967016
0.499596, -0.0311397, 0.966264
stamp: 25280000000
-0.00534114, -0.0100087, 0.971493
0.529736, -0.00673669, 0.967092
0.499848, 0.0235393, 0.968436
0.489889, -0.00626891, 0.96712
0.499372, -0.0309478, 0.966222
stamp: 25290000000
-0.00547492, -0.00998736, 0.971539
0.529382, -0.00649431, 0.967083
0.499708, 0.0236836, 0.968476
0.489757, -0.00605367, 0.967149
0.499204, -0.0306899, 0.966166
stamp: 25300000000
-0.00562092, -0.00997718, 0.97147
0.529163, -0.00621226, 0.967119
0.499542, 0.0238438, 0.968496
0.489604, -0.00582522, 0.967174
0.499025, -0.030499, 0.966195
stamp: 25310000000
-0.00577452, -0.00998582, 0.971517
0.528958, -0.00604912, 0.967132
0.49928, 0.0241331, 0.968601
0.489428, -0.00563961, 0.967169
0.498856, -0.0302978, 0.966251
stamp: 25320000000
-0.00589792, -0.0100461, 0.971506
0.528774, -0.00586867, 0.967112
0.499104, 0.0244462, 0.96866
0.489247, -0.00536515, 0.967124
0.498619, -0.0300816, 0.966397
stamp: 25330000000
-0.0060863, -0.0100121, 0.971659
0.528634, -0.00567945, 0.967064
0.498953, 0.0246438, 0.968676
0.48903, -0.00515761, 0.967135
0.498449, -0.029831, 0.966402
stamp: 25340000000
-0.00621223, -0.0100443, 0.97168
0.528439, -0.00542814, 0.967051
0.498805, 0.0247972, 0.96868
0.48888, -0.00491022, 0.967167
0.498321, -0.0296579, 0.966332
stamp: 25350000000
-0.00632433, -0.0100638, 0.971688
0.528295, -0.00521151, 0.96703
0.498682, 0.0249583, 0.968658
0.488728, -0.00473822, 0.967168
0.498105, -0.0294969, 0.966344
stamp: 25360000000
-0.00648495, -0.0100296, 0.971708
0.528119, -0.0051263, 0.967033
0.498556, 0.0251222, 0.968629
0.488628, -0.00452287, 0.96714
0.497889, -0.0292253, 0.96626
stamp: 25370000000
-0.00660447, -0.0100244, 0.971709
0.527903, -0.00482902, 0.967094
0.498368, 0.0253026, 0.968625
0.488469, -0.00436402, 0.967117
0.497674, -0.0290834, 0.966277
stamp: 25380000000
-0.00679008, -0.0100085, 0.971717
0.527769, -0.0046615, 0.967071
0.498157, 0.025525, 0.96856
0.488252, -0.00423751, 0.967087
0.497567, -0.0288824, 0.966279
stamp: 25390000000
-0.00689643, -0.0100112, 0.971715
0.52758, -0.00452764, 0.967114
0.498044, 0.0257669, 0.968436
0.487975, -0.00396649, 0.967109
0.497429, -0.0287292, 0.966244
stamp: 25400000000
-0.00702856, -0.00999407, 0.971715
0.527449, -0.00434501, 0.96705
0.497915, 0.0260734, 0.968465
0.487817, -0.00379819, 0.96708
0.497295, -0.0285886, 0.966199
stamp: 25410000000
-0.00719711, -0.00994226, 0.971743
0.527322, -0.00412847, 0.966994
0.497753, 0.0262386, 0.968439
0.487648, -0.00361745, 0.967104
0.497132, -0.0284341, 0.966177
stamp: 25420000000
-0.00729776, -0.00992635, 0.971732
0.527201, -0.00398717, 0.966969
0.497623, 0.0263869, 0.968418
0.487497, -0.00345867, 0.967081
0.496933, -0.0282247, 0.966133
stamp: 25430000000
-0.00748655, -0.00994533, 0.971723
0.527068, -0.00384928, 0.966935
0.497329, 0.0264882, 0.968472
0.487365, -0.00330818, 0.967072
0.496793, -0.028062, 0.966128
stamp: 25440000000
-0.00754475, -0.00988537, 0.971631
0.526917, -0.00374635, 0.966929
0.497212, 0.0266303, 0.968433
0.487235, -0.0031569, 0.967058
0.496607, -0.0278133, 0.966143
stamp: 25450000000
-0.00765388, -0.00984955, 0.971615
0.526764, -0.00342129, 0.966922
0.49708, 0.0267655, 0.968401
0.487075, -0.00301342, 0.967016
0.496393, -0.0275799, 0.966122
stamp: 25460000000
-0.00781342, -0.0098092, 0.971593
0.52659, -0.00329206, 0.96683
0.496946, 0.0268985, 0.968348
0.486973, -0.00280899, 0.966962
0.496313, -0.0273706, 0.966136
stamp: 25470000000
-0.00797348, -0.00980774, 0.971644
0.52639, -0.00314914, 0.966852
0.496739, 0.0270923, 0.968311
0.486832, -0.00267331, 0.966954
0.496227, -0.0272343, 0.966134
stamp: 25480000000
-0.00811752, -0.0098112, 0.971539
0.526289, -0.00300129, 0.96682
0.496637, 0.0272347, 0.968277
0.48671, -0.00245124, 0.966893
0.496149, -0.0271255, 0.966099
stamp: 25490000000
-0.00825318, -0.00977492, 0.971495
0.526198, -0.00285996, 0.966774
0.496549, 0.0274686, 0.968271
0.486606, -0.0023227, 0.966856
0.496053, -0.0270108, 0.966029
stamp: 25500000000
-0.00839274, -0.00974644, 0.971445
0.526104, -0.00263818, 0.966663
0.496418, 0.0276163, 0.968204
0.486503, -0.00216246, 0.966869
0.495857, -0.0268639, 0.966061
stamp: 25510000000
-0.00850383, -0.00973313, 0.971398
0.525905, -0.00245206, 0.966583
0.496277, 0.0277551, 0.968135
0.486348, -0.00199669, 0.96683
0.495739, -0.026751, 0.965958
stamp: 25520000000
-0.00865085, -0.0098502, 0.971345
0.525804, -0.00231954, 0.966497
0.496166, 0.0279069, 0.968114
0.486208, -0.00185312, 0.966745
0.495578, -0.0265751, 0.965805
stamp: 25530000000
-0.00879559, -0.00978007, 0.971231
0.525705, -0.00217027, 0.966417
0.495987, 0.0280635, 0.968086
0.486091, -0.00171446, 0.966663
0.495416, -0.0263869, 0.965759
stamp: 25540000000
-0.00892257, -0.00954422, 0.971233
0.525579, -0.00198842, 0.966353
0.495871, 0.0281868, 0.968022
0.485988, -0.00154045, 0.966576
0.495332, -0.0261626, 0.965679
stamp: 25550000000
-0.00902069, -0.00949567, 0.97118
0.525488, -0.00176585, 0.9663
0.49576, 0.02833, 0.967947
0.485897, -0.00139439, 0.966521
0.495249, -0.0260262, 0.965637
stamp: 25560000000
-0.00895189, -0.00948442, 0.971016
0.525403, -0.00162309, 0.966218
0.495611, 0.0285328, 0.967885
0.48583, -0.00120762, 0.966433
0.495215, -0.0258393, 0.965605
stamp: 25570000000
-0.00908035, -0.00944034, 0.970959
0.525263, -0.00147825, 0.966183
0.495555, 0.0287259, 0.967719
0.485698, -0.00101304, 0.966352
0.495128, -0.025696, 0.965576
stamp: 25580000000
-0.009181, -0.00940545, 0.970917
0.52518, -0.00130951, 0.96607
0.495472, 0.0288553, 0.96762
0.485598, -0.000880775, 0.966282
0.495023, -0.0255631, 0.965533
stamp: 25590000000
-0.0093249, -0.00936602, 0.970782
0.525089, -0.00118305, 0.966012
0.495412, 0.0290041, 0.967535
0.485437, -0.00069788, 0.966236
0.494887, -0.0255114, 0.965456
stamp: 25600000000
-0.00945263, -0.00933564, 0.970767
0.52497, -0.00110443, 0.965979
0.495333, 0.0291301, 0.967449
0.485336, -0.000553203, 0.96617
0.494843, -0.0253465, 0.96535
stamp: 25610000000
-0.00983843, -0.00919805, 0.970823
0.524904, -0.000993051, 0.965939
0.495255, 0.0293718, 0.96743
0.485271, -0.000429052, 0.966103
0.494733, -0.0252847, 0.965305
stamp: 25620000000
-0.00994492, -0.00915742, 0.970814
0.524811, -0.00088801, 0.965879
0.495169, 0.0294994, 0.967362
0.485202, -0.000317216, 0.966063
0.49458, -0.0250161, 0.965241
stamp: 25630000000
-0.0100687, -0.00909864, 0.970774
0.524792, -0.000740821, 0.965814
0.495075, 0.0296136, 0.967258
0.485104, -0.000184281, 0.966049
0.494567, -0.0247839, 0.965072
stamp: 25639000000
-0.0102193, -0.00903067, 0.970794
0.524608, -0.000599528, 0.965804
0.495015, 0.0297341, 0.967218
0.485011, -9.78554e-05, 0.965971
0.494451, -0.024686, 0.964933
stamp: 25650000000
-0.0103511, -0.00900346, 0.970825
0.524579, -0.000461939, 0.965753
0.494965, 0.0298428, 0.967192
0.484948, 2.39021e-05, 0.965931
0.494386, -0.0245441, 0.964928
stamp: 25660000000
-0.0104748, -0.0089549, 0.970847
0.524477, -0.000311265, 0.965761
0.494842, 0.0300151, 0.967195
0.484892, 0.000187106, 0.965958
0.494313, -0.0243969, 0.964965
stamp: 25670000000
-0.0105845, -0.00891087, 0.97086
0.524406, -0.000140295, 0.965757
0.494801, 0.0301731, 0.967106
0.484797, 0.000417928, 0.965878
0.494256, -0.024246, 0.965025
stamp: 25680000000
-0.0106908, -0.00886531, 0.970887
0.524333, 3.10262e-05, 0.965752
0.49476, 0.0303211, 0.967159
0.484768, 0.000585292, 0.965846
0.494205, -0.0241084, 0.965055
stamp: 25690000000
-0.0107865, -0.00884424, 0.970921
0.524304, 0.000222871, 0.965676
0.494731, 0.0304408, 0.967173
0.484732, 0.000728864, 0.965849
0.494172, -0.0240007, 0.964995
stamp: 25700000000
-0.0109063, -0.00893024, 0.970959
0.524268, 0.000338541, 0.965644
0.494657, 0.0305654, 0.967189
0.484702, 0.000862781, 0.965851
0.494186, -0.0238335, 0.964937
stamp: 25710000000
-0.0110231, -0.00886262, 0.971029
0.524248, 0.000454886, 0.965604
0.494628, 0.0306879, 0.967173
0.48467, 0.000994806, 0.965851
0.494156, -0.0237319, 0.964903
stamp: 25720000000
-0.0111333, -0.00882048, 0.971091
0.524223, 0.00059796, 0.965584
0.494607, 0.0309294, 0.967246
0.484639, 0.00115115, 0.965817
0.494105, -0.0236198, 0.964914
stamp: 25730000000
-0.0112279, -0.00876859, 0.971148
0.5242, 0.000719954, 0.9656
0.494555, 0.0310452, 0.96725
0.484587, 0.00129641, 0.965831
0.494036, -0.0235752, 0.964938
stamp: 25740000000
-0.0113359, -0.0087202, 0.971217
0.524171, 0.000850295, 0.965645
0.494542, 0.0312157, 0.96709
0.484528, 0.00144872, 0.965863
0.49393, -0.0233378, 0.964992
stamp: 25750000000
-0.0114428, -0.00869997, 0.971373
0.524096, 0.000947755, 0.965762
0.494498, 0.0313377, 0.967093
0.484502, 0.00156789, 0.965872
0.493909, -0.0231397, 0.964944
stamp: 25760000000
-0.0115337, -0.00864597, 0.97145
0.52406, 0.00114723, 0.965809
0.494454, 0.0314618, 0.967119
0.48448, 0.00169121, 0.965913
0.493875, -0.0230162, 0.964998
stamp: 25770000000
-0.0116919, -0.00852914, 0.971563
0.524116, 0.00135883, 0.965918
0.494437, 0.0315868, 0.967138
0.484457, 0.00181726, 0.965955
0.493857, -0.0228819, 0.965074
stamp: 25780000000
-0.0117735, -0.00848584, 0.971652
0.524096, 0.00148464, 0.965993
0.494359, 0.0317672, 0.967192
0.484437, 0.00194459, 0.966012
0.493827, -0.0227565, 0.965165
stamp: 25790000000
-0.0120451, -0.00840618, 0.971708
0.524071, 0.00159127, 0.966057
0.494368, 0.0319459, 0.967213
0.484448, 0.0021049, 0.966067
0.493775, -0.0225906, 0.965273
stamp: 25800000000
-0.0121474, -0.00832672, 0.971787
0.524055, 0.00169834, 0.966132
0.494418, 0.0321197, 0.967192
0.484395, 0.00234042, 0.966172
0.493598, -0.022435, 0.965459
stamp: 25810000000
-0.0121331, -0.00826102, 0.971878
0.524039, 0.00180847, 0.966214
0.49442, 0.0322326, 0.967236
0.484386, 0.00246919, 0.966244
0.493597, -0.0223037, 0.965544
stamp: 25820000000
-0.0122428, -0.00820335, 0.971907
0.524, 0.00197291, 0.966328
0.494423, 0.0323794, 0.967355
0.484387, 0.0025746, 0.96633
0.493624, -0.0221855, 0.96559
stamp: 25830000000
-0.0124334, -0.00813155, 0.971943
0.523967, 0.00216437, 0.966413
0.494371, 0.0325609, 0.967543
0.484388, 0.0026918, 0.96642
0.493679, -0.0219656, 0.965647
stamp: 25840000000
-0.0125242, -0.00808808, 0.971991
0.523903, 0.00232699, 0.966499
0.494339, 0.0326972, 0.967609
0.484361, 0.00281962, 0.966522
0.493688, -0.0218286, 0.965672
stamp: 25850000000
-0.0126142, -0.00805729, 0.972067
0.523894, 0.00244739, 0.966529
0.49431, 0.0328324, 0.967666
0.484346, 0.00295417, 0.96658
0.493685, -0.021728, 0.965645
stamp: 25860000000
-0.0128061, -0.00798522, 0.972111
0.52388, 0.00264457, 0.966582
0.494282, 0.0329654, 0.967721
0.48432, 0.0030816, 0.966601
0.493662, -0.0216084, 0.965657
stamp: 25870000000
-0.0128895, -0.00795664, 0.972124
0.523899, 0.00277765, 0.96663
0.494289, 0.0330713, 0.967779
0.484295, 0.00324018, 0.966622
0.493647, -0.0214749, 0.965717
stamp: 25880000000
-0.0129626, -0.00790323, 0.972123
0.523884, 0.00294634, 0.966663
0.494274, 0.0331888, 0.967787
0.484276, 0.00339044, 0.966598
0.493589, -0.0212973, 0.965773
stamp: 25890000000
-0.0130284, -0.0078456, 0.9721
0.52383, 0.0031218, 0.966642
0.494243, 0.0333143, 0.967769
0.484296, 0.00356359, 0.966571
0.493641, -0.0210342, 0.965736
stamp: 25900000000
-0.0131372, -0.0077551, 0.971986
0.523822, 0.00325458, 0.966585
0.494226, 0.0334409, 0.967732
0.484294, 0.00369603, 0.966518
0.49366, -0.0209042, 0.96573
stamp: 25910000000
-0.0131935, -0.00770388, 0.971946
0.523868, 0.00344359, 0.966473
0.494167, 0.0336373, 0.967604
0.484303, 0.00384787, 0.966433
0.493655, -0.0207871, 0.965664
stamp: 25921000000
-0.013255, -0.00765937, 0.971882
0.523874, 0.00357494, 0.96637
0.494149, 0.0337694, 0.967491
0.484294, 0.00397562, 0.966336
0.493644, -0.0206721, 0.965575
stamp: 25930000000
-0.0133314, -0.00760746, 0.971803
0.523938, 0.00369784, 0.966196
0.494151, 0.0338887, 0.967381
0.484261, 0.00419818, 0.966176
0.493627, -0.0205507, 0.965467
stamp: 25940000000
-0.0134578, -0.0076165, 0.971637
0.523911, 0.00380144, 0.966034
0.494208, 0.0341155, 0.967377
0.484246, 0.00433395, 0.966012
0.493605, -0.020434, 0.96531
stamp: 25950000000
-0.0134811, -0.00745474, 0.971454
0.523947, 0.00390396, 0.965843
0.49432, 0.0341822, 0.967107
0.484251, 0.00447231, 0.96583
0.493705, -0.0203116, 0.96506
stamp: 25960000000
-0.013524, -0.00737288, 0.971295
0.523985, 0.00407035, 0.965594
0.494377, 0.0344601, 0.966988
0.484273, 0.00458789, 0.965635
0.49367, -0.020166, 0.964848
stamp: 25970000000
-0.0136327, -0.00732369, 0.971079
0.524029, 0.0041658, 0.965312
0.494361, 0.0345789, 0.966777
0.484339, 0.0047441, 0.965345
0.493578, -0.0199703, 0.964591
stamp: 25980000000
-0.0136154, -0.00710706, 0.970656
0.523976, 0.00435907, 0.964959
0.494332, 0.0346695, 0.966508
0.48431, 0.00486721, 0.965011
0.493678, -0.0197046, 0.964185
stamp: 25990000000
-0.0136922, -0.00704194, 0.970324
0.523959, 0.00448724, 0.964575
0.494286, 0.0347759, 0.966178
0.484284, 0.0049616, 0.964673
0.493689, -0.0195792, 0.963835
stamp: 26000000000
-0.0138885, -0.00697076, 0.969933
0.523926, 0.00461702, 0.96409
0.494217, 0.0349475, 0.965783
0.484357, 0.0051046, 0.964217
0.493711, -0.0195062, 0.96339
stamp: 26010000000
-0.0140309, -0.00690669, 0.969535
0.523883, 0.00477145, 0.963622
0.494262, 0.0351283, 0.965031
0.484312, 0.00528558, 0.963669
0.493651, -0.0193796, 0.962858
stamp: 26020000000
-0.0140777, -0.00696588, 0.968951
0.523937, 0.00491655, 0.963094
0.494303, 0.0351346, 0.964506
0.484317, 0.00545358, 0.963057
0.49366, -0.0192795, 0.962278
stamp: 26030000000
-0.0140024, -0.00699159, 0.968358
0.523974, 0.00507314, 0.962445
0.494349, 0.0352793, 0.963921
0.484365, 0.00564376, 0.962443
0.493779, -0.019206, 0.961587
stamp: 26040000000
-0.0140739, -0.00689331, 0.967599
0.524026, 0.00519747, 0.961639
0.494265, 0.035386, 0.963237
0.484322, 0.00572064, 0.961708
0.493825, -0.0189111, 0.960841
stamp: 26050000000
-0.0142389, -0.00674842, 0.96684
0.523895, 0.00535975, 0.960826
0.49425, 0.035583, 0.962192
0.484381, 0.00579368, 0.960857
0.493763, -0.0187736, 0.959998
stamp: 26060000000
-0.0142865, -0.00660464, 0.966146
0.523944, 0.00549144, 0.959891
0.494344, 0.0358226, 0.961179
0.484361, 0.00601767, 0.959906
0.493841, -0.0186557, 0.959078
stamp: 26070000000
-0.0141482, -0.00656214, 0.965062
0.523989, 0.00563258, 0.958871
0.494302, 0.0359199, 0.960298
0.484294, 0.00608066, 0.958887
0.493832, -0.0186485, 0.958058
stamp: 26080000000
-0.0142113, -0.00644017, 0.963872
0.524047, 0.00573323, 0.95774
0.494233, 0.0359268, 0.959153
0.484363, 0.00618109, 0.957715
0.493772, -0.0185029, 0.956917
stamp: 26090000000
-0.0141939, -0.00661494, 0.962754
0.523953, 0.00585294, 0.956488
0.494385, 0.0360553, 0.957742
0.484434, 0.00632687, 0.956472
0.493859, -0.0184046, 0.955534
stamp: 26100000000
-0.0142777, -0.00634349, 0.961201
0.524013, 0.00600036, 0.955158
0.494241, 0.0362676, 0.956548
0.484321, 0.00649574, 0.955173
0.493808, -0.0182194, 0.954292
stamp: 26110000000
-0.0141895, -0.0063604, 0.959911
0.523902, 0.00611287, 0.95366
0.494299, 0.0363766, 0.955063
0.484353, 0.00655628, 0.953642
0.493836, -0.0181361, 0.952883
stamp: 26120000000
-0.0144362, -0.00629727, 0.958184
0.524036, 0.00618214, 0.952045
0.494239, 0.0363965, 0.95344
0.484369, 0.00656689, 0.951952
0.493813, -0.0179796, 0.951152
stamp: 26130000000
-0.0143973, -0.00631712, 0.956499
0.523854, 0.00632969, 0.950337
0.494314, 0.0365376, 0.951738
0.484442, 0.00684813, 0.950244
0.49382, -0.017966, 0.949261
stamp: 26140000000
-0.0141983, -0.0060942, 0.954448
0.524059, 0.00649864, 0.948392
0.49424, 0.0366443, 0.949892
0.484393, 0.0068684, 0.948341
0.49386, -0.0178244, 0.947514
stamp: 26150000000
-0.0142795, -0.00619293, 0.952548
0.523988, 0.00648502, 0.946339
0.494345, 0.0366645, 0.947774
0.484371, 0.0068726, 0.946291
0.493911, -0.0176885, 0.945307
stamp: 26160000000
-0.0143772, -0.00586477, 0.950389
0.524024, 0.00660053, 0.944187
0.494381, 0.036883, 0.945668
0.484421, 0.00707088, 0.944088
0.493804, -0.0176578, 0.94317
stamp: 26170000000
-0.0144265, -0.00597169, 0.947937
0.524051, 0.0065939, 0.941687
0.494141, 0.0367935, 0.943323
0.484519, 0.00719219, 0.941788
0.49371, -0.0174815, 0.94076
stamp: 26180000000
-0.0144658, -0.00597433, 0.945339
0.523935, 0.00672665, 0.939326
0.494293, 0.0369622, 0.940807
0.484487, 0.00726161, 0.939389
0.493823, -0.0174137, 0.938285
stamp: 26190000000
-0.0145536, -0.00578604, 0.942522
0.524057, 0.00670715, 0.936603
0.494305, 0.0370308, 0.938085
0.484481, 0.00734513, 0.936613
0.493791, -0.0173959, 0.9357
stamp: 26200000000
-0.0144409, -0.00574197, 0.93988
0.524004, 0.00682061, 0.933681
0.494319, 0.0371664, 0.935205
0.484461, 0.00741243, 0.933685
0.493853, -0.0174144, 0.932705
stamp: 26210000000
-0.0144446, -0.00569357, 0.936663
0.523881, 0.00697745, 0.930718
0.494368, 0.0372741, 0.932028
0.484456, 0.00751369, 0.930707
0.493728, -0.0171857, 0.929603
stamp: 26220000000
-0.01431, -0.00571096, 0.933381
0.523929, 0.00718353, 0.927517
0.494318, 0.0373003, 0.928841
0.484455, 0.00758962, 0.927495
0.493783, -0.0172116, 0.926428
stamp: 26230000000
-0.0144365, -0.00562804, 0.930032
0.523983, 0.00710254, 0.924059
0.494307, 0.0374486, 0.925456
0.48443, 0.0076253, 0.924098
0.493815, -0.017036, 0.923023
stamp: 26240000000
-0.0143314, -0.00544147, 0.926223
0.523958, 0.00723769, 0.920558
0.494335, 0.0374309, 0.921946
0.484421, 0.0077716, 0.920506
0.493832, -0.017054, 0.919458
stamp: 26250000000
-0.0142596, -0.005566, 0.922325
0.523872, 0.00724815, 0.91668
0.494222, 0.037467, 0.918208
0.484392, 0.00779817, 0.916705
0.493747, -0.0169506, 0.915637
stamp: 26260000000
-0.0142881, -0.00546236, 0.918335
0.523851, 0.00725603, 0.912634
0.494121, 0.0376116, 0.914164
0.48435, 0.00784431, 0.912629
0.493644, -0.0169121, 0.911632
stamp: 26270000000
-0.0143674, -0.0051948, 0.914132
0.523855, 0.00742375, 0.908432
0.494208, 0.0375151, 0.910022
0.484344, 0.00793428, 0.908452
0.493664, -0.0169089, 0.907559
stamp: 26280000000
-0.0143587, -0.00529604, 0.909891
0.523838, 0.00750181, 0.904146
0.494193, 0.0376817, 0.905482
0.484355, 0.00791833, 0.904074
0.493654, -0.0168442, 0.902989
stamp: 26290000000
-0.0142522, -0.00523698, 0.90503
0.523898, 0.00752187, 0.899616
0.494189, 0.0377804, 0.901037
0.484327, 0.00802786, 0.899457
0.493712, -0.0166617, 0.89856
stamp: 26300000000
-0.0142626, -0.00519529, 0.900389
0.523852, 0.00753579, 0.89465
0.49401, 0.0377133, 0.89616
0.484301, 0.00805633, 0.894629
0.493512, -0.0168003, 0.893717
stamp: 26310000000
-0.0143212, -0.00509462, 0.895248
0.523821, 0.00762333, 0.889712
0.494116, 0.0379175, 0.891148
0.484267, 0.008075, 0.889767
0.493702, -0.0167601, 0.888708
stamp: 26320000000
-0.0143222, -0.00518105, 0.890055
0.523708, 0.00761504, 0.884463
0.494132, 0.0379746, 0.885892
0.484212, 0.00813197, 0.884427
0.493548, -0.0168248, 0.883545
stamp: 26330000000
-0.0142954, -0.00493843, 0.884543
0.523804, 0.00769227, 0.878967
0.494141, 0.0380772, 0.880565
0.484235, 0.0081583, 0.87902
0.493551, -0.0166682, 0.878054
stamp: 26340000000
-0.0142984, -0.00507482, 0.878846
0.523711, 0.00763938, 0.873496
0.494167, 0.038091, 0.874911
0.484197, 0.00820939, 0.873422
0.493627, -0.0166336, 0.872492
stamp: 26350000000
-0.0144194, -0.00508546, 0.873092
0.52383, 0.00775435, 0.867599
0.494134, 0.0380505, 0.868941
0.484131, 0.00822208, 0.867514
0.493572, -0.0166595, 0.866626
stamp: 26360000000
-0.0141089, -0.00510128, 0.866944
0.523757, 0.00776715, 0.861465
0.494087, 0.0381426, 0.863127
0.484117, 0.00817046, 0.86143
0.493526, -0.016547, 0.860541
stamp: 26370000000
-0.0142384, -0.00496468, 0.860814
0.523697, 0.00782725, 0.855302
0.494117, 0.0379505, 0.856778
0.484057, 0.00832018, 0.855181
0.493461, -0.0165716, 0.854261
stamp: 26380000000
-0.0143232, -0.00496082, 0.854464
0.523736, 0.00794106, 0.848917
0.494053, 0.0380368, 0.850256
0.484051, 0.00836219, 0.848699
0.493447, -0.0165375, 0.847832
stamp: 26390000000
-0.0142914, -0.00505114, 0.847857
0.5237, 0.00783554, 0.842068
0.49397, 0.0381426, 0.843545
0.484054, 0.00834534, 0.841983
0.493478, -0.01658, 0.841176
stamp: 26400000000
-0.0142595, -0.00498235, 0.841255
0.523657, 0.00789111, 0.835146
0.493995, 0.0382875, 0.836677
0.484015, 0.00832828, 0.835106
0.493289, -0.016564, 0.834242
stamp: 26410000000
-0.0142185, -0.00507804, 0.834208
0.523668, 0.00780821, 0.828027
0.494086, 0.0380973, 0.829558
0.48396, 0.0083472, 0.82804
0.493335, -0.0164918, 0.827199
stamp: 26420000000
-0.0141694, -0.00495254, 0.827017
0.523706, 0.0079426, 0.820703
0.493938, 0.038266, 0.822089
0.483926, 0.00839497, 0.820719
0.493209, -0.0164574, 0.819757
stamp: 26430000000
-0.0142946, -0.00486069, 0.819897
0.523584, 0.00806635, 0.813263
0.493912, 0.0382048, 0.814653
0.48393, 0.00839688, 0.813165
0.493423, -0.0165134, 0.81219
stamp: 26440000000
-0.0140435, -0.00508815, 0.812356
0.523566, 0.00790052, 0.805546
0.49383, 0.038294, 0.806895
0.483954, 0.00842068, 0.805421
0.493273, -0.016401, 0.804572
stamp: 26450000000
-0.0140562, -0.00498683, 0.804888
0.523506, 0.00793172, 0.797614
0.49384, 0.0383031, 0.798958
0.483914, 0.00836401, 0.797571
0.49323, -0.0165613, 0.796725
stamp: 26460000000
-0.0142052, -0.00521622, 0.797108
0.523492, 0.00778216, 0.789259
0.494009, 0.0382551, 0.790788
0.483843, 0.00835764, 0.789293
0.493182, -0.0165236, 0.788508
stamp: 26470000000
-0.0141975, -0.00528698, 0.789259
0.523568, 0.00791316, 0.781091
0.493898, 0.0383094, 0.782534
0.483792, 0.00834667, 0.78107
0.493194, -0.0165614, 0.780261
stamp: 26480000000
-0.0143541, -0.00523243, 0.781099
0.523461, 0.00787631, 0.772459
0.493847, 0.0383481, 0.773862
0.483822, 0.0083794, 0.772543
0.493158, -0.0164954, 0.771698
stamp: 26490000000
-0.0141322, -0.00527246, 0.772682
0.523484, 0.00800089, 0.763921
0.493869, 0.0382735, 0.765185
0.483715, 0.00839479, 0.763812
0.493017, -0.016499, 0.762881
stamp: 26500000000
-0.0142331, -0.00541805, 0.764339
0.52361, 0.00782878, 0.75493
0.493813, 0.038268, 0.756328
0.483739, 0.00831397, 0.754926
0.493191, -0.0165441, 0.754177
stamp: 26510000000
-0.0141667, -0.00556354, 0.755847
0.523403, 0.00801746, 0.745807
0.493713, 0.0383037, 0.747288
0.483744, 0.00832853, 0.745846
0.493176, -0.0165678, 0.744994
stamp: 26520000000
-0.0142349, -0.00561886, 0.747224
0.523469, 0.00802225, 0.736562
0.493869, 0.0382159, 0.738097
0.483606, 0.00833746, 0.736559
0.492981, -0.0164426, 0.735605
stamp: 26530000000
-0.0140636, -0.00569286, 0.738491
0.523461, 0.00781995, 0.727237
0.493717, 0.0381948, 0.728663
0.483713, 0.00831739, 0.727195
0.4931, -0.0165378, 0.726225
stamp: 26540000000
-0.0142371, -0.00576334, 0.729374
0.523342, 0.00782536, 0.717628
0.493781, 0.0381738, 0.718983
0.483648, 0.00834333, 0.717559
0.493041, -0.0165701, 0.716967
stamp: 26550000000
-0.0142464, -0.00576853, 0.720281
0.523343, 0.00782955, 0.707856
0.493598, 0.038383, 0.709178
0.483641, 0.00828292, 0.707884
0.492969, -0.0164776, 0.707195
stamp: 26560000000
-0.0142021, -0.00578973, 0.711262
0.523211, 0.0080315, 0.698202
0.493659, 0.0382401, 0.699232
0.483536, 0.00837237, 0.6981
0.492956, -0.0165021, 0.69728
stamp: 26570000000
-0.0142232, -0.00597072, 0.702031
0.523303, 0.00802225, 0.688061
0.493573, 0.0382748, 0.689263
0.483447, 0.00843768, 0.687974
0.49304, -0.0165875, 0.687272
stamp: 26580000000
-0.0142457, -0.00595524, 0.692721
0.523206, 0.00810628, 0.677872
0.493493, 0.0383947, 0.679072
0.483414, 0.00845782, 0.677757
0.492965, -0.0163704, 0.677041
stamp: 26590000000
-0.0142709, -0.0060952, 0.683165
0.523218, 0.00804126, 0.667528
0.493617, 0.0383591, 0.668856
0.483402, 0.00836763, 0.667483
0.492886, -0.0163979, 0.666649
stamp: 26600000000
-0.0143047, -0.00627123, 0.67358
0.523123, 0.00812227, 0.657172
0.493434, 0.0384011, 0.658254
0.483405, 0.00840547, 0.656943
0.49291, -0.0164367, 0.656189
stamp: 26610000000
-0.0141791, -0.00631759, 0.663896
0.523092, 0.00805784, 0.64651
0.493541, 0.0385339, 0.647658
0.483328, 0.00844378, 0.646442
0.492748, -0.016315, 0.645772
stamp: 26620000000
-0.0142381, -0.00669218, 0.654242
0.523125, 0.00798639, 0.635811
0.493452, 0.0383376, 0.637043
0.4833, 0.00831766, 0.635793
0.492752, -0.0164789, 0.635074
stamp: 26630000000
-0.0143209, -0.0066391, 0.644432
0.523098, 0.00785739, 0.624937
0.493427, 0.0384701, 0.626401
0.483328, 0.00836946, 0.625021
0.492654, -0.0164651, 0.624271
stamp: 26640000000
-0.0142972, -0.00687132, 0.634489
0.52312, 0.00780133, 0.614204
0.493426, 0.0383025, 0.615707
0.483212, 0.00824374, 0.614259
0.492701, -0.016619, 0.613429
stamp: 26649000000
-0.0143528, -0.00699975, 0.62439
0.523061, 0.00788059, 0.603269
0.493436, 0.0384528, 0.604726
0.4833, 0.00819717, 0.60335
0.492858, -0.0166244, 0.602414
stamp: 26660000000
-0.0141944, -0.00711031, 0.614276
0.523104, 0.0078961, 0.59237
0.493391, 0.0382189, 0.5938
0.483318, 0.00815139, 0.592345
0.492683, -0.0166175, 0.591468
stamp: 26670000000
-0.0142885, -0.00728214, 0.604041
0.523192, 0.00791598, 0.581112
0.493419, 0.0381989, 0.582698
0.483223, 0.00818723, 0.581457
0.492764, -0.0166498, 0.580462
stamp: 26680000000
-0.0140638, -0.00739238, 0.593966
0.523219, 0.00775928, 0.570057
0.493496, 0.0381396, 0.571638
0.483315, 0.0081667, 0.570388
0.492855, -0.0167322, 0.569243
stamp: 26690000000
-0.0143186, -0.007612, 0.583748
0.523135, 0.00777707, 0.559088
0.493462, 0.0380987, 0.56076
0.483294, 0.00808212, 0.559369
0.49269, -0.0167276, 0.55832
stamp: 26700000000
-0.0141567, -0.0076154, 0.573483
0.523106, 0.00771688, 0.547993
0.493366, 0.0381419, 0.54952
0.483288, 0.00808004, 0.548169
0.492671, -0.0167881, 0.547105
stamp: 26710000000
-0.0141724, -0.00773911, 0.563003
0.523133, 0.00767774, 0.536841
0.493264, 0.0380519, 0.538549
0.483311, 0.00810402, 0.537003
0.492704, -0.016813, 0.535963
stamp: 26720000000
-0.0140477, -0.00797995, 0.552617
0.523291, 0.00746791, 0.525569
0.49354, 0.0380063, 0.526977
0.483265, 0.00802163, 0.525865
0.49267, -0.0168113, 0.524869
stamp: 26730000000
-0.0139963, -0.00809617, 0.542217
0.523246, 0.00765734, 0.514433
0.493376, 0.0380051, 0.516019
0.48338, 0.00795975, 0.514708
0.492694, -0.0168578, 0.513702
stamp: 26740000000
-0.0140036, -0.0081214, 0.531757
0.523229, 0.00752247, 0.503303
0.493461, 0.0381178, 0.50451
0.48338, 0.00798367, 0.503589
0.492739, -0.0169869, 0.502652
stamp: 26750000000
-0.013931, -0.00832839, 0.521276
0.523285, 0.00739843, 0.49225
0.493444, 0.0380453, 0.493525
0.483447, 0.0079134, 0.49233
0.492892, -0.0167624, 0.491342
stamp: 26760000000
-0.0139083, -0.00851474, 0.510487
0.523385, 0.00725513, 0.481157
0.493585, 0.0379646, 0.482065
0.483469, 0.00782964, 0.481305
0.492868, -0.0169568, 0.480229
stamp: 26770000000
-0.0137865, -0.00851604, 0.500161
0.523365, 0.00732566, 0.470163
0.493604, 0.0377991, 0.471292
0.483553, 0.00767825, 0.470042
0.493069, -0.0170579, 0.469093
stamp: 26780000000
-0.0135861, -0.00864984, 0.489436
0.523408, 0.00730065, 0.458864
0.493763, 0.0377631, 0.460089
0.483546, 0.00765925, 0.458906
0.493061, -0.0172668, 0.457937
stamp: 26790000000
-0.0135007, -0.00866267, 0.478824
0.523567, 0.00719651, 0.447762
0.493775, 0.037924, 0.448893
0.483627, 0.00772227, 0.447672
0.493038, -0.0171455, 0.446617
stamp: 26800000000
-0.0134398, -0.0088575, 0.468112
0.523625, 0.00731514, 0.43673
0.493938, 0.0377445, 0.437988
0.483571, 0.00770626, 0.436516
0.493188, -0.0172288, 0.435591
stamp: 26810000000
-0.0133656, -0.00899421, 0.457767
0.523744, 0.00713917, 0.425619
0.493913, 0.0375863, 0.426836
0.483688, 0.00771978, 0.425433
0.493109, -0.0172425, 0.424743
stamp: 26820000000
-0.0135339, -0.00898074, 0.447167
0.523724, 0.00708575, 0.41458
0.494242, 0.0376915, 0.415686
0.483834, 0.0077575, 0.414348
0.493216, -0.0170953, 0.413867
stamp: 26830000000
-0.0132423, -0.00907484, 0.436687
0.523877, 0.00725664, 0.403448
0.494384, 0.037796, 0.404538
0.483938, 0.00788511, 0.403729
0.49334, -0.0171058, 0.402915
stamp: 26840000000
-0.0133315, -0.00920236, 0.426189
0.524165, 0.00713903, 0.392405
0.494467, 0.0379112, 0.393518
0.484196, 0.00788402, 0.392824
0.493281, -0.0170829, 0.392276
stamp: 26850000000
-0.0131621, -0.0093187, 0.415643
0.524263, 0.00704327, 0.381585
0.49467, 0.0380425, 0.382851
0.484259, 0.00810751, 0.382001
0.493407, -0.0169482, 0.381534
stamp: 26860000000
-0.0129572, -0.00928775, 0.40534
0.524361, 0.00715102, 0.370869
0.49495, 0.0379576, 0.371871
0.484318, 0.00810386, 0.371308
0.493592, -0.0169758, 0.370902
stamp: 26870000000
-0.0128944, -0.00944745, 0.395178
0.524517, 0.00712564, 0.360261
0.49518, 0.038044, 0.361362
0.484395, 0.00808818, 0.36074
0.49364, -0.0169624, 0.360298
stamp: 26880000000
-0.0129622, -0.0094207, 0.384887
0.524757, 0.00718439, 0.350049
0.49523, 0.0381108, 0.350991
0.484522, 0.00819482, 0.350179
0.493739, -0.0169216, 0.349633
stamp: 26890000000
-0.01273, -0.00954569, 0.374967
0.524706, 0.00711307, 0.339535
0.495458, 0.0379859, 0.340943
0.484762, 0.00818217, 0.339749
0.493765, -0.0170871, 0.339146
stamp: 26900000000
-0.0126855, -0.00950845, 0.364612
0.524776, 0.00719215, 0.32923
0.495554, 0.0382643, 0.330335
0.484861, 0.0082788, 0.329392
0.493778, -0.0168654, 0.328688
stamp: 26910000000
-0.0125646, -0.00956076, 0.35482
0.524821, 0.00731288, 0.319326
0.495681, 0.0382563, 0.32037
0.484876, 0.00839125, 0.319054
0.493843, -0.0168187, 0.31839
stamp: 26920000000
-0.0126336, -0.00960194, 0.344955
0.524893, 0.00738727, 0.309268
0.495723, 0.0384697, 0.309978
0.484984, 0.00851845, 0.308917
0.493919, -0.016471, 0.308327
stamp: 26930000000
-0.0123557, -0.00948167, 0.335232
0.52506, 0.00764245, 0.299308
0.495765, 0.0386348, 0.300088
0.485032, 0.00869835, 0.298761
0.493993, -0.0165262, 0.298345
stamp: 26940000000
-0.0122337, -0.00940535, 0.32583
0.525183, 0.0074991, 0.289465
0.495815, 0.038701, 0.289852
0.485204, 0.00879659, 0.288904
0.494045, -0.0162699, 0.288555
stamp: 26950000000
-0.0120335, -0.00950397, 0.316387
0.525115, 0.0076899, 0.27941
0.495944, 0.0389095, 0.279713
0.485167, 0.00917288, 0.278989
0.493974, -0.0161749, 0.278589
stamp: 26960000000
-0.0118892, -0.00953529, 0.306904
0.525105, 0.0079362, 0.269792
0.496212, 0.039046, 0.270187
0.485219, 0.00928043, 0.269262
0.494118, -0.0159085, 0.268939
stamp: 26970000000
-0.0117284, -0.00939852, 0.297605
0.525256, 0.00782697, 0.260092
0.496256, 0.0394235, 0.260361
0.485347, 0.00933562, 0.259562
0.494218, -0.0157698, 0.259255
stamp: 26980000000
-0.0116908, -0.00946963, 0.288207
0.525256, 0.0081094, 0.250747
0.496211, 0.0396404, 0.25091
0.485395, 0.00968591, 0.249891
0.494301, -0.0155399, 0.249501
stamp: 26990000000
-0.0114937, -0.00930653, 0.279429
0.525327, 0.00832156, 0.241141
0.496218, 0.0396425, 0.241994
0.485397, 0.00989353, 0.240591
0.494276, -0.0153628, 0.239859
stamp: 27000000000
-0.0114683, -0.00927871, 0.270459
0.525276, 0.00854953, 0.231552
0.49635, 0.0399313, 0.232365
0.485409, 0.0100195, 0.231207
0.494126, -0.0151736, 0.230641
stamp: 27010000000
-0.0111637, -0.00919191, 0.261639
0.525231, 0.00856096, 0.222457
0.496496, 0.0401356, 0.223347
0.48527, 0.0101319, 0.222182
0.494181, -0.0150647, 0.221481
stamp: 27020000000
-0.0113035, -0.00921409, 0.252872
0.52531, 0.00882234, 0.213281
0.4966, 0.0401492, 0.214143
0.485309, 0.0104597, 0.213028
0.494177, -0.0148503, 0.212046
stamp: 27030000000
-0.0111271, -0.00936851, 0.244531
0.525199, 0.00888317, 0.20443
0.496341, 0.0404546, 0.20537
0.485316, 0.0107481, 0.203854
0.493855, -0.0143835, 0.203294
stamp: 27040000000
-0.0108899, -0.00923877, 0.23632
0.525045, 0.00923381, 0.1957
0.496421, 0.040867, 0.196268
0.48515, 0.011034, 0.195217
0.49377, -0.0140831, 0.194599
stamp: 27050000000
-0.0108196, -0.00917684, 0.228141
0.525083, 0.00967383, 0.186959
0.496228, 0.0409851, 0.1873
0.485071, 0.0114294, 0.186564
0.493672, -0.0138964, 0.186105
stamp: 27060000000
-0.0104494, -0.0091882, 0.220023
0.524832, 0.00992926, 0.178445
0.496279, 0.0413537, 0.178782
0.484935, 0.0117714, 0.17802
0.49352, -0.0135535, 0.177514
stamp: 27070000000
-0.0103134, -0.009323, 0.212263
0.52474, 0.0103446, 0.170042
0.496096, 0.0416718, 0.170313
0.484791, 0.0121323, 0.169434
0.493374, -0.013182, 0.169119
stamp: 27080000000
-0.0102349, -0.00951564, 0.204406
0.524633, 0.0104785, 0.161716
0.495853, 0.0420553, 0.161999
0.484577, 0.0124197, 0.161205
0.493203, -0.0128871, 0.160829
stamp: 27090000000
-0.00987933, -0.00949875, 0.196932
0.524243, 0.0106043, 0.153674
0.495779, 0.0424155, 0.153913
0.484461, 0.0127958, 0.153004
0.492849, -0.0125694, 0.15263
stamp: 27100000000
-0.00957299, -0.00953957, 0.18938
0.524146, 0.0110321, 0.145429
0.495806, 0.0425702, 0.14589
0.484231, 0.0129594, 0.145149
0.492587, -0.0121216, 0.144562
stamp: 27110000000
-0.00935529, -0.0094004, 0.182188
0.523856, 0.0113167, 0.137437
0.495351, 0.0429551, 0.138587
0.484184, 0.013383, 0.137445
0.492545, -0.0119893, 0.136694
stamp: 27120000000
-0.00911865, -0.00950844, 0.175253
0.523557, 0.0116226, 0.129948
0.495214, 0.0435147, 0.131078
0.483977, 0.0137815, 0.129681
0.492264, -0.0115965, 0.129051
stamp: 27130000000
-0.00902861, -0.00951651, 0.168208
0.523598, 0.0119597, 0.122406
0.495224, 0.0437822, 0.123075
0.483643, 0.0142137, 0.12222
0.491977, -0.0110111, 0.121468
stamp: 27140000000
-0.00857576, -0.00960487, 0.161623
0.523314, 0.0124918, 0.115039
0.494928, 0.0441944, 0.115914
0.483379, 0.0146823, 0.115074
0.491608, -0.010818, 0.114308
stamp: 27150000000
-0.00851705, -0.00977482, 0.154927
0.522952, 0.0127589, 0.107957
0.494703, 0.044329, 0.109439
0.483095, 0.0149803, 0.108193
0.491278, -0.0105504, 0.107462
stamp: 27160000000
-0.00807846, -0.00991477, 0.14855
0.52268, 0.012838, 0.101412
0.494305, 0.0449949, 0.102597
0.482836, 0.0152022, 0.101394
0.491038, -0.0101239, 0.100638
stamp: 27170000000
-0.0078416, -0.0101672, 0.142535
0.522366, 0.0134733, 0.0947831
0.494228, 0.0454515, 0.0961882
0.482659, 0.0157602, 0.0948148
0.490697, -0.00954749, 0.0938946
stamp: 27180000000
-0.00745599, -0.0103664, 0.136451
0.522124, 0.0136932, 0.088692
0.493823, 0.0454925, 0.0901089
0.482417, 0.0162402, 0.0884987
0.490443, -0.00921887, 0.0879201
stamp: 27190000000
-0.0071639, -0.0102087, 0.130884
0.522054, 0.013991, 0.0824722
0.493715, 0.0461125, 0.0836173
0.482105, 0.0163326, 0.0828133
0.490267, -0.00879265, 0.0819127
stamp: 27200000000
-0.00676581, -0.0102851, 0.12545
0.521553, 0.014648, 0.0766477
0.493276, 0.0463726, 0.0781079
0.481737, 0.0168869, 0.077025
0.490095, -0.00861086, 0.0760566
stamp: 27210000000
-0.00653852, -0.0106782, 0.11998
0.52128, 0.0150119, 0.0710374
0.493041, 0.0466833, 0.0728714
0.481549, 0.0171986, 0.0716946
0.48994, -0.00811167, 0.0705946
stamp: 27220000000
-0.00618543, -0.0108061, 0.114738
0.521052, 0.015517, 0.0657334
0.492703, 0.0472188, 0.0673667
0.481323, 0.0176807, 0.0663744
0.489431, -0.00778496, 0.0656378
stamp: 27230000000
-0.00596473, -0.0107873, 0.109917
0.520822, 0.0158312, 0.0611291
0.492326, 0.0475772, 0.0625824
0.480999, 0.018007, 0.0616464
0.489456, -0.00739791, 0.0608987
stamp: 27240000000
-0.005768, -0.010877, 0.105108
0.520497, 0.0163387, 0.0567591
0.492042, 0.0479554, 0.0582916
0.480632, 0.0185318, 0.0571617
0.489099, -0.00686449, 0.0561863
stamp: 27250000000
-0.00547291, -0.0112062, 0.100685
0.520357, 0.0166381, 0.0522484
0.4918, 0.0485072, 0.054232
0.48049, 0.0187274, 0.0528934
0.488943, -0.00644861, 0.0521484
stamp: 27260000000
-0.00512871, -0.0112446, 0.0963367
0.519932, 0.0171359, 0.0487579
0.491347, 0.0485321, 0.0503842
0.480231, 0.0191103, 0.0490661
0.488697, -0.00611391, 0.0484059
stamp: 27270000000
-0.00489628, -0.0115859, 0.0924175
0.519628, 0.0175138, 0.0452933
0.490974, 0.0488984, 0.0472442
0.479954, 0.0194149, 0.04554
0.488403, -0.00591694, 0.0444398
stamp: 27280000000
-0.00454371, -0.0117628, 0.0885691
0.519293, 0.0179232, 0.0425395
0.490469, 0.0493062, 0.0441988
0.479653, 0.0195098, 0.0424626
0.48818, -0.00550423, 0.0411805
stamp: 27290000000
-0.00419417, -0.0119434, 0.08503
0.518881, 0.0181076, 0.0401017
0.490045, 0.0492339, 0.0419313
0.479267, 0.0197515, 0.0396557
0.487898, -0.00521847, 0.0382764
stamp: 27300000000
-0.00387165, -0.0121556, 0.0818756
0.518687, 0.0184114, 0.0376376
0.489728, 0.0496578, 0.0397666
0.479096, 0.0199809, 0.037439
0.487734, -0.00513311, 0.036389
stamp: 27310000000
-0.00364049, -0.0122848, 0.0786117
0.518864, 0.0190638, 0.0359972
0.489749, 0.0501694, 0.0378059
0.47904, 0.0203983, 0.0363526
0.487786, -0.00463848, 0.0356509
stamp: 27320000000
-0.00337768, -0.0126808, 0.0755927
0.518864, 0.0194178, 0.0360041
0.48986, 0.0506603, 0.0375298
0.479043, 0.0207353, 0.0364104
0.487701, -0.00407478, 0.0356615
stamp: 27330000000
-0.00301241, -0.0127434, 0.0730173
0.518782, 0.0196982, 0.0371662
0.489718, 0.0509455, 0.0388032
0.479008, 0.0209176, 0.0371352
0.487763, -0.00402196, 0.0363382
stamp: 27340000000
-0.00273885, -0.012804, 0.0706117
0.518746, 0.0198183, 0.0385735
0.489622, 0.0508926, 0.0398699
0.479035, 0.0210746, 0.0383769
0.487728, -0.00389386, 0.0373926
stamp: 27350000000
-0.00246826, -0.0131426, 0.0681826
0.518653, 0.0198314, 0.0398281
0.489811, 0.0510341, 0.0411844
0.479068, 0.021366, 0.0397753
0.487853, -0.0037284, 0.0388401
stamp: 27360000000
-0.0022964, -0.0133065, 0.0662824
0.518858, 0.0200244, 0.0409701
0.489971, 0.0512237, 0.0427381
0.479102, 0.0214559, 0.0414485
0.487973, -0.00347342, 0.0405872
stamp: 27370000000
-0.00201016, -0.0134596, 0.0642824
0.519055, 0.0202443, 0.0425415
0.490083, 0.0513222, 0.0440917
0.479313, 0.0216491, 0.0431593
0.488028, -0.00347214, 0.0423819
stamp: 27380000000
-0.00193565, -0.0138337, 0.0625456
0.519165, 0.020514, 0.0439511
0.490021, 0.0516503, 0.0458128
0.479418, 0.0218095, 0.0446466
0.488176, -0.00333907, 0.0439
stamp: 27390000000
-0.0016216, -0.0139922, 0.0610425
0.519325, 0.0206893, 0.0452108
0.490237, 0.0518426, 0.0477558
0.479502, 0.0219937, 0.0466259
0.488437, -0.00309014, 0.0453383
stamp: 27400000000
-0.00140547, -0.014299, 0.0596608
0.519372, 0.0209203, 0.0465654
0.490201, 0.0518978, 0.0491688
0.479613, 0.0221592, 0.0481356
0.488494, -0.00305504, 0.0468606
stamp: 27410000000
-0.00127477, -0.0144088, 0.058378
0.519513, 0.0210732, 0.0481795
0.490317, 0.0518676, 0.0504816
0.479637, 0.022163, 0.0494824
0.488594, -0.00290819, 0.0483472
stamp: 27420000000
-0.00106818, -0.0147726, 0.0571624
0.519551, 0.0213369, 0.0493026
0.49027, 0.052057, 0.0523889
0.479888, 0.0222742, 0.0508013
0.488682, -0.00283035, 0.0494472
stamp: 27430000000
-0.000918588, -0.0149478, 0.0559682
0.519678, 0.0214422, 0.050288
0.490341, 0.0520755, 0.0535449
0.480053, 0.0221715, 0.0519751
0.48889, -0.00263889, 0.0504176
stamp: 27440000000
-0.000662492, -0.0151856, 0.0550638
0.519883, 0.0216491, 0.0513365
0.490576, 0.0520597, 0.0544804
0.480141, 0.022307, 0.05287
0.489073, -0.00256777, 0.051104
stamp: 27450000000
-0.000647642, -0.0153278, 0.0540047
0.520001, 0.0215458, 0.0521739
0.490671, 0.0519972, 0.0554228
0.480205, 0.0221428, 0.053698
0.489287, -0.00269615, 0.0517182
stamp: 27460000000
-0.000505019, -0.0153766, 0.0532425
0.520207, 0.0214601, 0.0528307
0.49074, 0.051985, 0.0563097
0.480405, 0.0221597, 0.0539541
0.489505, -0.00275502, 0.0522739
stamp: 27470000000
-0.000398004, -0.0156626, 0.0524088
0.520321, 0.021507, 0.0533114
0.490754, 0.0519444, 0.0565811
0.480549, 0.0222365, 0.0540256
0.489626, -0.00269492, 0.0524687
stamp: 27480000000
-0.000361574, -0.0159238, 0.0517895
0.520414, 0.0215997, 0.0535588
0.490959, 0.0519685, 0.0566059
0.480651, 0.0221418, 0.0541491
0.489933, -0.00264144, 0.0522546
stamp: 27490000000
-0.000386039, -0.0162006, 0.0510791
0.520541, 0.0215685, 0.0534886
0.490959, 0.0520743, 0.0565179
0.480722, 0.0221499, 0.0538712
0.490039, -0.00264726, 0.0516989
stamp: 27500000000
-0.000395455, -0.0163603, 0.0506978
0.520634, 0.0216732, 0.0532783
0.490926, 0.0520203, 0.0561746
0.480816, 0.0221943, 0.0532625
0.490364, -0.00278593, 0.0513896
stamp: 27510000000
-0.000430177, -0.0164592, 0.0503398
0.520694, 0.0217304, 0.0529604
0.49107, 0.0520655, 0.0552044
0.481171, 0.0221544, 0.0524578
0.490659, -0.0028568, 0.0510526
stamp: 27520000000
-0.000443612, -0.0165671, 0.0500796
0.521065, 0.0218592, 0.0522513
0.491247, 0.0520781, 0.0543325
0.481321, 0.022142, 0.0519445
0.490636, -0.00242225, 0.0502779
stamp: 27530000000
-0.000479388, -0.0166877, 0.0498415
0.521433, 0.0218514, 0.0512882
0.491534, 0.0521667, 0.053183
0.481519, 0.0222452, 0.0507681
0.49076, -0.00247992, 0.0495579
stamp: 27540000000
-0.000543949, -0.0168254, 0.0494958
0.521568, 0.0218451, 0.0500396
0.491672, 0.0521207, 0.0518283
0.481756, 0.0222394, 0.049688
0.491013, -0.00246081, 0.048569
stamp: 27550000000
-0.000524466, -0.0170132, 0.0492226
0.521751, 0.0215619, 0.0489672
0.491913, 0.05195, 0.0507217
0.481933, 0.0221611, 0.048604
0.491384, -0.00285927, 0.0472742
stamp: 27560000000
-0.000561546, -0.017142, 0.0490255
0.521807, 0.0213232, 0.0475531
0.492088, 0.0516892, 0.0493626
0.482117, 0.0218955, 0.0471315
0.491512, -0.00302844, 0.0459434
stamp: 27570000000
-0.000622817, -0.0172406, 0.0488841
0.522084, 0.0214352, 0.0458759
0.49229, 0.0516982, 0.047677
0.482266, 0.0216788, 0.0456287
0.491511, -0.00289566, 0.0445543
stamp: 27580000000
-0.000700791, -0.0173719, 0.048534
0.522095, 0.0213773, 0.0444861
0.492363, 0.0516296, 0.0461342
0.482408, 0.021652, 0.0441529
0.491819, -0.00319344, 0.0429465
stamp: 27590000000
-0.000793007, -0.0174471, 0.0484722
0.522154, 0.0209064, 0.0431344
0.492565, 0.0513731, 0.0448737
0.482572, 0.0214492, 0.0427168
0.491937, -0.00360123, 0.0414307
stamp: 27600000000
-0.000800793, -0.017584, 0.0483083
0.52231, 0.0206586, 0.0418178
0.492676, 0.0511506, 0.0434781
0.482572, 0.021112, 0.0412837
0.491941, -0.00381647, 0.0402517
stamp: 27610000000
-0.000912304, -0.0176108, 0.0483402
0.522419, 0.0205404, 0.04063
0.492732, 0.0510066, 0.0421412
0.482691, 0.0208978, 0.0397732
0.491925, -0.00388195, 0.0385966
stamp: 27620000000
-0.0011037, -0.0176263, 0.048484
0.522474, 0.0204463, 0.039539
0.49281, 0.0509125, 0.0407446
0.482757, 0.0208125, 0.0386884
0.492185, -0.00409865, 0.0375302
stamp: 27630000000
-0.00128819, -0.0175985, 0.048594
0.522826, 0.0203384, 0.0384414
0.493204, 0.0508569, 0.0393843
0.483117, 0.0209841, 0.0378911
0.492377, -0.00407393, 0.0371896
stamp: 27640000000
-0.00137372, -0.0176274, 0.0489627
0.523086, 0.0200391, 0.0375649
0.493591, 0.0508075, 0.0387375
0.483365, 0.0209894, 0.0375807
0.492549, -0.00406742, 0.0369326
stamp: 27650000000
-0.00149952, -0.0176441, 0.0491096
0.523191, 0.0197958, 0.0374905
0.493843, 0.0505808, 0.0388867
0.483501, 0.0207309, 0.0376534
0.492583, -0.0042674, 0.0367307
stamp: 27660000000
-0.00165334, -0.0176867, 0.0492167
0.523306, 0.0196151, 0.037873
0.493849, 0.0502904, 0.0394464
0.48357, 0.0204527, 0.0379667
0.492594, -0.0045083, 0.0367143
stamp: 27670000000
-0.0019873, -0.0177944, 0.0492523
0.52332, 0.0193679, 0.0382531
0.493977, 0.0500672, 0.0401198
0.483637, 0.0202938, 0.0384761
0.492602, -0.00461026, 0.0370703
stamp: 27680000000
-0.00233189, -0.0177803, 0.0494016
0.523381, 0.0192589, 0.0390959
0.494037, 0.0500097, 0.0408338
0.483638, 0.0201499, 0.0390401
0.492691, -0.00486032, 0.03811
stamp: 27690000000
-0.00253518, -0.0177512, 0.0496476
0.523452, 0.0189637, 0.0400155
0.493912, 0.0498192, 0.0420276
0.483517, 0.0201482, 0.0399031
0.492718, -0.00487307, 0.0390273
stamp: 27700000000
-0.00272858, -0.0177074, 0.0498314
0.523348, 0.0192163, 0.0413533
0.49386, 0.0498182, 0.0428814
0.483652, 0.0200551, 0.0408851
0.492562, -0.00480196, 0.0399033
stamp: 27710000000
-0.00290717, -0.0176651, 0.0500094
0.523425, 0.0192071, 0.0422792
0.493848, 0.0499816, 0.0436389
0.483699, 0.0199485, 0.0419145
0.492539, -0.00476595, 0.0411569
stamp: 27720000000
-0.00304782, -0.017583, 0.0501144
0.52345, 0.0191169, 0.0436326
0.493878, 0.0499049, 0.0444208
0.483657, 0.0198805, 0.0429405
0.492775, -0.00513432, 0.0423386
stamp: 27730000000
-0.00316276, -0.0172917, 0.0503231
0.523463, 0.0191358, 0.0446761
0.493983, 0.0498556, 0.0455845
0.483746, 0.0198711, 0.044135
0.49303, -0.00513889, 0.0435958
stamp: 27740000000
-0.00339458, -0.0170787, 0.0504558
0.523515, 0.0191907, 0.0459139
0.494116, 0.0498726, 0.0465657
0.483932, 0.0199986, 0.0456814
0.493159, -0.00516148, 0.0450188
stamp: 27750000000
-0.00369636, -0.0169096, 0.0506901
0.523728, 0.0194205, 0.0471788
0.494209, 0.0499666, 0.0475328
0.483931, 0.0200123, 0.046921
0.493245, -0.00509802, 0.046741
stamp: 27760000000
-0.00390696, -0.016722, 0.0508109
0.523793, 0.0193592, 0.0482597
0.494101, 0.0499561, 0.0486773
0.484015, 0.0199761, 0.0483154
0.493283, -0.00502314, 0.0482753
stamp: 27770000000
-0.00423387, -0.0165872, 0.0509862
0.523829, 0.0195206, 0.0496273
0.494088, 0.0497358, 0.0499507
0.484202, 0.0198916, 0.0496773
0.493369, -0.00483036, 0.0497033
stamp: 27780000000
-0.0045504, -0.0162893, 0.051418
0.524055, 0.0196459, 0.0510795
0.494178, 0.0496076, 0.0513262
0.484268, 0.0197764, 0.0509766
0.493706, -0.00499361, 0.0511041
stamp: 27790000000
-0.00480322, -0.0161298, 0.0515665
0.52411, 0.0196938, 0.052194
0.494145, 0.0499928, 0.052493
0.48425, 0.0196546, 0.0522137
0.493777, -0.00512969, 0.0521238
stamp: 27800000000
-0.0050708, -0.0161589, 0.0516964
0.524087, 0.0196822, 0.0532612
0.494053, 0.0499082, 0.0539762
0.484264, 0.0196153, 0.0533351
0.494063, -0.00518753, 0.0529024
stamp: 27810000000
-0.00536653, -0.0160625, 0.0517958
0.524172, 0.0195839, 0.0546287
0.494139, 0.0496804, 0.0555156
0.484408, 0.019675, 0.054577
0.494029, -0.00523753, 0.0537522
stamp: 27820000000
-0.00546781, -0.0159253, 0.0517952
0.524235, 0.0195518, 0.055546
0.494062, 0.0496594, 0.0566374
0.484444, 0.0196405, 0.0552879
0.494215, -0.00549182, 0.0546184
stamp: 27830000000
-0.00565032, -0.015675, 0.0517807
0.524305, 0.0196219, 0.0561766
0.494047, 0.0496509, 0.0572844
0.484447, 0.0196173, 0.055857
0.494378, -0.00530597, 0.0553476
stamp: 27840000000
-0.00580919, -0.0154949, 0.0515892
0.524298, 0.0198732, 0.0566787
0.494027, 0.0496479, 0.0579895
0.484504, 0.019522, 0.0563492
0.49445, -0.00524771, 0.0555831
stamp: 27850000000
-0.00602508, -0.0152304, 0.0509279
0.524289, 0.0199634, 0.0567596
0.493896, 0.0495266, 0.0584119
0.484548, 0.0195039, 0.0564209
0.494624, -0.00535087, 0.0555542
stamp: 27860000000
-0.00632625, -0.0149776, 0.0503125
0.524452, 0.01999, 0.0565575
0.493893, 0.0495483, 0.0583464
0.484861, 0.0194285, 0.0562392
0.494752, -0.00538424, 0.0552888
stamp: 27870000000
-0.00661107, -0.0147078, 0.0493705
0.52455, 0.0202859, 0.0560055
0.493756, 0.0495903, 0.0579418
0.484788, 0.0195041, 0.0554011
0.495035, -0.00521674, 0.0544149
stamp: 27880000000
-0.00683209, -0.0144801, 0.0479157
0.524588, 0.0202252, 0.0549434
0.493814, 0.0496085, 0.0571605
0.48472, 0.0194007, 0.0546058
0.494934, -0.005104, 0.0527255
stamp: 27890000000
-0.00700397, -0.0142638, 0.0458761
0.524592, 0.0202697, 0.053014
0.493816, 0.0494952, 0.0556219
0.484914, 0.0193231, 0.0532697
0.494902, -0.00502548, 0.0515305
stamp: 27900000000
-0.00742102, -0.0137582, 0.0438107
0.524853, 0.0204078, 0.0511334
0.493562, 0.0496052, 0.0538181
0.48489, 0.0192563, 0.051379
0.495253, -0.00503656, 0.0498764
stamp: 27910000000
-0.00753404, -0.0136154, 0.0413652
0.524653, 0.020745, 0.0483766
0.493744, 0.0494535, 0.0514902
0.48497, 0.0193151, 0.0490993
0.495186, -0.00494138, 0.0471653
stamp: 27920000000
-0.00768058, -0.013503, 0.0385781
0.524929, 0.0208943, 0.0453687
0.493626, 0.049771, 0.0485122
0.485175, 0.0194308, 0.046022
0.495658, -0.00492893, 0.0441068
stamp: 27930000000
-0.00834006, -0.0140913, 0.0370342
0.525076, 0.0208636, 0.0417946
0.493611, 0.0497835, 0.044977
0.485214, 0.0193259, 0.0426756
0.495731, -0.00521649, 0.0407442
stamp: 27940000000
-0.00844622, -0.0145085, 0.0376878
0.525088, 0.020886, 0.0376065
0.493844, 0.0495711, 0.0408219
0.485315, 0.0191976, 0.0386627
0.495899, -0.00499889, 0.0368316
stamp: 27950000000
-0.00832781, -0.0145079, 0.0385607
0.524814, 0.0214709, 0.0341606
0.493255, 0.0502171, 0.0362307
0.485142, 0.0196958, 0.0347778
0.49608, -0.00463847, 0.0337541
stamp: 27960000000
-0.0083417, -0.0145441, 0.0390214
0.52446, 0.0223094, 0.0334097
0.492878, 0.0509191, 0.0349107
0.484602, 0.0203774, 0.0337373
0.495406, -0.00391409, 0.0332306
stamp: 27970000000
-0.00827897, -0.0146195, 0.038896
0.524082, 0.0228629, 0.0350159
0.492646, 0.0514164, 0.0358908
0.484492, 0.0209104, 0.0351449
0.495029, -0.0033316, 0.0348094
stamp: 27980000000
-0.00828781, -0.0146807, 0.0382413
0.523903, 0.0230809, 0.0360907
0.492665, 0.0517905, 0.0364971
0.484292, 0.0214282, 0.0363215
0.495082, -0.0029049, 0.0362955
stamp: 27990000000
-0.00832955, -0.0147364, 0.0379739
0.52399, 0.0233052, 0.0368838
0.492656, 0.0522441, 0.0368069
0.484199, 0.021792, 0.0368426
0.494769, -0.00258235, 0.0369058
stamp: 28000000000
-0.00832411, -0.0147492, 0.038059
0.523953, 0.0234684, 0.0369177
0.492577, 0.0526463, 0.0367424
0.484133, 0.0220311, 0.0368261
0.494734, -0.00238731, 0.0370286
stamp: 28010000000
-0.00835853, -0.0147055, 0.0381381
0.523902, 0.023476, 0.036407
0.492641, 0.0525411, 0.0365758
0.484144, 0.0219379, 0.036484
0.49502, -0.00254737, 0.0365548
stamp: 28020000000
-0.00836206, -0.0146801, 0.0380891
0.524018, 0.0230076, 0.0356088
0.49282, 0.0518214, 0.0363248
0.484299, 0.021425, 0.0358865
0.494941, -0.00279994, 0.035444
stamp: 28030000000
-0.00834998, -0.0147032, 0.0380546
0.524274, 0.0225732, 0.0348427
0.49302, 0.0513213, 0.0360357
0.484651, 0.020777, 0.0351705
0.495062, -0.00348727, 0.0345739
stamp: 28040000000
-0.00835581, -0.0147136, 0.0380505
0.524405, 0.0223278, 0.0347656
0.493132, 0.0511413, 0.035939
0.484828, 0.0205613, 0.0350856
0.495265, -0.00381627, 0.0344537
stamp: 28050000000
-0.00835375, -0.0147022, 0.0380568
0.52434, 0.022471, 0.0348801
0.493104, 0.0512994, 0.0360859
0.48481, 0.0207394, 0.0352982
0.495188, -0.00356624, 0.0347104
stamp: 28060000000
-0.00835166, -0.0147006, 0.0380625
0.52428, 0.0226581, 0.0350415
0.493015, 0.0514498, 0.0360492
0.484701, 0.0209436, 0.0353467
0.49507, -0.00333374, 0.0348681
stamp: 28070000000
-0.00834776, -0.0146959, 0.0380559
0.524358, 0.0227012, 0.0349995
0.493028, 0.0514449, 0.03604
0.484705, 0.0209279, 0.0353387
0.495019, -0.00334106, 0.0348623
stamp: 28080000000
-0.00835789, -0.0147052, 0.0380636
0.524343, 0.0226564, 0.0350305
0.493077, 0.0513907, 0.0360414
0.484736, 0.0208626, 0.035305
0.495061, -0.00338293, 0.0348495
stamp: 28090000000
-0.00834337, -0.0146921, 0.0380628
0.524292, 0.0226222, 0.0350026
0.493047, 0.0513998, 0.0360118
0.48473, 0.0208738, 0.0353086
0.495097, -0.00338321, 0.0347981
stamp: 28100000000
-0.00835309, -0.0147142, 0.0380515
0.524349, 0.0226241, 0.034895
0.493045, 0.0514049, 0.0360456
0.484725, 0.0208766, 0.0353086
0.495084, -0.00339321, 0.0348147
stamp: 28110000000
-0.00836005, -0.0147097, 0.0380687
0.524288, 0.0226525, 0.0349875
0.493031, 0.0513937, 0.03601
0.484735, 0.0208713, 0.0353207
0.495063, -0.00339427, 0.0348443
stamp: 28120000000
-0.00834721, -0.0147033, 0.0380406
0.524379, 0.0226485, 0.0350066
0.493086, 0.051413, 0.0360391
0.48473, 0.0208818, 0.0353021
0.49511, -0.0033981, 0.034792
stamp: 28130000000
-0.00835169, -0.0147026, 0.038058
0.524328, 0.022651, 0.034991
0.493022, 0.0513981, 0.0360167
0.484717, 0.0208734, 0.0353127
0.495063, -0.00338807, 0.0348422
stamp: 28140000000
-0.00835362, -0.0147072, 0.0380528
0.524295, 0.0226507, 0.0349994
0.493075, 0.0513892, 0.0360109
0.484723, 0.0208795, 0.0353078
0.495098, -0.00339934, 0.0348167
stamp: 28150000000
-0.00834423, -0.0147003, 0.0380467
0.524372, 0.0226164, 0.0350272
0.49305, 0.0513967, 0.0360398
0.484734, 0.0208727, 0.0353032
0.495045, -0.00339722, 0.0348168
stamp: 28160000000
-0.00834874, -0.0147039, 0.0380606
0.524352, 0.0226593, 0.0349599
0.493053, 0.051415, 0.0360132
0.484744, 0.0208716, 0.0353033
0.495071, -0.00338864, 0.0348332
stamp: 28170000000
-0.00834928, -0.0146986, 0.0380545
0.524326, 0.0226961, 0.0349843
0.493016, 0.0514037, 0.0360016
0.484725, 0.0208812, 0.0352891
0.49514, -0.00339514, 0.0347734
stamp: 28180000000
-0.0083315, -0.0146997, 0.0380488
0.524307, 0.0226299, 0.0349626
0.49304, 0.0513896, 0.0360256
0.484731, 0.0208739, 0.0352887
0.495066, -0.00339959, 0.0347922
stamp: 28190000000
-0.00835546, -0.0147213, 0.0380569
0.524313, 0.0225734, 0.0350369
0.493091, 0.0513931, 0.0360502
0.484727, 0.0208669, 0.0353003
0.495031, -0.00338873, 0.0348361
stamp: 28200000000
-0.00835119, -0.0147055, 0.0380593
0.524318, 0.0226035, 0.0350706
0.493061, 0.0514005, 0.0360512
0.484735, 0.0208705, 0.0352927
0.495063, -0.00338642, 0.0348346
stamp: 28210000000
-0.00833217, -0.0147055, 0.0380654
0.52433, 0.0226459, 0.0350588
0.493046, 0.0514021, 0.0360347
0.484735, 0.0208773, 0.0353075
0.495118, -0.00339438, 0.0348303
stamp: 28220000000
-0.00834286, -0.0147078, 0.0380453
0.524345, 0.022684, 0.0350492
0.493066, 0.051399, 0.0360343
0.484729, 0.0208729, 0.035288
0.495145, -0.00339523, 0.0347973
stamp: 28230000000
-0.00834136, -0.0147051, 0.0380307
0.524361, 0.0226724, 0.0350549
0.493089, 0.0514087, 0.0360338
0.484726, 0.0208674, 0.0352927
0.495134, -0.003392, 0.0347936
stamp: 28240000000
-0.00834568, -0.0147046, 0.0380349
0.524357, 0.0226682, 0.0350538
0.493092, 0.0514038, 0.0360288
0.484737, 0.0208651, 0.0352806
0.495113, -0.0033807, 0.0347911
stamp: 28250000000
-0.00834513, -0.0147125, 0.0380282
0.524334, 0.0226631, 0.0350493
0.493082, 0.0513954, 0.0360522
0.484724, 0.0208615, 0.0352852
0.495095, -0.00338128, 0.0347989
stamp: 28260000000
-0.00833905, -0.0147148, 0.0380452
0.524283, 0.0226641, 0.0350232
0.493061, 0.051395, 0.0360332
0.484724, 0.0208644, 0.035295
0.495097, -0.00338461, 0.0348077
stamp: 28270000000
-0.00834224, -0.0147169, 0.0380564
0.524251, 0.0226802, 0.0350089
0.493025, 0.0513882, 0.035997
0.484732, 0.0208624, 0.0352923
0.49511, -0.00338993, 0.034793
stamp: 28280000000
-0.00833989, -0.0147126, 0.0380511
0.524249, 0.0226399, 0.0349152
0.493014, 0.0513919, 0.0359968
0.48473, 0.0208741, 0.0352882
0.495134, -0.00339024, 0.034784
stamp: 28290000000
-0.00834813, -0.0147225, 0.0380507
0.524365, 0.0226242, 0.034934
0.493036, 0.0513876, 0.0360176
0.484722, 0.0208676, 0.0352823
0.495138, -0.00339613, 0.0347666
stamp: 28300000000
-0.00834435, -0.0147241, 0.0380439
0.524392, 0.0226162, 0.0349883
0.493068, 0.0513991, 0.0360342
0.484729, 0.0208706, 0.035289
0.495082, -0.00343539, 0.0347533
stamp: 28310000000
-0.00834211, -0.0147143, 0.0380481
0.524309, 0.0225581, 0.0348366
0.493079, 0.0513861, 0.0360482
0.484735, 0.020865, 0.0352748
0.495055, -0.00341223, 0.0347832
stamp: 28320000000
-0.00834215, -0.0147225, 0.0380405
0.524332, 0.0227051, 0.0349779
0.493048, 0.0513821, 0.0359771
0.484733, 0.0208653, 0.0352891
0.495068, -0.00339997, 0.0347935
stamp: 28330000000
-0.00833855, -0.0147057, 0.0380296
0.524368, 0.0226766, 0.0349322
0.493049, 0.0513989, 0.0359999
0.484738, 0.0208619, 0.0352854
0.495082, -0.00339923, 0.0348105
stamp: 28340000000
-0.00832506, -0.0147061, 0.0380345
0.524339, 0.0225757, 0.0350268
0.493067, 0.0513886, 0.0360495
0.484733, 0.020857, 0.0352887
0.49512, -0.00338819, 0.0347539
stamp: 28350000000
-0.00833764, -0.0147019, 0.0380225
0.524348, 0.0226473, 0.0349453
0.493021, 0.0513821, 0.0360002
0.48474, 0.0208703, 0.0352759
0.495089, -0.0034235, 0.0347734
stamp: 28360000000
-0.00836039, -0.0147102, 0.038036
0.524373, 0.0226953, 0.0349725
0.493044, 0.0513961, 0.0360012
0.484737, 0.0208594, 0.0352802
0.495072, -0.00340341, 0.0348135
stamp: 28370000000
-0.00834849, -0.0147184, 0.0380401
0.524274, 0.0225975, 0.034977
0.493086, 0.0513773, 0.0359994
0.484727, 0.0208571, 0.035279
0.495044, -0.00341426, 0.0347587
stamp: 28380000000
-0.00833714, -0.0147191, 0.0380224
0.524403, 0.02266, 0.0348876
0.493028, 0.051397, 0.0360128
0.484728, 0.0208676, 0.0352713
0.495128, -0.00341446, 0.0347537
stamp: 28390000000
-0.00834635, -0.0147119, 0.0380282
0.524301, 0.0226168, 0.0349775
0.49305, 0.0513828, 0.0360356
0.484732, 0.0208591, 0.0352844
0.495086, -0.0034135, 0.0347894
stamp: 28400000000
-0.00834661, -0.0147064, 0.0380208
0.524335, 0.0225988, 0.0348212
0.493065, 0.0513957, 0.0360239
0.484725, 0.0208555, 0.0352551
0.495065, -0.00340751, 0.0347509
stamp: 28410000000
-0.00834967, -0.0147262, 0.0380256
0.524261, 0.0225966, 0.0348858
0.493078, 0.0513949, 0.0360216
0.484738, 0.0208599, 0.0352605
0.495079, -0.00346092, 0.0347256
stamp: 28420000000
-0.00834372, -0.0147212, 0.0380469
0.524337, 0.0225867, 0.0348182
0.49304, 0.0513983, 0.036016
0.484723, 0.0208523, 0.0352404
0.495047, -0.00342371, 0.0347932
stamp: 28430000000
-0.00835184, -0.0147131, 0.0380146
0.524282, 0.0226647, 0.0349657
0.493087, 0.0513803, 0.0359991
0.484719, 0.0208574, 0.0352288
0.495138, -0.00341541, 0.0347642
stamp: 28440000000
-0.00835514, -0.0147149, 0.0380231
0.524368, 0.022598, 0.0348266
0.493044, 0.0513873, 0.0360032
0.484732, 0.020858, 0.0352716
0.495056, -0.00341811, 0.0347779
stamp: 28450000000
-0.00834603, -0.0147119, 0.0380347
0.524285, 0.0226935, 0.0349667
0.493028, 0.0513688, 0.0359574
0.484729, 0.0208563, 0.0352758
0.495165, -0.00341118, 0.0347475
stamp: 28460000000
-0.00834141, -0.0147061, 0.0380076
0.524373, 0.0226099, 0.0350077
0.493071, 0.0513867, 0.0360415
0.48473, 0.020859, 0.0352684
0.49505, -0.00341517, 0.034758
stamp: 28470000000
-0.0083439, -0.0147153, 0.0380371
0.524311, 0.0226193, 0.0348538
0.493034, 0.0514007, 0.0360064
0.48474, 0.0208661, 0.0352753
0.495139, -0.0034188, 0.0347283
stamp: 28480000000
-0.00835003, -0.0147041, 0.0380144
0.524315, 0.0226479, 0.0349277
0.493036, 0.0513741, 0.036004
0.484726, 0.0208477, 0.0352449
0.495056, -0.00343742, 0.0347399
stamp: 28490000000
-0.00835077, -0.014724, 0.0380278
0.524358, 0.0225988, 0.0350284
0.493063, 0.0513899, 0.0360413
0.484717, 0.0208512, 0.0352363
0.495088, -0.00342043, 0.0347812
stamp: 28500000000
-0.0083408, -0.0147227, 0.0379992
0.524307, 0.0226559, 0.0348533
0.493035, 0.0514015, 0.0359913
0.48473, 0.0208548, 0.0352321
0.495076, -0.00341063, 0.034778
stamp: 28510000000
-0.00834704, -0.0147252, 0.0380333
0.524305, 0.0226186, 0.0348393
0.493051, 0.0513704, 0.0359737
0.484742, 0.0208576, 0.0352549
0.495053, -0.00342163, 0.0347439
stamp: 28520000000
-0.00834341, -0.0146976, 0.0379878
0.524324, 0.0225725, 0.0350187
0.493064, 0.051383, 0.0360466
0.484735, 0.0208597, 0.0352718
0.495132, -0.00339057, 0.0347303
stamp: 28530000000
-0.00835263, -0.0147237, 0.038035
0.524365, 0.0226741, 0.0349714
0.493081, 0.0514013, 0.0359696
0.484739, 0.0208637, 0.0352771
0.495067, -0.00342204, 0.0347614
stamp: 28540000000
-0.00834934, -0.0147111, 0.0380031
0.524396, 0.0226686, 0.0349023
0.493028, 0.0513935, 0.0360168
0.484743, 0.020867, 0.0352586
0.495075, -0.00342099, 0.0347768
stamp: 28550000000
-0.0083392, -0.0147205, 0.0380302
0.524294, 0.0226072, 0.0348631
0.493024, 0.0513769, 0.0359818
0.484735, 0.0208643, 0.0352808
0.495094, -0.00339586, 0.0347238
stamp: 28560000000
-0.00834453, -0.0147239, 0.0380308
0.524269, 0.0225719, 0.034978
0.493097, 0.0513813, 0.0360173
0.484739, 0.0208541, 0.0352804
0.495062, -0.00340483, 0.0347803
stamp: 28570000000
-0.00833836, -0.0147085, 0.0380006
0.524319, 0.0226536, 0.0350681
0.493064, 0.0513814, 0.0360218
0.484719, 0.020848, 0.0352291
0.49507, -0.0034082, 0.0347922
stamp: 28580000000
-0.00834119, -0.0147239, 0.0380271
0.524429, 0.022686, 0.0349508
0.493054, 0.0513995, 0.0360098
0.484731, 0.0208573, 0.0352649
0.495154, -0.00341083, 0.0346993
stamp: 28590000000
-0.00835486, -0.0147158, 0.0380179
0.52438, 0.0226137, 0.034776
0.49308, 0.051388, 0.035991
0.484729, 0.0208527, 0.0352671
0.495055, -0.00342679, 0.0347555
stamp: 28600000000
-0.00833918, -0.0147105, 0.038001
0.524324, 0.0226035, 0.0348615
0.493026, 0.051395, 0.0360135
0.484719, 0.0208498, 0.0352371
0.495018, -0.00341936, 0.0347396
stamp: 28610000000
-0.00834146, -0.0147211, 0.0380204
0.524264, 0.0226116, 0.0349121
0.493022, 0.0513768, 0.0359685
0.484749, 0.0208674, 0.0352484
0.495072, -0.00341379, 0.0347823
stamp: 28620000000
-0.008355, -0.0147179, 0.0380191
0.524211, 0.0226224, 0.034877
0.493035, 0.0513719, 0.0359479
0.484722, 0.0208615, 0.035259
0.495164, -0.00341919, 0.0347291
stamp: 28630000000
-0.00834171, -0.0147016, 0.0380086
0.524249, 0.0226749, 0.0349788
0.493078, 0.0513912, 0.035987
0.484741, 0.020864, 0.0352693
0.49509, -0.00342051, 0.0347436
stamp: 28640000000
-0.00833299, -0.0147261, 0.0379971
0.5243, 0.0226673, 0.0349978
0.493062, 0.0513767, 0.036035
0.484724, 0.0208462, 0.0352336
0.495059, -0.00341273, 0.0347888
stamp: 28650000000
-0.00834092, -0.0147212, 0.0380271
0.524327, 0.0225711, 0.0348525
0.493081, 0.0513915, 0.0360405
0.484739, 0.0208629, 0.0352659
0.495053, -0.00340245, 0.0347668
stamp: 28660000000
-0.00834391, -0.0147056, 0.038018
0.524352, 0.0225458, 0.0348335
0.493075, 0.0513918, 0.0360418
0.484743, 0.0208615, 0.0352424
0.495063, -0.00341631, 0.034753
stamp: 28670000000
-0.00834342, -0.0147145, 0.0380133
0.52435, 0.0225532, 0.0348467
0.493112, 0.0513909, 0.0360217
0.484718, 0.0208526, 0.0352275
0.495111, -0.00344048, 0.0347316
stamp: 28680000000
-0.00834492, -0.0147142, 0.0380078
0.524391, 0.0225921, 0.0349787
0.493101, 0.0513825, 0.0360317
0.484726, 0.0208551, 0.035225
0.495146, -0.00341104, 0.0346866
stamp: 28689000000
-0.00834765, -0.0147256, 0.0379932
0.524371, 0.0225902, 0.0350056
0.493062, 0.0513915, 0.0360412
0.484732, 0.0208633, 0.0352605
0.495049, -0.00342435, 0.0347109
stamp: 28700000000
-0.00834274, -0.0147213, 0.0380183
0.524335, 0.0225362, 0.0348937
0.493072, 0.0513893, 0.0360469
0.484731, 0.0208499, 0.0352308
0.495038, -0.00340445, 0.0347648
stamp: 28710000000
-0.00834107, -0.0147057, 0.0380153
0.524319, 0.0225202, 0.0348887
0.493063, 0.0513784, 0.0360377
0.484735, 0.020855, 0.0352531
0.495032, -0.00340947, 0.0347822
stamp: 28720000000
-0.00835126, -0.0147074, 0.0380009
0.524354, 0.0225632, 0.0350102
0.493075, 0.0513858, 0.0360472
0.484723, 0.0208556, 0.0352344
0.495037, -0.00341136, 0.0347653
stamp: 28730000000
-0.00833271, -0.0147081, 0.0380256
0.524328, 0.0225715, 0.0350052
0.493081, 0.0513929, 0.0360434
0.48474, 0.0208573, 0.0352642
0.495034, -0.00340673, 0.03477
stamp: 28740000000
-0.0083384, -0.0147201, 0.0380169
0.524268, 0.0225334, 0.0348365
0.493085, 0.0513844, 0.0360244
0.484738, 0.0208563, 0.0352574
0.495032, -0.00341356, 0.0347492
stamp: 28750000000
-0.00834325, -0.0147349, 0.0380104
0.524257, 0.0225451, 0.0348202
0.493094, 0.051377, 0.0359886
0.48473, 0.0208533, 0.0352161
0.495041, -0.00340821, 0.0347556
stamp: 28760000000
-0.00835126, -0.0147186, 0.0380093
0.524272, 0.0225899, 0.0348403
0.493076, 0.0513528, 0.0359483
0.484736, 0.020855, 0.0352382
0.495039, -0.0034218, 0.0347512
stamp: 28770000000
-0.00835654, -0.0147266, 0.0379995
0.524347, 0.0226538, 0.0349256
0.493056, 0.0513679, 0.035959
0.484732, 0.0208595, 0.0352085
0.495054, -0.00341566, 0.0347575
stamp: 28780000000
-0.00835662, -0.0147174, 0.0380037
0.524379, 0.0226644, 0.0348859
0.493058, 0.0513848, 0.0360008
0.484729, 0.0208443, 0.035214
0.495044, -0.00343479, 0.0347181
stamp: 28790000000
-0.00833989, -0.0147249, 0.0380059
0.524416, 0.0226673, 0.0348614
0.493063, 0.0513911, 0.0360039
0.484734, 0.0208537, 0.0352176
0.495067, -0.00342008, 0.0347619
stamp: 28800000000
-0.00833826, -0.0147072, 0.0380151
0.524436, 0.0226925, 0.0349039
0.493056, 0.051383, 0.0359637
0.484727, 0.0208463, 0.0352132
0.495075, -0.00341157, 0.0347649
stamp: 28810000000
-0.00834424, -0.0147149, 0.0379903
0.524354, 0.022701, 0.0350388
0.49307, 0.0513892, 0.0360021
0.484737, 0.0208555, 0.0352162
0.495061, -0.00341522, 0.0347598
stamp: 28820000000
-0.00834219, -0.0147024, 0.0379946
0.524269, 0.0225763, 0.0349075
0.493086, 0.0513833, 0.0360215
0.484734, 0.0208532, 0.0352156
0.495059, -0.00342991, 0.0347562
stamp: 28830000000
-0.00835555, -0.0147268, 0.0379892
0.524246, 0.0225999, 0.034943
0.493065, 0.0513706, 0.0359809
0.484729, 0.0208483, 0.0352219
0.49505, -0.00342365, 0.0347494
stamp: 28840000000
-0.00834063, -0.0147032, 0.0379945
0.524263, 0.0226006, 0.0349174
0.493056, 0.0513598, 0.0359465
0.484723, 0.0208408, 0.0352224
0.495057, -0.00340773, 0.0347664
stamp: 28850000000
-0.00834592, -0.0147201, 0.0380016
0.524324, 0.0225985, 0.0348158
0.493071, 0.0513873, 0.0360133
0.484726, 0.0208548, 0.0352659
0.49504, -0.00341778, 0.0347541
stamp: 28860000000
-0.00833689, -0.0147046, 0.0380077
0.524449, 0.0226401, 0.0348447
0.493094, 0.0513855, 0.035974
0.484728, 0.0208408, 0.0352251
0.495037, -0.00344635, 0.0347276
stamp: 28870000000
-0.00834223, -0.0147253, 0.0380147
0.524391, 0.0226558, 0.0350149
0.493107, 0.0513906, 0.0360142
0.484731, 0.0208458, 0.0352209
0.49507, -0.00341866, 0.0347743
stamp: 28880000000
-0.00834475, -0.014719, 0.0380076
0.524233, 0.0226507, 0.0349656
0.493063, 0.0513828, 0.0359805
0.484726, 0.020847, 0.0352238
0.495074, -0.00346571, 0.0346952
stamp: 28890000000
-0.00835203, -0.0147353, 0.0380031
0.524244, 0.0226058, 0.0349134
0.493025, 0.0513872, 0.0359713
0.484729, 0.0208431, 0.0352226
0.495089, -0.00344225, 0.0347133
stamp: 28900000000
-0.00835382, -0.0147203, 0.0380115
0.52435, 0.022581, 0.0348061
0.493038, 0.0513812, 0.0359967
0.484725, 0.0208467, 0.0352272
0.495136, -0.00340231, 0.0346883
stamp: 28910000000
-0.00835465, -0.0147358, 0.0380098
0.524416, 0.0226192, 0.0349347
0.49307, 0.0513908, 0.0360228
0.48472, 0.0208428, 0.035227
0.49514, -0.00344386, 0.03471
stamp: 28920000000
-0.00833664, -0.0147219, 0.0380186
0.524283, 0.0226743, 0.0349492
0.493057, 0.0513833, 0.0360103
0.484732, 0.0208461, 0.0352057
0.495091, -0.00342344, 0.0347728
stamp: 28930000000
-0.00833981, -0.0147307, 0.0380037
0.524288, 0.0226771, 0.0349734
0.493008, 0.0513862, 0.0359772
0.484736, 0.0208542, 0.0352539
0.495072, -0.00340684, 0.0347857
stamp: 28940000000
-0.00832707, -0.0147188, 0.0380147
0.524357, 0.0225756, 0.03482
0.493045, 0.0513863, 0.0359711
0.484727, 0.0208439, 0.0352233
0.495035, -0.00341701, 0.0347446
stamp: 28950000000
-0.00833218, -0.0147105, 0.0379956
0.524404, 0.0225849, 0.0349238
0.493114, 0.051377, 0.036015
0.484725, 0.0208479, 0.0352209
0.495037, -0.00342107, 0.0347557
stamp: 28960000000
-0.00834764, -0.0147089, 0.0379839
0.524269, 0.0226857, 0.0349062
0.493042, 0.0513727, 0.0359285
0.484723, 0.0208506, 0.0352206
0.495098, -0.00340301, 0.0347408
stamp: 28970000000
-0.00835002, -0.0147235, 0.0380139
0.524346, 0.0226398, 0.034907
0.493038, 0.051395, 0.0359863
0.484722, 0.020856, 0.0352326
0.495181, -0.00341238, 0.0347163
stamp: 28980000000
-0.00835538, -0.0147324, 0.0380144
0.524343, 0.0225474, 0.0348797
0.493064, 0.0513873, 0.0360323
0.484725, 0.0208496, 0.0352193
0.495057, -0.00342196, 0.0347498
stamp: 28990000000
-0.00834898, -0.014725, 0.0380013
0.524316, 0.0226398, 0.0349075
0.493035, 0.0513707, 0.0359814
0.484717, 0.0208463, 0.0352298
0.495046, -0.00341277, 0.0347556
stamp: 29000000000
-0.00833558, -0.0147222, 0.0380117
0.524336, 0.0226745, 0.0349234
0.493048, 0.0513945, 0.0359852
0.484717, 0.0208447, 0.0352206
0.495084, -0.00345274, 0.0347284
stamp: 29010000000
-0.0083348, -0.014714, 0.0379923
0.524366, 0.0225984, 0.0350166
0.49311, 0.0513892, 0.0360232
0.484718, 0.0208468, 0.0352221
0.49508, -0.00345538, 0.0346745
stamp: 29020000000
-0.00834398, -0.0146985, 0.0379743
0.524326, 0.0226409, 0.0349013
0.493036, 0.051369, 0.0359696
0.484718, 0.0208544, 0.0352254
0.49515, -0.00345484, 0.034707
stamp: 29030000000
-0.00834926, -0.0147163, 0.0380181
0.524351, 0.0226751, 0.0348926
0.493031, 0.0513887, 0.0359906
0.484744, 0.0208558, 0.0352574
0.495082, -0.00342021, 0.0347835
stamp: 29040000000
-0.00835265, -0.0147299, 0.0379999
0.524325, 0.0225195, 0.0348903
0.493064, 0.0513838, 0.0360352
0.484718, 0.0208445, 0.0352246
0.495022, -0.00343005, 0.0347321
stamp: 29050000000
-0.00833853, -0.0147247, 0.0380037
0.524322, 0.0226426, 0.0348567
0.49307, 0.0513679, 0.035942
0.484737, 0.0208505, 0.0352566
0.495067, -0.0034217, 0.0347473
stamp: 29060000000
-0.00833445, -0.0146998, 0.0379908
0.524354, 0.0226407, 0.0347985
0.493053, 0.051395, 0.0359644
0.484735, 0.0208522, 0.035255
0.495172, -0.00342224, 0.034733
stamp: 29070000000
-0.00833929, -0.0147107, 0.0380067
0.52427, 0.0225277, 0.0347976
0.493064, 0.0513816, 0.0360322
0.484728, 0.0208485, 0.0352147
0.495028, -0.00344111, 0.0347092
stamp: 29080000000
-0.00835641, -0.0147211, 0.0380085
0.524317, 0.0226866, 0.0348819
0.493035, 0.0513983, 0.0360168
0.48472, 0.0208415, 0.0352271
0.495064, -0.00340667, 0.0347979
stamp: 29090000000
-0.00834156, -0.0147146, 0.038008
0.524347, 0.0225852, 0.0350497
0.493108, 0.0513872, 0.0360127
0.484721, 0.0208498, 0.0352234
0.495111, -0.00339338, 0.0347412
stamp: 29100000000
-0.00834071, -0.0147023, 0.0379781
0.524332, 0.0226271, 0.0348267
0.493021, 0.0513759, 0.0359612
0.484726, 0.0208544, 0.0352266
0.49509, -0.00344049, 0.0347284
stamp: 29109000000
-0.00833966, -0.0147203, 0.0380094
0.524342, 0.0226514, 0.0348268
0.493037, 0.0513944, 0.0359822
0.484721, 0.0208486, 0.035225
0.495084, -0.00341549, 0.0347749
stamp: 29120000000
-0.00834963, -0.0147302, 0.0380151
0.524263, 0.0225661, 0.0348395
0.493092, 0.0513609, 0.0359683
0.484719, 0.0208462, 0.0352101
0.495034, -0.00342624, 0.0347401
stamp: 29130000000
-0.00833886, -0.0147236, 0.0379883
0.524385, 0.0227087, 0.0349208
0.493039, 0.0513859, 0.0359734
0.484739, 0.0208568, 0.0352472
0.495166, -0.00347549, 0.0347028
stamp: 29140000000
-0.00834398, -0.0146984, 0.0379958
0.524288, 0.022575, 0.0349569
0.493064, 0.0513786, 0.0360343
0.484734, 0.0208567, 0.0352612
0.495076, -0.0034249, 0.0347615
stamp: 29150000000
-0.00835611, -0.0147263, 0.0380155
0.52435, 0.0226371, 0.0348177
0.49309, 0.0513894, 0.0359944
0.484724, 0.0208462, 0.035223
0.495068, -0.00342229, 0.034765
stamp: 29160000000
-0.0083396, -0.0147233, 0.0380028
0.524288, 0.0225288, 0.0348679
0.493072, 0.0513742, 0.0360227
0.484725, 0.0208481, 0.0352206
0.495169, -0.00344121, 0.0347312
stamp: 29170000000
-0.00835058, -0.0146976, 0.0379688
0.524358, 0.0226279, 0.0347854
0.493024, 0.0514028, 0.0360265
0.484729, 0.0208482, 0.0352202
0.495064, -0.00343974, 0.0347289
stamp: 29180000000
-0.00834235, -0.0147336, 0.0380111
0.524339, 0.0225943, 0.0350063
0.493111, 0.0513869, 0.0360056
0.484721, 0.0208412, 0.0352221
0.495071, -0.00341681, 0.0347794
stamp: 29190000000
-0.00834513, -0.0147233, 0.0380061
0.524374, 0.022654, 0.0348976
0.493032, 0.0513923, 0.0359991
0.484734, 0.0208541, 0.0352461
0.495115, -0.00346064, 0.0347376
stamp: 29200000000
-0.00834936, -0.0146905, 0.0379797
0.524332, 0.0226113, 0.0350089
0.493067, 0.0513795, 0.0360192
0.484724, 0.0208432, 0.0352304
0.495082, -0.00347347, 0.0347097
stamp: 29210000000
-0.00835736, -0.0147262, 0.0380088
0.524319, 0.0226259, 0.0348218
0.493034, 0.0514014, 0.0360047
0.484723, 0.0208388, 0.0352285
0.495056, -0.00344391, 0.0346912
stamp: 29220000000
-0.00833191, -0.0147181, 0.0379961
0.524338, 0.0226126, 0.0350104
0.49306, 0.0513857, 0.0360223
0.48473, 0.0208454, 0.0352065
0.495085, -0.00341515, 0.0347716
stamp: 29230000000
-0.00835658, -0.0147127, 0.0379845
0.524335, 0.0226173, 0.0348139
0.493077, 0.0513959, 0.036003
0.484724, 0.0208439, 0.0352192
0.495036, -0.00343243, 0.0347489
stamp: 29240000000
-0.00835286, -0.0147248, 0.0379974
0.524283, 0.0225698, 0.0348643
0.493065, 0.0513878, 0.0360117
0.48472, 0.020851, 0.0352277
0.495179, -0.00339531, 0.0347153
stamp: 29250000000
-0.00833441, -0.0147136, 0.0379974
0.524347, 0.0226121, 0.0347879
0.493038, 0.0513945, 0.0360215
0.484726, 0.0208461, 0.0352185
0.495067, -0.00341697, 0.0347354
stamp: 29260000000
-0.00834248, -0.0147216, 0.0380154
0.524253, 0.0225617, 0.0348267
0.493067, 0.0513918, 0.0360237
0.484725, 0.0208449, 0.0352193
0.495076, -0.00341368, 0.0347669
stamp: 29270000000
-0.00833487, -0.0147231, 0.0380029
0.524379, 0.0226207, 0.0347535
0.493042, 0.0513892, 0.0359929
0.484734, 0.0208498, 0.0352156
0.495054, -0.00342731, 0.0347424
stamp: 29280000000
-0.00833874, -0.0147061, 0.0379805
0.524239, 0.0225738, 0.0348125
0.493076, 0.0513817, 0.0359721
0.484719, 0.0208462, 0.0352328
0.495069, -0.00342427, 0.0347667
stamp: 29290000000
-0.00834287, -0.0147296, 0.0380077
0.524446, 0.0226345, 0.0348656
0.493042, 0.0513889, 0.0359738
0.484716, 0.0208508, 0.0352101
0.495173, -0.00343936, 0.0346934
stamp: 29300000000
-0.00833527, -0.0146942, 0.0379917
0.524284, 0.0225954, 0.0348853
0.493065, 0.0513595, 0.0359361
0.484718, 0.0208446, 0.0352197
0.495086, -0.00342008, 0.0347538
stamp: 29310000000
-0.00835317, -0.0147244, 0.0379971
0.524384, 0.0226752, 0.0350279
0.493067, 0.0513841, 0.0360083
0.484728, 0.0208545, 0.035229
0.495143, -0.00338873, 0.034721
stamp: 29320000000
-0.00833826, -0.0147205, 0.0380015
0.524305, 0.0226027, 0.0348646
0.493059, 0.051387, 0.0359931
0.484727, 0.020846, 0.0352162
0.49506, -0.00343688, 0.0346965
stamp: 29330000000
-0.00834635, -0.0147299, 0.0380135
0.524302, 0.0226499, 0.0350182
0.493063, 0.051375, 0.0360122
0.48474, 0.020853, 0.0352292
0.495085, -0.00342245, 0.0347449
stamp: 29340000000
-0.00834106, -0.0147238, 0.0380085
0.524375, 0.0225932, 0.0347673
0.493057, 0.0513629, 0.0359843
0.484736, 0.0208505, 0.0352125
0.495052, -0.00342364, 0.0347569
stamp: 29350000000
-0.00834193, -0.0147024, 0.0379968
0.524277, 0.0226249, 0.0349039
0.493033, 0.0513706, 0.0359629
0.484718, 0.020845, 0.0352148
0.495071, -0.00342141, 0.0347708
stamp: 29360000000
-0.00835061, -0.0147242, 0.0379876
0.524413, 0.0226613, 0.0349567
0.49308, 0.0513913, 0.0360145
0.484723, 0.0208559, 0.0352097
0.495083, -0.00342244, 0.03475
stamp: 29370000000
-0.0083509, -0.0147089, 0.0379799
0.524312, 0.0225924, 0.0348768
0.493018, 0.0513914, 0.0359989
0.484723, 0.0208415, 0.0352155
0.495059, -0.00341858, 0.0347614
stamp: 29380000000
-0.00835148, -0.0147275, 0.0379934
0.524311, 0.0226211, 0.0350085
0.493088, 0.0513908, 0.0360107
0.484725, 0.0208439, 0.0352024
0.495101, -0.00343062, 0.0347728
stamp: 29390000000
-0.00834269, -0.0147024, 0.0379927
0.524389, 0.022596, 0.0347542
0.493032, 0.0513825, 0.0359658
0.484735, 0.0208457, 0.0352208
0.495056, -0.00343455, 0.0347484
