total_removed_points: 0     
pick_probability: 0      
stamp: 9000000
0.00412689, 0.000319557, 0.0371725
0.506206, -0.0343185, 0.033151
0.477333, -0.00715185, 0.0338789
0.51802, -0.00941005, 0.0320265
0.0317895, -0.49194, 0.0327401
0.00305812, -0.518768, 0.030861
-0.000151877, -0.463874, 0.0327898
-0.0082351, -0.494885, 0.0314907
stamp: 20000000
0.00412953, 0.000314126, 0.0371683
0.506199, -0.0343091, 0.0331642
0.477325, -0.0071524, 0.0338778
0.518015, -0.00940755, 0.0320156
0.0317889, -0.491942, 0.0327445
0.00305731, -0.51877, 0.0308566
-0.00014947, -0.463881, 0.032781
-0.00823571, -0.494886, 0.0315018
stamp: 30000000
0.00414137, 0.000317349, 0.0371712
0.506197, -0.0343077, 0.0331611
0.477327, -0.00715454, 0.0338802
0.518021, -0.00941411, 0.0320257
0.0317928, -0.491946, 0.0327492
0.0030482, -0.518769, 0.0308485
-0.000154291, -0.463884, 0.0327844
-0.00822722, -0.494877, 0.0315029
stamp: 40000000
0.0041442, 0.000337533, 0.0371336
0.506206, -0.0343125, 0.0331501
0.477326, -0.0071644, 0.0338736
0.518014, -0.00941169, 0.0320234
0.0317923, -0.491948, 0.0327535
0.00305518, -0.518766, 0.0308542
-0.00014945, -0.463882, 0.0327874
-0.00822503, -0.494882, 0.0315079
stamp: 50000000
0.00413072, 0.00031351, 0.0371781
0.506194, -0.0343341, 0.0331326
0.477366, -0.0071536, 0.0339145
0.518015, -0.00941187, 0.0320258
0.031795, -0.491954, 0.0327457
0.0030605, -0.518767, 0.0308604
-0.000156484, -0.463884, 0.0327903
-0.00822933, -0.49488, 0.0315106
stamp: 59000000
0.00413237, 0.000321931, 0.037178
0.506203, -0.0343134, 0.0331472
0.477338, -0.00714969, 0.0338649
0.518014, -0.00940664, 0.0320277
0.0317892, -0.491947, 0.0327477
0.00305482, -0.518768, 0.030856
-0.000155683, -0.463887, 0.0328011
-0.00824428, -0.494897, 0.0315477
stamp: 69000000
0.00414015, 0.000310713, 0.0371619
0.506203, -0.034318, 0.033144
0.47733, -0.0071522, 0.0338792
0.518006, -0.00941431, 0.032013
0.0317922, -0.49195, 0.0327453
0.00304979, -0.518772, 0.0308467
-0.000158387, -0.463882, 0.0327865
-0.00822996, -0.494883, 0.0314977
stamp: 79000000
0.00414299, 0.000334633, 0.037156
0.506203, -0.0343237, 0.0331621
0.477328, -0.00715276, 0.0338799
0.518014, -0.00941145, 0.0320221
0.0317972, -0.491952, 0.0327599
0.00304987, -0.51876, 0.0308595
-0.000155677, -0.463876, 0.0327778
-0.00823326, -0.494877, 0.0314943
stamp: 90000000
0.004137, 0.000310341, 0.0371746
0.506206, -0.0343181, 0.0331434
0.477329, -0.00715902, 0.033877
0.518016, -0.00941242, 0.0320193
0.0317905, -0.491958, 0.0327568
0.00304915, -0.518764, 0.0308581
-0.000164928, -0.463876, 0.0327748
-0.00822103, -0.494886, 0.0315111
stamp: 99000000
0.00412411, 0.000311486, 0.0371768
0.506201, -0.0343434, 0.033141
0.477335, -0.00715871, 0.0338741
0.518018, -0.00941838, 0.0320096
0.0317888, -0.491946, 0.0327524
0.00304894, -0.518768, 0.0308517
-0.000159959, -0.463886, 0.0327864
-0.00821895, -0.494886, 0.0315126
stamp: 109000000
0.0041291, 0.000312663, 0.0371704
0.50619, -0.0343336, 0.0331467
0.477365, -0.00715415, 0.0339192
0.518014, -0.00940665, 0.0320212
0.0317915, -0.491947, 0.0327521
0.00305203, -0.51877, 0.0308551
-0.000152627, -0.463883, 0.0327928
-0.00822194, -0.49489, 0.0315164
stamp: 119000000
0.00412355, 0.000319731, 0.0371627
0.506203, -0.034318, 0.033148
0.477364, -0.00715516, 0.03391
0.518014, -0.00940669, 0.032024
0.0317921, -0.491944, 0.0327444
0.0030533, -0.518773, 0.0308649
-0.000159349, -0.463882, 0.0327758
-0.00823078, -0.494884, 0.0315029
stamp: 129000000
0.00413778, 0.000344189, 0.0371466
0.506206, -0.0343235, 0.0331493
0.477319, -0.0071545, 0.0338744
0.518009, -0.00941247, 0.0320199
0.0317957, -0.491942, 0.0327592
0.00305136, -0.518769, 0.0308658
-0.000156251, -0.463881, 0.0327853
-0.00822646, -0.494881, 0.0315012
stamp: 140000000
0.00414198, 0.000333477, 0.0371441
0.506212, -0.0343159, 0.0331419
0.47733, -0.00714885, 0.0338688
0.518016, -0.00940987, 0.0320233
0.0317957, -0.49195, 0.0327574
0.00305392, -0.518769, 0.0308608
-0.000149595, -0.463886, 0.0327891
-0.00821806, -0.49488, 0.0315096
stamp: 149000000
0.00413716, 0.000340202, 0.0371373
0.506208, -0.0343136, 0.0331592
0.477333, -0.00715866, 0.0338764
0.518016, -0.00941052, 0.0320138
0.0317866, -0.491951, 0.0327577
0.00305329, -0.518773, 0.0308666
-0.000150939, -0.463883, 0.0327882
-0.00822368, -0.49489, 0.0315052
stamp: 159000000
0.0041315, 0.000319251, 0.037167
0.506204, -0.0343202, 0.0331582
0.477332, -0.00715518, 0.033878
0.518017, -0.00940391, 0.0320244
0.0317884, -0.491949, 0.0327528
0.00305343, -0.518763, 0.0308477
-0.000154154, -0.463924, 0.0327451
-0.00823003, -0.494886, 0.0314963
stamp: 169000000
0.00413296, 0.000333248, 0.0371462
0.506188, -0.0343391, 0.0331282
0.477333, -0.00715843, 0.03387
0.518018, -0.00940675, 0.0320167
0.0317905, -0.491951, 0.0327569
0.00304495, -0.518769, 0.0308517
-0.000160599, -0.463884, 0.0327915
-0.00822736, -0.494877, 0.0314986
stamp: 179000000
0.00413434, 0.000334212, 0.0371347
0.506193, -0.0343134, 0.0331554
0.477319, -0.00715382, 0.0338707
0.51801, -0.00940504, 0.0320208
0.0317941, -0.491947, 0.0327486
0.00305126, -0.518768, 0.0308587
-0.000163466, -0.463886, 0.0327832
-0.00823222, -0.494878, 0.031506
stamp: 190000000
0.00414025, 0.000335707, 0.0371358
0.506208, -0.0343122, 0.0331565
0.477373, -0.00714247, 0.0339108
0.518013, -0.00941505, 0.032022
0.0317885, -0.491945, 0.032746
0.0030476, -0.518768, 0.0308633
-0.000156804, -0.463877, 0.0327867
-0.00822832, -0.494872, 0.0315123
stamp: 200000000
0.00413399, 0.000321794, 0.0371714
0.50621, -0.0343167, 0.0331572
0.477335, -0.00716157, 0.0338638
0.518012, -0.00940921, 0.0320184
0.031787, -0.491951, 0.0327575
0.00304722, -0.518772, 0.0308417
-0.000157008, -0.463889, 0.0327842
-0.00824479, -0.494898, 0.0315431
stamp: 209000000
0.0041223, 0.000321202, 0.037161
0.506192, -0.0343352, 0.0331378
0.477328, -0.00715255, 0.0338715
0.518009, -0.00941259, 0.0320213
0.0317925, -0.491939, 0.0327465
0.00305377, -0.518773, 0.0308566
-0.00015722, -0.463889, 0.0327804
-0.00824177, -0.494902, 0.0315514
stamp: 219000000
0.00413381, 0.000335074, 0.0371535
0.506188, -0.034333, 0.0331341
0.477328, -0.00716338, 0.0338778
0.518011, -0.00941835, 0.0320122
0.0317916, -0.491946, 0.032746
0.00305159, -0.518762, 0.0308456
-0.000150424, -0.463878, 0.0327997
-0.00823183, -0.494882, 0.0314906
stamp: 230000000
0.00412935, 0.000316923, 0.0371632
0.50619, -0.0343316, 0.0331293
0.477328, -0.00715249, 0.0338727
0.518012, -0.00941348, 0.0320316
0.0317953, -0.491944, 0.0327438
0.00305098, -0.518762, 0.0308481
-0.000160121, -0.463885, 0.0327801
-0.00823013, -0.494874, 0.0314921
stamp: 240000000
0.00413568, 0.000313062, 0.0371743
0.506199, -0.0343199, 0.0331578
0.477333, -0.00714646, 0.0338742
0.518013, -0.00941572, 0.0320157
0.0317868, -0.491953, 0.0327509
0.00305344, -0.518766, 0.0308514
-0.000157731, -0.463926, 0.0327358
-0.00822945, -0.494881, 0.0314974
stamp: 249000000
0.0041339, 0.00032108, 0.0371641
0.506198, -0.0343467, 0.0331304
0.477364, -0.00714976, 0.0339139
0.518015, -0.00941055, 0.0320192
0.0317898, -0.491957, 0.0327608
0.00304824, -0.518764, 0.0308471
-0.000154057, -0.463919, 0.0327351
-0.0082328, -0.494878, 0.0314969
stamp: 260000000
0.00412599, 0.000313567, 0.0371666
0.506193, -0.0343403, 0.0331356
0.477338, -0.00716409, 0.03388
0.518012, -0.00941246, 0.0320171
0.031785, -0.491954, 0.0327601
0.00303911, -0.518769, 0.0308473
-0.000156314, -0.463884, 0.0327778
-0.00823657, -0.494883, 0.0315003
stamp: 269000000
0.00413039, 0.000336211, 0.0371405
0.506187, -0.0343385, 0.0331339
0.477369, -0.0071509, 0.0339258
0.518008, -0.00941355, 0.0320282
0.0317885, -0.491943, 0.032749
0.00305835, -0.518771, 0.03085
-0.000164044, -0.463877, 0.0327872
-0.00822833, -0.494882, 0.0314966
stamp: 279000000
0.00412246, 0.00032104, 0.0371671
0.506205, -0.0343116, 0.0331578
0.47734, -0.00717208, 0.0338779
0.518014, -0.00942042, 0.032025
0.0317856, -0.491948, 0.0327445
0.00305264, -0.518774, 0.0308463
-0.000166211, -0.463887, 0.0327735
-0.00822811, -0.494879, 0.0314984
stamp: 290000000
0.00413569, 0.000334875, 0.0371432
0.506196, -0.0343494, 0.0331241
0.477367, -0.00715313, 0.0339046
0.518015, -0.00940971, 0.0320275
0.0317914, -0.491951, 0.0327531
0.00305581, -0.518772, 0.0308612
-0.000164095, -0.463888, 0.0327837
-0.00822807, -0.494884, 0.0314903
stamp: 299000000
0.00413146, 0.000319203, 0.0371618
0.506205, -0.0343141, 0.0331506
0.477336, -0.00715589, 0.0338785
0.518011, -0.00941226, 0.0320277
0.0317858, -0.491951, 0.0327642
0.00304732, -0.518773, 0.0308445
-0.000166064, -0.463889, 0.0327943
-0.00822463, -0.494891, 0.0315085
stamp: 309000000
0.0041337, 0.000317524, 0.0371667
0.506189, -0.0343366, 0.0331433
0.477328, -0.00714736, 0.0338789
0.518017, -0.00941975, 0.0320208
0.0317855, -0.491958, 0.0327495
0.00305092, -0.51877, 0.0308454
-0.000162589, -0.463894, 0.0327949
-0.00822824, -0.494884, 0.0315007
stamp: 320000000
0.0041356, 0.000318082, 0.0371728
0.506185, -0.0343369, 0.0331263
0.477332, -0.00714202, 0.0338614
0.518014, -0.00941266, 0.0320376
0.0317861, -0.491948, 0.0327548
0.00305923, -0.518765, 0.0308462
-0.000157053, -0.46389, 0.03279
-0.0082348, -0.494885, 0.0315098
stamp: 330000000
0.00413746, 0.000309911, 0.0371612
0.5062, -0.0343117, 0.0331536
0.477321, -0.00715106, 0.0338738
0.518016, -0.00941335, 0.0320248
0.0317957, -0.491944, 0.0327455
0.00305351, -0.518773, 0.0308582
-0.000160937, -0.463878, 0.0327793
-0.00823052, -0.494887, 0.0314941
stamp: 340000000
0.00413242, 0.000334045, 0.0371466
0.506199, -0.034312, 0.0331492
0.477333, -0.00715873, 0.0338775
0.518009, -0.00940948, 0.0320237
0.0317937, -0.491949, 0.0327529
0.00304124, -0.518769, 0.0308352
-0.000167528, -0.463887, 0.0327807
-0.00825075, -0.494894, 0.031536
stamp: 350000000
0.00413067, 0.000336547, 0.0371381
0.506212, -0.0343217, 0.033155
0.477331, -0.00715945, 0.0338684
0.518014, -0.00941265, 0.032019
0.0317863, -0.491954, 0.0327542
0.00304417, -0.518759, 0.0308545
-0.000165378, -0.463883, 0.0327762
-0.008229, -0.49488, 0.0315027
stamp: 359000000
0.00411927, 0.000320177, 0.0371607
0.506186, -0.0343433, 0.0331404
0.477331, -0.00714819, 0.0338769
0.51802, -0.00940596, 0.0320182
0.0317839, -0.49195, 0.0327507
0.00304828, -0.518776, 0.0308469
-0.000163497, -0.463919, 0.0327351
-0.00822331, -0.494882, 0.0315033
stamp: 369000000
0.00413103, 0.000331541, 0.0371319
0.506189, -0.0343448, 0.0331347
0.477325, -0.00715418, 0.0338667
0.518016, -0.00941386, 0.0320147
0.0317875, -0.491948, 0.0327513
0.00304507, -0.518778, 0.0308518
-0.000166578, -0.46388, 0.0327823
-0.00822482, -0.494883, 0.0315085
stamp: 379000000
0.00412351, 0.000314961, 0.0371621
0.506184, -0.0343414, 0.0331234
0.477327, -0.00715788, 0.0338776
0.518013, -0.00941464, 0.0320219
0.0317912, -0.49195, 0.0327527
0.003048, -0.518774, 0.0308524
-0.000163383, -0.463877, 0.03277
-0.00823634, -0.494891, 0.0314946
stamp: 390000000
0.00413659, 0.000333092, 0.037139
0.506202, -0.0343141, 0.0331587
0.477329, -0.00715587, 0.0338733
0.518011, -0.00940862, 0.03202
0.0317887, -0.491946, 0.0327477
0.0030475, -0.518773, 0.0308451
-0.000166851, -0.463881, 0.0327762
-0.00823252, -0.494879, 0.0315042
stamp: 399000000
0.00413545, 0.000316587, 0.0371656
0.506211, -0.0343231, 0.0331512
0.477335, -0.00715148, 0.0338711
0.518018, -0.00941383, 0.0320138
0.0317869, -0.491947, 0.0327545
0.00304905, -0.518767, 0.0308457
-0.000156063, -0.463887, 0.0327815
-0.0082277, -0.494881, 0.0314978
stamp: 409000000
0.00414147, 0.000309181, 0.037173
0.506192, -0.0343346, 0.0331196
0.477368, -0.00714509, 0.033919
0.518013, -0.00941766, 0.0320165
0.0317839, -0.491946, 0.0327465
0.00305495, -0.518768, 0.0308575
-0.000162584, -0.463883, 0.0327756
-0.0082441, -0.494891, 0.0315391
stamp: 419000000
0.00412726, 0.00031484, 0.0371583
0.506201, -0.0343174, 0.0331435
0.47733, -0.0071597, 0.0338674
0.518022, -0.00940658, 0.0320336
0.0317901, -0.491945, 0.032747
0.00304991, -0.518775, 0.0308548
-0.00016064, -0.463881, 0.0327724
-0.00823118, -0.494884, 0.0315052
stamp: 429000000
0.00413569, 0.00033734, 0.037145
0.506206, -0.0343207, 0.0331514
0.477366, -0.00714647, 0.0339119
0.518016, -0.00941566, 0.0320247
0.0317931, -0.491942, 0.0327616
0.00304513, -0.518766, 0.0308437
-0.000159978, -0.463884, 0.0327844
-0.00822851, -0.494886, 0.031502
stamp: 440000000
0.00413742, 0.0003203, 0.0371739
0.506207, -0.0343208, 0.0331436
0.477329, -0.00715706, 0.0338684
0.518023, -0.00940837, 0.0320254
0.0317918, -0.49194, 0.0327557
0.00304878, -0.518778, 0.0308576
-0.000163167, -0.463887, 0.0327873
-0.00823218, -0.494884, 0.0315036
stamp: 449000000
0.00412852, 0.000314, 0.0371653
0.506213, -0.0343116, 0.0331476
0.477334, -0.00715655, 0.033869
0.518012, -0.00940441, 0.0320264
0.0317909, -0.491946, 0.032762
0.00304489, -0.518775, 0.0308532
-0.000164182, -0.463882, 0.0327862
-0.00822889, -0.494881, 0.0314958
stamp: 459000000
0.00413666, 0.000309429, 0.0371704
0.506208, -0.0343203, 0.0331493
0.477332, -0.00715589, 0.033868
0.518007, -0.00941285, 0.0320154
0.0317915, -0.491952, 0.0327532
0.00305032, -0.518774, 0.0308541
-0.000161449, -0.463888, 0.0327805
-0.00822644, -0.494885, 0.0315092
stamp: 469000000
0.00413042, 0.000315529, 0.037169
0.506201, -0.0343212, 0.0331576
0.477371, -0.00714948, 0.0339219
0.518019, -0.00941544, 0.0320186
0.0317935, -0.491944, 0.0327547
0.00304795, -0.518763, 0.0308465
-0.000149198, -0.463888, 0.0327891
-0.00822909, -0.494886, 0.0315008
stamp: 479000000
0.00413916, 0.000315338, 0.0371761
0.506205, -0.034321, 0.0331525
0.477331, -0.00715535, 0.0338743
0.518017, -0.0094101, 0.0320172
0.031793, -0.49195, 0.0327579
0.0030543, -0.518767, 0.0308505
-0.000144277, -0.463883, 0.032794
-0.00822024, -0.494884, 0.0315023
stamp: 490000000
0.00414167, 0.000320619, 0.0371715
0.506206, -0.0343125, 0.0331539
0.47733, -0.00715976, 0.033874
0.518011, -0.00940932, 0.0320253
0.0317906, -0.491954, 0.0327504
0.00305716, -0.518769, 0.0308715
-0.000162296, -0.46389, 0.0327939
-0.00822396, -0.494887, 0.0314989
stamp: 499000000
0.00414468, 0.000329122, 0.037147
0.506196, -0.0343513, 0.0331344
0.47736, -0.00715165, 0.033909
0.518021, -0.00940797, 0.0320247
0.0317875, -0.491953, 0.0327528
0.00305167, -0.518771, 0.0308462
-0.000158204, -0.463923, 0.0327402
-0.00822906, -0.494891, 0.0315055
stamp: 510000000
0.00414247, 0.000333571, 0.0371389
0.506194, -0.0343433, 0.0331414
0.477331, -0.00715676, 0.0338664
0.518015, -0.00941001, 0.0320179
0.0317907, -0.491948, 0.0327516
0.00304033, -0.518767, 0.0308507
-0.000155913, -0.463883, 0.0327823
-0.00822327, -0.494888, 0.0315019
stamp: 520000000
0.00414354, 0.000342185, 0.0371469
0.506197, -0.0343178, 0.0331524
0.477327, -0.00715892, 0.0338709
0.518014, -0.00941481, 0.0320253
0.0317889, -0.491948, 0.0327479
0.00305804, -0.518769, 0.0308541
-0.000157394, -0.463883, 0.0327781
-0.00822713, -0.494885, 0.0315084
stamp: 529000000
0.0041354, 0.000339796, 0.0371472
0.506188, -0.0343391, 0.0331243
0.477377, -0.00715724, 0.033905
0.518012, -0.00941281, 0.0320161
0.0317935, -0.491957, 0.032762
0.00305005, -0.518767, 0.0308458
-0.000159477, -0.463882, 0.0327748
-0.00822599, -0.494891, 0.0314995
stamp: 540000000
0.00413748, 0.000319898, 0.0371641
0.50621, -0.0343146, 0.033153
0.477335, -0.00715317, 0.0338701
0.51802, -0.00941344, 0.0320188
0.031786, -0.491945, 0.0327412
0.00304621, -0.518772, 0.0308411
-0.000158665, -0.463886, 0.0327879
-0.00822392, -0.494879, 0.0314837
stamp: 550000000
0.00413103, 0.000333671, 0.0371416
0.506196, -0.034331, 0.0331237
0.477373, -0.00714834, 0.0339026
0.518007, -0.00941452, 0.0320201
0.0317883, -0.491953, 0.0327537
0.00304903, -0.51877, 0.0308524
-0.000155219, -0.463888, 0.0327841
-0.00822528, -0.494872, 0.0314958
stamp: 559000000
0.00412743, 0.000316894, 0.0371574
0.506203, -0.0343186, 0.0331579
0.477337, -0.0071554, 0.0338722
0.51802, -0.00941202, 0.03202
0.03179, -0.491946, 0.0327494
0.00304759, -0.518774, 0.0308524
-0.000153464, -0.463883, 0.0327924
-0.00822856, -0.494889, 0.0314978
stamp: 570000000
0.00413217, 0.000318128, 0.0371608
0.506207, -0.0343171, 0.0331577
0.477367, -0.00714766, 0.0339106
0.51801, -0.00941286, 0.0320209
0.031788, -0.491948, 0.0327576
0.00304945, -0.51878, 0.0308555
-0.000156207, -0.463923, 0.0327438
-0.00824243, -0.494896, 0.0315457
stamp: 579000000
0.0041356, 0.000323323, 0.0371556
0.506191, -0.0343365, 0.0331253
0.477366, -0.00715316, 0.0339298
0.518016, -0.00941016, 0.0320229
0.031787, -0.491955, 0.0327578
0.0030526, -0.518776, 0.0308503
-0.000161339, -0.463887, 0.0327859
-0.00823471, -0.494885, 0.0314969
stamp: 590000000
0.00413949, 0.000333431, 0.0371366
0.506199, -0.0343177, 0.0331403
0.477373, -0.00715722, 0.033911
0.518013, -0.00941562, 0.0320274
0.0317872, -0.491949, 0.0327477
0.00304959, -0.518782, 0.030859
-0.000159453, -0.463887, 0.0327729
-0.00822231, -0.494885, 0.0315005
stamp: 600000000
0.00413525, 0.000322522, 0.037166
0.506206, -0.0343124, 0.0331511
0.477373, -0.00716051, 0.0339089
0.518023, -0.00940961, 0.0320217
0.0317933, -0.491948, 0.0327425
0.00305299, -0.518771, 0.0308519
-0.000161126, -0.463882, 0.0327808
-0.00823164, -0.494884, 0.0314898
stamp: 609000000
0.00413973, 0.00033418, 0.0371524
0.506211, -0.0343143, 0.0331511
0.477376, -0.00714613, 0.033918
0.518021, -0.00941121, 0.0320253
0.0317976, -0.491944, 0.0327483
0.00304587, -0.518778, 0.0308484
-0.000159141, -0.463881, 0.0327829
-0.00823118, -0.494884, 0.031498
stamp: 620000000
0.00413324, 0.000313244, 0.0371594
0.506182, -0.0343459, 0.0331256
0.477373, -0.00714922, 0.0339213
0.518012, -0.00940725, 0.0320249
0.0317907, -0.49195, 0.0327443
0.00305198, -0.518766, 0.0308438
-0.000163363, -0.463886, 0.0327764
-0.00823663, -0.494882, 0.0314951
stamp: 630000000
0.00414214, 0.000330429, 0.0371492
0.506188, -0.0343133, 0.0331494
0.477382, -0.00714712, 0.0339142
0.518017, -0.00941424, 0.0320264
0.0317937, -0.49195, 0.032758
0.00305527, -0.518766, 0.0308555
-0.000162313, -0.463885, 0.0327967
-0.00824074, -0.494882, 0.0314948
stamp: 640000000
0.00412419, 0.000320238, 0.0371595
0.506193, -0.0343337, 0.0331391
0.477374, -0.0071603, 0.0339164
0.518019, -0.00941021, 0.0320143
0.0317928, -0.491949, 0.0327573
0.00306224, -0.51877, 0.0308649
-0.000149652, -0.463892, 0.0327904
-0.00822802, -0.494882, 0.0314972
stamp: 649000000
0.00413647, 0.000314477, 0.0371654
0.506204, -0.0343203, 0.0331533
0.47733, -0.00716598, 0.0338846
0.518015, -0.00941335, 0.0320118
0.0317912, -0.491954, 0.0327524
0.00305755, -0.51877, 0.0308564
-0.000163749, -0.463896, 0.0327902
-0.00822645, -0.494883, 0.0314964
stamp: 660000000
0.00414099, 0.000316566, 0.0371673
0.506194, -0.0343525, 0.0331348
0.477374, -0.00714913, 0.0339203
0.518015, -0.00941278, 0.0320153
0.0317896, -0.491942, 0.0327472
0.00305462, -0.518761, 0.0308495
-0.000156594, -0.463885, 0.0327826
-0.00822343, -0.49488, 0.0315108
stamp: 670000000
0.00413772, 0.000317608, 0.0371625
0.5062, -0.034316, 0.033151
0.477373, -0.00716105, 0.0339107
0.518017, -0.00941281, 0.0320155
0.0317936, -0.491949, 0.0327493
0.00305338, -0.518772, 0.0308614
-0.000156615, -0.463879, 0.0327821
-0.00822438, -0.494891, 0.0315026
stamp: 680000000
0.00412566, 0.000316298, 0.0371735
0.5062, -0.0343271, 0.0331511
0.477338, -0.00715401, 0.0338843
0.518011, -0.00941282, 0.032014
0.0317987, -0.491954, 0.0327606
0.00305856, -0.518769, 0.0308635
-0.00016109, -0.46388, 0.0327873
-0.00822682, -0.494887, 0.0315097
stamp: 690000000
0.00412573, 0.000317719, 0.0371643
0.506221, -0.03429, 0.0330294
0.477371, -0.00716196, 0.0339198
0.518014, -0.00942081, 0.0320161
0.0317935, -0.491963, 0.0327608
0.00304561, -0.518774, 0.0308596
-0.000152825, -0.463891, 0.0327873
-0.0082259, -0.494881, 0.0314906
stamp: 699000000
0.00413585, 0.000316688, 0.037173
0.506204, -0.0343157, 0.033156
0.477341, -0.0071646, 0.0338802
0.518014, -0.00940754, 0.0320222
0.0317874, -0.491953, 0.0327556
0.00305418, -0.518767, 0.0308595
-0.00015643, -0.463887, 0.0327907
-0.00823045, -0.494886, 0.0315012
stamp: 709000000
0.00413251, 0.000319725, 0.0371604
0.506209, -0.0343186, 0.0331529
0.477369, -0.00715313, 0.033904
0.518016, -0.00941202, 0.0320163
0.0317843, -0.491953, 0.0327515
0.00306016, -0.518766, 0.0308518
-0.000157455, -0.463883, 0.0327887
-0.00822588, -0.494884, 0.0314964
stamp: 720000000
0.004134, 0.000321964, 0.0371735
0.506208, -0.0343262, 0.0331486
0.477377, -0.00715514, 0.0339076
0.518015, -0.00941536, 0.032018
0.0317882, -0.491953, 0.0327472
0.0030602, -0.518769, 0.0308515
-0.000146741, -0.463884, 0.0327925
-0.00823556, -0.494882, 0.0314981
stamp: 729000000
0.00413797, 0.000315515, 0.0371702
0.506208, -0.0343228, 0.0331486
0.477335, -0.00715525, 0.0338735
0.51802, -0.00941907, 0.0320118
0.031795, -0.49195, 0.0327512
0.00305251, -0.518776, 0.0308598
-0.000151043, -0.463921, 0.0327379
-0.00824203, -0.494898, 0.0315398
stamp: 740000000
0.00413623, 0.00031341, 0.037163
0.506208, -0.0343215, 0.0331627
0.477327, -0.00715783, 0.0338687
0.51802, -0.00941049, 0.0320281
0.0317876, -0.491953, 0.0327514
0.00305157, -0.51877, 0.0308502
-0.00015201, -0.463886, 0.0327834
-0.00823497, -0.494883, 0.0314966
stamp: 750000000
0.00413478, 0.000323443, 0.0371904
0.506206, -0.0343238, 0.0331531
0.477379, -0.00715082, 0.0339176
0.518012, -0.00940977, 0.0320248
0.03179, -0.491946, 0.0327587
0.00304392, -0.518769, 0.0308479
-0.000161903, -0.463885, 0.032777
-0.00822689, -0.494885, 0.0314967
stamp: 759000000
0.00414871, 0.000332432, 0.0371552
0.506209, -0.0343171, 0.0331573
0.477371, -0.00716101, 0.0339238
0.518014, -0.00941014, 0.0320264
0.0317881, -0.491956, 0.0327638
0.00304758, -0.518772, 0.0308531
-0.000162752, -0.463888, 0.0327894
-0.00822817, -0.494889, 0.0315096
stamp: 769000000
0.00413766, 0.000330643, 0.0371481
0.506192, -0.0343412, 0.0331258
0.477335, -0.00715662, 0.0338713
0.518019, -0.00941401, 0.0320172
0.0317866, -0.49195, 0.0327559
0.00305703, -0.518769, 0.0308514
-0.000162532, -0.463887, 0.0327896
-0.00824799, -0.494899, 0.0315346
stamp: 780000000
0.00413821, 0.00032251, 0.0371619
0.50621, -0.0343139, 0.0331534
0.477329, -0.00715772, 0.0338788
0.518018, -0.0094069, 0.0320154
0.0317881, -0.491944, 0.0327504
0.00305489, -0.518772, 0.0308626
-0.00016081, -0.463886, 0.0327873
-0.00822238, -0.494882, 0.0315058
stamp: 789000000
0.00413649, 0.000313258, 0.0371683
0.506192, -0.0343411, 0.0331256
0.477365, -0.00714514, 0.0339158
0.518018, -0.00940906, 0.0320267
0.0317967, -0.491951, 0.0327487
0.00304969, -0.518767, 0.0308511
-0.000157942, -0.463884, 0.0327754
-0.00822099, -0.494884, 0.0315036
stamp: 799000000
0.00413187, 0.000318119, 0.0371664
0.506204, -0.0343183, 0.0331498
0.477331, -0.00716619, 0.0338808
0.518011, -0.00941225, 0.0320186
0.0317863, -0.491953, 0.0327551
0.00305291, -0.518767, 0.030854
-0.000160794, -0.463885, 0.0327684
-0.00822982, -0.494883, 0.0314899
stamp: 810000000
0.00414203, 0.000330061, 0.0371459
0.50619, -0.0343448, 0.0331249
0.477331, -0.0071487, 0.0338756
0.518017, -0.00941447, 0.0320127
0.0317844, -0.491953, 0.0327626
0.0030542, -0.518774, 0.0308561
-0.000158742, -0.463887, 0.0327793
-0.00822483, -0.494888, 0.0314985
stamp: 819000000
0.00414773, 0.000332306, 0.0371497
0.506204, -0.0343213, 0.0331625
0.477366, -0.00715119, 0.0339039
0.518014, -0.00941459, 0.0320237
0.0317883, -0.491953, 0.0327546
0.00304131, -0.518775, 0.0308528
-0.000163374, -0.463933, 0.0327341
-0.00822596, -0.494882, 0.0314977
stamp: 830000000
0.00414178, 0.000316537, 0.0371638
0.506204, -0.0343189, 0.033141
0.477376, -0.00715048, 0.0339175
0.518009, -0.00941563, 0.0320208
0.0317939, -0.491954, 0.0327605
0.00305673, -0.518769, 0.0308543
-0.000162091, -0.463926, 0.0327459
-0.00823967, -0.494882, 0.0314986
stamp: 839000000
0.00413744, 0.000338696, 0.037152
0.506208, -0.0343257, 0.0331559
0.477374, -0.00714954, 0.0339122
0.518018, -0.00941027, 0.0320291
0.0317912, -0.491953, 0.032754
0.00305537, -0.51877, 0.0308442
-0.000154508, -0.463884, 0.032787
-0.00822696, -0.49488, 0.0315054
stamp: 849000000
0.00414032, 0.000321124, 0.0371712
0.506215, -0.0343267, 0.0331515
0.47734, -0.00715562, 0.0338803
0.518015, -0.00941069, 0.0320199
0.0317956, -0.491952, 0.0327541
0.00305608, -0.518767, 0.0308631
-0.000153083, -0.463918, 0.0327345
-0.00822564, -0.494884, 0.0315008
stamp: 860000000
0.00414738, 0.000320931, 0.0371742
0.5062, -0.034344, 0.0331217
0.477377, -0.00714547, 0.0339046
0.518012, -0.00941708, 0.0320232
0.0317883, -0.491951, 0.0327523
0.00305339, -0.518774, 0.0308577
-0.000157445, -0.463889, 0.032783
-0.00824084, -0.494897, 0.0315414
stamp: 869000000
0.00414697, 0.000333721, 0.0371476
0.506204, -0.0343207, 0.0331558
0.477376, -0.00716625, 0.0339096
0.518013, -0.00941471, 0.0320137
0.0317907, -0.491948, 0.0327536
0.00305573, -0.518762, 0.0308521
-0.000159206, -0.463893, 0.03279
-0.00822965, -0.494883, 0.0315075
stamp: 879000000
0.00414664, 0.000334662, 0.037155
0.506252, -0.0342711, 0.0330538
0.477328, -0.00716465, 0.0338774
0.518013, -0.00940946, 0.0320184
0.0317858, -0.491948, 0.0327457
0.00305123, -0.518773, 0.030855
-0.000158413, -0.463893, 0.0328017
-0.00822736, -0.494879, 0.0314923
stamp: 890000000
0.00414178, 0.00031812, 0.037171
0.506206, -0.034341, 0.0331503
0.477365, -0.00715597, 0.0339115
0.518014, -0.00940594, 0.0320261
0.0317894, -0.491951, 0.0327509
0.00304949, -0.518769, 0.0308452
-0.000162483, -0.463932, 0.0327397
-0.0082347, -0.494889, 0.0314987
stamp: 899000000
0.00413863, 0.000337517, 0.0371393
0.506194, -0.0343403, 0.0331405
0.477368, -0.00715472, 0.0338968
0.518021, -0.00941113, 0.0320306
0.0317923, -0.49195, 0.0327497
0.00305749, -0.518771, 0.0308581
-0.000161851, -0.463886, 0.0327789
-0.00822235, -0.494888, 0.0315057
stamp: 909000000
0.00414389, 0.000325758, 0.0371501
0.506196, -0.0343167, 0.0331507
0.477375, -0.00714754, 0.0339144
0.518021, -0.00941673, 0.0320272
0.0317863, -0.491947, 0.0327585
0.00305218, -0.518763, 0.030847
-0.00016025, -0.463888, 0.0327834
-0.00822457, -0.494888, 0.0315066
stamp: 920000000
0.00414878, 0.00034015, 0.0371432
0.506185, -0.0343374, 0.0331292
0.477373, -0.00715986, 0.03392
0.518022, -0.00940874, 0.0320262
0.0317903, -0.491953, 0.0327541
0.00304393, -0.51877, 0.0308532
-0.000155623, -0.463882, 0.0327964
-0.0082244, -0.494889, 0.0315001
stamp: 929000000
0.00414363, 0.000325521, 0.037163
0.506184, -0.0343291, 0.0331318
0.477373, -0.00715201, 0.0339132
0.518015, -0.00941275, 0.0320197
0.0317959, -0.49195, 0.032746
0.00305268, -0.518769, 0.0308627
-0.000160987, -0.463887, 0.0327895
-0.00822038, -0.494888, 0.0315041
stamp: 940000000
0.004138, 0.000336442, 0.037142
0.506206, -0.0343248, 0.0331526
0.477332, -0.00715526, 0.0338774
0.518012, -0.00941422, 0.0320171
0.0317874, -0.49195, 0.0327459
0.00305169, -0.518773, 0.0308629
-0.000157446, -0.463923, 0.0327437
-0.00822725, -0.49489, 0.0314999
stamp: 950000000
0.00413069, 0.000318284, 0.0371745
0.506197, -0.034343, 0.0331192
0.477377, -0.00715796, 0.0339176
0.518021, -0.00941355, 0.0320252
0.0317872, -0.491952, 0.0327451
0.00305017, -0.518778, 0.0308427
-0.00015862, -0.463893, 0.032799
-0.00822961, -0.494883, 0.031507
stamp: 959000000
0.00413518, 0.000322334, 0.0371672
0.506198, -0.0343152, 0.033153
0.477333, -0.0071564, 0.0338756
0.518017, -0.00940857, 0.0320331
0.0317992, -0.491948, 0.0327585
0.00304654, -0.51877, 0.0308368
-0.000153833, -0.463931, 0.0327486
-0.00822536, -0.494886, 0.0315107
stamp: 969000000
0.00414087, 0.000316787, 0.0371664
0.506193, -0.0343384, 0.0331291
0.477374, -0.00715346, 0.0339136
0.518014, -0.00941708, 0.0320287
0.0317931, -0.491944, 0.0327584
0.00305825, -0.518771, 0.0308512
-0.000155258, -0.463891, 0.0327929
-0.00822556, -0.494883, 0.0314977
stamp: 979000000
0.00413902, 0.000324766, 0.0371741
0.506193, -0.034342, 0.0331169
0.477336, -0.00716599, 0.0338719
0.518021, -0.00941656, 0.0320243
0.0317936, -0.491947, 0.0327496
0.00305442, -0.518775, 0.0308589
-0.000160285, -0.463886, 0.0327809
-0.00823893, -0.494898, 0.0315485
stamp: 990000000
0.00413501, 0.000311435, 0.0371599
0.506195, -0.0343231, 0.0331469
0.477325, -0.0071487, 0.0338764
0.518014, -0.00941038, 0.0320186
0.0317884, -0.491949, 0.0327516
0.0030553, -0.518765, 0.0308606
-0.000160155, -0.463881, 0.0327834
-0.0082217, -0.494881, 0.0315002
stamp: 999000000
0.00413155, 0.000332683, 0.0371491
0.506203, -0.0343198, 0.0331532
0.477371, -0.00714801, 0.0339095
0.518019, -0.00941932, 0.0320119
0.0317905, -0.491948, 0.0327507
0.00305755, -0.518771, 0.0308416
-0.00015929, -0.463893, 0.0327847
-0.00822173, -0.494886, 0.0315079
stamp: 1009000000
0.0041276, 0.000318463, 0.037164
0.50618, -0.0343348, 0.0331311
0.477334, -0.00715912, 0.0338698
0.518014, -0.0094147, 0.032011
0.0317851, -0.491945, 0.0327423
0.0030522, -0.518768, 0.030852
-0.000157663, -0.463886, 0.0327995
-0.00824341, -0.494895, 0.0315408
stamp: 1019000000
0.0041323, 0.000311814, 0.0371605
0.506205, -0.0343289, 0.0331486
0.477324, -0.00715002, 0.0338778
0.518014, -0.00941261, 0.0320274
0.0317957, -0.491944, 0.0327473
0.00305602, -0.51877, 0.0308512
-0.000153522, -0.463927, 0.0327348
-0.00822958, -0.494882, 0.0315113
stamp: 1030000000
0.00414327, 0.000334965, 0.037143
0.506205, -0.0343198, 0.0331543
0.477335, -0.00715384, 0.0338632
0.518014, -0.00941359, 0.0320223
0.0317958, -0.491954, 0.0327607
0.00305267, -0.518767, 0.0308536
-0.000154585, -0.463886, 0.0327998
-0.00825006, -0.494894, 0.0315397
stamp: 1040000000
0.00415005, 0.000332349, 0.0371436
0.506206, -0.0343203, 0.0331602
0.47733, -0.0071498, 0.0338716
0.518015, -0.00941094, 0.0320202
0.0317889, -0.491953, 0.032757
0.00305187, -0.518781, 0.0308518
-0.000149032, -0.463885, 0.0327899
-0.00821855, -0.494884, 0.0314964
stamp: 1049000000
0.00414721, 0.00031765, 0.0371651
0.506204, -0.0343219, 0.03316
0.477333, -0.00715193, 0.0338825
0.518014, -0.0094096, 0.0320101
0.0317902, -0.491953, 0.0327551
0.00304567, -0.518775, 0.0308534
-0.000158997, -0.463885, 0.0327786
-0.00822479, -0.494891, 0.0315068
stamp: 1060000000
0.00412985, 0.000319791, 0.0371629
0.506196, -0.0343437, 0.0331159
0.477335, -0.00715243, 0.0338748
0.518019, -0.00941516, 0.0320146
0.0317995, -0.491959, 0.0327519
0.00305114, -0.518779, 0.0308491
-0.000158183, -0.463886, 0.0327767
-0.00822632, -0.494883, 0.0315078
stamp: 1069000000
0.00412343, 0.000342111, 0.0371368
0.50619, -0.0343323, 0.0331339
0.477334, -0.00715504, 0.0338733
0.51802, -0.00941077, 0.032026
0.0317846, -0.491952, 0.0327419
0.00304963, -0.518773, 0.0308578
-0.000158829, -0.463883, 0.0327734
-0.00821945, -0.494887, 0.0314987
stamp: 1079000000
0.0041297, 0.000333282, 0.0371387
0.506191, -0.0343427, 0.0331332
0.477329, -0.00715305, 0.033881
0.518012, -0.00941347, 0.0320192
0.031793, -0.491949, 0.0327503
0.0030509, -0.518762, 0.0308569
-0.000168193, -0.463881, 0.0327814
-0.00823599, -0.494888, 0.0314993
stamp: 1090000000
0.00414144, 0.000329768, 0.0371547
0.506189, -0.0343388, 0.0331242
0.477332, -0.00715366, 0.0338684
0.518011, -0.00941309, 0.0320152
0.0317794, -0.491958, 0.0327558
0.00305046, -0.518774, 0.0308602
-0.000165313, -0.463888, 0.0327819
-0.00824399, -0.494894, 0.0315494
stamp: 1099000000
0.00413901, 0.000326764, 0.037168
0.506202, -0.0343169, 0.0331529
0.477328, -0.0071496, 0.0338582
0.518021, -0.00940961, 0.0320179
0.0317838, -0.491955, 0.0327488
0.00305141, -0.518773, 0.030849
-0.000158938, -0.463883, 0.0327757
-0.00822416, -0.494887, 0.0314977
stamp: 1109000000
0.00413488, 0.000318426, 0.0371668
0.506198, -0.0343454, 0.033142
0.477371, -0.00714848, 0.0339125
0.518014, -0.00941369, 0.0320261
0.0317997, -0.49196, 0.032755
0.00305811, -0.518773, 0.0308535
-0.000153191, -0.46393, 0.0327509
-0.00822408, -0.494881, 0.0315011
stamp: 1120000000
0.00413897, 0.000334441, 0.0371343
0.506189, -0.0343353, 0.0331311
0.477331, -0.00715549, 0.0338691
0.518021, -0.00941787, 0.0320174
0.0317915, -0.491956, 0.0327565
0.00305267, -0.518773, 0.0308505
-0.000161832, -0.463892, 0.0327714
-0.00822054, -0.494888, 0.0315023
stamp: 1130000000
0.00412719, 0.000316287, 0.037164
0.506183, -0.0343486, 0.033113
0.477322, -0.00715255, 0.0338824
0.518019, -0.00941572, 0.0320239
0.0317895, -0.491952, 0.032753
0.00304235, -0.518771, 0.030853
-0.000166376, -0.463892, 0.0327747
-0.00822063, -0.494889, 0.0314984
stamp: 1140000000
0.0041293, 0.000316196, 0.037171
0.506197, -0.0343181, 0.0331436
0.477324, -0.00714395, 0.0338686
0.518016, -0.00941281, 0.0320286
0.03179, -0.491954, 0.0327486
0.0030503, -0.518768, 0.0308378
-0.000170516, -0.463883, 0.0327756
-0.00823366, -0.494896, 0.0315007
stamp: 1150000000
0.00413781, 0.000330608, 0.0371374
0.506199, -0.0343171, 0.0331511
0.477331, -0.00715578, 0.0338636
0.518007, -0.00941255, 0.0320247
0.031786, -0.491949, 0.0327454
0.00305295, -0.518774, 0.0308509
-0.000162511, -0.463882, 0.0327766
-0.00822899, -0.494888, 0.0314961
stamp: 1159000000
0.00412787, 0.000321824, 0.0371673
0.506192, -0.0343397, 0.0331209
0.477372, -0.00714871, 0.0339164
0.518005, -0.00941458, 0.0320169
0.0317806, -0.491956, 0.0327446
0.00304968, -0.518775, 0.0308514
-0.000168192, -0.463893, 0.0327756
-0.00822718, -0.494884, 0.0315024
stamp: 1169000000
0.00413435, 0.000327154, 0.0371454
0.506192, -0.0343527, 0.0331316
0.47733, -0.0071516, 0.0338719
0.518019, -0.00941297, 0.0320207
0.031787, -0.491948, 0.0327486
0.00304737, -0.518778, 0.0308417
-0.000156549, -0.463889, 0.0327867
-0.00823673, -0.494891, 0.0314952
stamp: 1180000000
0.00413148, 0.000333675, 0.0371398
0.5062, -0.0343294, 0.0331512
0.477327, -0.00715249, 0.0338662
0.518006, -0.00941137, 0.0320162
0.0317883, -0.491948, 0.0327493
0.00304286, -0.518771, 0.0308564
-0.000163819, -0.463925, 0.0327242
-0.008224, -0.494885, 0.0314921
stamp: 1190000000
0.00413074, 0.000320888, 0.0371578
0.506195, -0.0343409, 0.03312
0.477331, -0.00715779, 0.0338771
0.518015, -0.00941117, 0.0320173
0.0317868, -0.491946, 0.0327562
0.00305219, -0.518777, 0.0308521
-0.000158627, -0.463884, 0.0327809
-0.00822533, -0.49488, 0.0315033
stamp: 1199000000
0.00412498, 0.000311184, 0.0371668
0.506188, -0.0343405, 0.0331359
0.477326, -0.00716616, 0.0338683
0.518014, -0.00941408, 0.0320177
0.0317865, -0.49195, 0.0327485
0.00305157, -0.518778, 0.0308494
-0.000170334, -0.463888, 0.0327759
-0.00823524, -0.49488, 0.031483
stamp: 1210000000
0.00412068, 0.000318978, 0.0371586
0.506192, -0.0343386, 0.0331269
0.477328, -0.00716006, 0.0338701
0.518006, -0.00941397, 0.0320174
0.0317882, -0.491953, 0.0327502
0.00304177, -0.518773, 0.0308402
-0.000161512, -0.463882, 0.032777
-0.00823292, -0.494885, 0.031493
stamp: 1219000000
0.00412308, 0.000318368, 0.0371566
0.506206, -0.0343191, 0.0331571
0.477325, -0.00715576, 0.0338689
0.518017, -0.00941677, 0.032018
0.0317901, -0.491953, 0.0327502
0.00304534, -0.518776, 0.0308535
-0.000159574, -0.463881, 0.0327743
-0.00822942, -0.494887, 0.0314795
stamp: 1229000000
0.00413091, 0.000335599, 0.037133
0.506192, -0.0343421, 0.0331201
0.47737, -0.00714767, 0.0339009
0.518015, -0.00941169, 0.0320271
0.0317833, -0.491949, 0.0327455
0.00304764, -0.518776, 0.0308438
-0.000160556, -0.463935, 0.0327366
-0.00822076, -0.49488, 0.0315003
stamp: 1240000000
0.00413416, 0.000313446, 0.0371629
0.5062, -0.0343184, 0.0331604
0.477328, -0.00715818, 0.0338645
0.518018, -0.00941312, 0.0320126
0.0317939, -0.491951, 0.0327394
0.00304969, -0.518777, 0.0308453
-0.000161993, -0.463893, 0.0327689
-0.00823074, -0.494892, 0.0314937
stamp: 1249000000
0.00412423, 0.000324219, 0.0371558
0.506211, -0.0343217, 0.0331585
0.477336, -0.00715385, 0.0338675
0.518016, -0.00941949, 0.0320152
0.0317845, -0.491953, 0.0327518
0.00305234, -0.518767, 0.0308455
-0.00016249, -0.463884, 0.0327781
-0.00822973, -0.494888, 0.031486
stamp: 1259000000
0.00413602, 0.000331179, 0.0371315
0.506199, -0.0343218, 0.0331543
0.477327, -0.00715525, 0.0338584
0.51801, -0.00941238, 0.0320102
0.0317834, -0.491965, 0.0327444
0.00305085, -0.518769, 0.030845
-0.000163191, -0.463885, 0.032775
-0.00823206, -0.494885, 0.031499
stamp: 1269000000
0.0041405, 0.000338685, 0.037133
0.506188, -0.0343466, 0.0331329
0.47733, -0.00716615, 0.0338695
0.518007, -0.00941672, 0.0320246
0.031787, -0.491954, 0.0327611
0.00304564, -0.518777, 0.0308472
-0.000161732, -0.463924, 0.0327264
-0.00822537, -0.494887, 0.031498
stamp: 1279000000
0.00413653, 0.000312512, 0.0371616
0.506195, -0.0343217, 0.0331558
0.477335, -0.00716097, 0.0338706
0.518009, -0.00940632, 0.032023
0.0317826, -0.491957, 0.0327465
0.00304543, -0.518775, 0.0308528
-0.000163277, -0.463925, 0.0327252
-0.00824112, -0.494882, 0.0314947
stamp: 1290000000
0.00412478, 0.000307349, 0.0371678
0.506192, -0.0343433, 0.0331271
0.477331, -0.00715843, 0.0338694
0.518021, -0.00940639, 0.0320233
0.0317864, -0.491953, 0.0327416
0.00305362, -0.518773, 0.0308482
-0.000167186, -0.463889, 0.0327647
-0.00823857, -0.494891, 0.0314916
stamp: 1299000000
0.00413455, 0.000329519, 0.0371436
0.506207, -0.0343229, 0.0331467
0.477335, -0.00716346, 0.0338695
0.518014, -0.0094136, 0.0320131
0.0317868, -0.49195, 0.0327488
0.00305102, -0.518772, 0.0308421
-0.000162558, -0.463884, 0.0327773
-0.00822751, -0.494893, 0.0315047
stamp: 1310000000
0.00414, 0.000319329, 0.0371622
0.50621, -0.0343224, 0.0331496
0.477327, -0.00716902, 0.0338729
0.518014, -0.00941725, 0.0320136
0.0317834, -0.491957, 0.0327454
0.00304591, -0.518771, 0.0308501
-0.000165927, -0.46393, 0.0327297
-0.00822791, -0.494899, 0.0314932
stamp: 1319000000
0.004133, 0.000314551, 0.0371641
0.506197, -0.0343402, 0.0331295
0.477326, -0.00715959, 0.0338743
0.518013, -0.0094205, 0.0320181
0.0317872, -0.491954, 0.0327494
0.0030507, -0.518781, 0.0308495
-0.000164615, -0.463887, 0.0327787
-0.00822796, -0.494888, 0.0314943
stamp: 1329000000
0.00412488, 0.000312355, 0.0371562
0.506196, -0.0343127, 0.0331577
0.477368, -0.007152, 0.0339184
0.518007, -0.00941999, 0.0320188
0.0317918, -0.491952, 0.0327477
0.00304502, -0.518774, 0.030843
-0.00016528, -0.463886, 0.032768
-0.00823545, -0.494887, 0.0314832
stamp: 1340000000
0.00412569, 0.000311816, 0.037154
0.506205, -0.0343183, 0.033157
0.477335, -0.00716525, 0.0338661
0.518011, -0.00941749, 0.0320105
0.0317874, -0.491953, 0.0327473
0.0030459, -0.518771, 0.0308403
-0.000169115, -0.46389, 0.032765
-0.0082351, -0.494883, 0.0314938
stamp: 1349000000
0.00412567, 0.000340669, 0.0371456
0.506188, -0.0343325, 0.0331323
0.477363, -0.00715456, 0.0339086
0.518016, -0.00941166, 0.0320186
0.0317865, -0.491951, 0.0327501
0.00304747, -0.518776, 0.0308431
-0.000163039, -0.463887, 0.032776
-0.00824356, -0.494885, 0.0314883
stamp: 1359000000
0.00413395, 0.000313499, 0.0371707
0.506193, -0.0343088, 0.0331437
0.477323, -0.00716218, 0.0338735
0.51802, -0.00941236, 0.03202
0.0317892, -0.49195, 0.0327456
0.00304119, -0.518779, 0.0308323
-0.000158849, -0.463879, 0.0327781
-0.00823111, -0.494887, 0.031502
stamp: 1369000000
0.00412389, 0.000310623, 0.0371588
0.506204, -0.0343163, 0.033146
0.477366, -0.00715896, 0.0339017
0.518018, -0.00942498, 0.0320198
0.0317875, -0.491949, 0.0327457
0.00304681, -0.518775, 0.0308301
-0.00016155, -0.463889, 0.0327748
-0.0082309, -0.494887, 0.031495
stamp: 1379000000
0.00413508, 0.000310142, 0.0371708
0.506207, -0.0343121, 0.0331573
0.477324, -0.00716056, 0.0338665
0.518015, -0.00941484, 0.0320219
0.0317872, -0.491953, 0.032747
0.00303981, -0.518768, 0.0308423
-0.000167701, -0.463892, 0.0327763
-0.00822954, -0.494886, 0.0314899
stamp: 1390000000
0.00411839, 0.000315346, 0.0371653
0.506212, -0.0343271, 0.0331546
0.477327, -0.0071568, 0.0338655
0.518018, -0.00941224, 0.0320148
0.0317893, -0.491957, 0.0327483
0.0030471, -0.518773, 0.0308301
-0.0001612, -0.463885, 0.0327696
-0.00823324, -0.494889, 0.0314855
stamp: 1399000000
0.00414067, 0.000332377, 0.0371345
0.506204, -0.0343145, 0.0331448
0.477369, -0.00714938, 0.0339079
0.518008, -0.00941116, 0.032018
0.0317815, -0.491949, 0.0327409
0.00303886, -0.518772, 0.0308378
-0.000163408, -0.463923, 0.0327295
-0.00824193, -0.494877, 0.0314792
stamp: 1409000000
0.00412571, 0.000320286, 0.0371607
0.506196, -0.0343446, 0.033126
0.477331, -0.00716586, 0.0338674
0.518012, -0.0094128, 0.0320184
0.0317921, -0.491953, 0.0327565
0.00304248, -0.518772, 0.0308429
-0.00016401, -0.463887, 0.0327813
-0.00823139, -0.494886, 0.0314971
stamp: 1419000000
0.00413167, 0.000331709, 0.037135
0.506194, -0.0343421, 0.0331335
0.477333, -0.00716104, 0.0338731
0.518015, -0.00940437, 0.0320232
0.0317862, -0.491949, 0.0327499
0.00304855, -0.518776, 0.0308393
-0.000165234, -0.463884, 0.0327758
-0.00822858, -0.49489, 0.0314972
stamp: 1430000000
0.00413897, 0.000322353, 0.0371581
0.506186, -0.0343418, 0.0331267
0.477323, -0.00715777, 0.0338646
0.518013, -0.00941383, 0.0320244
0.0317865, -0.491951, 0.0327299
0.00305006, -0.518775, 0.0308473
-0.000166252, -0.463884, 0.0327751
-0.00823958, -0.494888, 0.0314928
stamp: 1440000000
0.00412379, 0.000317906, 0.0371601
0.506204, -0.0343182, 0.0331505
0.477338, -0.00715675, 0.0338657
0.518017, -0.00940758, 0.0320209
0.0317843, -0.491952, 0.0327403
0.003046, -0.518773, 0.0308427
-0.000160925, -0.463884, 0.0327741
-0.00823448, -0.494891, 0.0314844
stamp: 1449000000
0.00413133, 0.000324337, 0.0371457
0.50619, -0.0343368, 0.0331255
0.477334, -0.00716406, 0.0338684
0.518013, -0.00942247, 0.0320152
0.0317821, -0.491957, 0.0327506
0.00304348, -0.518771, 0.0308428
-0.000157419, -0.46389, 0.0327665
-0.00822807, -0.494889, 0.0314905
stamp: 1460000000
0.00413615, 0.000314644, 0.0371674
0.506186, -0.0343382, 0.033128
0.477329, -0.00714654, 0.0338712
0.518009, -0.00941592, 0.0320159
0.0317893, -0.491951, 0.0327484
0.00304733, -0.518782, 0.0308457
-0.00016279, -0.463891, 0.0327784
-0.00823182, -0.494891, 0.0314939
stamp: 1470000000
0.00413302, 0.000314668, 0.0371551
0.506191, -0.034344, 0.0331277
0.477335, -0.00714998, 0.0338743
0.518012, -0.0094132, 0.032025
0.0317859, -0.491955, 0.0327462
0.00303952, -0.518777, 0.0308404
-0.000167006, -0.463893, 0.032775
-0.00823119, -0.494883, 0.0314948
stamp: 1479000000
0.00412636, 0.000314774, 0.0371727
0.506199, -0.0343217, 0.033139
0.477329, -0.00715628, 0.0338682
0.51801, -0.00941308, 0.0320152
0.031796, -0.491954, 0.0327545
0.00304672, -0.518773, 0.0308454
-0.000171978, -0.46389, 0.032777
-0.0082287, -0.494883, 0.0314961
stamp: 1490000000
0.00413411, 0.000324866, 0.0371349
0.506205, -0.0343208, 0.0331437
0.477367, -0.00715396, 0.0339037
0.518007, -0.00941371, 0.032022
0.0317855, -0.491953, 0.0327522
0.00304949, -0.518766, 0.0308414
-0.000161733, -0.463887, 0.0327737
-0.00822742, -0.494883, 0.0314988
stamp: 1499000000
0.0041357, 0.000319649, 0.0371634
0.506205, -0.0343164, 0.0331512
0.477333, -0.0071627, 0.0338763
0.518015, -0.00940898, 0.032015
0.0317847, -0.491958, 0.0327517
0.00304368, -0.518774, 0.0308355
-0.000165774, -0.463888, 0.0327651
-0.00822744, -0.494896, 0.0314889
stamp: 1509000000
0.00412888, 0.000314418, 0.0371625
0.506192, -0.0343437, 0.0331285
0.47733, -0.00716635, 0.0338648
0.518019, -0.00941755, 0.0320283
0.0317895, -0.491955, 0.0327373
0.00304854, -0.518772, 0.0308482
-0.000163036, -0.463887, 0.0327749
-0.00823538, -0.494891, 0.0314925
stamp: 1520000000
0.00412873, 0.000338949, 0.0371396
0.506196, -0.0343422, 0.0331344
0.477338, -0.0071619, 0.0338622
0.518019, -0.00941064, 0.03202
0.0317858, -0.491953, 0.0327417
0.00304961, -0.518772, 0.0308428
-0.000155332, -0.463931, 0.0327395
-0.00822303, -0.494888, 0.0314975
stamp: 1529000000
0.00412745, 0.000322199, 0.0371563
0.50619, -0.0343398, 0.0331303
0.47734, -0.00716402, 0.0338626
0.518011, -0.00941265, 0.0320239
0.0317867, -0.491953, 0.0327462
0.00304912, -0.518775, 0.0308479
-0.000162714, -0.463897, 0.0327907
-0.0082298, -0.494886, 0.0314897
stamp: 1540000000
0.00413288, 0.00031926, 0.0371669
0.506183, -0.0343333, 0.0331381
0.477329, -0.0071645, 0.0338674
0.518017, -0.00941778, 0.0320315
0.0317901, -0.491953, 0.0327607
0.00304122, -0.518778, 0.0308471
-0.000161415, -0.463936, 0.0327386
-0.00823328, -0.494892, 0.0314956
stamp: 1550000000
0.00413612, 0.000329035, 0.0371442
0.506201, -0.0343198, 0.0331528
0.477332, -0.00715494, 0.0338778
0.518013, -0.00941957, 0.0320189
0.031783, -0.491956, 0.0327481
0.00304805, -0.518772, 0.0308424
-0.00016087, -0.463888, 0.0327826
-0.00822449, -0.4949, 0.0315079
stamp: 1559000000
0.00412527, 0.000321866, 0.0371588
0.506198, -0.0343388, 0.0331287
0.477328, -0.0071541, 0.0338684
0.51801, -0.00941995, 0.0320264
0.0317875, -0.491956, 0.0327404
0.00305284, -0.518774, 0.0308491
-0.000162158, -0.463886, 0.0327704
-0.00823114, -0.494885, 0.0315013
stamp: 1569000000
0.00412841, 0.000333018, 0.0371287
0.506188, -0.0343401, 0.0331245
0.477366, -0.00715278, 0.0339006
0.518013, -0.00941301, 0.0320121
0.0317908, -0.491949, 0.0327455
0.00304797, -0.518775, 0.0308513
-0.000167475, -0.463896, 0.0327652
-0.00823306, -0.494893, 0.0314918
stamp: 1579000000
0.00413857, 0.000327039, 0.0371449
0.506205, -0.034316, 0.0331626
0.477328, -0.00715999, 0.0338728
0.518018, -0.00941282, 0.0320306
0.0317873, -0.491954, 0.0327453
0.00304925, -0.518769, 0.0308474
-0.0001597, -0.463888, 0.0327753
-0.00823606, -0.494887, 0.0314951
stamp: 1590000000
0.00413309, 0.000314242, 0.0371585
0.506191, -0.0343381, 0.0331317
0.477333, -0.0071559, 0.0338751
0.518008, -0.00941063, 0.0320148
0.0317802, -0.49195, 0.0327416
0.00305127, -0.518774, 0.0308336
-0.000167579, -0.463895, 0.0327688
-0.00823556, -0.49488, 0.0314881
stamp: 1600000000
0.00413177, 0.000314118, 0.0371637
0.506198, -0.034314, 0.033158
0.477324, -0.0071579, 0.0338618
0.518011, -0.0094176, 0.0320172
0.0317836, -0.491947, 0.0327413
0.00304373, -0.518778, 0.0308244
-0.000173494, -0.463883, 0.0327603
-0.00823949, -0.494882, 0.0314786
stamp: 1609000000
0.0041201, 0.000317563, 0.0371675
0.506207, -0.0343212, 0.0331551
0.477328, -0.00715797, 0.0338654
0.518006, -0.00940939, 0.0320152
0.0317817, -0.491955, 0.0327397
0.00304344, -0.518773, 0.0308433
-0.000158734, -0.46388, 0.0327832
-0.0082255, -0.494881, 0.0314966
stamp: 1619000000
0.00413185, 0.000318806, 0.0371647
0.506199, -0.0343185, 0.0331437
0.477329, -0.00716135, 0.0338573
0.518016, -0.00941656, 0.0320167
0.0317807, -0.491956, 0.0327454
0.00304665, -0.518779, 0.0308442
-0.000159043, -0.463886, 0.032779
-0.00822283, -0.494885, 0.0314994
stamp: 1630000000
0.004134, 0.000314369, 0.0371646
0.506195, -0.0343434, 0.0331303
0.477368, -0.00715967, 0.0339114
0.518011, -0.00941146, 0.0320097
0.0317882, -0.491962, 0.0327441
0.00304279, -0.518779, 0.030846
-0.000157911, -0.463892, 0.0327741
-0.00822958, -0.49488, 0.0314854
stamp: 1640000000
0.00412846, 0.000315956, 0.0371631
0.506209, -0.0343335, 0.0331447
0.477323, -0.00715697, 0.0338746
0.518019, -0.00941907, 0.0320215
0.0317831, -0.49195, 0.0327451
0.00305221, -0.518771, 0.0308429
-0.000164232, -0.46393, 0.0327282
-0.00823521, -0.494889, 0.0314861
stamp: 1649000000
0.00412724, 0.000320412, 0.0371614
0.506192, -0.0343426, 0.0331199
0.47733, -0.00715868, 0.0338654
0.518021, -0.00940379, 0.0320129
0.0317869, -0.491948, 0.032741
0.00304747, -0.518783, 0.0308445
-0.000167651, -0.46389, 0.032771
-0.00822917, -0.494886, 0.0314956
stamp: 1660000000
0.00412841, 0.000314962, 0.0371647
0.506191, -0.0343414, 0.0331255
0.477332, -0.00715155, 0.0338662
0.518015, -0.00941605, 0.0320283
0.0317941, -0.491948, 0.0327414
0.0030494, -0.518769, 0.0308519
-0.000167463, -0.46393, 0.0327247
-0.00822882, -0.49489, 0.0315066
stamp: 1669000000
0.00413335, 0.000314489, 0.0371618
0.506188, -0.0343369, 0.0331136
0.477329, -0.00715976, 0.0338643
0.518012, -0.00941773, 0.0320188
0.0317819, -0.491949, 0.0327383
0.00304052, -0.51878, 0.0308329
-0.000159455, -0.463887, 0.0327748
-0.00823599, -0.49489, 0.0314857
stamp: 1679000000
0.00413181, 0.000321549, 0.0371585
0.506202, -0.0343203, 0.0331544
0.477328, -0.00715867, 0.0338642
0.518019, -0.00941466, 0.0320176
0.0317852, -0.491947, 0.0327439
0.00304674, -0.51877, 0.0308351
-0.000155731, -0.46393, 0.0327197
-0.00823586, -0.494884, 0.0314842
stamp: 1690000000
0.00412823, 0.000314257, 0.0371503
0.506201, -0.0343425, 0.0331231
0.477371, -0.0071586, 0.0339203
0.518008, -0.00941653, 0.0320086
0.0317888, -0.491949, 0.0327435
0.0030518, -0.518778, 0.0308442
-0.000162613, -0.463933, 0.0327261
-0.0082344, -0.494889, 0.0315033
stamp: 1699000000
0.00412168, 0.000312782, 0.0371698
0.506211, -0.0343217, 0.0331593
0.477326, -0.00716645, 0.0338674
0.518019, -0.00941236, 0.032011
0.031786, -0.491956, 0.0327399
0.00304663, -0.51878, 0.0308314
-0.000164749, -0.463928, 0.0327215
-0.00822926, -0.494886, 0.0314792
stamp: 1709000000
0.00413286, 0.000302374, 0.0371594
0.506208, -0.0343274, 0.0331505
0.477362, -0.00715403, 0.0339134
0.518018, -0.00941818, 0.0320245
0.0317879, -0.49195, 0.0327353
0.00304523, -0.518779, 0.0308463
-0.000166597, -0.463924, 0.0327302
-0.00823356, -0.494885, 0.0314858
stamp: 1720000000
0.00412933, 0.000320333, 0.0371714
0.506197, -0.0343484, 0.0331397
0.477334, -0.00716624, 0.0338637
0.51801, -0.00941343, 0.0320208
0.0317875, -0.491944, 0.0327451
0.00304647, -0.518777, 0.0308493
-0.00016492, -0.463891, 0.0327825
-0.00822873, -0.494885, 0.0314887
stamp: 1730000000
0.0041373, 0.000313077, 0.0371589
0.506193, -0.0343328, 0.033126
0.477366, -0.0071465, 0.0339143
0.518017, -0.00942014, 0.032024
0.0317873, -0.491952, 0.0327342
0.00304179, -0.51878, 0.0308392
-0.000165446, -0.463932, 0.0327343
-0.00825069, -0.494894, 0.0315389
stamp: 1740000000
0.00413775, 0.000329038, 0.0371471
0.50619, -0.0343359, 0.0331357
0.477327, -0.00715389, 0.0338601
0.518013, -0.00941023, 0.0320203
0.0317922, -0.491959, 0.0327539
0.00305335, -0.518771, 0.0308492
-0.000168951, -0.463892, 0.0327673
-0.00824333, -0.494899, 0.031527
stamp: 1750000000
0.0041353, 0.000308014, 0.0371619
0.506192, -0.0343537, 0.0331229
0.477374, -0.00715686, 0.0339131
0.518012, -0.00940917, 0.0320177
0.0317883, -0.491954, 0.0327478
0.00305202, -0.518775, 0.0308347
-0.00015662, -0.463886, 0.0327834
-0.00822674, -0.494886, 0.0314884
stamp: 1759000000
0.00412649, 0.000324096, 0.0371389
0.506202, -0.0343111, 0.0331433
0.477367, -0.00715735, 0.0339069
0.518011, -0.00940637, 0.0320197
0.0317888, -0.491944, 0.0327426
0.00305519, -0.518777, 0.0308456
-0.000163001, -0.463887, 0.0327656
-0.00823634, -0.494888, 0.0314916
stamp: 1770000000
0.00413579, 0.000331501, 0.0371367
0.506212, -0.0343225, 0.0331659
0.477337, -0.00716178, 0.0338702
0.518021, -0.00942137, 0.032004
0.0317855, -0.491956, 0.0327523
0.00304585, -0.51878, 0.03085
-0.000162844, -0.46389, 0.0327612
-0.0082289, -0.494884, 0.0314884
stamp: 1779000000
0.00412497, 0.000314827, 0.0371547
0.506207, -0.0343257, 0.0331407
0.477372, -0.00716239, 0.0339076
0.518017, -0.00941127, 0.0320112
0.031793, -0.491946, 0.0327381
0.00304882, -0.518772, 0.0308407
-0.000167574, -0.463885, 0.0327651
-0.00823845, -0.49489, 0.0314862
stamp: 1789000000
0.0041363, 0.000325387, 0.0371464
0.506197, -0.0343426, 0.0331214
0.47733, -0.00716667, 0.0338739
0.518011, -0.00941422, 0.0320082
0.0317855, -0.491951, 0.0327475
0.00304732, -0.518769, 0.0308353
-0.000177224, -0.463885, 0.0327698
-0.00823065, -0.494886, 0.0314977
stamp: 1800000000
0.00413361, 0.000319269, 0.0371726
0.506182, -0.0343435, 0.0331345
0.477324, -0.00716065, 0.0338682
0.51802, -0.00941813, 0.0320228
0.031793, -0.491953, 0.0327527
0.00304466, -0.518774, 0.0308464
-0.000168652, -0.463888, 0.0327743
-0.00824534, -0.494902, 0.0315422
stamp: 1809000000
0.00412549, 0.000308517, 0.0371565
0.506181, -0.0343401, 0.0331305
0.477372, -0.00715033, 0.0339091
0.518015, -0.00940771, 0.0320331
0.0317859, -0.491942, 0.0327451
0.00304696, -0.518778, 0.0308447
-0.000169644, -0.463929, 0.0327206
-0.00823519, -0.494885, 0.0314865
stamp: 1819000000
0.0041346, 0.000310622, 0.0371694
0.506203, -0.0343141, 0.0331585
0.477325, -0.00716053, 0.0338696
0.518016, -0.00941956, 0.0320183
0.0317926, -0.491947, 0.0327533
0.00305092, -0.518777, 0.0308569
-0.000164973, -0.46389, 0.0327693
-0.00823336, -0.494882, 0.0315043
stamp: 1830000000
0.00413872, 0.000313788, 0.0371661
0.506197, -0.0343352, 0.0331336
0.477367, -0.0071534, 0.0339015
0.51802, -0.00941654, 0.0320103
0.0317884, -0.491957, 0.0327504
0.00304744, -0.518775, 0.0308358
-0.000166681, -0.463882, 0.0327675
-0.00822904, -0.494881, 0.0315022
stamp: 1840000000
0.00412376, 0.000316118, 0.0371623
0.506187, -0.0343436, 0.0331217
0.477369, -0.00716198, 0.0339039
0.518018, -0.00941359, 0.03202
0.0317794, -0.491957, 0.0327533
0.00304403, -0.518765, 0.0308433
-0.000164906, -0.463892, 0.0327649
-0.00823631, -0.494885, 0.0314951
stamp: 1849000000
0.00413284, 0.000320524, 0.0371559
0.506188, -0.0343511, 0.0331306
0.477326, -0.00716587, 0.0338637
0.51802, -0.00941795, 0.0320205
0.031787, -0.491952, 0.032753
0.00304719, -0.518769, 0.0308443
-0.000163908, -0.463885, 0.0327783
-0.00823188, -0.494884, 0.0314814
stamp: 1860000000
0.00413586, 0.000315589, 0.0371595
0.50619, -0.0343391, 0.0331201
0.47737, -0.00715176, 0.0338998
0.51802, -0.0094143, 0.0320155
0.0317882, -0.491961, 0.0327434
0.00304684, -0.518773, 0.0308477
-0.000164486, -0.46389, 0.0327853
-0.00822851, -0.494887, 0.0314905
stamp: 1869000000
0.00413716, 0.000331235, 0.0371405
0.506186, -0.0343357, 0.0331316
0.477328, -0.00716049, 0.0338787
0.518018, -0.00941729, 0.0320168
0.031791, -0.491946, 0.0327466
0.0030471, -0.518773, 0.0308393
-0.000169268, -0.463886, 0.0327709
-0.00823262, -0.49489, 0.0314946
stamp: 1879000000
0.00413074, 0.00031461, 0.0371571
0.506199, -0.0343223, 0.0331573
0.477363, -0.00716074, 0.0339108
0.518019, -0.00941043, 0.0320143
0.0317887, -0.491949, 0.0327501
0.00304249, -0.518772, 0.0308301
-0.000161251, -0.463889, 0.0327789
-0.00823318, -0.494881, 0.0314787
stamp: 1890000000
0.00412851, 0.000316626, 0.037163
0.506195, -0.0343494, 0.0331217
0.477376, -0.00714844, 0.0339119
0.518014, -0.00941057, 0.0320236
0.0317923, -0.491953, 0.0327418
0.00304425, -0.518781, 0.0308262
-0.000159915, -0.463935, 0.0327227
-0.00823308, -0.494882, 0.0315026
stamp: 1899000000
0.00413018, 0.000312079, 0.0371597
0.50621, -0.0343307, 0.0331547
0.477338, -0.00716851, 0.0338691
0.518011, -0.0094146, 0.0320188
0.0317904, -0.491957, 0.0327433
0.00305171, -0.518767, 0.0308447
-0.000162883, -0.463891, 0.0327736
-0.00822239, -0.494891, 0.0315031
stamp: 1909000000
0.00412557, 0.000310198, 0.0371591
0.506194, -0.0343446, 0.0331311
0.477376, -0.00716521, 0.0339111
0.518014, -0.00941379, 0.0320206
0.0317916, -0.49195, 0.0327591
0.00305207, -0.518775, 0.0308467
-0.000156902, -0.463887, 0.0327705
-0.00822979, -0.494891, 0.0314935
stamp: 1920000000
0.00412973, 0.000310049, 0.0371588
0.506198, -0.0343227, 0.0331518
0.477335, -0.00716509, 0.033871
0.518017, -0.00942168, 0.0320099
0.0317946, -0.491955, 0.0327559
0.00304826, -0.51877, 0.0308404
-0.000161437, -0.463886, 0.0327751
-0.0082287, -0.494892, 0.0314965
stamp: 1929000000
0.00413395, 0.000304623, 0.0371586
0.506188, -0.0343434, 0.0331222
0.47733, -0.00716086, 0.0338672
0.518015, -0.00942111, 0.0320238
0.0317888, -0.491959, 0.0327574
0.00304593, -0.518769, 0.0308392
-0.000161951, -0.463891, 0.0327766
-0.00822152, -0.49489, 0.0315032
stamp: 1940000000
0.00413597, 0.000308359, 0.037171
0.506208, -0.034329, 0.0331562
0.477329, -0.00715901, 0.0338674
0.518015, -0.00941896, 0.0320123
0.0317873, -0.491953, 0.0327601
0.0030503, -0.518778, 0.0308421
-0.000170644, -0.46389, 0.0327712
-0.00822438, -0.494891, 0.0314965
stamp: 1949000000
0.00413988, 0.000335798, 0.0371314
0.506194, -0.0343426, 0.0331246
0.477333, -0.0071538, 0.033862
0.518013, -0.00941538, 0.0320222
0.031793, -0.491956, 0.032752
0.00304671, -0.518776, 0.0308481
-0.000160201, -0.463891, 0.0327825
-0.00823271, -0.494879, 0.0314913
stamp: 1959000000
0.00413268, 0.000325882, 0.0371695
0.506181, -0.034348, 0.0331153
0.477326, -0.00716237, 0.0338781
0.51801, -0.00941852, 0.032022
0.0317929, -0.491958, 0.0327466
0.00304707, -0.518769, 0.0308423
-0.000157179, -0.463885, 0.0327737
-0.00823176, -0.494882, 0.0315048
stamp: 1970000000
0.00412446, 0.000301409, 0.0371607
0.506197, -0.0343518, 0.0331358
0.477375, -0.00716276, 0.0339065
0.518019, -0.00942086, 0.0320163
0.0317894, -0.491953, 0.0327564
0.00304937, -0.518772, 0.0308532
-0.000167306, -0.463886, 0.0327537
-0.00824882, -0.494894, 0.031546
stamp: 1979000000
0.00412967, 0.00032346, 0.0371535
0.506205, -0.034345, 0.0331261
0.477335, -0.00716104, 0.0338593
0.518012, -0.00941745, 0.0320203
0.0317906, -0.491952, 0.032751
0.00305277, -0.51877, 0.0308411
-0.000167206, -0.463886, 0.0327651
-0.00822839, -0.494882, 0.0314993
stamp: 1990000000
0.004136, 0.000317977, 0.0371636
0.506208, -0.0343137, 0.0331536
0.477365, -0.00715676, 0.0339069
0.518009, -0.00941014, 0.0320241
0.0317898, -0.491952, 0.0327544
0.00304886, -0.518772, 0.0308569
-0.000164295, -0.463885, 0.032766
-0.00822576, -0.494886, 0.0314998
stamp: 2000000000
0.00413598, 0.000318496, 0.0371617
0.506206, -0.0343182, 0.0331611
0.477334, -0.00715872, 0.0338648
0.518014, -0.00941516, 0.0320119
0.0317914, -0.491948, 0.0327513
0.0030468, -0.518777, 0.0308445
-0.000160583, -0.463883, 0.0327693
-0.00823612, -0.494884, 0.0314956
stamp: 2009000000
0.00413589, 0.000322538, 0.0371635
0.506202, -0.0343236, 0.0331416
0.477366, -0.00713237, 0.033902
0.518009, -0.00941432, 0.0320197
0.0317876, -0.491948, 0.0327389
0.00305022, -0.518772, 0.0308489
-0.000158487, -0.463923, 0.0327315
-0.00823602, -0.494881, 0.0314882
stamp: 2019000000
0.00414865, 0.000314438, 0.0371679
0.506194, -0.034343, 0.033131
0.477371, -0.00715254, 0.0339098
0.518014, -0.0094163, 0.0320277
0.0317871, -0.491944, 0.0327444
0.00304629, -0.518762, 0.0308447
-0.000164133, -0.463883, 0.0327757
-0.00823515, -0.494875, 0.0314891
stamp: 2030000000
0.00414133, 0.000334322, 0.0371376
0.506198, -0.0343356, 0.0331222
0.477335, -0.00715788, 0.0338667
0.518015, -0.00941727, 0.0320222
0.031787, -0.491942, 0.0327369
0.00304683, -0.518765, 0.0308444
-0.000166244, -0.463881, 0.0327752
-0.00822667, -0.494881, 0.0315034
stamp: 2040000000
0.00413043, 0.000325377, 0.0371479
0.506192, -0.0343343, 0.0331246
0.477332, -0.00715811, 0.0338763
0.518024, -0.00941746, 0.032025
0.031792, -0.491943, 0.032749
0.00305983, -0.518771, 0.030854
-0.000163403, -0.463883, 0.0327901
-0.00821759, -0.494879, 0.0315025
stamp: 2049000000
0.00412975, 0.000313802, 0.0371624
0.506197, -0.0343211, 0.0331544
0.477335, -0.00715746, 0.0338617
0.518022, -0.00940652, 0.0320192
0.0317886, -0.491956, 0.0327522
0.00304352, -0.518773, 0.0308365
-0.000162281, -0.463886, 0.0327809
-0.00822897, -0.49489, 0.0314872
stamp: 2060000000
0.00413132, 0.000325165, 0.037161
0.506188, -0.0343452, 0.0331207
0.477336, -0.00715744, 0.0338769
0.51801, -0.0094198, 0.0320108
0.0317887, -0.491951, 0.0327562
0.00305095, -0.518767, 0.0308493
-0.000156339, -0.463892, 0.0327778
-0.00822579, -0.494892, 0.0315145
stamp: 2069000000
0.00412628, 0.000322252, 0.0371301
0.506198, -0.0343167, 0.033153
0.477371, -0.00715107, 0.0339028
0.518015, -0.009416, 0.0320137
0.0317855, -0.491957, 0.0327518
0.00304742, -0.518771, 0.0308547
-0.000162686, -0.46389, 0.032781
-0.008246, -0.494903, 0.0315399
stamp: 2079000000
0.00413155, 0.000312308, 0.0371583
0.506207, -0.0343095, 0.0331485
0.477372, -0.00715331, 0.0339091
0.518021, -0.00941197, 0.0320124
0.0317915, -0.491952, 0.032751
0.00305114, -0.518772, 0.0308434
-0.000147316, -0.463892, 0.0327932
-0.00824709, -0.494907, 0.0315598
stamp: 2090000000
0.00413009, 0.00032359, 0.0371619
0.506193, -0.034341, 0.0331293
0.47737, -0.0071571, 0.0339106
0.51801, -0.00942375, 0.0320149
0.0317933, -0.491952, 0.0327522
0.00304998, -0.518768, 0.0308529
-0.000155402, -0.463888, 0.032795
-0.00822983, -0.494888, 0.031504
stamp: 2099000000
0.00412891, 0.000316186, 0.0371551
0.506193, -0.0343473, 0.0331241
0.477365, -0.00715496, 0.0339144
0.518005, -0.00941434, 0.0320217
0.031797, -0.491943, 0.0327549
0.00305111, -0.518771, 0.0308448
-0.000159779, -0.463884, 0.0327856
-0.00822838, -0.494892, 0.0314998
stamp: 2109000000
0.0041304, 0.000317853, 0.0371653
0.506204, -0.0343231, 0.033166
0.477373, -0.00714941, 0.0339113
0.518011, -0.00941734, 0.0320178
0.0317873, -0.491945, 0.0327401
0.00305754, -0.518773, 0.0308729
-0.000155772, -0.463927, 0.0327465
-0.00822822, -0.494888, 0.0314894
stamp: 2119000000
0.00413877, 0.000325938, 0.0371641
0.5062, -0.0343449, 0.0331243
0.477333, -0.00714996, 0.0338738
0.518024, -0.00941568, 0.0320179
0.031789, -0.49194, 0.0327425
0.00305295, -0.518767, 0.0308429
-0.000162422, -0.463894, 0.0327881
-0.00822444, -0.494891, 0.0315063
stamp: 2129000000
0.00414912, 0.000339558, 0.0371488
0.50621, -0.0343266, 0.0331442
0.477327, -0.00715418, 0.0338802
0.518008, -0.00941716, 0.0320124
0.0317866, -0.491951, 0.0327497
0.00305432, -0.51877, 0.0308455
-0.000162884, -0.463883, 0.0327907
-0.00822807, -0.494887, 0.031509
stamp: 2140000000
0.00413429, 0.000316481, 0.0371613
0.506205, -0.0343207, 0.0331539
0.47737, -0.00715703, 0.0339061
0.518017, -0.00940996, 0.0320126
0.031794, -0.491946, 0.0327488
0.00305269, -0.51877, 0.0308508
-0.000154735, -0.463883, 0.0327791
-0.00823082, -0.494883, 0.0315003
stamp: 2149000000
0.00412829, 0.000322132, 0.0371697
0.506193, -0.0343426, 0.0331332
0.477339, -0.00716576, 0.0338716
0.518012, -0.00941619, 0.0320127
0.0317903, -0.491951, 0.0327511
0.0030485, -0.518767, 0.0308494
-0.000162791, -0.463885, 0.0327863
-0.00822518, -0.494885, 0.0315088
stamp: 2159000000
0.00413858, 0.000336505, 0.0371486
0.5062, -0.0343123, 0.0331505
0.477322, -0.00715769, 0.0338735
0.518013, -0.00941201, 0.032008
0.0317878, -0.491951, 0.0327518
0.00305207, -0.518775, 0.0308491
-0.000160893, -0.46389, 0.0327814
-0.00823399, -0.494883, 0.0314966
stamp: 2170000000
0.00414406, 0.000316626, 0.0371697
0.506213, -0.0343175, 0.0331448
0.477331, -0.00715591, 0.0338713
0.518018, -0.00941224, 0.032016
0.0317918, -0.491947, 0.0327489
0.00304861, -0.518771, 0.030851
-0.000157337, -0.463928, 0.0327412
-0.00822628, -0.494886, 0.0314996
stamp: 2179000000
0.00413552, 0.000342193, 0.0371466
0.50621, -0.0343111, 0.0331555
0.477333, -0.00715288, 0.0338771
0.518016, -0.00941114, 0.0320158
0.0317847, -0.491944, 0.0327399
0.00305322, -0.518766, 0.0308534
-0.000154966, -0.463887, 0.0327932
-0.00822067, -0.494884, 0.0315089
stamp: 2190000000
0.00413821, 0.000328003, 0.0371363
0.506212, -0.0343261, 0.0331537
0.477371, -0.00714892, 0.0339129
0.51802, -0.00941089, 0.0320071
0.0317861, -0.491951, 0.0327457
0.00304167, -0.518776, 0.0308493
-0.000160288, -0.46389, 0.0327908
-0.00822216, -0.494883, 0.0315076
stamp: 2200000000
0.00413478, 0.000321819, 0.0371647
0.506191, -0.0343401, 0.0331257
0.477331, -0.007167, 0.0338663
0.518017, -0.00940673, 0.0320164
0.0317943, -0.491941, 0.0327588
0.00304829, -0.518764, 0.03084
-0.000155539, -0.463886, 0.0327817
-0.00822661, -0.494892, 0.0315052
stamp: 2209000000
0.00413461, 0.000337218, 0.037142
0.506184, -0.0343455, 0.0331214
0.47737, -0.00715416, 0.033914
0.518007, -0.00940725, 0.0320197
0.0317902, -0.491949, 0.0327503
0.00304949, -0.518765, 0.0308437
-0.000152643, -0.463885, 0.0327959
-0.00822305, -0.494883, 0.0314977
stamp: 2219000000
0.00413966, 0.00033337, 0.0371453
0.506204, -0.0343168, 0.0331361
0.47733, -0.00715298, 0.0338769
0.518016, -0.00941447, 0.0320145
0.0317892, -0.491946, 0.0327435
0.00305309, -0.518767, 0.0308476
-0.000161951, -0.46388, 0.0327775
-0.0082287, -0.494884, 0.0314949
stamp: 2230000000
0.00413215, 0.000321968, 0.0371644
0.506193, -0.0343458, 0.0331273
0.477376, -0.007152, 0.0339247
0.518013, -0.00941598, 0.0320188
0.0317987, -0.491945, 0.0327529
0.00305008, -0.518776, 0.0308506
-0.000162073, -0.463886, 0.0327689
-0.0082277, -0.494884, 0.0314967
stamp: 2240000000
0.00413366, 0.000308587, 0.0371738
0.506199, -0.0343181, 0.0331566
0.477366, -0.00716029, 0.0339123
0.518017, -0.00941129, 0.0320256
0.031787, -0.491951, 0.0327445
0.00304515, -0.518766, 0.0308417
-0.000160368, -0.463883, 0.0327855
-0.00822338, -0.494889, 0.0315031
stamp: 2249000000
0.00412828, 0.000317412, 0.0371766
0.506204, -0.0343113, 0.0331509
0.477365, -0.00715225, 0.0339091
0.518012, -0.00941249, 0.0320175
0.0317886, -0.491951, 0.0327442
0.00305322, -0.518771, 0.0308574
-0.000165506, -0.463894, 0.0327683
-0.0082298, -0.494886, 0.0314966
stamp: 2260000000
0.00414428, 0.000331548, 0.0371437
0.506205, -0.0343178, 0.0331389
0.47733, -0.00716003, 0.0338801
0.518011, -0.00941091, 0.032024
0.0317906, -0.491946, 0.0327511
0.00305403, -0.518773, 0.0308642
-0.000158054, -0.46389, 0.0327814
-0.0082315, -0.494886, 0.031511
stamp: 2269000000
0.00413045, 0.000317831, 0.0371586
0.506187, -0.0343328, 0.0331214
0.477325, -0.00715568, 0.0338768
0.518015, -0.00941849, 0.0320204
0.0317955, -0.491942, 0.0327424
0.00305483, -0.518775, 0.0308485
-0.000161716, -0.46388, 0.0327836
-0.00823265, -0.494876, 0.0314781
stamp: 2279000000
0.00413567, 0.000314022, 0.0371758
0.506199, -0.0343145, 0.0331554
0.477332, -0.00715365, 0.0338728
0.518015, -0.0094096, 0.032027
0.0317885, -0.491947, 0.0327463
0.0030445, -0.518769, 0.0308409
-0.000165305, -0.463889, 0.0327725
-0.00822472, -0.494888, 0.0315069
stamp: 2290000000
0.00413239, 0.000319917, 0.037166
0.5062, -0.0343198, 0.0331529
0.477368, -0.00715284, 0.0339131
0.518018, -0.0094135, 0.0320169
0.0317958, -0.491947, 0.0327455
0.00304754, -0.518773, 0.0308485
-0.000151755, -0.46387, 0.0327808
-0.0082226, -0.494894, 0.031504
stamp: 2300000000
0.00413839, 0.000334115, 0.0371401
0.5062, -0.0343278, 0.0331541
0.477339, -0.00714611, 0.0338686
0.518023, -0.00941746, 0.0320264
0.0317862, -0.491947, 0.0327311
0.00303945, -0.518767, 0.0308419
-0.00015824, -0.463891, 0.0327682
-0.00822251, -0.494885, 0.0314897
stamp: 2309000000
0.00413479, 0.000338831, 0.0371377
0.506205, -0.0343109, 0.0331606
0.47737, -0.0071387, 0.033907
0.518019, -0.00941466, 0.0320041
0.0317915, -0.491958, 0.0327425
0.00305211, -0.518777, 0.0308441
-0.000162159, -0.463889, 0.032781
-0.00822667, -0.494889, 0.0314994
stamp: 2319000000
0.00413058, 0.00032243, 0.037166
0.506191, -0.0343403, 0.0331238
0.477364, -0.00715878, 0.0339116
0.518018, -0.00941186, 0.0320081
0.0317927, -0.491947, 0.0327498
0.00304642, -0.518774, 0.030848
-0.000155867, -0.463893, 0.0327828
-0.00821744, -0.494891, 0.031504
stamp: 2329000000
0.00414457, 0.000315026, 0.0371737
0.506195, -0.0343421, 0.0331236
0.477333, -0.00716175, 0.0338814
0.518014, -0.00942416, 0.032018
0.0317947, -0.491954, 0.0327488
0.00305046, -0.51877, 0.0308425
-0.000156773, -0.463887, 0.0327764
-0.00822598, -0.494885, 0.0314991
stamp: 2340000000
0.00412961, 0.000318992, 0.0371587
0.50621, -0.0343222, 0.0331417
0.47738, -0.00714949, 0.0339014
0.518016, -0.00941746, 0.0320055
0.031797, -0.491945, 0.0327457
0.00305231, -0.518777, 0.0308305
-0.000165788, -0.463888, 0.0327789
-0.00822914, -0.494882, 0.0315124
stamp: 2349000000
0.00413122, 0.000316479, 0.0371591
0.506208, -0.0343216, 0.0331427
0.477376, -0.00716271, 0.0339083
0.518011, -0.00941361, 0.0320222
0.0317833, -0.491954, 0.0327464
0.00304816, -0.518775, 0.0308494
-0.000163861, -0.463891, 0.0327718
-0.00823008, -0.494882, 0.0314947
stamp: 2359000000
0.00413947, 0.00033662, 0.0371415
0.50619, -0.0343406, 0.0331316
0.477375, -0.00716342, 0.0339121
0.518016, -0.00940891, 0.0320159
0.0317872, -0.491948, 0.0327453
0.00304614, -0.518769, 0.0308385
-0.000164008, -0.463888, 0.0327728
-0.00821784, -0.494888, 0.0314951
stamp: 2369000000
0.00414383, 0.000319743, 0.0371658
0.506197, -0.0343165, 0.0331509
0.477373, -0.00716306, 0.0339133
0.518018, -0.00942002, 0.0320164
0.0317862, -0.491943, 0.0327385
0.00304455, -0.518765, 0.0308502
-0.000156652, -0.463893, 0.03278
-0.00822489, -0.494888, 0.031486
stamp: 2379000000
0.00413566, 0.000335037, 0.0371469
0.506189, -0.0343334, 0.0331506
0.47737, -0.00715559, 0.0339172
0.518012, -0.00941986, 0.0320168
0.0317864, -0.491957, 0.0327341
0.00304586, -0.518777, 0.0308466
-0.000159069, -0.463889, 0.0327765
-0.00823884, -0.494898, 0.0315523
stamp: 2390000000
0.00414072, 0.000330406, 0.0371269
0.506197, -0.0343383, 0.0331328
0.477327, -0.00715239, 0.0338581
0.518016, -0.00941326, 0.0320183
0.0317891, -0.491943, 0.0327594
0.00305165, -0.518768, 0.0308534
-0.000162818, -0.463883, 0.0327809
-0.00823489, -0.494888, 0.0315333
stamp: 2399000000
0.00413293, 0.000319618, 0.0371723
0.506197, -0.0343161, 0.033149
0.477369, -0.0071474, 0.0339094
0.518021, -0.00941472, 0.0320213
0.0317892, -0.491948, 0.0327505
0.00304537, -0.518768, 0.0308378
-0.000164072, -0.463924, 0.0327232
-0.00822984, -0.494885, 0.0314985
stamp: 2409000000
0.00414095, 0.000335235, 0.0371476
0.506203, -0.0343166, 0.0331599
0.477372, -0.00715086, 0.0339111
0.518011, -0.00942123, 0.0320245
0.0317846, -0.49195, 0.0327355
0.003052, -0.518765, 0.0308368
-0.000161616, -0.46389, 0.032773
-0.00823001, -0.49489, 0.0314938
stamp: 2419000000
0.00413786, 0.000316407, 0.0371709
0.506207, -0.0343166, 0.0331444
0.477373, -0.00716131, 0.0339109
0.518021, -0.00941009, 0.0320118
0.0317822, -0.491951, 0.0327516
0.0030508, -0.51877, 0.0308497
-0.000162727, -0.463886, 0.0327781
-0.00821943, -0.494889, 0.0314961
stamp: 2429000000
0.00412887, 0.000313907, 0.0371596
0.506211, -0.034316, 0.0331414
0.477387, -0.00715254, 0.033911
0.518015, -0.00941598, 0.0320228
0.031788, -0.49195, 0.032752
0.00305133, -0.518776, 0.0308507
-0.000168854, -0.463886, 0.0327766
-0.00823826, -0.494881, 0.0314952
stamp: 2440000000
0.00412821, 0.000312627, 0.0371684
0.5062, -0.0343439, 0.0331275
0.477342, -0.00715606, 0.0338776
0.518017, -0.00940983, 0.0320323
0.0317913, -0.491946, 0.0327381
0.00304541, -0.518778, 0.0308518
-0.000165892, -0.463924, 0.0327279
-0.00822979, -0.494886, 0.0314964
stamp: 2449000000
0.00413432, 0.000313858, 0.037169
0.506189, -0.0343397, 0.0331369
0.477375, -0.00715709, 0.0339052
0.518015, -0.00940804, 0.0320183
0.0317942, -0.491947, 0.0327505
0.00304726, -0.51877, 0.0308417
-0.000165046, -0.463883, 0.0327686
-0.00822424, -0.494881, 0.0315022
stamp: 2459000000
0.00413432, 0.000335402, 0.0371341
0.506227, -0.0342942, 0.0330093
0.477335, -0.00716086, 0.0338792
0.518013, -0.00941223, 0.032017
0.0317918, -0.491947, 0.0327421
0.00305728, -0.51877, 0.0308535
-0.00016335, -0.463893, 0.0327662
-0.00822449, -0.494881, 0.0314868
stamp: 2469000000
0.00413737, 0.000333306, 0.0371333
0.506195, -0.0343331, 0.0331238
0.47737, -0.00715425, 0.0339138
0.518012, -0.00941546, 0.0320257
0.031793, -0.491951, 0.0327476
0.0030478, -0.518784, 0.0308488
-0.000160253, -0.46389, 0.0327809
-0.00822893, -0.494884, 0.0315026
stamp: 2479000000
0.00414629, 0.000333638, 0.037144
0.506208, -0.0343196, 0.0331439
0.47737, -0.00715652, 0.0339151
0.518022, -0.00941311, 0.032014
0.0317923, -0.491952, 0.0327464
0.0030507, -0.518775, 0.0308472
-0.000164637, -0.463889, 0.0327786
-0.0082265, -0.494884, 0.0315009
stamp: 2490000000
0.00413826, 0.000318765, 0.0371624
0.506193, -0.034344, 0.0331308
0.477333, -0.00715781, 0.0338676
0.518022, -0.00941069, 0.0320228
0.0317934, -0.49195, 0.0327469
0.00304323, -0.518775, 0.0308433
-0.000159948, -0.463884, 0.0327744
-0.00824217, -0.494904, 0.0315409
stamp: 2499000000
0.0041289, 0.00031636, 0.0371655
0.506199, -0.0343223, 0.0331474
0.47733, -0.0071468, 0.0338693
0.518022, -0.00940865, 0.0320252
0.0317935, -0.491947, 0.0327376
0.00304633, -0.518772, 0.0308532
-0.000155216, -0.463921, 0.0327347
-0.00823342, -0.494879, 0.0314974
stamp: 2510000000
0.00412969, 0.000313642, 0.0371557
0.506211, -0.034322, 0.0331484
0.477371, -0.0071525, 0.0339101
0.518015, -0.00941089, 0.0320156
0.0317889, -0.491952, 0.0327464
0.00304296, -0.518771, 0.0308445
-0.000154917, -0.463893, 0.0327776
-0.00823143, -0.494887, 0.0314895
stamp: 2519000000
0.00413781, 0.000332176, 0.0371492
0.506207, -0.0343243, 0.0331587
0.477371, -0.00715676, 0.0339154
0.518019, -0.00940504, 0.032016
0.0317898, -0.491949, 0.0327451
0.00305299, -0.518771, 0.0308446
-0.000157005, -0.463897, 0.0327809
-0.00823063, -0.494886, 0.0314872
stamp: 2529000000
0.00413514, 0.000327634, 0.0371354
0.506206, -0.0343107, 0.0331637
0.477334, -0.00715649, 0.0338706
0.518016, -0.00941401, 0.0320204
0.0317906, -0.491949, 0.0327578
0.00304697, -0.518773, 0.0308449
-0.00016205, -0.463889, 0.0327959
-0.00823289, -0.494879, 0.0314969
stamp: 2540000000
0.00412613, 0.000312185, 0.0371573
0.506213, -0.034312, 0.0331505
0.477371, -0.00715716, 0.0339023
0.518018, -0.00941396, 0.0320076
0.0317925, -0.491948, 0.0327415
0.0030511, -0.518771, 0.0308327
-0.000161129, -0.463883, 0.0327792
-0.00822672, -0.494891, 0.0314968
stamp: 2549000000
0.00414048, 0.000328397, 0.0371447
0.506213, -0.034324, 0.0331422
0.477376, -0.00715883, 0.0339119
0.518017, -0.00941799, 0.0320259
0.0317906, -0.491958, 0.0327547
0.00304581, -0.518772, 0.030855
-0.000155313, -0.463881, 0.0327771
-0.00822302, -0.494882, 0.0314989
stamp: 2559000000
0.00413427, 0.000319907, 0.0371514
0.506195, -0.0343378, 0.0331314
0.477368, -0.00714962, 0.0339148
0.518011, -0.00941571, 0.03201
0.0317896, -0.491958, 0.0327606
0.00304653, -0.518765, 0.0308489
-0.0001592, -0.463886, 0.0327794
-0.00822443, -0.494887, 0.0314939
stamp: 2570000000
0.00414347, 0.000314799, 0.0371574
0.506203, -0.0343206, 0.0331348
0.477371, -0.00715286, 0.0339117
0.518018, -0.00941963, 0.0320155
0.0317931, -0.491959, 0.0327546
0.00304443, -0.51878, 0.0308495
-0.000168352, -0.463882, 0.032772
-0.00822919, -0.494885, 0.0314968
stamp: 2579000000
0.00413145, 0.000335246, 0.0371296
0.50621, -0.0343244, 0.0331485
0.477369, -0.00714911, 0.0339057
0.518018, -0.00940672, 0.0320211
0.0317899, -0.491962, 0.0327501
0.00304921, -0.518777, 0.0308473
-0.000163078, -0.463888, 0.0327806
-0.00822392, -0.494893, 0.0314887
stamp: 2590000000
0.00414041, 0.000336331, 0.0371428
0.506198, -0.0343383, 0.0331322
0.477371, -0.00715923, 0.0339086
0.518016, -0.00941501, 0.0320206
0.0317906, -0.491951, 0.0327446
0.00305232, -0.518777, 0.0308528
-0.00015954, -0.46389, 0.0327824
-0.00822425, -0.49489, 0.0315093
stamp: 2600000000
0.00413747, 0.00032003, 0.0371775
0.5062, -0.0343157, 0.0331446
0.47733, -0.00716152, 0.0338634
0.518018, -0.00940799, 0.0320192
0.0317908, -0.491952, 0.0327519
0.00304483, -0.518778, 0.0308519
-0.000159718, -0.463881, 0.0327867
-0.00824336, -0.494896, 0.0315433
stamp: 2609000000
0.00412016, 0.000312144, 0.0371653
0.506189, -0.0343381, 0.0331291
0.477371, -0.00715561, 0.0339116
0.518016, -0.00941061, 0.0320117
0.0317871, -0.491951, 0.0327408
0.00305069, -0.518778, 0.0308476
-0.000158498, -0.463884, 0.03278
-0.00822689, -0.494888, 0.0314979
stamp: 2619000000
0.00413552, 0.000315922, 0.0371659
0.506207, -0.0343165, 0.0331441
0.47734, -0.00716339, 0.0338641
0.518016, -0.00941469, 0.0320312
0.0317816, -0.491941, 0.032729
0.00305063, -0.518774, 0.0308407
-0.000165625, -0.463888, 0.0327748
-0.00823389, -0.494893, 0.0314949
stamp: 2630000000
0.00413114, 0.000315052, 0.0371575
0.506186, -0.0343409, 0.0331261
0.477367, -0.0071507, 0.0338992
0.518012, -0.00940882, 0.0320303
0.0317874, -0.491946, 0.0327487
0.00305105, -0.518773, 0.030854
-0.000160798, -0.463889, 0.0327755
-0.00822649, -0.49489, 0.0315018
stamp: 2640000000
0.00411519, 0.000319138, 0.0371642
0.506197, -0.0343177, 0.0331531
0.477376, -0.00715816, 0.0339096
0.518015, -0.00941545, 0.0320198
0.0317849, -0.491953, 0.0327482
0.00305272, -0.518768, 0.0308459
-0.000166841, -0.463888, 0.0327821
-0.00823428, -0.494888, 0.0314886
stamp: 2649000000
0.00413338, 0.00031958, 0.0371575
0.506206, -0.03432, 0.033147
0.477374, -0.00715646, 0.0339185
0.518014, -0.00941518, 0.0320191
0.0317842, -0.491952, 0.0327502
0.00304028, -0.518775, 0.0308398
-0.000168491, -0.463887, 0.0327685
-0.00822469, -0.494884, 0.0314946
stamp: 2659000000
0.00414337, 0.00031852, 0.0371596
0.506186, -0.034343, 0.0331243
0.477339, -0.00715291, 0.0338738
0.518016, -0.00941692, 0.0320265
0.0317879, -0.491946, 0.0327524
0.00304655, -0.518775, 0.0308502
-0.000162337, -0.463882, 0.0327683
-0.00822203, -0.494879, 0.0314993
stamp: 2670000000
0.00414606, 0.000335084, 0.0371475
0.506195, -0.0343216, 0.0331498
0.477324, -0.00715936, 0.0338671
0.518021, -0.00941026, 0.03202
0.0317949, -0.491946, 0.0327516
0.00305206, -0.518771, 0.0308479
-0.000161043, -0.463886, 0.032788
-0.00822578, -0.494881, 0.0314901
stamp: 2680000000
0.00413578, 0.000327734, 0.0371667
0.506202, -0.0343136, 0.0331416
0.477334, -0.00714893, 0.0338655
0.518012, -0.00941012, 0.0320214
0.0317893, -0.491948, 0.0327471
0.00304805, -0.518776, 0.0308358
-0.00015414, -0.463888, 0.0327829
-0.00823472, -0.494887, 0.031497
stamp: 2690000000
0.00413577, 0.000312828, 0.0371671
0.506207, -0.0343204, 0.0331492
0.477376, -0.00715395, 0.0339053
0.518014, -0.00941364, 0.0320275
0.0317944, -0.491951, 0.0327548
0.00304616, -0.518776, 0.0308485
-0.00015501, -0.463888, 0.0327819
-0.00823004, -0.494887, 0.0314969
stamp: 2700000000
0.00412738, 0.00031724, 0.0371601
0.506204, -0.034325, 0.0331618
0.477372, -0.00716025, 0.0339235
0.518013, -0.0094115, 0.0320129
0.0317943, -0.491951, 0.0327541
0.00305266, -0.51877, 0.0308447
-0.000162371, -0.463931, 0.0327347
-0.00823104, -0.494886, 0.0314897
stamp: 2710000000
0.00413867, 0.000319938, 0.0371382
0.50619, -0.0343499, 0.0331344
0.477374, -0.00716025, 0.0339064
0.518016, -0.00942015, 0.0320158
0.0317963, -0.491954, 0.0327488
0.00304836, -0.518776, 0.0308491
-0.00016125, -0.46392, 0.0327252
-0.00822991, -0.494893, 0.0314982
stamp: 2719000000
0.00413532, 0.000322397, 0.0371636
0.506198, -0.0343214, 0.0331373
0.477369, -0.00715651, 0.0339133
0.518017, -0.00941648, 0.0320144
0.0317954, -0.491953, 0.0327412
0.00304914, -0.518773, 0.0308436
-0.000155077, -0.463887, 0.0327759
-0.00822398, -0.494883, 0.0314958
stamp: 2730000000
0.00413697, 0.000323082, 0.0371558
0.506192, -0.0343482, 0.0331195
0.477367, -0.00715212, 0.0339064
0.518013, -0.00941519, 0.0320108
0.0317848, -0.491944, 0.032741
0.00304787, -0.518772, 0.0308389
-0.0001657, -0.463884, 0.0327645
-0.00822383, -0.494886, 0.0314928
stamp: 2740000000
0.00414012, 0.000310895, 0.0371659
0.5062, -0.0343213, 0.0331496
0.477382, -0.00716038, 0.0339101
0.518008, -0.00942125, 0.0320082
0.031791, -0.491947, 0.0327384
0.00304961, -0.518768, 0.0308422
-0.000163719, -0.463892, 0.0327774
-0.00822527, -0.494886, 0.0314939
stamp: 2749000000
0.00412342, 0.000318903, 0.0371596
0.506202, -0.0343214, 0.033157
0.477371, -0.00715398, 0.0339085
0.518014, -0.00942047, 0.0320288
0.0317958, -0.491954, 0.0327469
0.00305115, -0.518772, 0.0308411
-0.000168204, -0.463881, 0.0327722
-0.00822994, -0.494889, 0.0314946
stamp: 2760000000
0.00413135, 0.00031883, 0.0371647
0.506192, -0.0343377, 0.0331355
0.477331, -0.00715206, 0.0338743
0.518017, -0.0094107, 0.0320275
0.031797, -0.491955, 0.0327564
0.00304001, -0.518774, 0.0308494
-0.000166055, -0.463884, 0.0327696
-0.00822419, -0.494881, 0.0314957
stamp: 2770000000
0.00412877, 0.000315004, 0.0371709
0.506198, -0.0343174, 0.0331579
0.477375, -0.00716622, 0.0339073
0.518022, -0.00940669, 0.0320247
0.0317899, -0.491953, 0.0327478
0.00304858, -0.518771, 0.0308395
-0.000161355, -0.463888, 0.0327796
-0.00823081, -0.494886, 0.0314958
stamp: 2779000000
0.00413433, 0.000325133, 0.0371412
0.506208, -0.0343259, 0.0331412
0.477371, -0.00716133, 0.033914
0.518021, -0.0094087, 0.0320194
0.031792, -0.491953, 0.0327444
0.00305048, -0.518767, 0.0308336
-0.000159708, -0.463888, 0.0327757
-0.00821956, -0.494882, 0.031499
stamp: 2789000000
0.00413174, 0.000319443, 0.0371531
0.506189, -0.034343, 0.0331299
0.477374, -0.0071541, 0.0339217
0.518012, -0.00941804, 0.0320169
0.0317924, -0.491951, 0.0327468
0.00305908, -0.518776, 0.0308574
-0.000156013, -0.463924, 0.0327275
-0.00823002, -0.494893, 0.0314945
stamp: 2800000000
0.00413673, 0.0003179, 0.0371673
0.506194, -0.0343417, 0.0331165
0.477328, -0.00715453, 0.0338664
0.518016, -0.00941439, 0.0320199
0.0317928, -0.491951, 0.0327482
0.00304379, -0.518777, 0.0308322
-0.000159085, -0.463899, 0.0327786
-0.00824358, -0.494903, 0.0315412
stamp: 2809000000
0.00412807, 0.000319833, 0.0371616
0.506202, -0.0343199, 0.0331613
0.477376, -0.00715344, 0.0339127
0.518015, -0.00941148, 0.0320184
0.0317966, -0.491946, 0.0327449
0.00304684, -0.518764, 0.0308523
-0.000159169, -0.46388, 0.0327748
-0.00823113, -0.494884, 0.0314873
stamp: 2819000000
0.00413264, 0.000320368, 0.037158
0.506207, -0.0343288, 0.0331499
0.477337, -0.00715325, 0.0338759
0.518014, -0.00941033, 0.0320175
0.0317888, -0.491949, 0.0327437
0.0030446, -0.518766, 0.0308587
-0.000160605, -0.463924, 0.0327219
-0.00823456, -0.494886, 0.0314978
stamp: 2830000000
0.00412519, 0.000328124, 0.0371363
0.506185, -0.0343372, 0.0331177
0.477375, -0.00715152, 0.0339113
0.518011, -0.00941462, 0.0320244
0.031783, -0.491951, 0.032749
0.00304795, -0.518767, 0.0308391
-0.00016265, -0.463888, 0.0327751
-0.00822479, -0.494881, 0.0315002
stamp: 2839000000
0.00413311, 0.000321485, 0.0371528
0.506191, -0.0343361, 0.0331219
0.477337, -0.00715683, 0.0338701
0.518018, -0.00941581, 0.032027
0.0317877, -0.49195, 0.0327412
0.00305059, -0.518767, 0.03085
-0.000158885, -0.463886, 0.0327773
-0.00822461, -0.494878, 0.0314881
stamp: 2849000000
0.00412616, 0.000318651, 0.0371534
0.506209, -0.0343065, 0.0331453
0.477373, -0.00715051, 0.0339103
0.518014, -0.00941463, 0.0320128
0.0317876, -0.49195, 0.0327466
0.00304963, -0.518773, 0.0308449
-0.000161926, -0.463882, 0.0327758
-0.00822265, -0.494887, 0.0314975
stamp: 2860000000
0.00413508, 0.000319301, 0.0371625
0.506206, -0.0343232, 0.0331527
0.477338, -0.00716331, 0.0338559
0.518018, -0.00941625, 0.0320205
0.0317918, -0.491946, 0.0327371
0.00304956, -0.518772, 0.0308446
-0.000162602, -0.463893, 0.0327711
-0.00822614, -0.494894, 0.0314996
stamp: 2869000000
0.0041351, 0.000312823, 0.0371682
0.506206, -0.0343148, 0.0331555
0.477378, -0.00716003, 0.0339172
0.518016, -0.00941664, 0.0320183
0.0317895, -0.491952, 0.0327454
0.00304633, -0.518775, 0.0308447
-0.000165966, -0.463892, 0.0327753
-0.0082537, -0.494894, 0.0315409
stamp: 2880000000
0.00412855, 0.000333338, 0.0371422
0.506206, -0.0343196, 0.0331412
0.477331, -0.00715256, 0.033879
0.518013, -0.00941521, 0.032018
0.0317811, -0.491956, 0.032751
0.00304463, -0.518768, 0.0308493
-0.000162356, -0.463925, 0.0327321
-0.00823763, -0.494882, 0.0314824
stamp: 2889000000
0.00413595, 0.000331437, 0.0371351
0.506203, -0.0343144, 0.0331522
0.477329, -0.00715041, 0.0338697
0.518007, -0.00941305, 0.0320137
0.0317859, -0.491959, 0.032754
0.00305137, -0.518773, 0.0308539
-0.000164047, -0.463893, 0.0327786
-0.00823108, -0.494886, 0.031488
stamp: 2899000000
0.00412962, 0.000321443, 0.0371683
0.506206, -0.0343184, 0.0331442
0.477377, -0.00715112, 0.0339128
0.518013, -0.00941339, 0.0320233
0.0317855, -0.491955, 0.0327445
0.00304895, -0.518773, 0.0308361
-0.000159341, -0.463924, 0.0327256
-0.00824116, -0.494895, 0.0315387
stamp: 2910000000
0.00413563, 0.00032629, 0.0371346
0.506197, -0.0343409, 0.0331403
0.477372, -0.00716048, 0.0339014
0.518007, -0.00942159, 0.0320256
0.0317884, -0.491955, 0.0327533
0.00304538, -0.518776, 0.0308418
-0.000164554, -0.463889, 0.0327672
-0.00822814, -0.494889, 0.0315026
stamp: 2919000000
0.00414219, 0.000317274, 0.0371644
0.506207, -0.0343221, 0.033161
0.477341, -0.00716223, 0.0338668
0.518014, -0.0094098, 0.0320228
0.0317851, -0.491948, 0.0327439
0.00304931, -0.518782, 0.0308473
-0.000166132, -0.463921, 0.0327309
-0.00822633, -0.494886, 0.0314933
stamp: 2930000000
0.00413629, 0.000329167, 0.0371369
0.506204, -0.0343255, 0.0331396
0.477328, -0.00715591, 0.0338714
0.518022, -0.00940856, 0.0320266
0.0317894, -0.491949, 0.0327489
0.00305051, -0.518774, 0.0308419
-0.000147116, -0.46388, 0.032779
-0.00822437, -0.494889, 0.0315021
stamp: 2940000000
0.00413616, 0.000334502, 0.0371301
0.506196, -0.0343459, 0.0331252
0.477322, -0.00715514, 0.0338653
0.518004, -0.00941121, 0.0320133
0.0317863, -0.491943, 0.0327413
0.00304724, -0.51878, 0.0308443
-0.000154681, -0.463897, 0.0327757
-0.00822613, -0.494892, 0.0315065
stamp: 2949000000
0.00412629, 0.000308425, 0.037167
0.506207, -0.0343215, 0.0331611
0.477328, -0.00715688, 0.0338852
0.518019, -0.00941923, 0.0320201
0.0317935, -0.491954, 0.0327522
0.00304146, -0.518772, 0.0308425
-0.000161919, -0.463893, 0.0327776
-0.00823524, -0.494877, 0.0314852
stamp: 2960000000
0.00412519, 0.000310642, 0.037168
0.50621, -0.034313, 0.0331424
0.477368, -0.00715874, 0.0339011
0.518017, -0.00941525, 0.0320146
0.0317926, -0.491954, 0.0327485
0.00303955, -0.518777, 0.0308495
-0.000163731, -0.46393, 0.0327369
-0.00824, -0.494888, 0.0314971
stamp: 2970000000
0.00412949, 0.000316887, 0.0371604
0.506204, -0.0343166, 0.0331486
0.477332, -0.00715756, 0.0338677
0.518018, -0.00940864, 0.0320122
0.0317917, -0.491956, 0.0327599
0.00304749, -0.518773, 0.0308428
-0.00015723, -0.463888, 0.0327837
-0.00822241, -0.494886, 0.0315006
stamp: 2979000000
0.0041372, 0.000334009, 0.0371293
0.506197, -0.0343405, 0.0331255
0.477375, -0.00715777, 0.0339095
0.51802, -0.00940916, 0.0320183
0.0317913, -0.491952, 0.0327464
0.00304418, -0.518775, 0.0308526
-0.000161612, -0.463886, 0.0327767
-0.00822937, -0.494887, 0.0314914
stamp: 2990000000
0.00413116, 0.000319097, 0.0371611
0.506195, -0.0343387, 0.0331322
0.477376, -0.00715504, 0.0339152
0.518016, -0.0094102, 0.032015
0.0317926, -0.491949, 0.0327423
0.00305209, -0.518779, 0.0308488
-0.000162471, -0.463889, 0.0327756
-0.00823013, -0.494878, 0.0314982
stamp: 3000000000
0.00413572, 0.000316915, 0.0371672
0.50621, -0.0343254, 0.0331557
0.47737, -0.00714489, 0.033917
0.518017, -0.00941594, 0.0320231
0.0317914, -0.491946, 0.0327536
0.00305442, -0.518773, 0.0308462
-0.000147259, -0.463925, 0.0327351
-0.00823018, -0.494884, 0.0314995
stamp: 3009000000
0.00414083, 0.000332724, 0.0371501
0.506203, -0.0343199, 0.0331499
0.477369, -0.00715068, 0.0339139
0.518014, -0.00941348, 0.0320254
0.0317855, -0.491955, 0.0327424
0.0030475, -0.518771, 0.0308369
-0.000163025, -0.463896, 0.0327803
-0.00823693, -0.494886, 0.0315016
stamp: 3019000000
0.00413713, 0.000317523, 0.0371633
0.506202, -0.0343128, 0.0331533
0.477368, -0.0071499, 0.0339078
0.518015, -0.00941306, 0.032016
0.0317891, -0.491959, 0.0327427
0.0030495, -0.518769, 0.0308477
-0.00016165, -0.463885, 0.0327722
-0.00823283, -0.494887, 0.0314904
stamp: 3030000000
0.00412977, 0.00031332, 0.0371613
0.506192, -0.0343371, 0.0331375
0.477368, -0.00715253, 0.0339049
0.518017, -0.0094164, 0.0320182
0.0317814, -0.491947, 0.0327461
0.00305342, -0.518775, 0.0308494
-0.000160332, -0.463878, 0.0327802
-0.0082294, -0.494882, 0.0314924
stamp: 3040000000
0.00412939, 0.000308599, 0.0371504
0.5062, -0.0343254, 0.0331501
0.477369, -0.00715852, 0.0339026
0.518012, -0.00941023, 0.0320245
0.0317841, -0.491957, 0.0327375
0.00304604, -0.518771, 0.0308402
-0.000163829, -0.46389, 0.0327737
-0.00824215, -0.494893, 0.0315452
stamp: 3050000000
0.00412546, 0.000323003, 0.0371601
0.5062, -0.0343194, 0.0331624
0.477377, -0.0071573, 0.0339066
0.518017, -0.00941152, 0.032022
0.0317874, -0.491952, 0.0327486
0.0030485, -0.518769, 0.0308508
-0.000156387, -0.463886, 0.0327783
-0.00823139, -0.494893, 0.0315016
stamp: 3059000000
0.0041364, 0.000316084, 0.0371503
0.506208, -0.0343172, 0.0331438
0.477338, -0.00716292, 0.0338698
0.518017, -0.0094114, 0.0320174
0.0317874, -0.491954, 0.0327438
0.00305739, -0.518776, 0.0308515
-0.000161506, -0.46388, 0.0327689
-0.00822234, -0.494884, 0.0315032
stamp: 3069000000
0.0041344, 0.000321907, 0.0371592
0.506193, -0.0343397, 0.033127
0.477375, -0.00715285, 0.0339157
0.518022, -0.00941395, 0.032026
0.0317894, -0.491952, 0.0327491
0.00304227, -0.518771, 0.030852
-0.000169462, -0.463926, 0.0327278
-0.0082233, -0.494886, 0.0314948
stamp: 3080000000
0.00412908, 0.000316466, 0.0371584
0.506187, -0.034338, 0.0331285
0.47737, -0.00716111, 0.0339174
0.518018, -0.00941954, 0.032019
0.0317902, -0.491953, 0.0327525
0.00304659, -0.518773, 0.030854
-0.000165508, -0.463888, 0.0327864
-0.00823735, -0.494883, 0.0314912
stamp: 3090000000
0.00413588, 0.00033699, 0.0371418
0.506205, -0.034325, 0.0331634
0.477375, -0.0071527, 0.0339112
0.518013, -0.00941394, 0.0320221
0.0317898, -0.491952, 0.0327543
0.00304991, -0.518776, 0.0308438
-0.000166797, -0.463884, 0.0327786
-0.00823641, -0.49489, 0.0314945
stamp: 3100000000
0.0041367, 0.000319123, 0.0371582
0.506205, -0.0343273, 0.0331503
0.477369, -0.00714887, 0.0339121
0.518021, -0.00941673, 0.0320228
0.0317888, -0.491955, 0.0327456
0.00304961, -0.518773, 0.0308399
-0.000157998, -0.463889, 0.0327803
-0.00822292, -0.494886, 0.0315009
stamp: 3110000000
0.00413488, 0.000312002, 0.03717
0.506192, -0.0343396, 0.0331329
0.477371, -0.00715389, 0.0339032
0.518011, -0.00941293, 0.0320159
0.0317886, -0.491955, 0.0327423
0.0030491, -0.518771, 0.0308614
-0.000162646, -0.463891, 0.0327727
-0.00823449, -0.494889, 0.0314905
stamp: 3119000000
0.00413652, 0.000313568, 0.0371649
0.506197, -0.0343139, 0.0331366
0.477364, -0.0071552, 0.0339179
0.518015, -0.00941501, 0.0320151
0.0317853, -0.491948, 0.0327389
0.00304778, -0.518774, 0.0308518
-0.000164497, -0.463888, 0.0327718
-0.00823196, -0.494882, 0.0314942
stamp: 3129000000
0.0041379, 0.000317372, 0.0371671
0.506189, -0.0343368, 0.033137
0.477332, -0.00716038, 0.0338668
0.518016, -0.00942473, 0.0320069
0.0317926, -0.491957, 0.0327496
0.00304922, -0.51878, 0.0308436
-0.000163715, -0.463886, 0.03277
-0.00821899, -0.494884, 0.0314987
stamp: 3140000000
0.00412486, 0.000319504, 0.0371629
0.506204, -0.0343169, 0.0331561
0.477368, -0.00715302, 0.0339069
0.518008, -0.0094203, 0.0320308
0.0317898, -0.49195, 0.0327516
0.00305078, -0.51877, 0.0308472
-0.00015619, -0.463887, 0.0327821
-0.00822522, -0.494896, 0.0315099
stamp: 3149000000
0.00412756, 0.000319004, 0.0371663
0.506207, -0.0343192, 0.0331478
0.477333, -0.00715958, 0.0338726
0.518015, -0.00941649, 0.0320223
0.0317924, -0.491945, 0.0327454
0.00303757, -0.518774, 0.0308471
-0.000160816, -0.463893, 0.0327831
-0.00822858, -0.494889, 0.0315043
stamp: 3159000000
0.00413375, 0.000326194, 0.0371302
0.506204, -0.0343213, 0.0331505
0.47737, -0.00715398, 0.0339078
0.518019, -0.00941301, 0.032022
0.0317912, -0.491957, 0.0327427
0.003053, -0.518769, 0.0308482
-0.00016559, -0.463888, 0.0327747
-0.00822187, -0.494885, 0.0315051
stamp: 3170000000
0.00412577, 0.0003218, 0.0371529
0.506201, -0.0343143, 0.0331486
0.477367, -0.00715563, 0.0339053
0.518016, -0.00941079, 0.0320145
0.0317899, -0.491955, 0.0327531
0.00305091, -0.518768, 0.0308407
-0.000155999, -0.463885, 0.0327789
-0.00821855, -0.494894, 0.0314997
stamp: 3180000000
0.00412746, 0.000318748, 0.0371635
0.50621, -0.0343174, 0.033164
0.477372, -0.00715401, 0.0339087
0.518015, -0.00941589, 0.0320113
0.0317892, -0.491952, 0.0327429
0.00305456, -0.518766, 0.0308562
-0.000160765, -0.463885, 0.0327791
-0.00821885, -0.494887, 0.0315076
stamp: 3190000000
0.00412819, 0.000326957, 0.0371531
0.506193, -0.0343409, 0.0331381
0.47737, -0.00715194, 0.0339078
0.518013, -0.00941445, 0.0320185
0.0317884, -0.491953, 0.0327329
0.00305332, -0.51877, 0.0308493
-0.000149667, -0.46388, 0.032787
-0.0082231, -0.494884, 0.0314922
stamp: 3200000000
0.00413526, 0.000317651, 0.0371697
0.506191, -0.0343368, 0.0331169
0.477328, -0.00715456, 0.0338706
0.518014, -0.00941359, 0.0320157
0.0317879, -0.491947, 0.0327354
0.00305206, -0.518771, 0.030855
-0.000155037, -0.46389, 0.0327813
-0.00821934, -0.494885, 0.0315059
stamp: 3210000000
0.00413809, 0.000313155, 0.0371645
0.506197, -0.0343204, 0.0331585
0.477379, -0.00715539, 0.0339126
0.51802, -0.009411, 0.0320211
0.03179, -0.491952, 0.0327531
0.00304598, -0.518774, 0.0308512
-0.000157686, -0.463887, 0.0327749
-0.0082279, -0.494895, 0.0315025
stamp: 3220000000
0.00413763, 0.000332811, 0.0371453
0.506194, -0.0343409, 0.0331279
0.477327, -0.00716025, 0.0338699
0.518026, -0.0094131, 0.0320224
0.0317917, -0.49196, 0.0327486
0.00304888, -0.518773, 0.0308447
-0.000158526, -0.463895, 0.0327861
-0.00822695, -0.494888, 0.0315
stamp: 3229000000
0.00413317, 0.000318204, 0.0371612
0.506187, -0.0343516, 0.0331299
0.477379, -0.00714798, 0.0339075
0.51801, -0.00940258, 0.0320246
0.0317836, -0.491949, 0.0327452
0.00304208, -0.51877, 0.0308434
-0.000163697, -0.46393, 0.0327328
-0.0082301, -0.494878, 0.0314965
stamp: 3240000000
0.00413974, 0.000320841, 0.037167
0.506205, -0.0343208, 0.0331588
0.477375, -0.00715191, 0.0339067
0.518023, -0.00940991, 0.0320203
0.0317939, -0.491956, 0.0327464
0.00306033, -0.518768, 0.0308493
-0.000155762, -0.46389, 0.0327892
-0.0082257, -0.494886, 0.0315002
stamp: 3250000000
0.00414316, 0.000338086, 0.0371481
0.506198, -0.0343379, 0.0331248
0.477372, -0.00715685, 0.0339096
0.518009, -0.00941128, 0.0320148
0.0317842, -0.491949, 0.0327469
0.00304851, -0.518768, 0.0308545
-0.000161934, -0.463884, 0.0327789
-0.00822591, -0.49488, 0.0315037
stamp: 3259000000
0.00414441, 0.000336196, 0.0371452
0.506208, -0.0343179, 0.0331551
0.47734, -0.00715989, 0.0338738
0.518021, -0.00940532, 0.0320251
0.0317877, -0.491947, 0.032741
0.00304737, -0.51877, 0.0308457
-0.000162222, -0.46389, 0.0327852
-0.00823099, -0.494881, 0.0314977
stamp: 3270000000
0.00413942, 0.000314304, 0.0371764
0.506213, -0.0343204, 0.0331527
0.477336, -0.00715875, 0.0338712
0.518019, -0.009405, 0.0320191
0.0317907, -0.491945, 0.0327556
0.0030537, -0.518768, 0.0308503
-0.000153741, -0.463892, 0.0327852
-0.00822679, -0.49489, 0.0315045
stamp: 3280000000
0.00414102, 0.000314213, 0.0371747
0.506214, -0.03432, 0.0331621
0.477364, -0.00716519, 0.0339044
0.518013, -0.00941279, 0.0320124
0.03179, -0.491946, 0.0327502
0.00304395, -0.518772, 0.0308438
-0.000154513, -0.46389, 0.0327849
-0.00822807, -0.494881, 0.0314918
stamp: 3290000000
0.00413058, 0.000334729, 0.0371354
0.506209, -0.0343132, 0.0331575
0.477372, -0.00716027, 0.0339115
0.518023, -0.00940978, 0.0320103
0.0317946, -0.491939, 0.032749
0.00304429, -0.518771, 0.0308409
-0.000169151, -0.463876, 0.0327695
-0.00823663, -0.494883, 0.0314949
stamp: 3299000000
0.00414439, 0.000329402, 0.0371425
0.506205, -0.0343161, 0.0331528
0.477373, -0.00716025, 0.0339009
0.518021, -0.00941806, 0.0320194
0.0317877, -0.491953, 0.0327466
0.00304841, -0.518767, 0.0308574
-0.000161297, -0.463887, 0.0327758
-0.00824164, -0.494899, 0.0315473
stamp: 3310000000
0.00413432, 0.000324703, 0.037159
0.506203, -0.0343256, 0.0331421
0.477372, -0.00715301, 0.0339125
0.518019, -0.0094125, 0.0320095
0.0317893, -0.491947, 0.0327451
0.00304931, -0.518769, 0.0308462
-0.000158624, -0.463891, 0.0327785
-0.00823063, -0.494882, 0.0314967
stamp: 3319000000
0.00414381, 0.000326516, 0.0371569
0.506205, -0.0343172, 0.0331533
0.477334, -0.00715185, 0.0338668
0.518021, -0.00941387, 0.0320065
0.0317955, -0.491952, 0.0327498
0.00305365, -0.518773, 0.0308485
-0.00015528, -0.463894, 0.0327781
-0.00824507, -0.494901, 0.0315391
stamp: 3329000000
0.00413187, 0.000319887, 0.0371645
0.506207, -0.0343198, 0.0331456
0.477372, -0.00715911, 0.0339134
0.518025, -0.00940748, 0.0320254
0.0317879, -0.491951, 0.0327495
0.0030565, -0.51877, 0.0308511
-0.000158625, -0.463888, 0.0327824
-0.00822503, -0.494884, 0.0315024
stamp: 3340000000
0.00413851, 0.000317798, 0.0371682
0.506207, -0.0343232, 0.0331462
0.477336, -0.00716261, 0.0338656
0.518015, -0.00942166, 0.032025
0.0317835, -0.491951, 0.0327529
0.0030479, -0.518772, 0.0308486
-0.00015656, -0.463889, 0.0327846
-0.00822539, -0.494882, 0.0315013
stamp: 3349000000
0.00413655, 0.00033827, 0.0371402
0.506206, -0.0343229, 0.0331546
0.477334, -0.00716121, 0.0338791
0.518019, -0.00941772, 0.0320158
0.0317923, -0.491951, 0.0327532
0.00304709, -0.51877, 0.0308552
-0.000158719, -0.463893, 0.0327885
-0.00823081, -0.494885, 0.031502
stamp: 3359000000
0.00413459, 0.000324786, 0.037163
0.506208, -0.0343248, 0.0331433
0.477327, -0.0071545, 0.0338761
0.51802, -0.00940207, 0.0320247
0.0317921, -0.491952, 0.032755
0.00304633, -0.518775, 0.0308483
-0.000157063, -0.463885, 0.0327813
-0.00824168, -0.494897, 0.0315371
stamp: 3369000000
0.00413094, 0.000313493, 0.0371687
0.506205, -0.0343185, 0.0331533
0.477367, -0.00715336, 0.0339005
0.518017, -0.00941254, 0.0320034
0.031785, -0.491949, 0.0327368
0.00305029, -0.518774, 0.0308429
-0.000161105, -0.463882, 0.0327693
-0.00823258, -0.494883, 0.0314883
stamp: 3379000000
0.00413494, 0.000328081, 0.0371433
0.506202, -0.0343094, 0.033153
0.477375, -0.00715895, 0.0339052
0.518017, -0.00940976, 0.0320229
0.0317895, -0.49195, 0.0327429
0.0030538, -0.518771, 0.030845
-0.000158803, -0.46389, 0.0327779
-0.00821559, -0.494887, 0.0315079
stamp: 3390000000
0.00414227, 0.000326749, 0.0371548
0.50621, -0.0343247, 0.0331615
0.47733, -0.00716009, 0.0338711
0.518019, -0.00941677, 0.0320163
0.0317885, -0.491951, 0.0327445
0.0030487, -0.518766, 0.0308549
-0.000156788, -0.463889, 0.0327737
-0.00822005, -0.494886, 0.0314994
stamp: 3399000000
0.00413487, 0.000312833, 0.0371708
0.506249, -0.0342685, 0.0330396
0.477372, -0.00715387, 0.0339062
0.518024, -0.0094143, 0.0320207
0.0317798, -0.491948, 0.032741
0.00304638, -0.518765, 0.0308408
-0.000159113, -0.463883, 0.0327773
-0.00822842, -0.49489, 0.0314955
stamp: 3409000000
0.00413005, 0.000316599, 0.0371654
0.50621, -0.0343138, 0.033139
0.477377, -0.00714726, 0.0339097
0.51802, -0.00941565, 0.0320144
0.0317826, -0.491948, 0.0327439
0.00304907, -0.518762, 0.030845
-0.000158094, -0.463878, 0.0327802
-0.00822725, -0.494881, 0.0315018
stamp: 3419000000
0.00413796, 0.000344794, 0.0371349
0.506191, -0.034341, 0.0331348
0.477369, -0.0071585, 0.0339172
0.518013, -0.00941564, 0.0320148
0.0317886, -0.491946, 0.0327474
0.00305277, -0.518773, 0.030855
-0.000157344, -0.463884, 0.0327856
-0.0082269, -0.494889, 0.0314982
stamp: 3429000000
0.00413017, 0.000327508, 0.0371607
0.506208, -0.0343184, 0.0331447
0.47734, -0.00715907, 0.0338745
0.518012, -0.00941132, 0.0320135
0.0317867, -0.49195, 0.0327448
0.0030491, -0.518774, 0.0308438
-0.000152168, -0.463886, 0.0327847
-0.00822657, -0.494888, 0.0315108
stamp: 3440000000
0.00413443, 0.000318252, 0.0371559
0.506209, -0.0343278, 0.0331398
0.477331, -0.0071552, 0.0338679
0.518013, -0.00940878, 0.0320162
0.0317878, -0.491948, 0.0327421
0.00305096, -0.518766, 0.0308484
-0.000157248, -0.463885, 0.0327778
-0.00824788, -0.494899, 0.0315409
stamp: 3450000000
0.00413347, 0.000319454, 0.0371542
0.506209, -0.034324, 0.0331572
0.477335, -0.00715247, 0.0338763
0.518018, -0.00940918, 0.0320187
0.0317865, -0.491941, 0.0327325
0.00304766, -0.518767, 0.0308491
-0.000161271, -0.463884, 0.0327749
-0.00822679, -0.494878, 0.0314908
stamp: 3460000000
0.0041359, 0.000323234, 0.0371609
0.506207, -0.0343118, 0.0331522
0.477375, -0.00714472, 0.0339085
0.518023, -0.00941067, 0.0320137
0.0317849, -0.491941, 0.0327315
0.00305992, -0.518767, 0.0308538
-0.0001601, -0.463892, 0.0327742
-0.00823307, -0.494885, 0.0314936
stamp: 3469000000
0.00413556, 0.000316134, 0.0371554
0.506206, -0.0343277, 0.0331492
0.477327, -0.00715963, 0.0338646
0.518013, -0.00941249, 0.0320282
0.0317949, -0.491948, 0.0327493
0.003047, -0.518762, 0.030854
-0.000158967, -0.463884, 0.0327785
-0.00822285, -0.49488, 0.0314977
stamp: 3480000000
0.00414078, 0.000318479, 0.0371713
0.506202, -0.0343202, 0.0331456
0.477323, -0.00716365, 0.0338693
0.518017, -0.00941534, 0.0320137
0.0317914, -0.491954, 0.0327498
0.00305076, -0.51877, 0.0308573
-0.000161118, -0.463882, 0.0327814
-0.00822342, -0.494884, 0.0315121
stamp: 3490000000
0.00413663, 0.00033963, 0.0371374
0.506203, -0.0343166, 0.0331451
0.477333, -0.00716132, 0.0338638
0.518018, -0.00941405, 0.0320157
0.0317857, -0.491955, 0.03275
0.00305059, -0.518769, 0.0308493
-0.000160925, -0.463887, 0.0327728
-0.00822983, -0.494886, 0.0315073
stamp: 3499000000
0.00414066, 0.000341919, 0.0371434
0.506211, -0.0343223, 0.0331513
0.477333, -0.00715718, 0.0338625
0.51802, -0.00940996, 0.0320171
0.0317901, -0.491951, 0.0327493
0.00304848, -0.518771, 0.0308513
-0.000157327, -0.463888, 0.0327883
-0.00822994, -0.494895, 0.0315077
stamp: 3510000000
0.00413226, 0.00031924, 0.0371613
0.506204, -0.0343219, 0.0331493
0.477335, -0.0071563, 0.0338686
0.518013, -0.00941471, 0.032009
0.0317895, -0.491948, 0.0327427
0.00305043, -0.518771, 0.0308479
-0.000169432, -0.463885, 0.0327712
-0.00821765, -0.494884, 0.0315092
stamp: 3519000000
0.00413759, 0.000316054, 0.0371656
0.506208, -0.034325, 0.033142
0.477369, -0.00715314, 0.0339104
0.518021, -0.00940473, 0.032015
0.0317916, -0.491948, 0.0327387
0.00304919, -0.518773, 0.0308462
-0.000165057, -0.463881, 0.0327823
-0.00822796, -0.494886, 0.0315028
stamp: 3529000000
0.00414109, 0.000335411, 0.0371484
0.506212, -0.0343279, 0.0331553
0.477328, -0.00716269, 0.03387
0.518008, -0.00941062, 0.0320246
0.031791, -0.491948, 0.0327427
0.00305295, -0.51877, 0.0308444
-0.00016476, -0.463927, 0.0327352
-0.00824753, -0.494906, 0.0315506
stamp: 3540000000
0.00413088, 0.000315383, 0.0371684
0.506209, -0.0343213, 0.0331513
0.477333, -0.00716309, 0.0338681
0.518014, -0.00942266, 0.0320099
0.0317918, -0.491943, 0.0327416
0.00305215, -0.518766, 0.0308466
-0.000153691, -0.46389, 0.0327873
-0.00822706, -0.49489, 0.0315062
stamp: 3549000000
0.00413357, 0.000310451, 0.0371722
0.506211, -0.0343199, 0.0331603
0.477338, -0.0071488, 0.0338683
0.518011, -0.00941976, 0.0320228
0.0317934, -0.491946, 0.0327455
0.00305578, -0.518771, 0.0308568
-0.000165226, -0.46389, 0.0327791
-0.0082302, -0.494887, 0.0314972
stamp: 3559000000
0.00412699, 0.000320534, 0.0371713
0.506208, -0.0343199, 0.0331464
0.477336, -0.00715036, 0.0338695
0.518022, -0.00941426, 0.0320172
0.0317866, -0.491959, 0.0327474
0.00305718, -0.518777, 0.0308501
-0.000160594, -0.463889, 0.0327717
-0.00822802, -0.494884, 0.0315127
stamp: 3570000000
0.00413567, 0.000333526, 0.0371332
0.5062, -0.0343412, 0.0331223
0.477327, -0.0071633, 0.0338646
0.518019, -0.0094166, 0.0320201
0.0317918, -0.491952, 0.0327479
0.00305037, -0.518767, 0.0308412
-0.000155392, -0.463888, 0.032782
-0.00821695, -0.494893, 0.031499
stamp: 3580000000
0.00413216, 0.000319964, 0.0371618
0.506204, -0.0343173, 0.033144
0.47733, -0.00715644, 0.0338684
0.518022, -0.00941248, 0.0320237
0.0317882, -0.491949, 0.032746
0.00304552, -0.518769, 0.0308444
-0.00016621, -0.463883, 0.032768
-0.0082282, -0.494907, 0.0315522
stamp: 3590000000
0.00413299, 0.000336756, 0.0371394
0.506207, -0.0343286, 0.0331611
0.477335, -0.00716126, 0.0338726
0.51802, -0.00940745, 0.0320136
0.0317843, -0.491949, 0.032742
0.00305556, -0.51877, 0.0308494
-0.000162088, -0.46389, 0.0327808
-0.00824345, -0.494896, 0.0315521
stamp: 3599000000
0.00414449, 0.000312511, 0.037166
0.506247, -0.0342698, 0.0330311
0.477327, -0.00715415, 0.0338728
0.518022, -0.00941182, 0.03202
0.0317872, -0.491944, 0.0327509
0.00305122, -0.518781, 0.0308484
-0.000157959, -0.463886, 0.0327872
-0.00823966, -0.494899, 0.0315496
stamp: 3610000000
0.00413584, 0.000314984, 0.0371733
0.506211, -0.0343203, 0.0331586
0.477328, -0.00715612, 0.0338622
0.518018, -0.00941249, 0.0320144
0.0317838, -0.491948, 0.0327471
0.00304763, -0.518773, 0.0308605
-0.000158397, -0.463879, 0.0327716
-0.00822751, -0.494876, 0.0315028
stamp: 3619000000
0.00412995, 0.000335849, 0.0371374
0.506185, -0.0343422, 0.0331371
0.477326, -0.00714888, 0.0338705
0.518014, -0.00940962, 0.0320058
0.0317937, -0.491951, 0.032754
0.00304568, -0.518776, 0.0308427
-0.00015807, -0.463876, 0.0327754
-0.00823213, -0.49489, 0.0314971
stamp: 3629000000
0.00413453, 0.000326134, 0.0371579
0.506195, -0.0343189, 0.0331592
0.47733, -0.00715549, 0.0338739
0.518014, -0.00940317, 0.0320182
0.0317949, -0.491948, 0.032741
0.00305084, -0.518774, 0.0308526
-0.00016296, -0.463885, 0.0327769
-0.00823492, -0.494882, 0.0314958
stamp: 3640000000
0.00414209, 0.000315935, 0.037168
0.506209, -0.0343171, 0.0331505
0.477333, -0.00715076, 0.0338705
0.518015, -0.00940553, 0.0320147
0.0317894, -0.491944, 0.0327472
0.00304588, -0.518769, 0.0308427
-0.000165774, -0.463886, 0.0327681
-0.00823681, -0.494884, 0.0314836
stamp: 3649000000
0.00413436, 0.000326108, 0.0371377
0.506209, -0.0343199, 0.033146
0.477332, -0.00715975, 0.0338783
0.518019, -0.00941954, 0.0320056
0.0317862, -0.491946, 0.0327462
0.00305275, -0.518761, 0.0308358
-0.000160667, -0.463883, 0.0327757
-0.00823431, -0.494872, 0.0314801
stamp: 3659000000
0.00413276, 0.000327539, 0.037162
0.506213, -0.0343132, 0.0331453
0.47733, -0.00715083, 0.0338669
0.518017, -0.00941573, 0.0320149
0.0317953, -0.491954, 0.032748
0.00305908, -0.518772, 0.0308505
-0.00015934, -0.463885, 0.0327809
-0.00822775, -0.494884, 0.0314936
stamp: 3669000000
0.00413226, 0.000309844, 0.0371653
0.506191, -0.0343399, 0.0331421
0.477331, -0.00715196, 0.0338697
0.518012, -0.00940541, 0.0320273
0.0317945, -0.49195, 0.0327508
0.00304515, -0.518775, 0.0308428
-0.000166846, -0.463888, 0.0327757
-0.00823328, -0.494883, 0.0314895
stamp: 3679000000
0.00412752, 0.000318511, 0.0371524
0.5062, -0.0343232, 0.0331405
0.477365, -0.00715674, 0.0339015
0.518013, -0.00940384, 0.0320272
0.0317898, -0.491948, 0.0327536
0.00305131, -0.518769, 0.0308432
-0.000161402, -0.463882, 0.0327709
-0.00822506, -0.494885, 0.0315008
stamp: 3690000000
0.00413405, 0.000338614, 0.0371326
0.506199, -0.0343261, 0.0331449
0.47733, -0.00716865, 0.0338631
0.518017, -0.00941363, 0.0320172
0.0317837, -0.491952, 0.0327441
0.0030476, -0.51877, 0.0308554
-0.000157269, -0.463883, 0.0327818
-0.00822916, -0.494888, 0.0314911
stamp: 3699000000
0.00412901, 0.000339042, 0.0371284
0.506202, -0.0343157, 0.0331441
0.477329, -0.00715886, 0.0338685
0.518015, -0.0094227, 0.0320251
0.0317873, -0.491946, 0.0327388
0.00304906, -0.518772, 0.0308419
-0.00015757, -0.463889, 0.0327766
-0.00823206, -0.494888, 0.0315026
stamp: 3709000000
0.0041327, 0.000339331, 0.0371342
0.506211, -0.0343213, 0.0331459
0.477367, -0.00715318, 0.0339111
0.518015, -0.00941573, 0.032024
0.0317902, -0.491954, 0.0327443
0.00305693, -0.518773, 0.0308541
-0.000164537, -0.463884, 0.0327715
-0.00822536, -0.494888, 0.0314941
stamp: 3719000000
0.00413104, 0.000318059, 0.0371654
0.506194, -0.0343416, 0.0331535
0.477333, -0.00715392, 0.0338695
0.518019, -0.00941033, 0.0320156
0.03179, -0.491952, 0.0327509
0.00304772, -0.518765, 0.0308394
-0.000160107, -0.463928, 0.0327126
-0.00821756, -0.494889, 0.031491
stamp: 3729000000
0.00413366, 0.000332655, 0.0371409
0.506202, -0.0343163, 0.0331538
0.47737, -0.00716073, 0.0339105
0.518023, -0.00942203, 0.03201
0.031795, -0.491951, 0.0327463
0.00305097, -0.518774, 0.0308414
-0.000161655, -0.463887, 0.0327715
-0.00822886, -0.494883, 0.0314968
stamp: 3740000000
0.00413308, 0.000327575, 0.0371266
0.506207, -0.034325, 0.0331496
0.47733, -0.00716923, 0.033864
0.51802, -0.00941327, 0.0320192
0.031791, -0.491954, 0.0327372
0.00304595, -0.518768, 0.0308542
-0.00016445, -0.463884, 0.0327661
-0.0082319, -0.494885, 0.0314889
stamp: 3749000000
0.00412973, 0.000327382, 0.0371432
0.506204, -0.0343285, 0.0331578
0.47733, -0.00716022, 0.0338731
0.518022, -0.00941196, 0.0320257
0.0317884, -0.491944, 0.0327419
0.00304861, -0.518767, 0.0308422
-0.000168001, -0.463876, 0.0327702
-0.0082442, -0.494897, 0.0315339
stamp: 3759000000
0.00413655, 0.00033951, 0.0371375
0.506201, -0.0343195, 0.0331505
0.477328, -0.00716063, 0.0338632
0.518021, -0.00940925, 0.0320127
0.0317938, -0.491951, 0.0327466
0.0030517, -0.518772, 0.0308442
-0.0001564, -0.463889, 0.0327846
-0.00824472, -0.494899, 0.0315501
stamp: 3769000000
0.00412973, 0.000327462, 0.0371333
0.506203, -0.0343186, 0.0331581
0.477368, -0.00715345, 0.0339083
0.518019, -0.00941633, 0.0320136
0.0317846, -0.491957, 0.0327458
0.00305656, -0.51877, 0.0308373
-0.00016005, -0.46389, 0.0327754
-0.00822482, -0.494888, 0.0314975
stamp: 3779000000
0.00413357, 0.000316436, 0.0371567
0.506207, -0.0343165, 0.0331618
0.477336, -0.00717229, 0.0338581
0.518023, -0.00941505, 0.0320205
0.0317861, -0.491951, 0.0327483
0.00305311, -0.51878, 0.0308421
-0.000167971, -0.463892, 0.0327713
-0.00821515, -0.494887, 0.0314989
stamp: 3790000000
0.00414102, 0.000318506, 0.0371585
0.50621, -0.0343237, 0.0331565
0.477327, -0.00716103, 0.0338687
0.518016, -0.00941032, 0.0320149
0.031785, -0.491953, 0.0327506
0.00304705, -0.518774, 0.0308414
-0.000165562, -0.46389, 0.0327835
-0.00822828, -0.494886, 0.0314958
stamp: 3799000000
0.00413629, 0.000313379, 0.0371554
0.506204, -0.0343269, 0.0331472
0.477336, -0.00716297, 0.0338805
0.518017, -0.00941243, 0.0320181
0.0317795, -0.491953, 0.0327305
0.00304288, -0.518778, 0.0308299
-0.000163404, -0.463887, 0.0327621
-0.00822116, -0.494881, 0.0315009
stamp: 3810000000
0.00412945, 0.00031375, 0.037171
0.506198, -0.0343284, 0.0331479
0.477369, -0.00715247, 0.0338908
0.518011, -0.00941564, 0.0320326
0.0317812, -0.491951, 0.0327445
0.00304721, -0.518778, 0.03084
-0.000169011, -0.463888, 0.0327673
-0.00822236, -0.494879, 0.0314934
stamp: 3819000000
0.00413414, 0.000312122, 0.0371637
0.50619, -0.0343401, 0.0331263
0.477328, -0.00715592, 0.033859
0.518024, -0.00941142, 0.0320236
0.0317829, -0.491947, 0.0327341
0.00305527, -0.518767, 0.0308485
-0.000163041, -0.46389, 0.0327654
-0.00823034, -0.494883, 0.0315118
stamp: 3829000000
0.00413731, 0.000311284, 0.0371651
0.506204, -0.0343238, 0.033153
0.477338, -0.00715965, 0.0338603
0.518012, -0.00940298, 0.03202
0.0317922, -0.49195, 0.0327367
0.00304998, -0.518778, 0.03084
-0.000162946, -0.463883, 0.0327646
-0.00822901, -0.494885, 0.0314903
stamp: 3840000000
0.00413389, 0.000336597, 0.0371267
0.506208, -0.0343263, 0.0331421
0.477334, -0.00715611, 0.0338596
0.518017, -0.00940891, 0.0320115
0.0317866, -0.491955, 0.0327479
0.00304864, -0.518766, 0.0308476
-0.000158057, -0.463886, 0.0327689
-0.00822958, -0.494887, 0.0314996
stamp: 3850000000
0.00413931, 0.000333703, 0.0371431
0.506205, -0.0343168, 0.033151
0.477371, -0.00715362, 0.0339034
0.518016, -0.00940861, 0.0320251
0.0317855, -0.491949, 0.0327482
0.003049, -0.518776, 0.0308459
-0.000163206, -0.46388, 0.0327653
-0.00823296, -0.494876, 0.0314892
stamp: 3859000000
0.00412799, 0.000328207, 0.0371584
0.506194, -0.03434, 0.0331348
0.477334, -0.00715282, 0.0338731
0.518017, -0.00941249, 0.0320262
0.0317844, -0.491948, 0.0327405
0.00304333, -0.51877, 0.0308414
-0.000164689, -0.463883, 0.0327665
-0.00823375, -0.494889, 0.0314929
stamp: 3870000000
0.00413666, 0.000335605, 0.0371379
0.506183, -0.0343486, 0.033131
0.477327, -0.00716009, 0.0338712
0.518017, -0.00941194, 0.0320233
0.0317923, -0.491951, 0.0327404
0.00304064, -0.518775, 0.030828
-0.00016288, -0.463881, 0.0327717
-0.0082318, -0.494885, 0.0314982
stamp: 3880000000
0.00413408, 0.000332327, 0.0371302
0.506195, -0.0343448, 0.0331289
0.477332, -0.00715781, 0.0338639
0.518009, -0.00941661, 0.0320171
0.0317868, -0.491956, 0.0327506
0.00305178, -0.518773, 0.0308439
-0.00016652, -0.463891, 0.0327736
-0.00822825, -0.494879, 0.0314865
stamp: 3889000000
0.00413245, 0.000332253, 0.0371478
0.506196, -0.0343444, 0.0331396
0.477371, -0.00715508, 0.0339085
0.518023, -0.00941204, 0.0320102
0.0317845, -0.49195, 0.0327376
0.00304954, -0.518768, 0.0308498
-0.00016414, -0.463932, 0.0327333
-0.00823375, -0.494881, 0.0314896
stamp: 3900000000
0.00413254, 0.00031432, 0.0371555
0.5062, -0.0343241, 0.0331481
0.477336, -0.00716256, 0.0338633
0.51802, -0.00941607, 0.0320223
0.031787, -0.491952, 0.0327462
0.00304453, -0.518778, 0.0308483
-0.000164206, -0.46389, 0.0327691
-0.00822913, -0.494884, 0.0314965
stamp: 3910000000
0.00411727, 0.00032105, 0.0371509
0.506213, -0.0343247, 0.0331592
0.477366, -0.00715221, 0.0339061
0.518015, -0.00941619, 0.0320176
0.0317822, -0.491955, 0.0327368
0.00304672, -0.518776, 0.0308457
-0.000157159, -0.463937, 0.0327345
-0.00822588, -0.494887, 0.0315006
stamp: 3919000000
0.00412971, 0.000321571, 0.037162
0.506209, -0.0343159, 0.0331618
0.47733, -0.00716205, 0.0338652
0.518021, -0.00941836, 0.0320148
0.0317834, -0.491955, 0.0327443
0.00304216, -0.518775, 0.0308498
-0.000167406, -0.463893, 0.032763
-0.00822402, -0.494892, 0.0314992
stamp: 3929000000
0.0041271, 0.000314734, 0.0371642
0.506189, -0.0343441, 0.0331266
0.477328, -0.0071577, 0.0338683
0.518023, -0.00941316, 0.0320232
0.0317865, -0.49195, 0.0327413
0.00303961, -0.518782, 0.0308482
-0.000168484, -0.463933, 0.0327317
-0.00824508, -0.494898, 0.0315368
stamp: 3940000000
0.00413339, 0.00031666, 0.0371637
0.506203, -0.0343253, 0.033153
0.477322, -0.00715872, 0.0338715
0.518025, -0.0094067, 0.0320215
0.0317908, -0.49196, 0.0327418
0.00304882, -0.518771, 0.0308369
-0.000166472, -0.463891, 0.0327727
-0.00823159, -0.494888, 0.0314866
stamp: 3949000000
0.00413382, 0.000314933, 0.0371527
0.506208, -0.0343248, 0.0331557
0.477331, -0.00716766, 0.0338615
0.518006, -0.0094168, 0.0320197
0.0317843, -0.491952, 0.0327408
0.00305086, -0.518768, 0.0308375
-0.000168253, -0.463887, 0.0327819
-0.00822914, -0.494896, 0.0315047
stamp: 3959000000
0.00413768, 0.000314446, 0.0371693
0.506251, -0.0342776, 0.0330241
0.477327, -0.00715872, 0.0338723
0.518013, -0.00942471, 0.0320118
0.031794, -0.491953, 0.0327475
0.00304192, -0.518774, 0.0308366
-0.000166993, -0.463888, 0.0327586
-0.00822193, -0.494892, 0.0314842
stamp: 3970000000
0.00413427, 0.000334598, 0.037135
0.506196, -0.0343466, 0.033124
0.47733, -0.00716722, 0.0338684
0.518016, -0.00941338, 0.0320114
0.0317902, -0.491944, 0.0327392
0.00304682, -0.518771, 0.0308356
-0.000165166, -0.463886, 0.0327745
-0.00822995, -0.494884, 0.0315007
stamp: 3979000000
0.00413846, 0.000312857, 0.0371686
0.506199, -0.0343176, 0.0331726
0.477331, -0.00716665, 0.0338707
0.518019, -0.00941608, 0.0320212
0.0317848, -0.49195, 0.0327408
0.0030515, -0.518768, 0.0308329
-0.000162586, -0.463888, 0.0327709
-0.00822637, -0.494893, 0.0314959
stamp: 3990000000
0.00413715, 0.000325413, 0.0371362
0.506184, -0.0343442, 0.0331346
0.477327, -0.00715482, 0.0338739
0.518013, -0.00940986, 0.0320214
0.0317858, -0.491956, 0.0327436
0.00305121, -0.518762, 0.0308362
-0.000160105, -0.463889, 0.0327708
-0.00822122, -0.494887, 0.0314999
stamp: 3999000000
0.00413823, 0.000327547, 0.0371541
0.506196, -0.034323, 0.0331499
0.477367, -0.00716539, 0.0338986
0.518022, -0.00941054, 0.032014
0.0317873, -0.49195, 0.0327457
0.00304929, -0.518776, 0.0308417
-0.00016014, -0.463892, 0.0327667
-0.00823916, -0.494889, 0.0314917
stamp: 4009000000
0.00412797, 0.000320648, 0.0371652
0.506206, -0.034318, 0.0331521
0.477363, -0.00715253, 0.0339073
0.518009, -0.00941021, 0.0320172
0.0317802, -0.491954, 0.0327451
0.00304974, -0.518778, 0.0308555
-0.000166725, -0.463887, 0.0327772
-0.00822764, -0.494884, 0.0314934
stamp: 4020000000
0.00412848, 0.000310734, 0.0371685
0.506194, -0.0343501, 0.0331206
0.477329, -0.00715862, 0.033863
0.518027, -0.00940978, 0.0320264
0.0317837, -0.491956, 0.0327376
0.00304813, -0.518771, 0.0308379
-0.00016983, -0.463885, 0.0327599
-0.00822815, -0.494886, 0.0315027
stamp: 4029000000
0.00413216, 0.000334303, 0.0371348
0.506194, -0.0343341, 0.0331302
0.477326, -0.00716432, 0.0338592
0.51802, -0.00941213, 0.0320199
0.0317836, -0.49195, 0.0327409
0.00305186, -0.518771, 0.0308531
-0.000162425, -0.46389, 0.0327608
-0.00823175, -0.494881, 0.0314881
stamp: 4040000000
0.00413511, 0.000317359, 0.0371523
0.506207, -0.0343177, 0.0331593
0.47732, -0.0071622, 0.0338728
0.518022, -0.00941595, 0.0320251
0.0317872, -0.491955, 0.0327353
0.00304602, -0.51878, 0.030844
-0.000161889, -0.463885, 0.0327672
-0.00823727, -0.494885, 0.0315009
stamp: 4049000000
0.00412655, 0.000318548, 0.0371543
0.506208, -0.0343137, 0.0331519
0.477332, -0.00716416, 0.0338687
0.518021, -0.00941, 0.0320216
0.0317861, -0.491955, 0.0327382
0.00304342, -0.518779, 0.0308306
-0.000164944, -0.463898, 0.0327631
-0.00823181, -0.49488, 0.0314886
stamp: 4059000000
0.00411892, 0.000315749, 0.037153
0.50619, -0.0343421, 0.0331205
0.477322, -0.00716009, 0.0338706
0.518008, -0.00940778, 0.0320294
0.0317832, -0.49195, 0.0327307
0.00304385, -0.518772, 0.0308476
-0.000163325, -0.463928, 0.0327205
-0.00822981, -0.494886, 0.0314981
stamp: 4070000000
0.00412932, 0.000315681, 0.0371612
0.5062, -0.0343137, 0.0331496
0.477334, -0.00716872, 0.0338701
0.518015, -0.00941187, 0.0320191
0.0317859, -0.491941, 0.0327392
0.00304274, -0.518774, 0.0308437
-0.000163836, -0.463894, 0.0327785
-0.008231, -0.494889, 0.0314998
stamp: 4080000000
0.00413251, 0.000313181, 0.0371582
0.506204, -0.0343109, 0.0331449
0.47733, -0.00716647, 0.0338668
0.518011, -0.00941468, 0.0320175
0.031789, -0.491951, 0.0327427
0.00305245, -0.51877, 0.0308405
-0.000165061, -0.463888, 0.0327717
-0.00822351, -0.494886, 0.0315014
stamp: 4090000000
0.00412657, 0.000315901, 0.0371569
0.506194, -0.034347, 0.0331264
0.477326, -0.00716035, 0.033857
0.518017, -0.00941719, 0.0320155
0.0317935, -0.491951, 0.0327451
0.00304524, -0.51878, 0.030847
-0.000158333, -0.463885, 0.0327774
-0.00823206, -0.494888, 0.0314918
stamp: 4099000000
0.00413141, 0.000332957, 0.0371394
0.506198, -0.0343174, 0.0331436
0.477323, -0.00715652, 0.0338629
0.518015, -0.00941327, 0.0320288
0.0317914, -0.491955, 0.0327451
0.00305673, -0.51877, 0.030848
-0.000161443, -0.463925, 0.0327201
-0.00822287, -0.494891, 0.0314954
stamp: 4110000000
0.00412278, 0.00031675, 0.0371439
0.506196, -0.0343431, 0.0331167
0.477325, -0.00716747, 0.033863
0.518017, -0.00941139, 0.0320186
0.0317914, -0.491944, 0.0327399
0.00305085, -0.518772, 0.0308474
-0.000164189, -0.463887, 0.0327642
-0.00823757, -0.494881, 0.0314844
stamp: 4119000000
0.00413035, 0.000311399, 0.0371659
0.506197, -0.0343249, 0.0331408
0.477373, -0.00715813, 0.0339108
0.518021, -0.00941578, 0.0320185
0.0317811, -0.491952, 0.0327429
0.00304693, -0.518777, 0.030843
-0.00016667, -0.463882, 0.0327654
-0.00823061, -0.494882, 0.0314985
stamp: 4130000000
0.0041392, 0.000309011, 0.0371553
0.506198, -0.0343249, 0.0331408
0.477369, -0.00715303, 0.0339124
0.518021, -0.00941266, 0.0320081
0.0317886, -0.491952, 0.032737
0.00304535, -0.518777, 0.0308432
-0.000167994, -0.463893, 0.032773
-0.00822729, -0.494883, 0.0314975
stamp: 4140000000
0.00413331, 0.000318357, 0.0371704
0.506209, -0.0343149, 0.0331514
0.477368, -0.00716155, 0.0339041
0.518014, -0.00941512, 0.0320111
0.0317936, -0.491958, 0.0327537
0.00306065, -0.518782, 0.0308604
-0.000160174, -0.463891, 0.0327691
-0.00823271, -0.494882, 0.0314924
stamp: 4149000000
0.00413082, 0.000303602, 0.0371626
0.506209, -0.0343333, 0.0331501
0.477372, -0.00716316, 0.0339008
0.518012, -0.00941613, 0.0320079
0.0317884, -0.491948, 0.03273
0.00304819, -0.518779, 0.0308543
-0.000160596, -0.463925, 0.0327216
-0.0082431, -0.494901, 0.0315371
stamp: 4159000000
0.00413864, 0.000308553, 0.0371664
0.506204, -0.0343201, 0.0331443
0.477374, -0.00716729, 0.0338908
0.518017, -0.00941125, 0.0320196
0.0317897, -0.491955, 0.0327327
0.00304998, -0.518775, 0.0308463
-0.000173257, -0.463887, 0.0327585
-0.00822448, -0.494882, 0.0314949
stamp: 4170000000
0.00412987, 0.000339532, 0.0371358
0.506207, -0.0343221, 0.0331493
0.477326, -0.00716404, 0.033851
0.518018, -0.00942015, 0.0320143
0.0317849, -0.491957, 0.0327509
0.00304169, -0.518781, 0.0308454
-0.000154822, -0.463928, 0.0327299
-0.00824209, -0.494897, 0.0315401
stamp: 4179000000
0.00413773, 0.000341788, 0.0371314
0.506214, -0.0343226, 0.0331471
0.47733, -0.00715061, 0.0338757
0.518023, -0.0094147, 0.0320216
0.0317857, -0.491952, 0.0327494
0.00304482, -0.518775, 0.0308378
-0.000162027, -0.463884, 0.0327715
-0.00822974, -0.494888, 0.0314931
stamp: 4190000000
0.00413211, 0.000319891, 0.0371601
0.506232, -0.0342858, 0.0330238
0.477329, -0.00716361, 0.0338666
0.51802, -0.00941257, 0.0320126
0.0317876, -0.491952, 0.0327536
0.00305072, -0.518778, 0.0308469
-0.000161461, -0.463895, 0.0327662
-0.00822514, -0.494876, 0.031485
stamp: 4199000000
0.00413234, 0.000313591, 0.0371622
0.50621, -0.0343254, 0.0331411
0.477325, -0.00715981, 0.0338595
0.518016, -0.0094107, 0.0320168
0.0317939, -0.49195, 0.0327451
0.00305544, -0.518774, 0.0308535
-0.000159248, -0.463888, 0.0327796
-0.00824014, -0.494886, 0.031494
stamp: 4209000000
0.0041384, 0.000328667, 0.037124
0.506204, -0.0343163, 0.0331481
0.47733, -0.00715597, 0.0338742
0.518022, -0.00941158, 0.0320163
0.0317884, -0.491948, 0.0327444
0.00304874, -0.518774, 0.0308397
-0.000155508, -0.463892, 0.0327756
-0.00823773, -0.494879, 0.0314886
stamp: 4220000000
0.00413932, 0.000345787, 0.0371363
0.506206, -0.0343218, 0.0331471
0.477323, -0.00715993, 0.0338668
0.518013, -0.00942113, 0.0320127
0.0317922, -0.491954, 0.0327414
0.00304431, -0.518772, 0.0308367
-0.000170359, -0.463889, 0.0327605
-0.00823221, -0.494891, 0.0315009
stamp: 4229000000
0.00413423, 0.000337508, 0.0371278
0.506203, -0.034347, 0.0331153
0.477362, -0.00715593, 0.0339091
0.518015, -0.00941219, 0.0320133
0.0317866, -0.491955, 0.032738
0.00304391, -0.518775, 0.0308461
-0.000169035, -0.463887, 0.0327611
-0.00823083, -0.494887, 0.0314881
stamp: 4240000000
0.00413184, 0.00031326, 0.037163
0.506204, -0.034324, 0.033144
0.477332, -0.0071639, 0.0338747
0.518022, -0.00941431, 0.0320205
0.0317851, -0.491947, 0.0327391
0.00304987, -0.518773, 0.0308514
-0.000165956, -0.463886, 0.0327631
-0.00822589, -0.494884, 0.0314887
stamp: 4250000000
0.00413388, 0.000317266, 0.0371633
0.506192, -0.0343313, 0.0331312
0.477368, -0.00715073, 0.0339032
0.518019, -0.00941305, 0.0320154
0.0317846, -0.491945, 0.0327373
0.00304649, -0.518775, 0.0308439
-0.000169162, -0.463884, 0.0327707
-0.00823222, -0.494884, 0.0315021
stamp: 4259000000
0.00412706, 0.000317449, 0.0371532
0.506201, -0.034317, 0.0331527
0.477329, -0.00715911, 0.0338636
0.518015, -0.00941622, 0.0320177
0.0317855, -0.491954, 0.0327399
0.00304625, -0.51877, 0.0308413
-0.000169586, -0.46389, 0.0327644
-0.0082345, -0.494881, 0.0314884
stamp: 4270000000
0.00412559, 0.000331563, 0.0371299
0.506203, -0.034307, 0.0331529
0.47733, -0.00716398, 0.0338831
0.518022, -0.00941317, 0.0320148
0.0317783, -0.49195, 0.0327413
0.00304002, -0.518774, 0.0308431
-0.000166661, -0.463891, 0.0327784
-0.0082161, -0.494891, 0.0315
stamp: 4280000000
0.00413689, 0.00031751, 0.0371583
0.506205, -0.0343162, 0.0331501
0.47737, -0.00715673, 0.0339049
0.518012, -0.00941232, 0.0320193
0.0317912, -0.491952, 0.0327368
0.00304152, -0.518776, 0.0308431
-0.000163178, -0.463887, 0.0327701
-0.0082282, -0.494886, 0.0315011
stamp: 4290000000
0.00412518, 0.000318284, 0.0371597
0.506203, -0.0343235, 0.0331523
0.477326, -0.00715474, 0.033864
0.518018, -0.00941786, 0.0320237
0.0317849, -0.491954, 0.0327434
0.00304699, -0.518779, 0.0308473
-0.000161644, -0.463887, 0.0327717
-0.00822092, -0.494885, 0.0314999
stamp: 4300000000
0.00413041, 0.00031833, 0.037163
0.506205, -0.0343239, 0.0331461
0.477327, -0.0071582, 0.033858
0.518022, -0.00940966, 0.032014
0.031785, -0.491955, 0.0327391
0.00304484, -0.518769, 0.0308438
-0.000162684, -0.463882, 0.0327648
-0.00822977, -0.494885, 0.0314923
stamp: 4310000000
0.00413135, 0.000315207, 0.0371614
0.506201, -0.0343411, 0.0331194
0.477325, -0.00715761, 0.0338704
0.518019, -0.00941343, 0.0320271
0.031783, -0.491956, 0.0327389
0.00304813, -0.518773, 0.030834
-0.000165042, -0.463883, 0.0327698
-0.0082292, -0.494885, 0.0314908
stamp: 4319000000
0.00413267, 0.000335765, 0.0371358
0.506191, -0.0343376, 0.0331323
0.477333, -0.00715002, 0.0338723
0.518015, -0.00941385, 0.0320105
0.0317902, -0.491953, 0.0327512
0.00304552, -0.518779, 0.0308393
-0.00017265, -0.463884, 0.032774
-0.00825119, -0.4949, 0.0315274
stamp: 4329000000
0.00412387, 0.000315594, 0.0371522
0.506201, -0.0343203, 0.033156
0.477329, -0.00716445, 0.0338661
0.518018, -0.00941127, 0.0320293
0.0317918, -0.491961, 0.0327556
0.00304722, -0.518775, 0.0308418
-0.000175761, -0.46389, 0.0327653
-0.00822943, -0.494885, 0.031489
stamp: 4340000000
0.00412442, 0.000313903, 0.0371591
0.506195, -0.0343432, 0.0331303
0.477331, -0.00716491, 0.0338719
0.518021, -0.00941252, 0.0320072
0.0317805, -0.49196, 0.0327517
0.00305114, -0.518772, 0.0308327
-0.000167982, -0.463891, 0.0327717
-0.00822571, -0.494885, 0.0314945
stamp: 4349000000
0.00412339, 0.000311225, 0.0371483
0.506255, -0.0342625, 0.0330326
0.477324, -0.00715959, 0.0338609
0.51802, -0.00941835, 0.0320156
0.0317835, -0.49195, 0.0327492
0.00304053, -0.518779, 0.0308405
-0.000169129, -0.463891, 0.0327698
-0.00822979, -0.494882, 0.0314975
stamp: 4360000000
0.00413066, 0.00031623, 0.037145
0.50622, -0.0343184, 0.0331487
0.477328, -0.00716088, 0.0338559
0.518021, -0.00941438, 0.0320164
0.0317879, -0.491946, 0.0327347
0.00305033, -0.518771, 0.0308453
-0.000162617, -0.463888, 0.0327667
-0.00822538, -0.494885, 0.0314891
stamp: 4369000000
0.00413851, 0.000316153, 0.0371511
0.506218, -0.0343293, 0.0331568
0.477361, -0.00716223, 0.0339086
0.518008, -0.00941208, 0.0320223
0.0317873, -0.491945, 0.0327354
0.00305313, -0.518772, 0.0308353
-0.000163139, -0.463881, 0.0327703
-0.00822295, -0.494887, 0.0314943
stamp: 4379000000
0.0041346, 0.000334768, 0.0371379
0.506206, -0.0343189, 0.0331442
0.47733, -0.00715181, 0.033857
0.518025, -0.00941468, 0.0320146
0.0317973, -0.491949, 0.0327474
0.00304608, -0.518772, 0.0308379
-0.000167853, -0.46389, 0.0327684
-0.00825528, -0.494906, 0.0315408
stamp: 4390000000
0.00414331, 0.000341223, 0.0371373
0.506208, -0.0343212, 0.0331525
0.477367, -0.00715256, 0.0339077
0.51802, -0.00940993, 0.03202
0.0317854, -0.491953, 0.0327478
0.00304334, -0.518783, 0.0308385
-0.000165702, -0.463883, 0.032775
-0.00822799, -0.49488, 0.0315023
stamp: 4399000000
0.00413172, 0.000316159, 0.0371488
0.506193, -0.0343458, 0.0331289
0.47732, -0.00716101, 0.0338676
0.518018, -0.00941166, 0.0320165
0.0317851, -0.491951, 0.0327456
0.00305338, -0.518778, 0.0308579
-0.000164293, -0.463886, 0.0327728
-0.00823081, -0.494888, 0.0314958
stamp: 4409000000
0.00413821, 0.000332674, 0.037139
0.506191, -0.0343431, 0.0331184
0.477325, -0.00715496, 0.0338656
0.518017, -0.00941069, 0.0320208
0.0317895, -0.491951, 0.0327495
0.0030484, -0.518768, 0.0308456
-0.000166255, -0.463891, 0.0327705
-0.00822335, -0.494881, 0.0314974
stamp: 4419000000
0.00413763, 0.000314703, 0.0371587
0.5062, -0.0343239, 0.0331314
0.477333, -0.00714981, 0.0338628
0.518014, -0.00941244, 0.0320194
0.0317838, -0.491947, 0.0327318
0.00304794, -0.518767, 0.030838
-0.00016869, -0.463885, 0.0327681
-0.00822546, -0.49488, 0.0314845
stamp: 4429000000
0.00413292, 0.000333166, 0.037137
0.506205, -0.0343225, 0.0331464
0.47733, -0.00715839, 0.0338689
0.518018, -0.00941292, 0.0320169
0.0317914, -0.491949, 0.0327397
0.00305257, -0.518766, 0.0308541
-0.000173151, -0.463887, 0.0327523
-0.00822313, -0.494888, 0.0315026
stamp: 4440000000
0.00413062, 0.000318936, 0.037154
0.506207, -0.0343117, 0.0331427
0.477327, -0.0071625, 0.0338575
0.518017, -0.00941351, 0.0320279
0.0317836, -0.491954, 0.0327398
0.00304526, -0.518781, 0.0308391
-0.000176426, -0.463884, 0.0327614
-0.00823066, -0.494894, 0.031502
stamp: 4449000000
0.00412893, 0.000319199, 0.0371533
0.506193, -0.0343441, 0.0331268
0.47733, -0.00715251, 0.0338544
0.518018, -0.00940895, 0.032025
0.0317819, -0.491955, 0.0327525
0.00304074, -0.518777, 0.0308401
-0.000165956, -0.463924, 0.0327237
-0.00824748, -0.494898, 0.0315323
stamp: 4459000000
0.00412526, 0.000328362, 0.0371336
0.506206, -0.0343177, 0.0331517
0.477366, -0.00714512, 0.0339039
0.518018, -0.0094188, 0.0320157
0.0317881, -0.491947, 0.0327453
0.00304958, -0.518778, 0.0308512
-0.00016579, -0.46389, 0.0327674
-0.00822519, -0.49488, 0.0315016
stamp: 4470000000
0.00412741, 0.000313836, 0.0371583
0.506208, -0.0343154, 0.0331381
0.477333, -0.00716265, 0.0338712
0.518014, -0.00940973, 0.0320234
0.0317905, -0.491953, 0.0327427
0.00304054, -0.518775, 0.0308391
-0.000167575, -0.463881, 0.0327589
-0.00822458, -0.494894, 0.0314955
stamp: 4479000000
0.00412741, 0.000317115, 0.0371526
0.506207, -0.034313, 0.0331446
0.477327, -0.00716672, 0.0338673
0.518012, -0.00940291, 0.0320275
0.03179, -0.491952, 0.0327439
0.00304009, -0.518774, 0.0308338
-0.000166339, -0.463925, 0.0327188
-0.00822586, -0.494888, 0.0315021
stamp: 4490000000
0.00414386, 0.00031816, 0.03716
0.506207, -0.0343176, 0.0331471
0.477368, -0.00715124, 0.0339113
0.518011, -0.00940457, 0.0320163
0.031793, -0.491952, 0.0327446
0.0030458, -0.518775, 0.0308392
-0.000165468, -0.463887, 0.0327657
-0.00822126, -0.494884, 0.0314858
stamp: 4499000000
0.00412918, 0.000322017, 0.037157
0.50621, -0.0343242, 0.0331527
0.477325, -0.00715691, 0.033866
0.518025, -0.009414, 0.0320064
0.0317897, -0.491947, 0.0327389
0.00304744, -0.518768, 0.0308309
-0.000164324, -0.463885, 0.0327608
-0.00822572, -0.494884, 0.0314895
stamp: 4509000000
0.00414765, 0.000335418, 0.0371404
0.506209, -0.0343119, 0.033156
0.477328, -0.00716073, 0.0338618
0.518016, -0.0094202, 0.0320083
0.0317864, -0.491947, 0.0327349
0.00304415, -0.518778, 0.0308506
-0.000163347, -0.463882, 0.0327612
-0.0082301, -0.494887, 0.0314945
stamp: 4519000000
0.00412979, 0.000325161, 0.0371601
0.506205, -0.0343268, 0.0331524
0.47733, -0.00716014, 0.0338666
0.518024, -0.00940674, 0.0320185
0.0317894, -0.491953, 0.032741
0.00304828, -0.518765, 0.0308412
-0.000167369, -0.46389, 0.0327756
-0.00824092, -0.494901, 0.0315601
stamp: 4529000000
0.0041348, 0.000334903, 0.0371396
0.506201, -0.0343197, 0.0331533
0.477378, -0.00714974, 0.0339028
0.518013, -0.00940982, 0.0320213
0.031789, -0.491948, 0.0327442
0.00304933, -0.51878, 0.030851
-0.000166232, -0.463886, 0.0327786
-0.00822981, -0.494886, 0.031493
stamp: 4540000000
0.00413477, 0.000321266, 0.0371507
0.506187, -0.034344, 0.0331253
0.477369, -0.0071655, 0.0339057
0.518025, -0.00941468, 0.0320124
0.0317944, -0.491951, 0.0327422
0.00304697, -0.518781, 0.0308368
-0.000153845, -0.463919, 0.0327325
-0.0082424, -0.4949, 0.0315281
stamp: 4549000000
0.00413623, 0.000332558, 0.0371264
0.506251, -0.0342748, 0.0330349
0.477371, -0.007159, 0.0339055
0.51802, -0.00941191, 0.0320103
0.031786, -0.491949, 0.0327497
0.00304855, -0.518774, 0.0308559
-0.000169168, -0.463888, 0.0327697
-0.00823345, -0.494889, 0.0314826
stamp: 4560000000
0.00412984, 0.00031349, 0.0371608
0.506206, -0.0343401, 0.0331258
0.477334, -0.00715858, 0.0338658
0.518019, -0.00940647, 0.0320191
0.0317876, -0.491955, 0.0327396
0.00305695, -0.518774, 0.0308428
-0.000162818, -0.463924, 0.0327164
-0.0082243, -0.49489, 0.0314931
stamp: 4569000000
0.00413015, 0.000327499, 0.0371335
0.506194, -0.0343202, 0.0331485
0.477327, -0.00715725, 0.0338627
0.518013, -0.00940828, 0.0320103
0.0317921, -0.491945, 0.0327372
0.00305095, -0.518772, 0.0308414
-0.000166155, -0.463889, 0.0327708
-0.00822665, -0.494887, 0.0314921
stamp: 4579000000
0.00412589, 0.000318423, 0.037151
0.506204, -0.034313, 0.0331498
0.477326, -0.00715428, 0.033873
0.518017, -0.00941729, 0.0320137
0.031785, -0.491949, 0.0327301
0.00305344, -0.518773, 0.0308457
-0.000164314, -0.463929, 0.0327204
-0.00823075, -0.494885, 0.0314955
stamp: 4590000000
0.00414085, 0.00031096, 0.0371747
0.506205, -0.0343164, 0.0331614
0.477327, -0.00716002, 0.0338657
0.518014, -0.0094172, 0.0320207
0.0317936, -0.491957, 0.0327477
0.00304153, -0.518773, 0.0308381
-0.000171985, -0.46389, 0.0327654
-0.00823279, -0.494888, 0.0315041
stamp: 4599000000
0.00412957, 0.000316917, 0.0371576
0.506208, -0.03431, 0.0331527
0.477333, -0.00715712, 0.033871
0.518024, -0.0094164, 0.0320144
0.0317832, -0.491957, 0.0327511
0.00304969, -0.518771, 0.0308444
-0.000174767, -0.463878, 0.0327668
-0.00822714, -0.494893, 0.0314911
stamp: 4609000000
0.00413476, 0.000317788, 0.0371621
0.506199, -0.0343381, 0.0331315
0.477333, -0.00715333, 0.0338672
0.518024, -0.00941688, 0.0320136
0.0317851, -0.491953, 0.0327477
0.00304589, -0.518768, 0.0308368
-0.000168967, -0.463891, 0.0327565
-0.00822656, -0.494893, 0.0314978
stamp: 4620000000
0.00413742, 0.000317119, 0.0371596
0.506188, -0.0343391, 0.0331116
0.477334, -0.00715379, 0.0338661
0.518017, -0.00941565, 0.032015
0.031788, -0.491949, 0.0327411
0.00305304, -0.518777, 0.0308461
-0.000168692, -0.463896, 0.0327623
-0.00822761, -0.494895, 0.031486
stamp: 4629000000
0.0041361, 0.000310027, 0.0371742
0.506207, -0.0343223, 0.0331416
0.477372, -0.00715605, 0.0339087
0.518022, -0.00941642, 0.0320114
0.0317894, -0.491949, 0.0327298
0.00303655, -0.518772, 0.0308335
-0.000162053, -0.463892, 0.0327725
-0.00822762, -0.494889, 0.0315076
stamp: 4640000000
0.00413504, 0.000322374, 0.0371612
0.5062, -0.0343399, 0.033125
0.477325, -0.00717273, 0.0338603
0.518025, -0.00941143, 0.0320113
0.0317888, -0.491951, 0.0327475
0.00304469, -0.518773, 0.0308408
-0.000166168, -0.463887, 0.0327667
-0.00822885, -0.494881, 0.031493
stamp: 4650000000
0.00412371, 0.00031549, 0.0371591
0.506207, -0.0343208, 0.0331571
0.477376, -0.00716561, 0.0339032
0.518023, -0.00940691, 0.0320155
0.0317954, -0.491942, 0.0327452
0.00304897, -0.518775, 0.0308441
-0.000159554, -0.463884, 0.032783
-0.00823318, -0.494883, 0.0314822
stamp: 4659000000
0.00413184, 0.000310388, 0.0371702
0.506195, -0.0343386, 0.0331199
0.477335, -0.00716663, 0.0338723
0.518016, -0.00941116, 0.0320052
0.0317884, -0.49194, 0.032737
0.00304789, -0.518773, 0.0308534
-0.00016009, -0.463884, 0.0327757
-0.00822567, -0.494885, 0.0314954
stamp: 4669000000
0.00412735, 0.000314751, 0.0371614
0.506191, -0.0343466, 0.033129
0.477335, -0.00715087, 0.0338605
0.518026, -0.00941442, 0.0320201
0.0317895, -0.491943, 0.0327466
0.00305613, -0.518766, 0.0308396
-0.000165752, -0.463893, 0.0327657
-0.00823239, -0.494882, 0.0314975
stamp: 4680000000
0.00412477, 0.000320331, 0.0371616
0.506208, -0.0343239, 0.0331593
0.477328, -0.00716067, 0.0338643
0.518016, -0.0094056, 0.032018
0.031797, -0.491948, 0.0327416
0.00304853, -0.518773, 0.0308397
-0.000165187, -0.463883, 0.032767
-0.00823454, -0.494888, 0.0314973
stamp: 4690000000
0.00413082, 0.00033006, 0.0371368
0.506196, -0.0343395, 0.0331303
0.477331, -0.00715795, 0.0338682
0.518024, -0.00941243, 0.0320229
0.031787, -0.49194, 0.0327339
0.00304994, -0.518775, 0.0308426
-0.000159117, -0.463929, 0.0327186
-0.0082236, -0.49489, 0.0314966
stamp: 4699000000
0.00413609, 0.000318354, 0.0371605
0.506202, -0.0343163, 0.0331454
0.477328, -0.00715392, 0.0338654
0.518021, -0.00940922, 0.0320112
0.0317781, -0.491945, 0.0327339
0.00304323, -0.518781, 0.0308483
-0.000162167, -0.463884, 0.0327773
-0.0082257, -0.494881, 0.0314947
stamp: 4709000000
0.0041332, 0.000333952, 0.0371291
0.506208, -0.0343156, 0.0331587
0.477331, -0.00715386, 0.0338757
0.518017, -0.00941491, 0.0320184
0.0317959, -0.491948, 0.0327528
0.00305219, -0.518781, 0.0308511
-0.00016245, -0.463892, 0.0327711
-0.00823056, -0.494885, 0.0315012
stamp: 4719000000
0.00413651, 0.000335712, 0.0371504
0.506194, -0.034341, 0.0331279
0.477328, -0.00716434, 0.0338638
0.518018, -0.00941755, 0.0320234
0.0317913, -0.491951, 0.0327421
0.00305683, -0.518772, 0.0308626
-0.000167118, -0.463896, 0.0327787
-0.00822972, -0.494888, 0.0314954
stamp: 4729000000
0.00412452, 0.000317774, 0.0371543
0.506192, -0.0343428, 0.0331256
0.47734, -0.00715338, 0.0338728
0.51802, -0.00941169, 0.0320269
0.0317854, -0.491953, 0.0327479
0.00304958, -0.518773, 0.0308464
-0.000161513, -0.463892, 0.0327682
-0.00822315, -0.494886, 0.0314914
stamp: 4740000000
0.00412575, 0.000315698, 0.037152
0.506189, -0.0343374, 0.033121
0.477368, -0.00715174, 0.0339098
0.518018, -0.00941007, 0.0320121
0.031787, -0.491952, 0.0327436
0.00304344, -0.518777, 0.0308352
-0.000162933, -0.463887, 0.0327737
-0.00823095, -0.494888, 0.0315051
stamp: 4749000000
0.00414122, 0.000333353, 0.0371368
0.506205, -0.0343189, 0.033157
0.477368, -0.00715529, 0.0339093
0.518014, -0.00941338, 0.032027
0.0317851, -0.49195, 0.0327361
0.00305789, -0.518779, 0.0308359
-0.00016742, -0.463892, 0.032778
-0.00822609, -0.494885, 0.0314886
stamp: 4759000000
0.00413933, 0.000331205, 0.0371403
0.506211, -0.0343194, 0.0331405
0.477374, -0.00715443, 0.033913
0.518029, -0.00941302, 0.0320217
0.0317893, -0.49195, 0.0327472
0.00305007, -0.518777, 0.0308466
-0.000159911, -0.463889, 0.032768
-0.00823047, -0.494897, 0.0314985
stamp: 4769000000
0.00412149, 0.000310263, 0.037155
0.506207, -0.0343112, 0.0331379
0.477374, -0.00715457, 0.0339083
0.518022, -0.00940997, 0.0320248
0.0317873, -0.49195, 0.0327505
0.00305578, -0.518766, 0.0308479
-0.000171945, -0.463884, 0.0327588
-0.00822634, -0.494886, 0.0315037
stamp: 4779000000
0.00413811, 0.00033302, 0.0371426
0.50619, -0.0343382, 0.0331337
0.477333, -0.00716282, 0.03387
0.518021, -0.00940565, 0.0320277
0.0317882, -0.491951, 0.0327429
0.00305089, -0.518779, 0.0308465
-0.000163474, -0.463892, 0.0327765
-0.00822139, -0.494882, 0.031496
stamp: 4789000000
0.00412976, 0.000321897, 0.0371522
0.506207, -0.0343206, 0.0331534
0.477371, -0.0071646, 0.0339058
0.518019, -0.00941298, 0.0320297
0.0317894, -0.491953, 0.0327433
0.00305804, -0.51877, 0.0308468
-0.000165653, -0.463895, 0.0327752
-0.00822696, -0.494887, 0.0314941
stamp: 4799000000
0.00414279, 0.000335739, 0.0371297
0.506208, -0.0343205, 0.0331562
0.477376, -0.00716145, 0.033908
0.518014, -0.00941048, 0.0320182
0.0317903, -0.491946, 0.0327425
0.00304895, -0.518767, 0.0308455
-0.000167908, -0.463884, 0.0327599
-0.00822113, -0.494886, 0.0314998
stamp: 4809000000
0.00413705, 0.000327241, 0.0371548
0.506193, -0.0343421, 0.0331266
0.47737, -0.00715799, 0.0339102
0.518014, -0.00941864, 0.0320054
0.031793, -0.491952, 0.0327434
0.00304945, -0.518776, 0.0308398
-0.000163928, -0.463885, 0.0327654
-0.00822518, -0.494889, 0.0314836
stamp: 4819000000
0.00413416, 0.000328172, 0.0371693
0.506197, -0.034314, 0.0331558
0.477371, -0.00715977, 0.0338961
0.518022, -0.00942068, 0.0320169
0.0317875, -0.491946, 0.0327303
0.00305454, -0.518775, 0.0308396
-0.000165511, -0.463895, 0.03277
-0.00822617, -0.494881, 0.0314914
stamp: 4829000000
0.00414205, 0.000316679, 0.0371683
0.506196, -0.0343204, 0.0331414
0.477373, -0.00715614, 0.0339053
0.518014, -0.00941451, 0.0320197
0.0317907, -0.491948, 0.0327389
0.00304687, -0.518771, 0.030838
-0.000165127, -0.463887, 0.0327783
-0.00822142, -0.494886, 0.0314956
stamp: 4839000000
0.00412748, 0.000319857, 0.0371621
0.506207, -0.0343214, 0.0331387
0.477381, -0.00715439, 0.0339112
0.518022, -0.00941542, 0.032014
0.0317865, -0.491948, 0.0327433
0.00305038, -0.518768, 0.0308349
-0.000166085, -0.463887, 0.0327651
-0.00822354, -0.494882, 0.0315111
stamp: 4849000000
0.00413595, 0.000313189, 0.0371588
0.506209, -0.0343202, 0.0331534
0.477337, -0.00715048, 0.0338619
0.518015, -0.00941657, 0.0320183
0.0317885, -0.491949, 0.0327461
0.00305204, -0.518769, 0.0308467
-0.000159557, -0.463887, 0.0327833
-0.00822592, -0.494889, 0.0314957
stamp: 4859000000
0.00413857, 0.000320474, 0.0371635
0.506202, -0.0343169, 0.0331477
0.477376, -0.00715021, 0.0339011
0.518022, -0.0094089, 0.0320275
0.0317941, -0.491954, 0.0327527
0.00305314, -0.518765, 0.0308393
-0.000164055, -0.463887, 0.0327691
-0.00823102, -0.494886, 0.0314987
stamp: 4869000000
0.00413536, 0.000318152, 0.0371633
0.5062, -0.0343163, 0.0331469
0.477373, -0.00715936, 0.0339127
0.518021, -0.00941967, 0.0320117
0.0317919, -0.491951, 0.0327529
0.00305658, -0.518772, 0.030855
-0.000165892, -0.463885, 0.0327673
-0.00824927, -0.494902, 0.0315355
stamp: 4879000000
0.00413119, 0.000325323, 0.0371501
0.506204, -0.0343136, 0.0331557
0.477364, -0.00715636, 0.0339108
0.518026, -0.00940677, 0.0320196
0.0317915, -0.491945, 0.0327479
0.00305045, -0.518778, 0.0308426
-0.000163187, -0.46389, 0.0327652
-0.0082381, -0.494876, 0.0315002
stamp: 4889000000
0.00412619, 0.000325766, 0.037155
0.506206, -0.0343172, 0.033159
0.477371, -0.007146, 0.0339036
0.518023, -0.00940221, 0.0320187
0.031792, -0.491949, 0.0327548
0.00304274, -0.518772, 0.0308295
-0.000165, -0.463889, 0.0327814
-0.00822217, -0.494875, 0.0314945
stamp: 4900000000
0.00413364, 0.000315855, 0.0371709
0.50621, -0.0343195, 0.0331405
0.477371, -0.0071629, 0.0339017
0.518021, -0.00941338, 0.0320172
0.0317853, -0.491959, 0.0327451
0.00304547, -0.518768, 0.0308402
-0.000166447, -0.463892, 0.0327688
-0.00823558, -0.494903, 0.0315446
stamp: 4909000000
0.00413495, 0.000306605, 0.0371538
0.50625, -0.0342826, 0.0330483
0.477328, -0.00716708, 0.0338788
0.518018, -0.00941744, 0.0320204
0.0317845, -0.491952, 0.0327497
0.00304219, -0.518767, 0.0308437
-0.000162374, -0.463882, 0.0327684
-0.00822364, -0.494882, 0.0314968
stamp: 4919000000
0.00413031, 0.000314072, 0.0371551
0.506199, -0.0343352, 0.0331234
0.477364, -0.00715526, 0.033914
0.518017, -0.00941706, 0.0320231
0.0317951, -0.491953, 0.0327463
0.00305658, -0.518774, 0.0308439
-0.000169817, -0.463893, 0.0327714
-0.0082307, -0.494897, 0.0314943
stamp: 4930000000
0.00413978, 0.000336254, 0.0371387
0.506187, -0.0343428, 0.033126
0.477332, -0.00716411, 0.0338608
0.518019, -0.00940857, 0.0320247
0.0317913, -0.491948, 0.0327406
0.00304823, -0.518776, 0.0308507
-0.000164295, -0.463888, 0.0327781
-0.00822141, -0.49488, 0.0315122
stamp: 4940000000
0.00413582, 0.000317778, 0.0371603
0.506205, -0.0343239, 0.0331609
0.477374, -0.00714867, 0.0339042
0.518021, -0.00941426, 0.0320204
0.0317924, -0.491951, 0.0327422
0.0030459, -0.518769, 0.0308494
-0.000151897, -0.463929, 0.0327425
-0.00822265, -0.494886, 0.0314972
stamp: 4949000000
0.00412617, 0.000318449, 0.0371527
0.506199, -0.0343451, 0.0331326
0.477333, -0.00715899, 0.0338733
0.518021, -0.00941527, 0.0320194
0.0317903, -0.491954, 0.0327389
0.00305215, -0.518767, 0.030836
-0.000161679, -0.463891, 0.0327815
-0.00822443, -0.494885, 0.0314909
stamp: 4960000000
0.00412895, 0.00032303, 0.037163
0.50619, -0.0343389, 0.0331258
0.477376, -0.00716077, 0.0339019
0.518021, -0.0094178, 0.0320147
0.0317972, -0.491952, 0.0327486
0.00305284, -0.518773, 0.0308538
-0.000155925, -0.463887, 0.0327755
-0.00822899, -0.494887, 0.0314976
stamp: 4969000000
0.00412945, 0.000314341, 0.0371566
0.506204, -0.0343171, 0.0331533
0.477369, -0.00715915, 0.0339019
0.518013, -0.00941648, 0.0320172
0.0317913, -0.491949, 0.0327398
0.00305098, -0.518779, 0.0308412
-0.000169643, -0.46389, 0.0327619
-0.00823221, -0.494886, 0.0314951
stamp: 4980000000
0.00412848, 0.000319064, 0.0371669
0.506201, -0.0343215, 0.0331408
0.477331, -0.00715972, 0.0338684
0.518028, -0.00941592, 0.032022
0.0317874, -0.491953, 0.0327371
0.00305238, -0.51878, 0.0308545
-0.000157813, -0.463892, 0.0327748
-0.00822909, -0.49489, 0.0314929
stamp: 4990000000
0.00413183, 0.00031488, 0.0371667
0.506193, -0.034339, 0.0331304
0.477329, -0.00716132, 0.033868
0.518023, -0.00941678, 0.032015
0.0317952, -0.491944, 0.0327396
0.00305243, -0.518775, 0.0308486
-0.000156581, -0.463885, 0.0327763
-0.00822693, -0.494883, 0.0315037
stamp: 4999000000
0.00414195, 0.000311951, 0.037166
0.506191, -0.0343375, 0.0331313
0.477379, -0.00715301, 0.0339069
0.518021, -0.00941368, 0.0320222
0.0317909, -0.491947, 0.0327427
0.00304985, -0.518773, 0.030852
-0.000153189, -0.46389, 0.0327808
-0.00822723, -0.494889, 0.0314864
stamp: 5009000000
0.00413903, 0.000337196, 0.0371351
0.506199, -0.0343442, 0.03312
0.477374, -0.00716186, 0.0339118
0.518018, -0.0094072, 0.0320125
0.0317907, -0.491953, 0.0327518
0.00305325, -0.51877, 0.0308364
-0.000157972, -0.463883, 0.0327835
-0.00821819, -0.494883, 0.0315109
stamp: 5020000000
0.0041353, 0.000323398, 0.0371679
0.506198, -0.034317, 0.0331575
0.47737, -0.00714871, 0.0339191
0.518026, -0.00942152, 0.0320121
0.031794, -0.491948, 0.0327463
0.00305064, -0.518772, 0.0308515
-0.000164835, -0.463886, 0.0327775
-0.00824281, -0.494896, 0.0315416
stamp: 5029000000
0.00412456, 0.000319983, 0.0371637
0.506191, -0.0343352, 0.0331271
0.477334, -0.00716012, 0.0338645
0.518023, -0.00941545, 0.0320078
0.031793, -0.491946, 0.0327461
0.00305535, -0.518769, 0.0308468
-0.000160309, -0.463889, 0.0327688
-0.00823968, -0.494891, 0.0314959
stamp: 5040000000
0.00414129, 0.000337004, 0.0371429
0.506203, -0.0343224, 0.0331408
0.477334, -0.00715233, 0.0338621
0.518018, -0.00941299, 0.0320154
0.0317837, -0.491949, 0.0327392
0.00305105, -0.518766, 0.0308499
-0.000159546, -0.463889, 0.0327794
-0.00822993, -0.494885, 0.0314984
stamp: 5050000000
0.00414081, 0.000339124, 0.0371412
0.506247, -0.034265, 0.0330458
0.477368, -0.00714945, 0.0339086
0.518013, -0.00941265, 0.0320121
0.0317916, -0.491949, 0.032742
0.00305477, -0.51877, 0.0308463
-0.000162637, -0.463882, 0.0327759
-0.00822594, -0.494887, 0.0314916
stamp: 5059000000
0.00414002, 0.000322801, 0.0371542
0.506213, -0.0343162, 0.0331592
0.477336, -0.00715921, 0.0338736
0.518015, -0.00941879, 0.0320251
0.0317912, -0.491948, 0.0327406
0.00304132, -0.518774, 0.0308377
-0.000155322, -0.463924, 0.0327351
-0.0082273, -0.494886, 0.0314953
stamp: 5069000000
0.00413149, 0.000323136, 0.0371614
0.506208, -0.0343246, 0.0331592
0.477368, -0.00714674, 0.0339028
0.518023, -0.00941852, 0.0320136
0.0317964, -0.491948, 0.0327525
0.0030535, -0.518771, 0.0308395
-0.00015807, -0.463927, 0.0327154
-0.00822962, -0.494882, 0.0314914
stamp: 5080000000
0.00413703, 0.000329681, 0.0371446
0.506214, -0.0343122, 0.0331472
0.477377, -0.00715595, 0.0339098
0.518017, -0.00941405, 0.0320241
0.0317911, -0.491946, 0.0327437
0.0030526, -0.518764, 0.0308494
-0.000159087, -0.463926, 0.0327225
-0.00822729, -0.494885, 0.0314945
stamp: 5090000000
0.00415059, 0.0003187, 0.0371702
0.50621, -0.0343121, 0.0331519
0.477382, -0.00715297, 0.0339109
0.518014, -0.00940588, 0.0320216
0.0317868, -0.491941, 0.0327451
0.0030509, -0.518774, 0.0308429
-0.000161521, -0.463892, 0.0327771
-0.00822958, -0.494881, 0.0315021
stamp: 5099000000
0.00413657, 0.000334161, 0.0371276
0.506205, -0.0343186, 0.0331515
0.477329, -0.00715452, 0.0338692
0.518013, -0.0094187, 0.0320112
0.0317898, -0.491958, 0.0327575
0.00305265, -0.518778, 0.030857
-0.000166876, -0.463888, 0.0327713
-0.00823136, -0.494877, 0.0314955
stamp: 5110000000
0.00414015, 0.000318103, 0.0371646
0.506203, -0.0343237, 0.0331527
0.477371, -0.00715175, 0.0339104
0.518023, -0.00941609, 0.0320139
0.0317921, -0.491953, 0.0327526
0.00305101, -0.51877, 0.0308393
-0.000162383, -0.463888, 0.0327736
-0.00822519, -0.494884, 0.0315048
stamp: 5119000000
0.00413882, 0.000338778, 0.0371395
0.506206, -0.0343143, 0.0331592
0.477329, -0.00716117, 0.0338652
0.518019, -0.00941524, 0.0320185
0.031793, -0.491961, 0.0327473
0.00305178, -0.518778, 0.0308474
-0.000159632, -0.463927, 0.0327262
-0.00822772, -0.494887, 0.0315107
stamp: 5129000000
0.00413848, 0.000339483, 0.0371419
0.506197, -0.0343469, 0.0331298
0.477374, -0.00714513, 0.0339094
0.51802, -0.00941502, 0.0320172
0.0317931, -0.491952, 0.0327572
0.00305485, -0.518772, 0.0308461
-0.000154899, -0.463888, 0.0327718
-0.00822343, -0.494883, 0.0315023
stamp: 5140000000
0.00413573, 0.00031521, 0.0371735
0.506211, -0.0343139, 0.0331491
0.477371, -0.00715677, 0.0339165
0.518015, -0.00941505, 0.0320156
0.0317885, -0.491952, 0.0327423
0.00304805, -0.518772, 0.0308523
-0.000163513, -0.463889, 0.0327661
-0.00822727, -0.49489, 0.0314945
stamp: 5149000000
0.00412957, 0.000320069, 0.0371569
0.506197, -0.0343446, 0.0331341
0.477382, -0.00715319, 0.0339146
0.51802, -0.00941368, 0.0320096
0.0317964, -0.491948, 0.032748
0.00305438, -0.518769, 0.0308408
-0.000155459, -0.463891, 0.0327836
-0.00822823, -0.494875, 0.0314923
stamp: 5160000000
0.00413605, 0.000320619, 0.0371618
0.506205, -0.0343193, 0.0331401
0.477374, -0.00715752, 0.0339155
0.518018, -0.00941553, 0.0320142
0.0317935, -0.491952, 0.0327422
0.00304344, -0.518768, 0.0308506
-0.000156415, -0.463893, 0.0327857
-0.00822653, -0.494877, 0.0314913
stamp: 5169000000
0.00412687, 0.000331417, 0.0371654
0.506208, -0.0343205, 0.0331407
0.477376, -0.0071603, 0.033914
0.518018, -0.00941233, 0.0320267
0.0317844, -0.491951, 0.0327429
0.00304754, -0.518768, 0.0308446
-0.0001634, -0.463883, 0.0327672
-0.00822686, -0.494888, 0.0314857
stamp: 5179000000
0.00413276, 0.000321295, 0.0371603
0.506215, -0.0343239, 0.0331575
0.477378, -0.00715686, 0.0339073
0.518013, -0.00941675, 0.0320181
0.0317913, -0.49195, 0.0327477
0.00305212, -0.518781, 0.0308549
-0.000155091, -0.463885, 0.032768
-0.00822934, -0.494884, 0.0314987
stamp: 5190000000
0.00413137, 0.000312677, 0.0371587
0.506208, -0.0343161, 0.0331577
0.477337, -0.0071626, 0.0338712
0.51802, -0.00941913, 0.0320117
0.0317986, -0.491948, 0.0327495
0.00305243, -0.518765, 0.030845
-0.000160856, -0.463888, 0.0327784
-0.00821997, -0.494886, 0.0315055
stamp: 5199000000
0.00414048, 0.000331626, 0.0371421
0.506218, -0.0343159, 0.033161
0.477377, -0.00715385, 0.0339115
0.518017, -0.00941383, 0.0320144
0.0317922, -0.491952, 0.0327466
0.00304784, -0.518776, 0.0308404
-0.000162033, -0.463898, 0.0327805
-0.00822569, -0.494887, 0.0315099
stamp: 5209000000
0.00413257, 0.000315145, 0.0371571
0.506195, -0.0343414, 0.0331165
0.477374, -0.00716301, 0.033919
0.518017, -0.00940914, 0.0320212
0.0317863, -0.491945, 0.0327497
0.00304818, -0.518766, 0.030843
-0.000157554, -0.463886, 0.032777
-0.00822289, -0.494885, 0.0314911
stamp: 5220000000
0.00414102, 0.00031305, 0.0371693
0.5062, -0.0343082, 0.0331478
0.477378, -0.0071585, 0.0339063
0.518017, -0.00941332, 0.0320133
0.0317918, -0.491951, 0.0327426
0.00305261, -0.518771, 0.0308412
-0.000157527, -0.463884, 0.0327774
-0.00823249, -0.494886, 0.0314993
stamp: 5229000000
0.00413799, 0.00031554, 0.0371703
0.506201, -0.0343185, 0.03315
0.477371, -0.00715368, 0.0339125
0.518017, -0.00940981, 0.0320202
0.0317812, -0.491945, 0.0327253
0.00305406, -0.518779, 0.0308342
-0.000155097, -0.463891, 0.0327849
-0.00822764, -0.494883, 0.0314966
stamp: 5240000000
0.00413887, 0.000318484, 0.0371583
0.506206, -0.0343278, 0.0331505
0.477343, -0.00715966, 0.0338708
0.518017, -0.00942172, 0.0320208
0.0317879, -0.491949, 0.0327341
0.00304726, -0.518774, 0.0308461
-0.000161994, -0.463929, 0.0327253
-0.00823454, -0.49489, 0.0314928
stamp: 5250000000
0.00413697, 0.000335253, 0.037136
0.50621, -0.0343139, 0.0331684
0.477369, -0.00716036, 0.0339044
0.518017, -0.00941485, 0.032017
0.0317867, -0.49195, 0.0327375
0.00304457, -0.518772, 0.0308506
-0.000160577, -0.463889, 0.0327679
-0.00823742, -0.494899, 0.0315489
stamp: 5259000000
0.0041435, 0.000320748, 0.0371665
0.506198, -0.0343399, 0.0331318
0.477376, -0.00715205, 0.033907
0.518021, -0.00941855, 0.0320203
0.0317941, -0.491956, 0.0327478
0.00304875, -0.518772, 0.0308518
-0.000158501, -0.463883, 0.0327737
-0.00822301, -0.494886, 0.0315016
stamp: 5269000000
0.00413997, 0.000320536, 0.0371763
0.506253, -0.0342695, 0.0330303
0.477374, -0.00715203, 0.0339104
0.518014, -0.00941076, 0.0320267
0.0317903, -0.491954, 0.0327517
0.00305566, -0.518771, 0.0308489
-0.000148208, -0.463877, 0.0327775
-0.00823533, -0.494892, 0.0315393
stamp: 5280000000
0.0041347, 0.000338683, 0.0371437
0.506222, -0.0343187, 0.0331521
0.477331, -0.00715646, 0.0338696
0.518017, -0.00941158, 0.032011
0.0317892, -0.49195, 0.0327446
0.00305486, -0.518771, 0.0308431
-0.000157928, -0.463887, 0.0327758
-0.00823251, -0.494886, 0.0315038
stamp: 5290000000
0.00414585, 0.000333037, 0.0371456
0.506202, -0.0343234, 0.0331507
0.477338, -0.00715759, 0.033873
0.518016, -0.00941418, 0.032017
0.0317891, -0.491957, 0.0327467
0.0030498, -0.518768, 0.0308378
-0.000167415, -0.463887, 0.0327655
-0.00823053, -0.494889, 0.0314935
stamp: 5299000000
0.0041332, 0.000313096, 0.0371525
0.506196, -0.0343139, 0.0331489
0.477378, -0.00715607, 0.0339058
0.518016, -0.00940782, 0.0320138
0.0317836, -0.491951, 0.0327442
0.00305081, -0.518768, 0.0308404
-0.000157574, -0.463881, 0.0327748
-0.00822693, -0.494888, 0.0314942
stamp: 5309000000
0.00412431, 0.000314956, 0.037161
0.506196, -0.0343407, 0.0331248
0.477336, -0.00715893, 0.0338754
0.518015, -0.00941572, 0.032015
0.0317902, -0.491951, 0.0327461
0.00305628, -0.51877, 0.0308501
-0.000155851, -0.463887, 0.0327703
-0.00822165, -0.494882, 0.0315022
stamp: 5319000000
0.00414061, 0.000319311, 0.0371766
0.506209, -0.0343133, 0.0331542
0.477378, -0.00715419, 0.0339025
0.518021, -0.00941116, 0.0320133
0.0317934, -0.491954, 0.032752
0.0030559, -0.518778, 0.0308439
-0.000161029, -0.463889, 0.0327775
-0.00821455, -0.494889, 0.0315145
stamp: 5330000000
0.00414426, 0.000318959, 0.0371649
0.506204, -0.0343164, 0.0331574
0.477363, -0.00714678, 0.0339071
0.518023, -0.0094153, 0.0320121
0.0317874, -0.491945, 0.0327437
0.00305089, -0.518769, 0.0308434
-0.000158795, -0.463884, 0.0327781
-0.00822333, -0.494882, 0.0314997
stamp: 5340000000
0.00413299, 0.000317838, 0.037157
0.506206, -0.0343205, 0.033151
0.477376, -0.00715407, 0.033914
0.518019, -0.00941105, 0.0320231
0.031778, -0.491955, 0.0327448
0.00305343, -0.518774, 0.0308517
-0.000160874, -0.463894, 0.0327729
-0.00822363, -0.494889, 0.0315062
stamp: 5349000000
0.00414681, 0.000314193, 0.0371644
0.506196, -0.0343417, 0.0331289
0.477373, -0.00715195, 0.0338989
0.518021, -0.00941729, 0.0320108
0.0317855, -0.49195, 0.0327391
0.00305597, -0.518769, 0.0308474
-0.000162478, -0.46389, 0.0327747
-0.00822525, -0.494881, 0.0314962
stamp: 5360000000
0.00413519, 0.000314055, 0.0371544
0.506205, -0.0343212, 0.0331431
0.477336, -0.0071551, 0.033874
0.518019, -0.00941318, 0.0320146
0.0317915, -0.491945, 0.0327361
0.0030564, -0.518774, 0.0308437
-0.000160742, -0.463886, 0.0327744
-0.00822644, -0.494884, 0.0315018
stamp: 5369000000
0.00412682, 0.000328372, 0.0371264
0.50621, -0.0343139, 0.0331438
0.477367, -0.00715307, 0.033902
0.518016, -0.00940967, 0.0320197
0.0317942, -0.491958, 0.0327422
0.00304721, -0.518768, 0.0308442
-0.000155669, -0.463893, 0.0327872
-0.00822528, -0.494887, 0.0314956
stamp: 5380000000
0.00412733, 0.00031767, 0.0371526
0.506213, -0.0343257, 0.033157
0.477339, -0.0071689, 0.033879
0.518018, -0.00941187, 0.0320236
0.0317897, -0.491952, 0.0327463
0.00304993, -0.518771, 0.0308387
-0.000164986, -0.463892, 0.0327687
-0.00821996, -0.494884, 0.0315018
stamp: 5390000000
0.00413601, 0.000313028, 0.0371619
0.50619, -0.0343442, 0.0331191
0.477378, -0.00716719, 0.0339055
0.518026, -0.00941126, 0.0320212
0.0317911, -0.491953, 0.0327392
0.00305006, -0.518771, 0.0308434
-0.00016324, -0.463885, 0.0327765
-0.00822717, -0.494885, 0.0314905
stamp: 5399000000
0.00413446, 0.000313847, 0.0371585
0.506186, -0.0343314, 0.0331361
0.47737, -0.00716029, 0.0339035
0.518021, -0.00941655, 0.0320151
0.0317947, -0.491955, 0.0327403
0.00304836, -0.518768, 0.0308459
-0.000157538, -0.463929, 0.0327238
-0.00822536, -0.494888, 0.0315022
stamp: 5409000000
0.00414045, 0.000313492, 0.0371644
0.506197, -0.0343492, 0.0331195
0.477374, -0.0071547, 0.0339054
0.518019, -0.00941849, 0.0320121
0.0317854, -0.491948, 0.0327311
0.00304697, -0.518777, 0.0308384
-0.000159636, -0.463882, 0.0327737
-0.00822309, -0.494881, 0.0314933
stamp: 5420000000
0.00415205, 0.000341422, 0.0371472
0.506205, -0.0343298, 0.0331512
0.477373, -0.00715097, 0.033904
0.518022, -0.00941035, 0.0320106
0.0317943, -0.491957, 0.0327527
0.00304967, -0.518777, 0.0308547
-0.000166671, -0.463891, 0.0327749
-0.0082305, -0.494893, 0.0314913
stamp: 5429000000
0.00413485, 0.00032272, 0.0371617
0.506216, -0.0343208, 0.0331507
0.477337, -0.00715965, 0.0338654
0.518017, -0.00940973, 0.0320194
0.0317971, -0.491954, 0.0327508
0.00304533, -0.518778, 0.030842
-0.000166476, -0.463882, 0.0327698
-0.0082313, -0.494891, 0.0314896
stamp: 5440000000
0.00412546, 0.000317431, 0.0371523
0.506194, -0.0343418, 0.0331264
0.477334, -0.00715805, 0.0338643
0.518021, -0.00941066, 0.0320084
0.0317885, -0.491956, 0.0327498
0.00305008, -0.518777, 0.0308461
-0.000159708, -0.463886, 0.0327743
-0.00822833, -0.494883, 0.0315005
stamp: 5450000000
0.00413448, 0.000314736, 0.0371591
0.506203, -0.0343161, 0.0331544
0.477367, -0.00715498, 0.0339059
0.518018, -0.00941753, 0.0320128
0.0317871, -0.491957, 0.0327498
0.00305798, -0.518778, 0.0308382
-0.000160026, -0.463889, 0.0327689
-0.00822303, -0.494883, 0.031486
stamp: 5460000000
0.00413401, 0.000321377, 0.0371543
0.506258, -0.0342697, 0.0330424
0.477365, -0.00715231, 0.0339115
0.518019, -0.00941212, 0.0320158
0.0317884, -0.491949, 0.0327486
0.00304646, -0.518771, 0.0308457
-0.000156261, -0.463881, 0.0327877
-0.00822731, -0.494885, 0.0315017
stamp: 5469000000
0.00414142, 0.000334083, 0.0371474
0.506212, -0.0343126, 0.0331501
0.477331, -0.00717064, 0.0338722
0.518012, -0.00941108, 0.0320287
0.0317886, -0.491951, 0.032747
0.0030451, -0.518779, 0.0308557
-0.000159899, -0.463892, 0.0327783
-0.00822351, -0.494886, 0.031502
stamp: 5480000000
0.00414769, 0.000337164, 0.0371451
0.506201, -0.034317, 0.0331494
0.477337, -0.00716028, 0.0338729
0.518029, -0.0094121, 0.0320226
0.0317872, -0.491946, 0.0327372
0.00306441, -0.518778, 0.0308603
-0.000159389, -0.463892, 0.032775
-0.00822682, -0.494885, 0.0314937
stamp: 5490000000
0.0041355, 0.000325537, 0.0371608
0.506196, -0.0343408, 0.0331234
0.477334, -0.00716117, 0.0338634
0.518018, -0.00941269, 0.0320215
0.0317908, -0.491943, 0.0327399
0.00304571, -0.518776, 0.0308348
-0.000155047, -0.463927, 0.0327221
-0.0082328, -0.49489, 0.0314921
stamp: 5499000000
0.00413176, 0.000332139, 0.0371395
0.506201, -0.0343164, 0.0331452
0.477382, -0.00715399, 0.0339096
0.518022, -0.00941361, 0.0320121
0.0317905, -0.491947, 0.032743
0.00304555, -0.518783, 0.0308437
-0.000166633, -0.463886, 0.0327642
-0.00822336, -0.494882, 0.031495
stamp: 5509000000
0.00413546, 0.000337086, 0.0371473
0.5062, -0.0343202, 0.0331535
0.477377, -0.00715532, 0.0339192
0.518021, -0.00940886, 0.0320147
0.0317909, -0.491956, 0.0327464
0.00305087, -0.518776, 0.0308365
-0.000162183, -0.463884, 0.0327649
-0.00822487, -0.494889, 0.0315013
stamp: 5519000000
0.00413824, 0.000341967, 0.0371358
0.506206, -0.0343272, 0.0331585
0.477371, -0.00715832, 0.0339034
0.51802, -0.00941407, 0.0320144
0.0317862, -0.491945, 0.0327334
0.00305327, -0.51877, 0.0308399
-0.000158606, -0.463881, 0.0327827
-0.00823027, -0.49489, 0.0314871
stamp: 5529000000
0.00413139, 0.000314584, 0.0371425
0.5062, -0.0343413, 0.0331276
0.477365, -0.00715328, 0.0339054
0.518012, -0.00941559, 0.032013
0.0317867, -0.491953, 0.0327483
0.00304881, -0.518771, 0.0308499
-0.000150111, -0.46392, 0.0327327
-0.00822209, -0.494889, 0.0315019
stamp: 5540000000
0.00413073, 0.000318578, 0.037164
0.506209, -0.0343234, 0.0331472
0.477378, -0.00715967, 0.0339041
0.518032, -0.00940717, 0.0320111
0.0317918, -0.49195, 0.0327477
0.00305504, -0.518773, 0.0308461
-0.000172042, -0.463884, 0.03277
-0.00822546, -0.494883, 0.031495
stamp: 5549000000
0.00413296, 0.00031195, 0.0371586
0.506212, -0.0343183, 0.033136
0.477371, -0.00715813, 0.0339088
0.518017, -0.00941568, 0.0320323
0.031791, -0.491956, 0.0327288
0.00304702, -0.51877, 0.0308454
-0.00016179, -0.46389, 0.0327754
-0.00822526, -0.49489, 0.0315022
stamp: 5559000000
0.00414072, 0.000309025, 0.0371641
0.506201, -0.0343109, 0.0331499
0.477374, -0.00715387, 0.0339163
0.518012, -0.00941556, 0.0320028
0.0317887, -0.491955, 0.0327493
0.00304682, -0.518773, 0.0308337
-0.000159929, -0.463883, 0.0327756
-0.00822763, -0.494887, 0.0314968
stamp: 5569000000
0.00413637, 0.000331269, 0.0371408
0.506206, -0.034329, 0.0331505
0.477368, -0.00715878, 0.0339036
0.518017, -0.00940842, 0.0320191
0.0317957, -0.491948, 0.0327438
0.00304899, -0.518774, 0.0308429
-0.000163882, -0.463887, 0.0327663
-0.008226, -0.494887, 0.031498
stamp: 5580000000
0.00413759, 0.000331692, 0.0371416
0.506206, -0.0343203, 0.0331513
0.477371, -0.00715854, 0.0339008
0.51802, -0.00941786, 0.032011
0.0317922, -0.49195, 0.0327474
0.003053, -0.518765, 0.0308413
-0.000159228, -0.463891, 0.0327756
-0.00822831, -0.494888, 0.0314992
stamp: 5590000000
0.00413029, 0.000312772, 0.0371608
0.506206, -0.0343209, 0.0331555
0.477375, -0.00715708, 0.0339146
0.518018, -0.00941034, 0.0320024
0.0317907, -0.491949, 0.0327388
0.00305313, -0.51877, 0.0308513
-0.000157951, -0.463887, 0.0327664
-0.00822705, -0.494881, 0.0314941
stamp: 5599000000
0.00413196, 0.000316625, 0.0371605
0.506202, -0.0343183, 0.0331433
0.477375, -0.00716125, 0.0339021
0.518014, -0.00941797, 0.0320171
0.0317907, -0.491949, 0.0327307
0.00305004, -0.518773, 0.030836
-0.000162065, -0.463882, 0.0327676
-0.00822498, -0.494884, 0.0315028
stamp: 5609000000
0.00413261, 0.000333389, 0.0371337
0.506205, -0.0343196, 0.0331467
0.477374, -0.00715753, 0.0339066
0.518018, -0.00941326, 0.0320175
0.0317907, -0.491943, 0.0327446
0.00305642, -0.518765, 0.0308454
-0.000164807, -0.463888, 0.0327763
-0.00822889, -0.494885, 0.0315101
stamp: 5619000000
0.0041193, 0.000319403, 0.0371503
0.506205, -0.0343246, 0.0331546
0.477377, -0.00715366, 0.0339039
0.518016, -0.00941362, 0.0320148
0.0317903, -0.491948, 0.0327491
0.00304349, -0.518779, 0.0308448
-0.000162725, -0.463888, 0.0327702
-0.00822757, -0.494883, 0.0314972
stamp: 5629000000
0.00413176, 0.000320935, 0.0371618
0.506193, -0.0343447, 0.033127
0.477374, -0.00716032, 0.0339067
0.518023, -0.00941656, 0.0320153
0.0317821, -0.491951, 0.0327469
0.00304827, -0.518776, 0.0308469
-0.000157951, -0.463924, 0.0327224
-0.00823195, -0.494885, 0.0314924
stamp: 5640000000
0.00414052, 0.000317104, 0.0371694
0.506207, -0.0343183, 0.0331428
0.477375, -0.00714951, 0.0339019
0.518019, -0.0094145, 0.0320085
0.0317936, -0.491959, 0.0327508
0.00305243, -0.518774, 0.0308407
-0.000150481, -0.463927, 0.0327287
-0.00822958, -0.494887, 0.0314991
stamp: 5649000000
0.00413268, 0.000314334, 0.037155
0.506214, -0.0343152, 0.0331507
0.477364, -0.0071476, 0.0339038
0.518021, -0.00941073, 0.0320087
0.0317896, -0.491948, 0.0327376
0.0030535, -0.518771, 0.0308446
-0.000157006, -0.463894, 0.032781
-0.00822509, -0.49488, 0.0314953
stamp: 5659000000
0.00413753, 0.000323706, 0.037151
0.506213, -0.0343141, 0.0331499
0.477363, -0.00715764, 0.0338988
0.518022, -0.00940701, 0.0320157
0.031796, -0.491951, 0.0327431
0.00305544, -0.518773, 0.0308496
-0.000166257, -0.463887, 0.032765
-0.00822845, -0.494892, 0.0314881
stamp: 5669000000
0.00412549, 0.000312682, 0.0371577
0.506199, -0.0343403, 0.0331252
0.477372, -0.00715837, 0.0339139
0.518016, -0.00941365, 0.0320162
0.0317925, -0.491956, 0.0327437
0.00304478, -0.518779, 0.0308371
-0.000155669, -0.463885, 0.032782
-0.00823408, -0.494889, 0.0314916
stamp: 5679000000
0.00413474, 0.000315771, 0.0371615
0.506211, -0.0343127, 0.033158
0.477332, -0.00715881, 0.0338695
0.518026, -0.0094143, 0.0320139
0.0317908, -0.491949, 0.032745
0.00304505, -0.518774, 0.0308392
-0.000156365, -0.463924, 0.0327231
-0.0082431, -0.494894, 0.0315331
stamp: 5690000000
0.004131, 0.000320037, 0.0371602
0.506213, -0.0343244, 0.0331516
0.477373, -0.00715469, 0.0339037
0.518017, -0.00941756, 0.0320186
0.0317921, -0.491951, 0.0327358
0.00306132, -0.518775, 0.0308601
-0.000161067, -0.463886, 0.0327754
-0.00823008, -0.494888, 0.0314957
stamp: 5699000000
0.00413729, 0.00032558, 0.0371495
0.506186, -0.0343378, 0.0331189
0.477376, -0.00715162, 0.0339007
0.518019, -0.00941812, 0.0320227
0.0317915, -0.49195, 0.0327435
0.00305022, -0.518773, 0.0308444
-0.000153842, -0.463928, 0.032727
-0.00822128, -0.494884, 0.0314988
stamp: 5709000000
0.00413424, 0.00032303, 0.0371538
0.506197, -0.0343155, 0.033148
0.477336, -0.00715923, 0.033863
0.518018, -0.00940834, 0.0320231
0.0317872, -0.491952, 0.0327404
0.0030458, -0.518765, 0.0308396
-0.00016639, -0.463887, 0.0327614
-0.00822699, -0.494886, 0.0314928
stamp: 5719000000
0.00414088, 0.000320403, 0.037158
0.506194, -0.0343413, 0.0331271
0.477335, -0.00716304, 0.0338666
0.518017, -0.00941139, 0.0320263
0.031788, -0.491947, 0.0327438
0.00304862, -0.518768, 0.0308398
-0.000155873, -0.46389, 0.0327684
-0.00822032, -0.494888, 0.0314946
stamp: 5730000000
0.00413902, 0.000316334, 0.0371604
0.506201, -0.0343213, 0.0331422
0.477378, -0.00714688, 0.0339003
0.518013, -0.00940886, 0.0320163
0.0317879, -0.491949, 0.0327305
0.00304159, -0.518773, 0.0308393
-0.000163798, -0.463895, 0.0327817
-0.0082296, -0.494881, 0.0314898
stamp: 5740000000
0.00413591, 0.000313682, 0.0371631
0.506208, -0.0343182, 0.0331477
0.477364, -0.00715363, 0.0339002
0.518014, -0.00941205, 0.0320227
0.0317877, -0.49195, 0.0327475
0.00305233, -0.518768, 0.0308521
-0.0001589, -0.463888, 0.0327648
-0.00823085, -0.494885, 0.0314956
stamp: 5749000000
0.00413577, 0.000323055, 0.0371488
0.50621, -0.034323, 0.0331545
0.477374, -0.00715972, 0.0339026
0.518017, -0.00941372, 0.0320183
0.0317921, -0.491946, 0.0327452
0.00305289, -0.518776, 0.0308325
-0.000155377, -0.463888, 0.0327728
-0.00822023, -0.494888, 0.031498
stamp: 5760000000
0.00414218, 0.00031838, 0.0371606
0.506213, -0.0343286, 0.0331463
0.47737, -0.00715667, 0.0339157
0.518015, -0.00940996, 0.03201
0.0317892, -0.491955, 0.0327459
0.00305054, -0.51877, 0.0308339
-0.000160445, -0.463888, 0.0327715
-0.00822212, -0.494882, 0.0314905
stamp: 5769000000
0.00413418, 0.000341042, 0.0371373
0.506209, -0.0343168, 0.0331479
0.477376, -0.00714549, 0.0339075
0.518018, -0.00941458, 0.0320146
0.0317895, -0.491951, 0.0327422
0.00304636, -0.518772, 0.0308409
-0.000158138, -0.463929, 0.0327292
-0.00822197, -0.494891, 0.0314922
stamp: 5780000000
0.00413074, 0.000313834, 0.0371518
0.506202, -0.0343204, 0.0331457
0.477372, -0.00716051, 0.033913
0.518027, -0.00940738, 0.0320055
0.0317886, -0.491951, 0.0327465
0.00305173, -0.518764, 0.0308313
-0.000157029, -0.463887, 0.0327739
-0.00823525, -0.494885, 0.0314924
stamp: 5790000000
0.00411755, 0.000319405, 0.0371548
0.506208, -0.0343223, 0.033142
0.477375, -0.00715994, 0.0339006
0.518022, -0.00941906, 0.0320141
0.0317917, -0.491948, 0.0327439
0.00304609, -0.518773, 0.0308407
-0.000164895, -0.463884, 0.0327659
-0.0082289, -0.494892, 0.0315033
stamp: 5799000000
0.00412853, 0.000316774, 0.0371552
0.506192, -0.0343447, 0.0331165
0.477331, -0.00716181, 0.0338715
0.518015, -0.00941536, 0.0320189
0.0317862, -0.491954, 0.0327437
0.00305177, -0.518769, 0.0308521
-0.000159124, -0.463886, 0.0327735
-0.00822666, -0.494893, 0.0314895
stamp: 5809000000
0.00414789, 0.00033141, 0.0371442
0.506183, -0.0343388, 0.0331257
0.477369, -0.00715791, 0.0339049
0.518023, -0.00941524, 0.0320188
0.0317886, -0.491953, 0.0327478
0.00305312, -0.518775, 0.0308458
-0.000160474, -0.463888, 0.032776
-0.00822347, -0.494884, 0.0314966
stamp: 5820000000
0.00414634, 0.00032049, 0.037169
0.5062, -0.0343169, 0.0331465
0.47738, -0.00715772, 0.0339104
0.518011, -0.00941492, 0.0320112
0.0317892, -0.49195, 0.0327387
0.00305491, -0.518772, 0.0308525
-0.000148888, -0.46389, 0.0327857
-0.00823185, -0.494888, 0.0314928
stamp: 5829000000
0.0041307, 0.000330832, 0.0371318
0.506204, -0.0343381, 0.0331296
0.47734, -0.00715889, 0.0338626
0.518011, -0.00941802, 0.0320152
0.0317871, -0.49195, 0.0327382
0.00305674, -0.518775, 0.0308432
-0.00015918, -0.463893, 0.0327764
-0.00824786, -0.494898, 0.0315484
stamp: 5839000000
0.00414016, 0.000316689, 0.037164
0.506196, -0.0343422, 0.0331109
0.477337, -0.00715551, 0.0338674
0.518017, -0.00941467, 0.0320085
0.0317967, -0.491952, 0.0327499
0.00303812, -0.518783, 0.0308372
-0.000159181, -0.463931, 0.032721
-0.00824324, -0.494903, 0.0315478
stamp: 5850000000
0.00413281, 0.000309759, 0.0371626
0.506187, -0.0343416, 0.0331235
0.477377, -0.00715434, 0.0339099
0.518019, -0.00941666, 0.0320036
0.0317983, -0.491946, 0.0327432
0.00304876, -0.518776, 0.0308451
-0.000153409, -0.463887, 0.0327821
-0.00821981, -0.494889, 0.0314999
stamp: 5859000000
0.00413739, 0.000318963, 0.0371605
0.506192, -0.0343399, 0.0331325
0.477327, -0.00716395, 0.0338568
0.518018, -0.00941288, 0.0320086
0.03179, -0.491944, 0.0327381
0.00305447, -0.51878, 0.0308409
-0.000153611, -0.463885, 0.0327756
-0.00822471, -0.494878, 0.0314956
stamp: 5869000000
0.00412927, 0.000315777, 0.0371558
0.50621, -0.0343252, 0.0331391
0.477369, -0.00715514, 0.0338955
0.518026, -0.0094119, 0.0320163
0.0317938, -0.491953, 0.0327446
0.0030514, -0.518772, 0.0308423
-0.000157851, -0.463889, 0.0327691
-0.00823156, -0.494882, 0.031495
stamp: 5880000000
0.00413398, 0.000334568, 0.0371342
0.506216, -0.034324, 0.0331449
0.477371, -0.00715801, 0.0339083
0.518014, -0.00942026, 0.0320072
0.031784, -0.491953, 0.0327471
0.0030512, -0.518771, 0.0308386
-0.000155409, -0.463892, 0.0327781
-0.00823284, -0.494893, 0.0315117
stamp: 5889000000
0.00413313, 0.000323027, 0.0371477
0.506192, -0.0343439, 0.0331304
0.477368, -0.00715817, 0.0339044
0.518022, -0.00941545, 0.0320091
0.0317864, -0.491946, 0.0327359
0.0030528, -0.518771, 0.0308466
-0.000159406, -0.463884, 0.0327702
-0.00822871, -0.494888, 0.0315056
stamp: 5899000000
0.00413772, 0.000338154, 0.0371264
0.506204, -0.0343305, 0.0331377
0.477336, -0.0071571, 0.0338625
0.518017, -0.00941626, 0.0320037
0.0317887, -0.491952, 0.0327472
0.00305075, -0.518781, 0.0308502
-0.000155972, -0.463886, 0.0327752
-0.00823926, -0.494901, 0.0315408
stamp: 5909000000
0.00413671, 0.000319325, 0.037161
0.506198, -0.0343411, 0.0331257
0.47737, -0.00715354, 0.0339098
0.518015, -0.00940875, 0.0320041
0.0317923, -0.491952, 0.0327478
0.00304965, -0.518767, 0.0308384
-0.000161005, -0.463886, 0.0327693
-0.00822215, -0.494886, 0.0315006
stamp: 5920000000
0.00412637, 0.000328786, 0.0371327
0.506208, -0.0343081, 0.0331482
0.477372, -0.00715608, 0.0339037
0.518022, -0.0094076, 0.0320239
0.0317969, -0.491948, 0.032744
0.00305817, -0.518773, 0.0308428
-0.00016867, -0.463887, 0.0327808
-0.00823129, -0.494884, 0.0314954
stamp: 5929000000
0.00413725, 0.000331248, 0.0371257
0.506215, -0.0343191, 0.0331394
0.477367, -0.00715958, 0.0339059
0.518016, -0.00941122, 0.0320151
0.031793, -0.491949, 0.032733
0.0030506, -0.518772, 0.0308397
-0.00016296, -0.463885, 0.032778
-0.00823423, -0.494881, 0.031497
stamp: 5940000000
0.00412998, 0.00032292, 0.037156
0.506191, -0.0343402, 0.0331212
0.477378, -0.00716132, 0.0339065
0.518018, -0.0094183, 0.0320203
0.0317862, -0.491952, 0.0327452
0.00304886, -0.51877, 0.0308361
-0.000160769, -0.463882, 0.0327645
-0.00822068, -0.494887, 0.031489
stamp: 5950000000
0.0041395, 0.000334587, 0.037135
0.506187, -0.0343394, 0.0331234
0.477371, -0.00715923, 0.0338915
0.518016, -0.00941881, 0.032021
0.0317906, -0.491954, 0.0327475
0.00304883, -0.518779, 0.0308397
-0.000163104, -0.463888, 0.0327718
-0.00822855, -0.494885, 0.0314909
stamp: 5959000000
0.00413052, 0.00031406, 0.0371444
0.506196, -0.0343145, 0.0331486
0.477332, -0.00716271, 0.0338634
0.518016, -0.00941676, 0.0320204
0.0317895, -0.491945, 0.0327383
0.00305925, -0.518777, 0.0308422
-0.000149577, -0.463883, 0.0327804
-0.00822465, -0.494883, 0.0314934
stamp: 5969000000
0.00413604, 0.000330921, 0.0371363
0.506192, -0.0343418, 0.0331376
0.477332, -0.00715728, 0.0338592
0.518022, -0.00940985, 0.0320172
0.0317952, -0.491946, 0.0327343
0.00305364, -0.518769, 0.0308378
-0.000160243, -0.463929, 0.0327291
-0.00822684, -0.494888, 0.0314938
stamp: 5980000000
0.00414093, 0.000320733, 0.037164
0.506213, -0.0343082, 0.0331535
0.47733, -0.00715128, 0.0338681
0.518021, -0.00941713, 0.0320179
0.0317895, -0.491953, 0.0327489
0.00305607, -0.518768, 0.03086
-0.000163171, -0.463889, 0.0327732
-0.00823705, -0.494883, 0.031488
stamp: 5990000000
0.00413169, 0.000328612, 0.0371316
0.506211, -0.0343134, 0.0331533
0.477374, -0.00715153, 0.033903
0.518014, -0.00941614, 0.0320178
0.0317919, -0.491946, 0.0327461
0.0030505, -0.518774, 0.0308397
-0.000160823, -0.463891, 0.0327723
-0.00822653, -0.494879, 0.0314889
stamp: 5999000000
0.00413448, 0.000316387, 0.0371702
0.50621, -0.0343145, 0.0331494
0.477375, -0.00715659, 0.0339066
0.518021, -0.00940883, 0.0320117
0.0317952, -0.491947, 0.0327454
0.00304878, -0.518771, 0.0308391
-0.000161137, -0.463892, 0.0327886
-0.00822817, -0.494883, 0.0314916
stamp: 6009000000
0.00414222, 0.000316972, 0.0371589
0.506194, -0.0343545, 0.0331269
0.477374, -0.00714886, 0.0339078
0.518016, -0.0094133, 0.0320147
0.0317957, -0.491947, 0.0327429
0.00304885, -0.518774, 0.0308366
-0.000156525, -0.463888, 0.0327782
-0.00822129, -0.494883, 0.0314994
stamp: 6020000000
0.00413758, 0.000330502, 0.0371274
0.506197, -0.0343249, 0.033137
0.477343, -0.0071601, 0.0338614
0.518019, -0.00941257, 0.0320218
0.0317987, -0.491951, 0.0327398
0.00305316, -0.518776, 0.0308463
-0.000151241, -0.463887, 0.0327801
-0.00822106, -0.49489, 0.0315009
stamp: 6029000000
0.00414207, 0.000339526, 0.0371427
0.506189, -0.034331, 0.0331353
0.477373, -0.00715566, 0.0338997
0.518025, -0.0094153, 0.0319978
0.0317878, -0.49196, 0.0327481
0.00304959, -0.518769, 0.0308537
-0.000160551, -0.463884, 0.0327753
-0.00822019, -0.494879, 0.031489
stamp: 6040000000
0.00413907, 0.000306284, 0.0371535
0.506185, -0.0343445, 0.0331282
0.47733, -0.00716548, 0.0338645
0.518026, -0.00941167, 0.0320083
0.0317897, -0.491952, 0.0327368
0.00305218, -0.518779, 0.030839
-0.000156188, -0.463889, 0.0327712
-0.00824019, -0.4949, 0.031548
stamp: 6050000000
0.00413233, 0.00032006, 0.0371587
0.506208, -0.0343122, 0.0331412
0.477371, -0.00715831, 0.0339081
0.518022, -0.00941587, 0.0320201
0.0317884, -0.491947, 0.0327507
0.00304818, -0.518773, 0.0308536
-0.000159182, -0.463885, 0.03277
-0.00822085, -0.494892, 0.0315019
stamp: 6060000000
0.00412141, 0.000314519, 0.0371518
0.506217, -0.0343209, 0.0331374
0.477379, -0.00716274, 0.033904
0.51802, -0.00941675, 0.0320082
0.0317905, -0.491948, 0.0327463
0.00305452, -0.518771, 0.0308421
-0.000156664, -0.463895, 0.0327739
-0.00821881, -0.494895, 0.0315051
stamp: 6069000000
0.00412824, 0.000314915, 0.0371522
0.506214, -0.0343272, 0.0331413
0.477377, -0.00715453, 0.0339055
0.518024, -0.00941494, 0.032024
0.0317928, -0.491949, 0.0327452
0.00304727, -0.518778, 0.0308462
-0.000165299, -0.463887, 0.032772
-0.0082245, -0.494886, 0.0315041
stamp: 6080000000
0.00414424, 0.000335805, 0.0371393
0.506213, -0.0343069, 0.0331407
0.477373, -0.00715207, 0.0339087
0.51802, -0.00941183, 0.032009
0.0317904, -0.491949, 0.0327441
0.00304847, -0.518775, 0.0308335
-0.000160665, -0.463891, 0.032767
-0.00822686, -0.494886, 0.0315062
stamp: 6090000000
0.00413576, 0.000332038, 0.037138
0.506188, -0.0343377, 0.0331299
0.477375, -0.00715775, 0.0339073
0.518015, -0.00941735, 0.0320113
0.031796, -0.491947, 0.0327449
0.00304492, -0.518769, 0.0308414
-0.000156357, -0.463888, 0.0327792
-0.00822929, -0.494887, 0.0315025
stamp: 6100000000
0.00414095, 0.000316982, 0.0371635
0.506199, -0.0343158, 0.0331422
0.47736, -0.00715604, 0.0339131
0.518021, -0.00942129, 0.032015
0.0317954, -0.49195, 0.0327386
0.00305681, -0.518769, 0.0308424
-0.000158472, -0.463891, 0.0327733
-0.00822061, -0.494894, 0.0315043
stamp: 6109000000
0.00413874, 0.000316041, 0.0371686
0.506206, -0.034322, 0.0331426
0.477341, -0.00715905, 0.0338694
0.518017, -0.00941829, 0.0320153
0.0317883, -0.491946, 0.0327466
0.00304726, -0.518778, 0.030856
-0.000159224, -0.463888, 0.0327709
-0.00821793, -0.494888, 0.031504
stamp: 6119000000
0.00413528, 0.000322381, 0.0371527
0.506212, -0.034323, 0.0331507
0.477332, -0.00714606, 0.0338665
0.51801, -0.00941242, 0.0320085
0.0317836, -0.49194, 0.0327332
0.00304835, -0.51877, 0.0308375
-0.000162481, -0.463882, 0.03277
-0.00821959, -0.494889, 0.0314909
stamp: 6130000000
0.00413032, 0.000316573, 0.0371519
0.506195, -0.0343388, 0.0331138
0.477369, -0.00716328, 0.0339014
0.518018, -0.00941146, 0.0320102
0.0317942, -0.491945, 0.0327363
0.00305123, -0.518772, 0.0308508
-0.000162052, -0.46389, 0.0327688
-0.00821669, -0.494886, 0.0314921
stamp: 6140000000
0.0041373, 0.000321906, 0.0371617
0.5062, -0.0343166, 0.0331476
0.477376, -0.00715597, 0.0339096
0.518013, -0.00940973, 0.0320183
0.0317951, -0.491948, 0.0327438
0.00305891, -0.518776, 0.0308546
-0.000162838, -0.463926, 0.0327253
-0.00822436, -0.494887, 0.0314929
stamp: 6150000000
0.00414088, 0.000322104, 0.0371619
0.506201, -0.0343178, 0.0331444
0.477375, -0.0071519, 0.033908
0.518019, -0.00940335, 0.0320213
0.0317915, -0.491951, 0.0327477
0.0030488, -0.518765, 0.0308365
-0.000164497, -0.463892, 0.032768
-0.00822078, -0.494885, 0.0314992
stamp: 6160000000
0.00413167, 0.000314035, 0.0371429
0.50619, -0.0343341, 0.0331308
0.477328, -0.00715673, 0.0338594
0.518027, -0.00941008, 0.0320168
0.0317948, -0.491952, 0.0327511
0.00305229, -0.51877, 0.0308474
-0.000159568, -0.463886, 0.0327648
-0.00822202, -0.494888, 0.0315012
stamp: 6169000000
0.00412942, 0.000328683, 0.0371239
0.506186, -0.034338, 0.0331189
0.477369, -0.00714843, 0.0339097
0.518021, -0.00941239, 0.0320158
0.031792, -0.491947, 0.0327408
0.00305008, -0.51877, 0.0308368
-0.000163824, -0.463894, 0.0327736
-0.00823984, -0.494905, 0.0315497
stamp: 6180000000
0.00413524, 0.000320107, 0.037151
0.506204, -0.0343157, 0.0331484
0.477374, -0.00715105, 0.0339073
0.518024, -0.00941208, 0.0320263
0.0317819, -0.491939, 0.0327287
0.00305287, -0.518773, 0.0308484
-0.000155848, -0.463887, 0.0327788
-0.00823338, -0.494889, 0.0314946
stamp: 6190000000
0.00413245, 0.000318621, 0.0371619
0.506212, -0.034322, 0.0331406
0.47733, -0.00715927, 0.0338676
0.518024, -0.0094129, 0.0320126
0.0317822, -0.491953, 0.0327466
0.00304105, -0.51878, 0.030833
-0.000166359, -0.46389, 0.032767
-0.00823299, -0.494889, 0.0314986
stamp: 6199000000
0.0041337, 0.000322966, 0.0371724
0.506193, -0.034343, 0.03313
0.477382, -0.00716276, 0.0338896
0.518019, -0.00941456, 0.0320132
0.0317893, -0.491954, 0.032743
0.00305354, -0.518774, 0.0308474
-0.000164307, -0.463888, 0.0327699
-0.0082203, -0.494885, 0.0315044
stamp: 6210000000
0.00413421, 0.000314058, 0.0371519
0.506192, -0.0343444, 0.033123
0.477344, -0.00716523, 0.0338637
0.518023, -0.00940355, 0.0320185
0.03179, -0.491952, 0.0327464
0.00305427, -0.518767, 0.030836
-0.000158217, -0.463883, 0.0327725
-0.00822363, -0.494892, 0.0315025
stamp: 6220000000
0.00412777, 0.000315322, 0.0371508
0.506196, -0.0343339, 0.0331194
0.477375, -0.00716118, 0.0339133
0.518018, -0.00941963, 0.0320233
0.0317926, -0.491949, 0.0327472
0.00305343, -0.518771, 0.03084
-0.000157374, -0.463893, 0.0327877
-0.00821599, -0.494891, 0.031498
stamp: 6230000000
0.00414343, 0.000328354, 0.0371278
0.506247, -0.0342654, 0.0330321
0.477374, -0.00715922, 0.0339025
0.518023, -0.00940934, 0.0320179
0.0317946, -0.491948, 0.0327445
0.00305168, -0.518774, 0.0308512
-0.000157529, -0.463888, 0.032768
-0.00822945, -0.494887, 0.031494
stamp: 6240000000
0.00413166, 0.000324559, 0.0371641
0.506212, -0.0343257, 0.03315
0.477329, -0.00715582, 0.0338639
0.518015, -0.00940799, 0.0320205
0.0317939, -0.491955, 0.0327517
0.0030521, -0.518773, 0.0308487
-0.000165295, -0.463881, 0.0327603
-0.0082354, -0.494889, 0.0314972
stamp: 6249000000
0.00413599, 0.000334485, 0.0371334
0.506201, -0.034325, 0.0331549
0.477325, -0.00715987, 0.0338672
0.51801, -0.00942158, 0.0320188
0.0317876, -0.491958, 0.0327448
0.00305374, -0.51877, 0.030846
-0.000163725, -0.46389, 0.0327836
-0.00822703, -0.49489, 0.0314961
stamp: 6259000000
0.00413312, 0.000321579, 0.0371473
0.506207, -0.0343169, 0.0331555
0.477331, -0.00715702, 0.0338619
0.518021, -0.00941564, 0.0320176
0.0317933, -0.491954, 0.032751
0.00304986, -0.518778, 0.030846
-0.000167059, -0.463886, 0.0327696
-0.00822284, -0.494887, 0.0314892
stamp: 6270000000
0.00413046, 0.000324914, 0.0371625
0.506202, -0.0343227, 0.0331528
0.477374, -0.00715645, 0.0338999
0.518021, -0.00941546, 0.0320058
0.0317902, -0.491955, 0.0327467
0.00305186, -0.518769, 0.0308389
-0.000162526, -0.46388, 0.0327782
-0.00822226, -0.494893, 0.031498
stamp: 6280000000
0.00414035, 0.000314612, 0.0371561
0.506206, -0.0343214, 0.0331512
0.47733, -0.00716406, 0.0338583
0.51802, -0.00940787, 0.0320147
0.0317894, -0.491956, 0.0327461
0.00304975, -0.518775, 0.0308402
-0.000162098, -0.463883, 0.0327725
-0.008223, -0.494886, 0.0314966
stamp: 6290000000
0.00413996, 0.000321479, 0.0371606
0.506203, -0.0343215, 0.0331549
0.477332, -0.00715856, 0.0338696
0.518022, -0.00941397, 0.0320158
0.0317927, -0.491949, 0.0327517
0.00305264, -0.51877, 0.0308503
-0.000157579, -0.463879, 0.0327757
-0.00822871, -0.494885, 0.0314896
stamp: 6300000000
0.00413427, 0.000325098, 0.0371667
0.506207, -0.0343218, 0.0331628
0.477372, -0.00716195, 0.0339054
0.518018, -0.00941683, 0.0320154
0.0317971, -0.491954, 0.0327541
0.00305144, -0.518775, 0.0308479
-0.00016001, -0.463894, 0.0327809
-0.00822916, -0.494885, 0.0314971
stamp: 6309000000
0.00413329, 0.000319944, 0.0371599
0.506206, -0.03432, 0.0331517
0.477338, -0.00716727, 0.0338734
0.518018, -0.00941132, 0.0320213
0.0317908, -0.491953, 0.0327384
0.00305166, -0.518769, 0.030838
-0.00016912, -0.463885, 0.0327672
-0.00824141, -0.494897, 0.0315303
stamp: 6319000000
0.004136, 0.000318135, 0.037166
0.5062, -0.034319, 0.0331388
0.47737, -0.00715324, 0.0339007
0.518022, -0.00941274, 0.0320141
0.0317957, -0.49195, 0.0327528
0.00304815, -0.51877, 0.0308496
-0.000159226, -0.463887, 0.0327723
-0.00823041, -0.494891, 0.0314923
stamp: 6330000000
0.00415021, 0.000338886, 0.0371338
0.506201, -0.0343191, 0.033151
0.477376, -0.00715078, 0.0339003
0.518015, -0.00941921, 0.032009
0.0317871, -0.491958, 0.0327438
0.00305332, -0.518779, 0.0308501
-0.000163724, -0.463883, 0.0327728
-0.00822691, -0.494889, 0.0314926
stamp: 6340000000
0.00413815, 0.000318343, 0.0371545
0.506197, -0.0343413, 0.03313
0.477331, -0.00715444, 0.0338673
0.518018, -0.0094139, 0.032021
0.0317842, -0.491949, 0.0327471
0.00305187, -0.518774, 0.030838
-0.000157898, -0.463883, 0.0327763
-0.00824308, -0.494896, 0.031533
stamp: 6349000000
0.00412958, 0.000311667, 0.0371606
0.506195, -0.0343378, 0.0331287
0.477369, -0.00715482, 0.0339019
0.518017, -0.00941437, 0.0320151
0.0317925, -0.491951, 0.0327409
0.00305202, -0.518771, 0.0308512
-0.00015582, -0.46388, 0.0327663
-0.0082212, -0.494883, 0.0315041
stamp: 6360000000
0.00414917, 0.000336429, 0.0371357
0.506194, -0.0343463, 0.0331232
0.477379, -0.00715434, 0.0339013
0.518018, -0.00941359, 0.0320055
0.0317914, -0.491946, 0.0327454
0.00305153, -0.518771, 0.0308411
-0.000161408, -0.463883, 0.0327753
-0.00821758, -0.494884, 0.0314913
stamp: 6369000000
0.00412871, 0.000324142, 0.0371553
0.506208, -0.0343199, 0.0331335
0.477331, -0.0071652, 0.0338606
0.518026, -0.00941671, 0.0320036
0.0317906, -0.491951, 0.0327374
0.00304036, -0.518772, 0.0308394
-0.00016011, -0.463886, 0.0327704
-0.00822087, -0.494883, 0.0314981
stamp: 6379000000
0.00413735, 0.000324624, 0.0371683
0.506213, -0.0343111, 0.0331537
0.477374, -0.00715645, 0.0339058
0.518011, -0.0094191, 0.0320177
0.0317907, -0.491953, 0.0327534
0.0030452, -0.518772, 0.0308422
-0.000162825, -0.463888, 0.0327708
-0.00823149, -0.494882, 0.0314893
stamp: 6390000000
0.00412453, 0.000322656, 0.0371507
0.50621, -0.0343101, 0.0331464
0.477337, -0.00716654, 0.0338679
0.518016, -0.00941925, 0.0320103
0.031789, -0.491942, 0.0327438
0.00305138, -0.518779, 0.030853
-0.000163783, -0.46389, 0.0327687
-0.00822811, -0.494882, 0.0314959
stamp: 6399000000
0.00413307, 0.000320681, 0.0371661
0.506201, -0.0343224, 0.0331545
0.477376, -0.0071578, 0.0339052
0.518022, -0.00941175, 0.0320086
0.0317842, -0.491949, 0.0327321
0.00305794, -0.518778, 0.0308477
-0.000156235, -0.463891, 0.0327758
-0.00822029, -0.494884, 0.0315015
stamp: 6410000000
0.00414153, 0.000336021, 0.0371413
0.506201, -0.0343172, 0.0331426
0.477335, -0.00716198, 0.0338622
0.518017, -0.00941385, 0.032016
0.0317926, -0.491958, 0.0327488
0.00305249, -0.518772, 0.0308496
-0.000160058, -0.463883, 0.0327724
-0.00823026, -0.494881, 0.0314885
stamp: 6419000000
0.00413665, 0.000315809, 0.0371608
0.506194, -0.0343378, 0.0331253
0.47737, -0.00715529, 0.0339052
0.51801, -0.00941728, 0.0320197
0.0317889, -0.491955, 0.0327523
0.00305245, -0.518775, 0.0308443
-0.000161568, -0.463885, 0.0327768
-0.00822146, -0.494886, 0.0315115
stamp: 6429000000
0.0041303, 0.000318962, 0.0371572
0.506194, -0.0343378, 0.0331258
0.477371, -0.00715834, 0.0339067
0.518022, -0.00941107, 0.0320064
0.0317915, -0.491949, 0.0327418
0.00305167, -0.518769, 0.0308535
-0.000155276, -0.463882, 0.0327746
-0.00823738, -0.494896, 0.0315485
stamp: 6440000000
0.00412261, 0.000319965, 0.0371542
0.506195, -0.0343189, 0.0331459
0.47738, -0.0071605, 0.0339123
0.518013, -0.00941676, 0.0320146
0.0317867, -0.491952, 0.0327429
0.00305619, -0.518774, 0.0308508
-0.000159222, -0.463888, 0.032772
-0.00823325, -0.494884, 0.0314959
stamp: 6449000000
0.00413122, 0.000317335, 0.0371535
0.506204, -0.0343203, 0.0331599
0.477331, -0.00716567, 0.0338683
0.51802, -0.00941685, 0.0320093
0.0317922, -0.491956, 0.0327523
0.00305343, -0.51877, 0.0308392
-0.000152971, -0.463885, 0.032777
-0.00822756, -0.494883, 0.0314965
stamp: 6459000000
0.00413489, 0.000309872, 0.0371552
0.50621, -0.0343194, 0.0331566
0.47733, -0.00715995, 0.0338636
0.518016, -0.00941887, 0.0320067
0.0317852, -0.49195, 0.0327464
0.00305366, -0.518779, 0.0308472
-0.000151021, -0.463891, 0.0327682
-0.00822455, -0.49489, 0.0314944
stamp: 6470000000
0.0041304, 0.000318979, 0.0371548
0.506204, -0.034311, 0.0331459
0.477331, -0.00715881, 0.0338646
0.518018, -0.00941224, 0.0320143
0.0317954, -0.491952, 0.0327422
0.0030605, -0.51877, 0.0308394
-0.000167375, -0.463891, 0.03277
-0.00822071, -0.494901, 0.031493
stamp: 6479000000
0.00413607, 0.00032282, 0.0371508
0.506205, -0.0343278, 0.0331461
0.477332, -0.00715944, 0.0338704
0.518021, -0.00941222, 0.0320152
0.0317866, -0.491962, 0.0327498
0.00304979, -0.518772, 0.0308382
-0.000162858, -0.463887, 0.0327633
-0.00823011, -0.494887, 0.0314946
stamp: 6490000000
0.00414116, 0.000330012, 0.037136
0.506203, -0.0343158, 0.0331489
0.477383, -0.00715698, 0.0339023
0.518015, -0.00941723, 0.0320197
0.031788, -0.491954, 0.0327579
0.00305204, -0.518775, 0.030846
-0.000156774, -0.463933, 0.0327304
-0.00822959, -0.49488, 0.0314956
stamp: 6500000000
0.00413423, 0.000323546, 0.0371597
0.506204, -0.0343216, 0.0331506
0.477366, -0.00715569, 0.0339017
0.518023, -0.00941028, 0.0320166
0.0317869, -0.491951, 0.032751
0.00304874, -0.518769, 0.030845
-0.000159939, -0.463895, 0.0327771
-0.00823214, -0.494889, 0.0314951
stamp: 6509000000
0.00412766, 0.000314782, 0.0371478
0.506205, -0.0343171, 0.0331493
0.47737, -0.00715413, 0.0339089
0.518018, -0.00941144, 0.0320188
0.0317904, -0.491947, 0.0327467
0.00305016, -0.518764, 0.0308434
-0.00016019, -0.463889, 0.0327713
-0.00822547, -0.494884, 0.031498
stamp: 6519000000
0.00413287, 0.000328414, 0.037131
0.506201, -0.0343162, 0.0331552
0.477374, -0.00715979, 0.0339063
0.518021, -0.00941813, 0.0320036
0.031787, -0.491954, 0.0327502
0.00305292, -0.518776, 0.0308469
-0.000156744, -0.463885, 0.0327772
-0.00822726, -0.494888, 0.0314919
stamp: 6530000000
0.00413155, 0.000319226, 0.037158
0.506193, -0.0343456, 0.0331126
0.477387, -0.0071646, 0.0339073
0.518018, -0.00941872, 0.0320174
0.0317905, -0.491955, 0.032753
0.00305832, -0.518772, 0.0308442
-0.000156347, -0.463899, 0.03278
-0.0082267, -0.494885, 0.0314973
stamp: 6540000000
0.00413405, 0.000321657, 0.037169
0.5062, -0.0343137, 0.0331523
0.47737, -0.00715838, 0.033909
0.518025, -0.00940767, 0.0320257
0.0317929, -0.491949, 0.0327443
0.00305909, -0.518778, 0.0308504
-0.000163388, -0.463887, 0.0327796
-0.00822091, -0.494884, 0.0315058
stamp: 6549000000
0.00413429, 0.000321657, 0.0371582
0.506211, -0.0343222, 0.0331472
0.47733, -0.00715749, 0.0338673
0.518021, -0.00941165, 0.0320114
0.031793, -0.491947, 0.0327404
0.00306069, -0.518774, 0.0308504
-0.000158975, -0.463882, 0.0327682
-0.00822784, -0.494884, 0.0315035
stamp: 6560000000
0.0041399, 0.000334628, 0.0371371
0.506206, -0.0343167, 0.0331515
0.477336, -0.00714958, 0.0338622
0.518019, -0.00941463, 0.0320175
0.0317882, -0.491956, 0.0327507
0.00305587, -0.518771, 0.0308599
-0.000157484, -0.46389, 0.0327859
-0.00822751, -0.494886, 0.0314927
stamp: 6569000000
0.00414288, 0.000320655, 0.0371602
0.506197, -0.0343166, 0.0331479
0.477372, -0.00715351, 0.0339079
0.518015, -0.00941582, 0.0320199
0.0317875, -0.491955, 0.0327548
0.00305056, -0.518775, 0.0308386
-0.000155559, -0.46389, 0.0327818
-0.00823343, -0.494883, 0.0315077
stamp: 6579000000
0.00413215, 0.000320365, 0.0371363
0.506208, -0.0343142, 0.0331486
0.477331, -0.00716199, 0.0338731
0.518019, -0.00940961, 0.0320194
0.0317914, -0.491955, 0.0327465
0.00304995, -0.518775, 0.0308527
-0.00016967, -0.463892, 0.0327702
-0.00822669, -0.49488, 0.0314904
stamp: 6590000000
0.0041354, 0.000335972, 0.0371272
0.506196, -0.0343312, 0.0331323
0.477344, -0.00715057, 0.0338672
0.518019, -0.00941207, 0.0320119
0.0317875, -0.491948, 0.0327395
0.00305044, -0.518782, 0.030833
-0.00016018, -0.46388, 0.0327817
-0.00823527, -0.494903, 0.0315513
stamp: 6599000000
0.00414233, 0.000340878, 0.0371387
0.506186, -0.0343457, 0.0331242
0.477373, -0.00716263, 0.0339035
0.518019, -0.00941227, 0.0320097
0.031791, -0.491943, 0.03274
0.00305127, -0.518776, 0.0308527
-0.000159654, -0.463926, 0.0327263
-0.0082194, -0.494891, 0.0315023
stamp: 6610000000
0.00413226, 0.00031309, 0.0371657
0.506202, -0.0343129, 0.0331366
0.477375, -0.00715617, 0.0338974
0.518018, -0.00941045, 0.0320117
0.0317922, -0.491949, 0.0327418
0.00304904, -0.518775, 0.0308529
-0.000160174, -0.463894, 0.0327828
-0.00821834, -0.494887, 0.0315087
stamp: 6619000000
0.0041402, 0.000331183, 0.0371448
0.506194, -0.0343156, 0.033159
0.477372, -0.00716027, 0.0338993
0.518019, -0.0094171, 0.0320077
0.0317907, -0.49196, 0.0327473
0.00305428, -0.518764, 0.0308429
-0.000155124, -0.463888, 0.0327788
-0.00822327, -0.494884, 0.031503
stamp: 6629000000
0.00414319, 0.00032606, 0.0371561
0.506195, -0.0343332, 0.0331337
0.477331, -0.00716676, 0.0338736
0.518012, -0.00941653, 0.0320165
0.0317881, -0.491946, 0.0327467
0.00305077, -0.518773, 0.0308492
-0.000161827, -0.463891, 0.0327777
-0.00822108, -0.49489, 0.0314983
stamp: 6640000000
0.00413461, 0.000323401, 0.0371615
0.506192, -0.0343316, 0.0331255
0.477369, -0.00715224, 0.0339071
0.518027, -0.00940805, 0.0320221
0.0317937, -0.491947, 0.0327489
0.00304958, -0.518779, 0.0308374
-0.000157639, -0.463933, 0.0327375
-0.0082241, -0.494882, 0.0314915
stamp: 6649000000
0.00413249, 0.000317526, 0.0371643
0.506204, -0.0343232, 0.033158
0.47737, -0.00715335, 0.0339083
0.518017, -0.00941173, 0.0320101
0.0317891, -0.491952, 0.0327484
0.00305647, -0.51877, 0.0308499
-0.00015174, -0.463884, 0.0327794
-0.00822338, -0.494882, 0.0314946
stamp: 6659000000
0.00412875, 0.000318207, 0.0371546
0.506197, -0.0343362, 0.0331316
0.477378, -0.00715699, 0.0339075
0.518023, -0.00941388, 0.0320173
0.031791, -0.491944, 0.0327462
0.00306158, -0.518766, 0.030857
-0.00015521, -0.463929, 0.0327303
-0.00822374, -0.494887, 0.0315011
stamp: 6670000000
0.0041284, 0.000321607, 0.0371632
0.506205, -0.0343205, 0.0331581
0.477381, -0.00716206, 0.0339062
0.518017, -0.00941232, 0.0320066
0.0317948, -0.49194, 0.0327406
0.00305482, -0.518779, 0.0308472
-0.000155927, -0.463894, 0.0327704
-0.00824499, -0.494903, 0.0315391
stamp: 6679000000
0.0041343, 0.000314739, 0.0371504
0.506207, -0.0343202, 0.0331421
0.477373, -0.00715554, 0.0339061
0.518022, -0.00941393, 0.032017
0.0317989, -0.49195, 0.0327406
0.00305293, -0.518774, 0.0308442
-0.000155334, -0.46389, 0.0327766
-0.00821947, -0.494887, 0.031502
stamp: 6690000000
0.00413693, 0.000314245, 0.0371472
0.506218, -0.0343177, 0.0331504
0.47737, -0.00715669, 0.0339039
0.51801, -0.00942123, 0.0320127
0.0317915, -0.491946, 0.0327401
0.00304837, -0.518775, 0.0308347
-0.000155752, -0.463891, 0.0327797
-0.00822192, -0.494887, 0.0314999
stamp: 6699000000
0.00412878, 0.000322426, 0.0371674
0.506204, -0.0343152, 0.0331414
0.477337, -0.00716264, 0.0338617
0.518012, -0.0094195, 0.0320118
0.0317872, -0.491947, 0.032741
0.00304874, -0.518785, 0.0308506
-0.000167406, -0.463889, 0.0327793
-0.00822532, -0.494885, 0.0314849
stamp: 6709000000
0.00413689, 0.000313966, 0.0371596
0.506208, -0.0343202, 0.0331425
0.477334, -0.00715496, 0.0338638
0.51802, -0.00941073, 0.0320182
0.0317918, -0.491952, 0.0327442
0.00305443, -0.518771, 0.0308402
-0.000155437, -0.463889, 0.0327843
-0.00822462, -0.494891, 0.0314911
stamp: 6719000000
0.00412976, 0.000315044, 0.0371596
0.506204, -0.0343229, 0.0331618
0.477331, -0.00716248, 0.0338756
0.518013, -0.00941414, 0.0320059
0.0317933, -0.491956, 0.0327521
0.00305112, -0.518772, 0.0308527
-0.000148938, -0.463884, 0.0327875
-0.0082241, -0.494885, 0.031487
stamp: 6729000000
0.00412998, 0.000324008, 0.0371586
0.506197, -0.0343399, 0.0331314
0.477373, -0.00715204, 0.0339057
0.518018, -0.00940689, 0.0320135
0.0317984, -0.49195, 0.0327475
0.00305066, -0.51877, 0.030843
-0.000157231, -0.463885, 0.0327758
-0.00822384, -0.49489, 0.0315077
stamp: 6740000000
0.00413364, 0.000317915, 0.0371668
0.506203, -0.0343115, 0.033154
0.47737, -0.00714995, 0.0339099
0.518026, -0.00941008, 0.0320103
0.0317887, -0.491946, 0.0327431
0.0030512, -0.518771, 0.0308415
-0.000159831, -0.463885, 0.0327718
-0.008227, -0.494879, 0.0314967
stamp: 6749000000
0.0041342, 0.000330144, 0.0371375
0.506206, -0.034322, 0.0331547
0.47737, -0.00715294, 0.033908
0.518015, -0.00940875, 0.0320108
0.0317896, -0.491954, 0.0327462
0.0030468, -0.518767, 0.0308421
-0.000161152, -0.463882, 0.0327722
-0.00822619, -0.494882, 0.0314991
stamp: 6759000000
0.00413642, 0.000339822, 0.0371279
0.506212, -0.0343202, 0.033159
0.47737, -0.00715443, 0.0338959
0.518016, -0.00940908, 0.0320122
0.0317887, -0.49195, 0.0327475
0.00305221, -0.518768, 0.0308491
-0.000167053, -0.463886, 0.0327673
-0.00822606, -0.494889, 0.0315068
stamp: 6769000000
0.0041308, 0.000324069, 0.0371733
0.506213, -0.0343226, 0.0331456
0.477377, -0.00715474, 0.0339129
0.518026, -0.00940724, 0.0320261
0.0317905, -0.491948, 0.0327414
0.00304986, -0.518774, 0.0308416
-0.000157235, -0.463881, 0.0327771
-0.00822547, -0.494884, 0.0315013
stamp: 6780000000
0.00414582, 0.000338323, 0.03715
0.506194, -0.0343187, 0.0331351
0.477328, -0.00716195, 0.0338692
0.518022, -0.00941634, 0.0320158
0.0317934, -0.491949, 0.0327396
0.00305305, -0.518777, 0.0308529
-0.000156562, -0.463885, 0.0327776
-0.00823188, -0.494885, 0.0314923
stamp: 6789000000
0.00413628, 0.000323905, 0.0371586
0.506194, -0.0343328, 0.0331312
0.477374, -0.00716045, 0.0339095
0.518023, -0.00941128, 0.0320087
0.0317963, -0.491947, 0.0327477
0.00305953, -0.518771, 0.03085
-0.000155858, -0.463888, 0.0327902
-0.00821745, -0.494884, 0.0314982
stamp: 6799000000
0.0041422, 0.000330704, 0.037146
0.506194, -0.0343309, 0.033129
0.477335, -0.00715653, 0.0338634
0.518014, -0.00940779, 0.0320184
0.0317933, -0.491947, 0.0327397
0.00304292, -0.518771, 0.0308432
-0.00015769, -0.463891, 0.0327831
-0.00821976, -0.494885, 0.0315144
stamp: 6810000000
0.00413719, 0.000334659, 0.0371494
0.506202, -0.0343166, 0.03314
0.477332, -0.00716132, 0.033865
0.518021, -0.00941891, 0.0320159
0.0317913, -0.491944, 0.0327363
0.00305355, -0.518777, 0.0308612
-0.000151883, -0.46389, 0.0327894
-0.00824164, -0.4949, 0.0315512
stamp: 6819000000
0.00413536, 0.000332246, 0.037172
0.5062, -0.0343449, 0.0331254
0.477331, -0.00716728, 0.0338769
0.518023, -0.00940853, 0.0320109
0.0317865, -0.49195, 0.0327478
0.003052, -0.51876, 0.0308392
-0.000164637, -0.463886, 0.0327736
-0.00822209, -0.494888, 0.031507
stamp: 6829000000
0.00413467, 0.000336703, 0.0371277
0.506202, -0.034321, 0.0331502
0.47737, -0.00715378, 0.0339041
0.518019, -0.00941425, 0.032007
0.0317862, -0.491945, 0.0327455
0.00305203, -0.518774, 0.0308485
-0.000154316, -0.463886, 0.0327823
-0.00822478, -0.49488, 0.0314874
stamp: 6840000000
0.00412449, 0.000328491, 0.0371271
0.506231, -0.034325, 0.0331176
0.47736, -0.00720601, 0.033787
0.51803, -0.00940171, 0.0320383
0.0317968, -0.491936, 0.0327383
0.00306862, -0.518779, 0.0308439
-5.82597e-05, -0.463864, 0.0328688
-0.00823873, -0.494894, 0.0315213
stamp: 6849000000
0.00414463, 0.000305064, 0.037183
0.506266, -0.0343552, 0.0331612
0.477284, -0.0070644, 0.0336985
0.518028, -0.00940272, 0.0320576
0.0319195, -0.491986, 0.0325048
0.00304839, -0.518765, 0.0308643
-0.000203837, -0.463936, 0.0327827
-0.00826739, -0.494942, 0.0316241
stamp: 6859000000
0.00413583, 0.000310878, 0.0371673
0.506276, -0.0343533, 0.0331359
0.477442, -0.00708679, 0.0337965
0.518028, -0.00939794, 0.0320396
0.0318267, -0.492064, 0.0323179
0.00305167, -0.518753, 0.0308601
-0.000143083, -0.463792, 0.0329219
-0.00826055, -0.494942, 0.031633
stamp: 6870000000
0.00413643, 0.000330336, 0.037136
0.506283, -0.0343727, 0.0331567
0.477356, -0.00709561, 0.0338138
0.518023, -0.00939623, 0.0320407
0.0318188, -0.491946, 0.0326169
0.00309256, -0.518779, 0.0308384
-0.000124436, -0.46386, 0.0328624
-0.00825727, -0.494923, 0.0315823
stamp: 6879000000
0.00412496, 0.000325298, 0.0371536
0.506217, -0.0343032, 0.0331354
0.477377, -0.00711555, 0.0338822
0.518016, -0.0094058, 0.0320457
0.03179, -0.492136, 0.0324639
0.00310112, -0.518775, 0.0308564
-9.13716e-05, -0.463834, 0.0328994
-0.00825681, -0.494915, 0.0315705
stamp: 6889000000
0.00413901, 0.00031869, 0.0371724
0.506258, -0.0342883, 0.0331376
0.477298, -0.00716028, 0.0337642
0.518009, -0.00939673, 0.0320444
0.0317535, -0.492114, 0.0324953
0.00307704, -0.518745, 0.0308216
-9.9699e-05, -0.463798, 0.0329317
-0.00826607, -0.494929, 0.0316183
stamp: 6900000000
0.00413768, 0.000310897, 0.0371964
0.506223, -0.0343106, 0.0331363
0.47739, -0.00713301, 0.0338309
0.518014, -0.00939377, 0.0320393
0.0318768, -0.491952, 0.0326187
0.00310244, -0.518742, 0.030828
-0.000179166, -0.463882, 0.0327938
-0.00826444, -0.494939, 0.0316344
stamp: 6909000000
0.00414054, 0.00032799, 0.0371894
0.506296, -0.0343359, 0.0331687
0.477283, -0.00710335, 0.0337512
0.518008, -0.00940128, 0.032044
0.0318348, -0.491952, 0.0326121
0.00306433, -0.518765, 0.0308817
-0.00019022, -0.463877, 0.0328238
-0.00824802, -0.494928, 0.0316232
stamp: 6919000000
0.0041329, 0.00032448, 0.0371855
0.50629, -0.0343305, 0.0331746
0.477264, -0.00706143, 0.0337324
0.518009, -0.00941661, 0.0320574
0.0318216, -0.491957, 0.0326987
0.00310877, -0.518751, 0.0308415
-0.000235346, -0.463934, 0.0327891
-0.0082561, -0.494939, 0.0316586
stamp: 6930000000
0.00413628, 0.000354637, 0.0371785
0.506276, -0.0343148, 0.0331646
0.47729, -0.00708416, 0.0337986
0.517986, -0.00941287, 0.0320801
0.0318501, -0.492008, 0.0326711
0.00310579, -0.518756, 0.030885
-0.000149048, -0.463802, 0.0329399
-0.00825139, -0.494943, 0.0316776
stamp: 6940000000
0.004136, 0.000349665, 0.0372174
0.50635, -0.034441, 0.0331535
0.477371, -0.00713295, 0.0338959
0.517974, -0.00942804, 0.0320992
0.0318829, -0.491969, 0.0326724
0.00308447, -0.518755, 0.0309172
-0.000193056, -0.463873, 0.0328677
-0.00822246, -0.49493, 0.031684
stamp: 6949000000
0.00412948, 0.00035257, 0.0372622
0.506206, -0.0343688, 0.0331545
0.477283, -0.00710087, 0.0338316
0.517906, -0.00945328, 0.0321723
0.0318863, -0.492001, 0.0326976
0.00313597, -0.518734, 0.0309231
-7.38911e-05, -0.463765, 0.0330387
-0.00821689, -0.494929, 0.031749
stamp: 6959000000
0.00412016, 0.00036934, 0.037273
0.506192, -0.0343615, 0.0332204
0.47725, -0.00706699, 0.0338151
0.517888, -0.00945782, 0.032216
0.0318684, -0.492008, 0.0326862
0.00313404, -0.518742, 0.0309686
-7.98731e-05, -0.463776, 0.0330808
-0.00820268, -0.494925, 0.0317761
stamp: 6969000000
0.00415507, 0.000378438, 0.037295
0.506161, -0.0343869, 0.0332237
0.477258, -0.0070733, 0.0339194
0.51786, -0.0094967, 0.0322755
0.0317833, -0.492094, 0.0326349
0.0031319, -0.518748, 0.0310067
-8.95421e-05, -0.463787, 0.0331091
-0.00819181, -0.494939, 0.0318337
stamp: 6979000000
0.00413139, 0.000384113, 0.0373343
0.50613, -0.0343846, 0.0332608
0.477198, -0.00703543, 0.0339174
0.517844, -0.00949469, 0.0323288
0.0318723, -0.491963, 0.0328339
0.00312636, -0.518748, 0.0310597
-0.000112145, -0.463783, 0.0331086
-0.00820149, -0.494959, 0.0319153
stamp: 6990000000
0.00414878, 0.000378432, 0.0373856
0.506104, -0.0344218, 0.0332729
0.47715, -0.007033, 0.0338929
0.517791, -0.00955209, 0.0323873
0.0318994, -0.491933, 0.0328486
0.00316904, -0.518695, 0.0311806
-5.05548e-05, -0.463727, 0.0331719
-0.0081347, -0.49489, 0.0319861
stamp: 6999000000
0.0041472, 0.000385234, 0.0374282
0.50619, -0.034503, 0.0332591
0.477212, -0.00697749, 0.0340565
0.517782, -0.00957193, 0.0324081
0.0319999, -0.491898, 0.032904
0.0031889, -0.51869, 0.0312597
-2.51184e-05, -0.463717, 0.0332097
-0.00813704, -0.494904, 0.0320837
stamp: 7009000000
0.00416052, 0.000407466, 0.0374568
0.506197, -0.0345309, 0.0332813
0.477237, -0.00694045, 0.034205
0.517789, -0.00959909, 0.0324592
0.031979, -0.491917, 0.0329214
0.00319982, -0.518692, 0.0312898
-4.36824e-05, -0.463696, 0.0333396
-0.00812585, -0.494918, 0.0321475
stamp: 7019000000
0.00419971, 0.000441939, 0.037546
0.50629, -0.0345639, 0.033345
0.477303, -0.00693442, 0.0343451
0.51784, -0.00956244, 0.0323695
0.0320132, -0.491921, 0.0329617
0.00322734, -0.518703, 0.0313452
-3.49747e-05, -0.463708, 0.033356
-0.00808193, -0.494898, 0.0321619
stamp: 7029000000
0.00419683, 0.000471407, 0.0376237
0.506199, -0.0346057, 0.0333918
0.477234, -0.0070597, 0.0344023
0.517879, -0.00965216, 0.0325656
0.032055, -0.491906, 0.0329817
0.00325164, -0.518692, 0.0314086
0.000124565, -0.463836, 0.0334954
-0.0080345, -0.494903, 0.0322101
stamp: 7040000000
0.00418093, 0.000488216, 0.0377082
0.5062, -0.0346769, 0.0334368
0.477197, -0.00716348, 0.0343861
0.517896, -0.00975004, 0.0326911
0.0320917, -0.49187, 0.0330233
0.0032843, -0.518666, 0.0315071
0.000184675, -0.463826, 0.0335641
-0.00798514, -0.494879, 0.0323043
stamp: 7049000000
0.00417144, 0.000491365, 0.037809
0.506184, -0.0347804, 0.033454
0.4773, -0.00725419, 0.0346357
0.518004, -0.00981775, 0.0327474
0.0320891, -0.491848, 0.033118
0.00331648, -0.518647, 0.0315913
0.000182895, -0.463805, 0.0336158
-0.00786967, -0.494856, 0.0325039
stamp: 7059000000
0.00412634, 0.000532198, 0.0379173
0.506175, -0.0348458, 0.0335254
0.477281, -0.00731777, 0.0347139
0.517971, -0.010024, 0.0329338
0.0320944, -0.491813, 0.0332144
0.00333113, -0.5186, 0.0317527
0.000155717, -0.463771, 0.033644
-0.00785716, -0.494834, 0.0326096
stamp: 7069000000
0.00411186, 0.000530786, 0.03802
0.506156, -0.0349391, 0.0335909
0.477294, -0.0074171, 0.0348605
0.517975, -0.0101339, 0.033116
0.0320998, -0.491755, 0.0332703
0.00335361, -0.518532, 0.0319252
0.000273047, -0.463609, 0.0337313
-0.00784318, -0.494759, 0.0327323
stamp: 7079000000
0.00415623, 0.000627224, 0.0383258
0.506044, -0.0350175, 0.0337705
0.47722, -0.00769138, 0.0350186
0.517951, -0.0103341, 0.0335367
0.0321455, -0.491638, 0.0334215
0.00334358, -0.518369, 0.0322871
0.000275957, -0.463543, 0.0338063
-0.00779673, -0.494682, 0.0328866
stamp: 7090000000
0.00412069, 0.000596514, 0.0385677
0.505959, -0.0350572, 0.0340785
0.47721, -0.0080203, 0.0355713
0.517752, -0.0105204, 0.0340722
0.0321979, -0.491562, 0.0335401
0.0035431, -0.518262, 0.032653
0.000421647, -0.463434, 0.0340615
-0.00763353, -0.494549, 0.033091
stamp: 7099000000
0.00409439, 0.000546143, 0.0388058
0.505844, -0.0354728, 0.0345712
0.47711, -0.00829564, 0.0359857
0.517794, -0.0106101, 0.0343586
0.0322922, -0.491472, 0.0337098
0.00383652, -0.518375, 0.033398
0.000507254, -0.463373, 0.0342389
-0.00745514, -0.494442, 0.0334019
stamp: 7109000000
0.00404937, 0.000438949, 0.0392688
0.505743, -0.0357254, 0.0349178
0.477068, -0.00845033, 0.036443
0.517736, -0.010793, 0.0347775
0.0324873, -0.491368, 0.0341674
0.00397128, -0.51822, 0.0339387
0.00061879, -0.46334, 0.0345087
-0.00715063, -0.494233, 0.0344006
stamp: 7119000000
0.00396372, 0.000369575, 0.0395995
0.505698, -0.0358305, 0.0353249
0.477022, -0.00882549, 0.0369384
0.517611, -0.0110179, 0.0352745
0.0326411, -0.491292, 0.034806
0.00404996, -0.518064, 0.0344913
0.000683139, -0.463331, 0.0350834
-0.00652554, -0.494113, 0.0353363
stamp: 7129000000
0.00385995, 0.000331585, 0.0400049
0.505631, -0.0359675, 0.0358
0.476963, -0.00908248, 0.0375067
0.51747, -0.011225, 0.0358623
0.0326518, -0.491071, 0.0352005
0.00409128, -0.517957, 0.0352955
0.000717997, -0.463406, 0.0355971
-0.00688392, -0.494211, 0.0359966
stamp: 7140000000
0.00366379, 0.000211625, 0.040833
0.505612, -0.0364645, 0.0363785
0.476615, -0.00953291, 0.0382902
0.517356, -0.0115495, 0.0369159
0.0327938, -0.491041, 0.0356414
0.00412895, -0.517643, 0.0362347
0.00108228, -0.46301, 0.0365063
-0.0068829, -0.49384, 0.0364873
stamp: 7150000000
0.00349964, 0.000173159, 0.0417892
0.505619, -0.0366774, 0.0370333
0.476415, -0.00993079, 0.039459
0.517297, -0.0119114, 0.0377501
0.0329584, -0.490966, 0.0363431
0.00441804, -0.517692, 0.0374742
0.00128613, -0.462859, 0.0374839
-0.00694579, -0.493593, 0.0374204
stamp: 7159000000
0.00333835, 0.000193482, 0.0429145
0.505681, -0.0368142, 0.0380141
0.476254, -0.0102398, 0.0403468
0.517297, -0.0121766, 0.0387544
0.0334439, -0.490881, 0.0379836
0.00471322, -0.51787, 0.0389831
0.00140964, -0.462939, 0.0384906
-0.00671511, -0.493774, 0.0388855
stamp: 7169000000
0.00341409, 0.0002025, 0.0443844
0.505489, -0.0371454, 0.0392867
0.476261, -0.0105238, 0.0413632
0.517113, -0.0122219, 0.0399261
0.0335855, -0.490759, 0.039462
0.0048712, -0.517761, 0.0402494
0.00153613, -0.462618, 0.0402992
-0.00637549, -0.49369, 0.0405701
stamp: 7180000000
0.00322717, -1.88323e-05, 0.0455877
0.505468, -0.0373214, 0.0407481
0.476113, -0.0107838, 0.0425168
0.516822, -0.0123498, 0.0412581
0.0336618, -0.490678, 0.0410534
0.00509774, -0.517338, 0.0420162
0.00185177, -0.462658, 0.04193
-0.00616541, -0.493597, 0.0426601
stamp: 7190000000
0.00290596, -0.000174502, 0.0471675
0.505308, -0.037666, 0.0424659
0.475773, -0.0112282, 0.0440876
0.516751, -0.0125913, 0.0427033
0.0339708, -0.490698, 0.043237
0.00523216, -0.517491, 0.0441345
0.00205951, -0.46278, 0.0439471
-0.00597957, -0.493515, 0.0444345
stamp: 7199000000
0.00290848, -0.00028412, 0.0492591
0.505247, -0.0379772, 0.0438641
0.475699, -0.0115543, 0.0454914
0.516619, -0.0129042, 0.044236
0.034084, -0.49061, 0.04549
0.00558587, -0.517492, 0.0463149
0.00231461, -0.462487, 0.0463991
-0.00573426, -0.493507, 0.0466107
stamp: 7209000000
0.0024505, -0.000258215, 0.0513482
0.505022, -0.0382065, 0.0456788
0.475468, -0.0119701, 0.0471314
0.516186, -0.0131423, 0.0461283
0.0343821, -0.490855, 0.0478639
0.00590182, -0.517493, 0.0487911
0.0026544, -0.462563, 0.048897
-0.00543958, -0.49334, 0.0490573
stamp: 7219000000
0.00219736, -0.000227136, 0.0536257
0.504682, -0.0386688, 0.0475909
0.475218, -0.0123656, 0.0488295
0.515944, -0.0133795, 0.0478945
0.034773, -0.490773, 0.0505894
0.00625198, -0.517313, 0.0516249
0.00304719, -0.462644, 0.0516516
-0.00501952, -0.493365, 0.051892
stamp: 7229000000
0.00186317, -0.000547113, 0.0560875
0.504811, -0.0390786, 0.0494974
0.474856, -0.0129405, 0.0508189
0.515818, -0.0136794, 0.0500366
0.035007, -0.490462, 0.0534265
0.00658599, -0.517299, 0.0545647
0.00342683, -0.462408, 0.0544145
-0.00481731, -0.493147, 0.054874
stamp: 7240000000
0.00129007, -0.000682351, 0.0589638
0.504697, -0.0391169, 0.051808
0.474669, -0.0134284, 0.0529398
0.515362, -0.0140575, 0.0521856
0.0354634, -0.490537, 0.056695
0.00685645, -0.517152, 0.0580024
0.00405588, -0.462378, 0.0577738
-0.00441334, -0.493176, 0.0578764
stamp: 7249000000
0.00111317, -0.000422047, 0.0617295
0.504386, -0.0397348, 0.0542559
0.474258, -0.0139951, 0.0553582
0.515383, -0.0143709, 0.0547533
0.0361568, -0.490454, 0.0603264
0.00708447, -0.51719, 0.060954
0.0044523, -0.462205, 0.0611089
-0.00387194, -0.492961, 0.0614675
stamp: 7260000000
0.000637881, -0.000496315, 0.0648712
0.504135, -0.0400962, 0.056875
0.473994, -0.0143848, 0.0582515
0.514809, -0.0146729, 0.05724
0.0364647, -0.490401, 0.0638808
0.00746258, -0.517073, 0.0647453
0.00470163, -0.462176, 0.0640134
-0.00358854, -0.492525, 0.0647528
stamp: 7270000000
3.85329e-05, -0.00062015, 0.0685017
0.504023, -0.0403438, 0.0595468
0.473787, -0.0148168, 0.0612373
0.514676, -0.0150332, 0.0603118
0.0369394, -0.490326, 0.0676963
0.00793547, -0.51676, 0.0684581
0.00516747, -0.462027, 0.0681203
-0.0031543, -0.492462, 0.0683009
stamp: 7280000000
-0.000221781, -0.000950061, 0.072227
0.503732, -0.0408828, 0.0625451
0.473356, -0.0154945, 0.0644131
0.514352, -0.0153174, 0.0630255
0.0374786, -0.490357, 0.0715719
0.00850022, -0.5168, 0.0721164
0.00559146, -0.462109, 0.0720722
-0.00270473, -0.492194, 0.0722921
stamp: 7290000000
-0.000621429, -0.000787457, 0.0758887
0.503537, -0.0413718, 0.0655665
0.473047, -0.0159349, 0.0679135
0.513948, -0.0156862, 0.0664635
0.0378692, -0.490258, 0.0754436
0.00883402, -0.516798, 0.0761031
0.00621612, -0.461711, 0.0759577
-0.00194806, -0.492461, 0.0763948
stamp: 7300000000
-0.00102046, -0.000965128, 0.0796948
0.503372, -0.0418209, 0.0695371
0.472821, -0.0165555, 0.0713608
0.51376, -0.0161011, 0.0698089
0.0384123, -0.490275, 0.079807
0.00953826, -0.516596, 0.0805678
0.00669161, -0.461821, 0.0803061
-0.00151432, -0.492292, 0.0807446
stamp: 7309000000
-0.00169255, -0.00107844, 0.0836319
0.503198, -0.0420843, 0.0731211
0.472654, -0.0169675, 0.0750884
0.513495, -0.0163687, 0.073097
0.0388877, -0.490109, 0.0841197
0.0101395, -0.516536, 0.0845657
0.007319, -0.461687, 0.0847402
-0.000852881, -0.492378, 0.0851796
stamp: 7319000000
-0.0023778, -0.00127958, 0.0883499
0.503089, -0.0425368, 0.0767685
0.47234, -0.0173948, 0.0788571
0.513048, -0.0167887, 0.0769511
0.0397169, -0.490023, 0.0886698
0.0108002, -0.5165, 0.0891404
0.00795517, -0.461618, 0.0893004
-0.000247936, -0.49213, 0.0893016
stamp: 7330000000
-0.00294684, -0.0013248, 0.0929658
0.502925, -0.0428332, 0.0806367
0.471836, -0.0181103, 0.083075
0.512794, -0.0171618, 0.0808613
0.0403066, -0.489892, 0.0933041
0.0112178, -0.516426, 0.0935206
0.00855909, -0.461545, 0.0936474
0.000441866, -0.492215, 0.0940127
stamp: 7340000000
-0.00351728, -0.00138258, 0.0975768
0.502731, -0.0434067, 0.0846457
0.471576, -0.0186599, 0.0873065
0.512509, -0.0175874, 0.0850192
0.0408623, -0.489939, 0.0980431
0.0119696, -0.51631, 0.0982376
0.00928466, -0.461517, 0.0984647
0.000720251, -0.492114, 0.0984452
stamp: 7350000000
-0.00438973, -0.00142324, 0.102185
0.502326, -0.0437971, 0.0890813
0.471245, -0.0190852, 0.0914545
0.512057, -0.0179327, 0.0891482
0.0414573, -0.489803, 0.10296
0.0126509, -0.516139, 0.102927
0.0100096, -0.461404, 0.103538
0.00171167, -0.492168, 0.10363
stamp: 7359000000
-0.00494257, -0.00163476, 0.106927
0.502061, -0.0441143, 0.0934906
0.471113, -0.0193838, 0.0957645
0.511797, -0.0182644, 0.0933573
0.0420932, -0.489748, 0.107884
0.0130047, -0.516291, 0.107619
0.0106335, -0.461215, 0.10819
0.00228257, -0.491901, 0.108431
stamp: 7369000000
-0.00566637, -0.00173105, 0.111798
0.502109, -0.0446026, 0.097713
0.470732, -0.0197449, 0.100246
0.511668, -0.0187222, 0.0977299
0.0427081, -0.489915, 0.112943
0.0134043, -0.516293, 0.112496
0.0112137, -0.461209, 0.113387
0.00280919, -0.492072, 0.11296
stamp: 7380000000
-0.00643683, -0.00175504, 0.117279
0.501859, -0.0450532, 0.102612
0.470618, -0.020599, 0.105227
0.511437, -0.0190405, 0.102386
0.0431875, -0.490068, 0.1182
0.0140482, -0.516051, 0.117823
0.0119264, -0.461125, 0.118443
0.00342735, -0.492041, 0.118345
stamp: 7390000000
-0.00693536, -0.00180612, 0.122756
0.501733, -0.0452188, 0.107245
0.470347, -0.021018, 0.109659
0.511109, -0.0194849, 0.107104
0.0439251, -0.489848, 0.123309
0.0149279, -0.516258, 0.122989
0.0125533, -0.461187, 0.123453
0.00393813, -0.491983, 0.123353
stamp: 7399000000
-0.00758692, -0.0018257, 0.12805
0.501622, -0.0457823, 0.112348
0.470238, -0.0213859, 0.114495
0.510923, -0.0196506, 0.112108
0.0445534, -0.489911, 0.128539
0.0154261, -0.516258, 0.128197
0.0134052, -0.461202, 0.129105
0.00443464, -0.492013, 0.128467
stamp: 7410000000
-0.00817789, -0.00167745, 0.133738
0.501554, -0.0464215, 0.117294
0.470073, -0.0220751, 0.119269
0.510675, -0.0201693, 0.116897
0.0451982, -0.489965, 0.134026
0.0159268, -0.516153, 0.13325
0.0140994, -0.461306, 0.134568
0.0051835, -0.492143, 0.134085
stamp: 7419000000
-0.00893631, -0.00213143, 0.139401
0.501463, -0.0464342, 0.122376
0.469942, -0.0223748, 0.124632
0.510567, -0.0204833, 0.122185
0.045856, -0.490131, 0.139484
0.0166557, -0.515994, 0.138956
0.0146532, -0.461194, 0.139696
0.00590639, -0.491973, 0.139622
stamp: 7429000000
-0.00949944, -0.00218302, 0.145215
0.501436, -0.0472017, 0.127343
0.469621, -0.0230555, 0.129673
0.510528, -0.0209415, 0.127399
0.0466354, -0.489933, 0.145224
0.0174161, -0.516404, 0.144875
0.0152971, -0.46128, 0.145364
0.00655032, -0.492116, 0.145157
stamp: 7440000000
-0.010164, -0.00228036, 0.151465
0.50139, -0.0475145, 0.132538
0.469661, -0.0234045, 0.134964
0.510473, -0.021345, 0.132925
0.047026, -0.490189, 0.150766
0.0180183, -0.516383, 0.150624
0.0161113, -0.46126, 0.151331
0.00704857, -0.492236, 0.151013
stamp: 7449000000
-0.0108449, -0.00219853, 0.157334
0.501088, -0.0477672, 0.138166
0.469694, -0.0237453, 0.140795
0.510438, -0.021737, 0.138245
0.0478754, -0.490292, 0.156926
0.0186484, -0.516439, 0.156699
0.0163091, -0.461494, 0.15713
0.00760938, -0.492102, 0.157169
stamp: 7459000000
-0.011596, -0.00240829, 0.163881
0.501303, -0.0482237, 0.144258
0.469717, -0.0243129, 0.146445
0.510294, -0.0219716, 0.143851
0.0483035, -0.490285, 0.16307
0.0187992, -0.516509, 0.162297
0.017261, -0.461471, 0.163495
0.00821754, -0.492442, 0.163063
stamp: 7470000000
-0.0123507, -0.00250146, 0.169943
0.501451, -0.0485198, 0.149681
0.469743, -0.0248596, 0.152398
0.510395, -0.0223841, 0.149748
0.0488591, -0.490645, 0.169447
0.0194822, -0.516311, 0.168733
0.0176537, -0.461456, 0.169376
0.00865897, -0.492359, 0.169014
stamp: 7480000000
-0.0129413, -0.00267093, 0.176847
0.501435, -0.0490275, 0.155654
0.469766, -0.0249417, 0.158262
0.51048, -0.0228376, 0.155642
0.0492269, -0.490608, 0.17572
0.0199564, -0.516817, 0.175392
0.0182043, -0.461663, 0.175973
0.00936014, -0.49252, 0.175633
stamp: 7490000000
-0.0134597, -0.00259058, 0.183652
0.501591, -0.0492501, 0.162007
0.469864, -0.0256445, 0.164552
0.510491, -0.0231307, 0.161978
0.0497691, -0.490692, 0.182383
0.0205826, -0.516856, 0.181701
0.0185926, -0.462049, 0.18237
0.00987597, -0.492528, 0.182109
stamp: 7500000000
-0.0140247, -0.00274268, 0.19043
0.501724, -0.0496186, 0.167892
0.469761, -0.0260632, 0.170977
0.510661, -0.0234345, 0.168242
0.0505482, -0.491074, 0.189469
0.0209154, -0.516982, 0.188747
0.0193463, -0.462042, 0.189324
0.010324, -0.492851, 0.188983
stamp: 7509000000
-0.0147309, -0.00267964, 0.197599
0.502004, -0.0501198, 0.174774
0.469903, -0.0265484, 0.177619
0.510739, -0.0238695, 0.174766
0.0509457, -0.491215, 0.196295
0.0214579, -0.517318, 0.195596
0.0197496, -0.462298, 0.196451
0.0108268, -0.492901, 0.19604
stamp: 7520000000
-0.0152946, -0.00275697, 0.20488
0.502033, -0.0506339, 0.180983
0.470106, -0.027013, 0.184169
0.510884, -0.0242985, 0.181391
0.0512944, -0.491488, 0.203795
0.0219026, -0.517408, 0.20291
0.020219, -0.462527, 0.203507
0.0113182, -0.493145, 0.203194
stamp: 7530000000
-0.0156479, -0.0028756, 0.212524
0.502395, -0.0508229, 0.188103
0.470425, -0.0275461, 0.190934
0.510817, -0.0245485, 0.188329
0.0519443, -0.491852, 0.211045
0.0225947, -0.517597, 0.210284
0.0208951, -0.46261, 0.211151
0.0116303, -0.493488, 0.210535
stamp: 7540000000
-0.0162849, -0.00305188, 0.220088
0.502816, -0.0513808, 0.195031
0.470569, -0.0279852, 0.198048
0.511101, -0.0249112, 0.195247
0.0524364, -0.491954, 0.218999
0.0229287, -0.517939, 0.21818
0.0213697, -0.462771, 0.218797
0.0122064, -0.493575, 0.218243
stamp: 7549000000
-0.0167021, -0.00299474, 0.227914
0.502865, -0.0514072, 0.20246
0.470657, -0.0286139, 0.205629
0.511358, -0.0254102, 0.202421
0.0529387, -0.492344, 0.227046
0.0232926, -0.51828, 0.226253
0.0218475, -0.4631, 0.226759
0.0127022, -0.493988, 0.226516
stamp: 7559000000
-0.0173942, -0.00308452, 0.235784
0.503207, -0.0519587, 0.209722
0.471082, -0.0291037, 0.212859
0.511672, -0.0256666, 0.209966
0.0531094, -0.492386, 0.23475
0.0239249, -0.51856, 0.234445
0.0221533, -0.463282, 0.234601
0.0133638, -0.494233, 0.23475
stamp: 7570000000
-0.017621, -0.003062, 0.244205
0.503574, -0.052408, 0.217405
0.471518, -0.0293638, 0.220399
0.511985, -0.026207, 0.21778
0.0536027, -0.492825, 0.243067
0.0243838, -0.518786, 0.242944
0.0225798, -0.463535, 0.243185
0.0137543, -0.494454, 0.243158
stamp: 7580000000
-0.0180114, -0.0030613, 0.252575
0.503934, -0.0526436, 0.225181
0.471718, -0.0298075, 0.228417
0.512461, -0.0266284, 0.225362
0.054015, -0.4931, 0.251755
0.0246679, -0.518898, 0.251261
0.0232026, -0.464123, 0.251903
0.0139865, -0.49483, 0.251661
stamp: 7590000000
-0.0184797, -0.00319068, 0.260948
0.504387, -0.0531959, 0.233231
0.472255, -0.0303447, 0.236355
0.512885, -0.0269508, 0.233511
0.0544076, -0.493435, 0.260687
0.0250248, -0.519315, 0.260119
0.0235256, -0.464234, 0.260577
0.0142358, -0.495004, 0.260312
stamp: 7599000000
-0.0190121, -0.00315817, 0.26963
0.505024, -0.0539895, 0.241309
0.472642, -0.0310352, 0.244764
0.513247, -0.0274148, 0.241738
0.054862, -0.493732, 0.269766
0.0254665, -0.519617, 0.269347
0.0237922, -0.464411, 0.269371
0.0148486, -0.495323, 0.269434
stamp: 7610000000
-0.01923, -0.00312979, 0.278498
0.505484, -0.0542663, 0.25002
0.473213, -0.0313697, 0.253137
0.51376, -0.0278075, 0.250194
0.0550044, -0.49402, 0.279044
0.0256732, -0.519889, 0.2786
0.0241279, -0.46501, 0.278938
0.0151826, -0.495534, 0.278799
stamp: 7619000000
-0.0196954, -0.00305928, 0.287461
0.506218, -0.0548606, 0.258999
0.473703, -0.0318711, 0.261888
0.514416, -0.0283551, 0.259209
0.0554486, -0.494415, 0.288581
0.0260663, -0.520423, 0.288411
0.0246585, -0.465225, 0.28857
0.0154847, -0.496018, 0.288365
stamp: 7630000000
-0.0199617, -0.00309517, 0.296731
0.506664, -0.0552158, 0.267617
0.474133, -0.0323545, 0.270657
0.514917, -0.0287725, 0.26801
0.0556922, -0.494697, 0.298436
0.0262665, -0.520606, 0.297747
0.0248118, -0.465466, 0.298044
0.0157123, -0.496388, 0.297954
stamp: 7640000000
-0.0202861, -0.00325024, 0.30611
0.507068, -0.0557046, 0.276592
0.47497, -0.0328375, 0.279567
0.515392, -0.0293305, 0.27698
0.055948, -0.4951, 0.308492
0.0265958, -0.520915, 0.307978
0.0251806, -0.465973, 0.308306
0.016019, -0.496576, 0.30828
stamp: 7649000000
-0.0203106, -0.00332097, 0.315726
0.507838, -0.0561534, 0.286154
0.475549, -0.0334273, 0.289089
0.516044, -0.0297652, 0.286491
0.0560827, -0.495486, 0.318672
0.0267627, -0.521037, 0.318123
0.0255023, -0.466132, 0.318542
0.0161631, -0.497077, 0.318415
stamp: 7659000000
-0.0207047, -0.00316013, 0.325439
0.508571, -0.0568329, 0.295446
0.476042, -0.0338852, 0.298313
0.51669, -0.0303052, 0.295705
0.0565502, -0.495879, 0.329148
0.0269946, -0.521729, 0.328928
0.0255653, -0.466493, 0.328893
0.0165673, -0.49716, 0.328755
stamp: 7670000000
-0.0209428, -0.00316886, 0.335154
0.50909, -0.057033, 0.30513
0.476833, -0.034541, 0.308201
0.517523, -0.0306639, 0.305447
0.0565931, -0.49626, 0.339489
0.0271309, -0.521706, 0.339248
0.0258268, -0.466824, 0.339197
0.0169507, -0.497566, 0.33957
stamp: 7680000000
-0.0211909, -0.00328534, 0.345016
0.510085, -0.0575629, 0.315088
0.477565, -0.0348562, 0.317816
0.518007, -0.0312389, 0.315273
0.0568714, -0.496407, 0.350353
0.0275218, -0.522375, 0.349859
0.0260318, -0.467319, 0.350239
0.0169914, -0.498004, 0.350229
stamp: 7690000000
-0.0213458, -0.00331411, 0.355066
0.510802, -0.0581636, 0.325304
0.478187, -0.0354715, 0.327812
0.518911, -0.0318306, 0.325312
0.0571327, -0.496697, 0.361388
0.0273301, -0.522693, 0.360824
0.0263894, -0.467601, 0.361244
0.0173199, -0.498187, 0.360954
stamp: 7700000000
-0.0215143, -0.00312666, 0.365259
0.511368, -0.0585619, 0.335249
0.47906, -0.0359919, 0.337707
0.519605, -0.0323367, 0.335695
0.0573298, -0.49723, 0.37253
0.0277703, -0.522798, 0.371831
0.0262543, -0.467819, 0.37195
0.017598, -0.498656, 0.372384
stamp: 7709000000
-0.0217279, -0.00291003, 0.375395
0.512139, -0.0592326, 0.345615
0.479774, -0.0361453, 0.347984
0.520288, -0.0327862, 0.345804
0.0572642, -0.497668, 0.383327
0.0278613, -0.523152, 0.383229
0.0264932, -0.468326, 0.383073
0.0176418, -0.499024, 0.383418
stamp: 7719000000
-0.0220105, -0.00323266, 0.38579
0.513059, -0.059695, 0.356149
0.480497, -0.0368686, 0.358635
0.521083, -0.0332414, 0.356367
0.0575602, -0.497785, 0.394688
0.028208, -0.52388, 0.394669
0.0267176, -0.46863, 0.394449
0.0178736, -0.499385, 0.39462
stamp: 7730000000
-0.0220846, -0.00305632, 0.39613
0.51374, -0.0600921, 0.367225
0.481216, -0.0372203, 0.369013
0.521965, -0.0338438, 0.367074
0.0576583, -0.498104, 0.406217
0.0281214, -0.523965, 0.405794
0.0270178, -0.469078, 0.405804
0.0178637, -0.499564, 0.406042
stamp: 7740000000
-0.0221161, -0.00301968, 0.406877
0.514452, -0.0604767, 0.378039
0.482107, -0.0377154, 0.379764
0.522782, -0.0343434, 0.37788
0.0577272, -0.498625, 0.417359
0.0280086, -0.524117, 0.417149
0.0268086, -0.469322, 0.416744
0.0182522, -0.499939, 0.41763
stamp: 7750000000
-0.0222982, -0.00313043, 0.41764
0.515272, -0.0610155, 0.388953
0.482919, -0.0378846, 0.390661
0.523542, -0.0347409, 0.389013
0.057767, -0.498832, 0.428919
0.0284625, -0.524554, 0.428636
0.027008, -0.469562, 0.42809
0.0185747, -0.500347, 0.429223
stamp: 7759000000
-0.0222042, -0.00303118, 0.428217
0.515891, -0.0615062, 0.400169
0.483635, -0.0383186, 0.401342
0.524284, -0.0352302, 0.400001
0.0577565, -0.499182, 0.440181
0.0284673, -0.524983, 0.439828
0.0269594, -0.469953, 0.439535
0.0181936, -0.500597, 0.440099
stamp: 7769000000
-0.0222671, -0.00294111, 0.438953
0.516688, -0.061871, 0.411565
0.484415, -0.0385123, 0.412352
0.525125, -0.0356433, 0.411194
0.0579778, -0.499553, 0.451521
0.0285999, -0.525289, 0.451709
0.0273005, -0.470169, 0.451243
0.0183262, -0.501078, 0.45149
stamp: 7779000000
-0.0225158, -0.00291915, 0.44951
0.517503, -0.0622683, 0.422779
0.48525, -0.038936, 0.423498
0.525852, -0.0359394, 0.422461
0.0579612, -0.499943, 0.46287
0.0283178, -0.525454, 0.46317
0.0274304, -0.470747, 0.462738
0.0185202, -0.501323, 0.463438
stamp: 7789000000
-0.0224885, -0.00287304, 0.46027
0.518082, -0.0625293, 0.43427
0.48598, -0.0392724, 0.434553
0.526665, -0.0364804, 0.433861
0.0581019, -0.500131, 0.474561
0.0283799, -0.525968, 0.474427
0.0275622, -0.47078, 0.473987
0.018714, -0.501459, 0.474541
stamp: 7799000000
-0.0224669, -0.00288525, 0.470787
0.518948, -0.0629113, 0.44548
0.486602, -0.0395091, 0.445805
0.527399, -0.0366921, 0.445412
0.0580312, -0.500503, 0.485822
0.028728, -0.526208, 0.485722
0.0272746, -0.471273, 0.485015
0.0187495, -0.501892, 0.486086
stamp: 7809000000
-0.022274, -0.0029224, 0.481711
0.519279, -0.0629863, 0.457144
0.487391, -0.0397486, 0.457179
0.528132, -0.0371315, 0.456907
0.0578837, -0.50077, 0.496775
0.0285595, -0.526386, 0.496885
0.027276, -0.471354, 0.496264
0.0188189, -0.502054, 0.497184
stamp: 7819000000
-0.0225044, -0.00282223, 0.492187
0.520128, -0.0635624, 0.468878
0.488139, -0.0401056, 0.468477
0.528823, -0.0372692, 0.468493
0.0579346, -0.500977, 0.508086
0.028512, -0.52681, 0.508372
0.0273055, -0.471781, 0.507719
0.0187403, -0.502478, 0.508538
stamp: 7829000000
-0.0223437, -0.0028339, 0.502958
0.520794, -0.0637046, 0.480444
0.488731, -0.0400877, 0.480156
0.52931, -0.0376021, 0.479979
0.057894, -0.501449, 0.519351
0.0285269, -0.526953, 0.51942
0.0270275, -0.471991, 0.518542
0.0186912, -0.502737, 0.519734
stamp: 7839000000
-0.022477, -0.00287331, 0.513243
0.52113, -0.0638172, 0.49205
0.489229, -0.0402582, 0.491778
0.529852, -0.0376476, 0.491521
0.0577708, -0.501775, 0.530553
0.0283549, -0.527312, 0.530475
0.0273539, -0.472315, 0.529865
0.0180909, -0.502748, 0.530073
stamp: 7849000000
-0.0223493, -0.00281346, 0.523655
0.521631, -0.0639399, 0.503778
0.489867, -0.0403828, 0.503333
0.530508, -0.0379121, 0.503131
0.0578444, -0.502045, 0.541594
0.0282931, -0.527513, 0.541743
0.0271491, -0.472582, 0.541074
0.0183825, -0.503211, 0.541759
stamp: 7859000000
-0.02202, -0.00283568, 0.534202
0.522204, -0.0639364, 0.515654
0.490221, -0.040308, 0.51498
0.531077, -0.0380614, 0.515111
0.0575873, -0.502138, 0.552321
0.0281767, -0.527803, 0.552609
0.0271827, -0.472895, 0.551896
0.0182298, -0.503443, 0.552615
stamp: 7869000000
-0.0221354, -0.00263479, 0.544596
0.522478, -0.0640669, 0.527196
0.490746, -0.04041, 0.526688
0.531422, -0.0380811, 0.526763
0.0578137, -0.502373, 0.563546
0.0279493, -0.527903, 0.563292
0.0271783, -0.47308, 0.562858
0.0180629, -0.503568, 0.563506
stamp: 7879000000
-0.0221401, -0.00274787, 0.555153
0.522983, -0.0640929, 0.538878
0.49113, -0.0403581, 0.538218
0.531869, -0.0379816, 0.538515
0.0575527, -0.502802, 0.574398
0.0279599, -0.528198, 0.574425
0.0269928, -0.473291, 0.573951
0.0180949, -0.50382, 0.574516
stamp: 7889000000
-0.0219074, -0.00270283, 0.565269
0.523151, -0.0640655, 0.550713
0.491582, -0.0404737, 0.549959
0.532209, -0.0380207, 0.55018
0.0573293, -0.502946, 0.585079
0.0279184, -0.528411, 0.58529
0.0270862, -0.473609, 0.58453
0.0180475, -0.504226, 0.58544
stamp: 7899000000
-0.0219303, -0.00259628, 0.575278
0.523556, -0.0638797, 0.56259
0.491867, -0.0401732, 0.561778
0.532507, -0.0379152, 0.561934
0.0571628, -0.503019, 0.595802
0.0277011, -0.528564, 0.59596
0.0267856, -0.473651, 0.595255
0.0180404, -0.504293, 0.596361
stamp: 7909000000
-0.0217719, -0.00274389, 0.585492
0.523707, -0.0638417, 0.5742
0.492063, -0.0401047, 0.573185
0.532717, -0.0378084, 0.573545
0.0570319, -0.503221, 0.60648
0.0275453, -0.52893, 0.606558
0.0265971, -0.474083, 0.606152
0.017374, -0.504539, 0.606495
stamp: 7919000000
-0.0214891, -0.00265639, 0.595676
0.523983, -0.0635911, 0.585713
0.492229, -0.0399971, 0.584867
0.5329, -0.0375315, 0.585179
0.057034, -0.503475, 0.617251
0.0271452, -0.528999, 0.617011
0.0265341, -0.473967, 0.616547
0.0171357, -0.504565, 0.617157
stamp: 7929000000
-0.0213905, -0.00250619, 0.605843
0.524124, -0.0633087, 0.597276
0.492426, -0.0395029, 0.596523
0.533151, -0.0372655, 0.597039
0.0567756, -0.503769, 0.62787
0.0270748, -0.529088, 0.627577
0.0264424, -0.474403, 0.626983
0.0169835, -0.504794, 0.627446
stamp: 7940000000
-0.0214923, -0.00245634, 0.615732
0.52418, -0.0630568, 0.609292
0.492562, -0.0393335, 0.607983
0.533249, -0.0369829, 0.608573
0.0565673, -0.503957, 0.638411
0.0269174, -0.529294, 0.638404
0.0259801, -0.474607, 0.63756
0.0169435, -0.504806, 0.638283
stamp: 7950000000
-0.0210525, -0.00239035, 0.625832
0.524275, -0.0628634, 0.620778
0.492662, -0.0388798, 0.619505
0.53331, -0.0367604, 0.620053
0.0563949, -0.50412, 0.648711
0.0266955, -0.529434, 0.64909
0.026076, -0.47486, 0.6482
0.0171379, -0.505052, 0.649058
stamp: 7959000000
-0.0211252, -0.0023823, 0.635727
0.524289, -0.0624263, 0.63202
0.492583, -0.038508, 0.631016
0.53323, -0.0365685, 0.631339
0.056176, -0.504054, 0.659068
0.0265305, -0.529312, 0.659254
0.0257934, -0.474784, 0.658538
0.01706, -0.505076, 0.659612
stamp: 7969000000
-0.0207821, -0.00248879, 0.645713
0.524068, -0.0618644, 0.64335
0.492452, -0.0381256, 0.642476
0.533372, -0.0360828, 0.642902
0.0558926, -0.5043, 0.669302
0.0262186, -0.529514, 0.669532
0.025763, -0.475062, 0.668895
0.0163125, -0.505235, 0.669593
stamp: 7980000000
-0.0207676, -0.00238803, 0.655284
0.524089, -0.0615701, 0.654707
0.492544, -0.0378011, 0.6537
0.533272, -0.0356093, 0.654116
0.0556127, -0.50445, 0.679717
0.0257784, -0.529585, 0.680026
0.0255622, -0.475104, 0.67911
0.0161826, -0.505385, 0.680006
stamp: 7990000000
-0.0206339, -0.00245985, 0.664983
0.523886, -0.0610303, 0.665794
0.492434, -0.0371337, 0.66491
0.533139, -0.0351873, 0.665279
0.0553918, -0.504535, 0.689936
0.0257254, -0.529622, 0.690058
0.0251514, -0.475345, 0.689467
0.0157714, -0.50516, 0.689836
stamp: 7999000000
-0.0203327, -0.00252742, 0.674812
0.52379, -0.0604562, 0.676727
0.492215, -0.0365324, 0.676095
0.532922, -0.0346639, 0.676356
0.0551175, -0.504581, 0.699996
0.0255766, -0.529869, 0.700166
0.024779, -0.475065, 0.699387
0.0152796, -0.50535, 0.699982
stamp: 8010000000
-0.0201922, -0.00253982, 0.684022
0.523538, -0.0600604, 0.687939
0.491914, -0.0360555, 0.687029
0.532701, -0.0340356, 0.687429
0.0549588, -0.504609, 0.709949
0.0252015, -0.529945, 0.710252
0.024807, -0.475508, 0.709634
0.0151415, -0.505397, 0.710165
stamp: 8019000000
-0.0200876, -0.00236512, 0.693342
0.5233, -0.0594821, 0.698621
0.491693, -0.0355133, 0.698122
0.532407, -0.0334137, 0.698289
0.0546654, -0.504642, 0.719821
0.024757, -0.530097, 0.720085
0.0246125, -0.475486, 0.71981
0.0147182, -0.505481, 0.719563
stamp: 8029000000
-0.0198887, -0.00259779, 0.70282
0.522893, -0.0587426, 0.709296
0.491353, -0.0348095, 0.708749
0.532113, -0.0327655, 0.708934
0.054296, -0.504793, 0.729797
0.0245668, -0.530081, 0.729895
0.0241549, -0.475576, 0.729403
0.0146046, -0.505681, 0.730052
stamp: 8040000000
-0.0195854, -0.0026974, 0.712013
0.522496, -0.058121, 0.719881
0.491029, -0.0342338, 0.719451
0.531744, -0.0321957, 0.71957
0.0541199, -0.504787, 0.739701
0.0243059, -0.530189, 0.739837
0.0239038, -0.475515, 0.73948
0.0143931, -0.505576, 0.739469
stamp: 8049000000
-0.0192859, -0.00242756, 0.72108
0.522058, -0.0574049, 0.730292
0.490678, -0.0334799, 0.729957
0.531407, -0.0314515, 0.729873
0.0537962, -0.504834, 0.749177
0.0239498, -0.530216, 0.74947
0.0235989, -0.475577, 0.749004
0.0140048, -0.505306, 0.748904
stamp: 8059000000
-0.0192885, -0.00261046, 0.73029
0.521904, -0.0567311, 0.740516
0.490197, -0.0328102, 0.74023
0.531012, -0.0307627, 0.740193
0.0534389, -0.504775, 0.75853
0.0237779, -0.530281, 0.75892
0.0234059, -0.475666, 0.758657
0.0137148, -0.505624, 0.758823
stamp: 8070000000
-0.0190898, -0.00269593, 0.739247
0.521472, -0.0561215, 0.750687
0.489881, -0.0322748, 0.750361
0.530449, -0.0301171, 0.750314
0.0531575, -0.504721, 0.768056
0.0233707, -0.530022, 0.768285
0.0229691, -0.475628, 0.767767
0.0132722, -0.505519, 0.767912
stamp: 8079000000
-0.0188292, -0.00268556, 0.748141
0.520897, -0.0553812, 0.760726
0.489538, -0.0313539, 0.760453
0.530057, -0.0293064, 0.760301
0.052842, -0.504876, 0.777228
0.0230196, -0.530186, 0.777603
0.022748, -0.475558, 0.777119
0.0130849, -0.505691, 0.77759
stamp: 8090000000
-0.0187441, -0.00272404, 0.756789
0.520283, -0.0545881, 0.770131
0.489, -0.0305767, 0.770295
0.52959, -0.0286147, 0.770104
0.0525239, -0.504753, 0.786316
0.0226175, -0.529876, 0.786631
0.0225653, -0.475534, 0.786291
0.0126834, -0.505593, 0.786351
stamp: 8099000000
-0.0181585, -0.00244678, 0.765693
0.519752, -0.0537801, 0.779723
0.488396, -0.0298699, 0.779882
0.52899, -0.0278227, 0.77952
0.0522708, -0.504773, 0.795251
0.0222407, -0.530134, 0.79568
0.0219656, -0.475612, 0.79493
0.0125389, -0.505511, 0.795607
stamp: 8109000000
-0.0181119, -0.00237739, 0.774004
0.519311, -0.0530492, 0.789094
0.48774, -0.0291592, 0.789451
0.528457, -0.0270721, 0.788878
0.0517508, -0.504681, 0.80384
0.0218935, -0.529849, 0.804249
0.0218395, -0.475384, 0.80373
0.0120445, -0.505286, 0.804081
stamp: 8119000000
-0.0180937, -0.00262324, 0.782499
0.518736, -0.0521032, 0.797949
0.487182, -0.0283747, 0.798646
0.527912, -0.0261194, 0.798083
0.0515756, -0.504786, 0.812481
0.0215848, -0.529819, 0.812859
0.0211588, -0.474996, 0.81208
0.0116934, -0.505541, 0.81281
stamp: 8129000000
-0.0179841, -0.00262427, 0.790474
0.518108, -0.0513191, 0.807
0.486761, -0.0276175, 0.807737
0.527219, -0.0253986, 0.806813
0.0510404, -0.504636, 0.820808
0.0210573, -0.52984, 0.821262
0.0210472, -0.474958, 0.820826
0.0114005, -0.505151, 0.820994
stamp: 8140000000
-0.0176337, -0.00258393, 0.798622
0.517613, -0.0506407, 0.815853
0.486083, -0.0266876, 0.816551
0.52673, -0.0245233, 0.815752
0.0508117, -0.504628, 0.829052
0.0206652, -0.529451, 0.829211
0.0205182, -0.475016, 0.828795
0.010727, -0.504827, 0.82873
stamp: 8149000000
-0.0173039, -0.00263721, 0.806689
0.517058, -0.0497057, 0.824157
0.485469, -0.0258969, 0.825189
0.525974, -0.0237688, 0.824142
0.0502965, -0.504351, 0.836852
0.0203037, -0.529656, 0.837179
0.0202533, -0.474945, 0.836873
0.0106726, -0.505082, 0.837158
stamp: 8159000000
-0.0173247, -0.00231031, 0.814017
0.516045, -0.048819, 0.832426
0.484845, -0.0250796, 0.833503
0.525426, -0.0228038, 0.832436
0.0498331, -0.504333, 0.844476
0.0199133, -0.529401, 0.844774
0.0198008, -0.474967, 0.844607
0.0102997, -0.504739, 0.845094
stamp: 8169000000
-0.0174788, -0.00257582, 0.821522
0.515635, -0.0480378, 0.840354
0.484123, -0.0243698, 0.841664
0.524782, -0.0220992, 0.840365
0.049557, -0.504239, 0.852178
0.0195729, -0.529286, 0.852466
0.0195391, -0.474642, 0.852078
0.00975783, -0.504504, 0.85232
stamp: 8179000000
-0.0170108, -0.00245186, 0.828986
0.514965, -0.04716, 0.848149
0.483467, -0.0232956, 0.84956
0.52407, -0.0212462, 0.848141
0.0492061, -0.504001, 0.859517
0.0190965, -0.529212, 0.859907
0.0191471, -0.47445, 0.859532
0.00907286, -0.504388, 0.859331
stamp: 8190000000
-0.0169485, -0.00234688, 0.836018
0.514243, -0.046286, 0.855684
0.482821, -0.0225165, 0.857253
0.523387, -0.0203271, 0.855644
0.0488001, -0.503898, 0.866576
0.0189675, -0.529074, 0.866878
0.0186982, -0.474341, 0.866547
0.00887344, -0.504308, 0.866484
stamp: 8200000000
-0.0166559, -0.00237461, 0.84332
0.513617, -0.0455211, 0.862993
0.482206, -0.0217302, 0.864628
0.522627, -0.0194737, 0.862975
0.0484698, -0.503776, 0.873566
0.0183443, -0.528827, 0.873922
0.018286, -0.474053, 0.873346
0.00857253, -0.504418, 0.873436
stamp: 8209000000
-0.0165702, -0.00257878, 0.850221
0.512893, -0.0446093, 0.86983
0.481397, -0.020644, 0.871798
0.521959, -0.0185809, 0.869993
0.0480081, -0.503793, 0.880172
0.0179009, -0.528639, 0.880465
0.0178408, -0.473928, 0.880039
0.00799845, -0.504303, 0.880245
stamp: 8219000000
-0.0163789, -0.00244124, 0.856879
0.512204, -0.0436337, 0.876629
0.480834, -0.0198726, 0.878657
0.521278, -0.0177811, 0.876866
0.0476015, -0.503562, 0.886689
0.0175509, -0.528687, 0.887062
0.0173739, -0.473717, 0.886196
0.00753925, -0.504127, 0.886622
stamp: 8229000000
-0.0164437, -0.00236649, 0.863221
0.511572, -0.0427936, 0.883261
0.480007, -0.0190985, 0.885387
0.520561, -0.0169341, 0.883521
0.0472356, -0.503391, 0.892944
0.0171058, -0.528509, 0.893184
0.0172586, -0.47367, 0.892939
0.00710933, -0.503977, 0.892937
stamp: 8240000000
-0.0161579, -0.00269119, 0.869867
0.510613, -0.0420634, 0.88984
0.479378, -0.0182795, 0.891821
0.519847, -0.0160733, 0.88983
0.0469251, -0.503297, 0.898953
0.0166209, -0.528241, 0.899071
0.0165877, -0.4733, 0.898876
0.00670151, -0.503737, 0.898919
stamp: 8249000000
-0.0160098, -0.00255857, 0.875972
0.510058, -0.0410798, 0.895811
0.478709, -0.0174257, 0.897969
0.519167, -0.0152679, 0.895974
0.0463991, -0.503119, 0.904663
0.0162319, -0.528062, 0.904952
0.0161774, -0.473182, 0.904697
0.00629065, -0.503659, 0.90478
stamp: 8260000000
-0.0159366, -0.00240885, 0.88203
0.50936, -0.0402375, 0.901582
0.477972, -0.0166155, 0.904112
0.518474, -0.0144381, 0.901822
0.0459618, -0.502936, 0.91026
0.0158958, -0.527932, 0.91044
0.0158245, -0.47302, 0.910403
0.00599213, -0.503521, 0.910337
stamp: 8270000000
-0.0157044, -0.0026109, 0.887797
0.508641, -0.0394647, 0.907214
0.477394, -0.0158999, 0.909827
0.517767, -0.0136258, 0.90745
0.0455416, -0.50279, 0.91571
0.0154947, -0.527808, 0.915865
0.0156714, -0.472839, 0.915653
0.00554747, -0.503233, 0.915801
stamp: 8279000000
-0.0155561, -0.00240699, 0.893195
0.507902, -0.0387356, 0.912534
0.476871, -0.0148723, 0.915192
0.517084, -0.012843, 0.912946
0.0451613, -0.502751, 0.920757
0.0149906, -0.527612, 0.921047
0.0150441, -0.472871, 0.92066
0.00512791, -0.503086, 0.921087
stamp: 8290000000
-0.0154387, -0.00218751, 0.898426
0.507371, -0.0379053, 0.917763
0.476095, -0.0142499, 0.920491
0.516418, -0.01198, 0.918072
0.0448557, -0.502574, 0.925751
0.0145944, -0.527499, 0.925968
0.0145957, -0.472724, 0.925688
0.00470797, -0.502953, 0.925856
stamp: 8299000000
-0.0155307, -0.00206149, 0.903348
0.50665, -0.0371291, 0.922638
0.475435, -0.0135319, 0.925493
0.515705, -0.0111869, 0.922939
0.0442739, -0.502327, 0.93046
0.0141923, -0.52724, 0.930618
0.0142822, -0.472355, 0.930533
0.00441319, -0.50284, 0.930804
stamp: 8309000000
-0.0153353, -0.00196123, 0.908298
0.506109, -0.0363353, 0.927274
0.474912, -0.012733, 0.930319
0.515139, -0.0105238, 0.927765
0.0438838, -0.50214, 0.934877
0.0137453, -0.526995, 0.935196
0.0140578, -0.472227, 0.935193
0.00375899, -0.502573, 0.935261
stamp: 8320000000
-0.0152387, -0.00193288, 0.912881
0.505428, -0.0357027, 0.931924
0.474174, -0.0119079, 0.934593
0.514533, -0.00971357, 0.932285
0.0434866, -0.501998, 0.939345
0.0133377, -0.527042, 0.939363
0.0135073, -0.472073, 0.939498
0.00350734, -0.502441, 0.939354
stamp: 8330000000
-0.0150025, -0.00182658, 0.917446
0.504861, -0.0348553, 0.936116
0.473517, -0.0112118, 0.939177
0.513891, -0.00904099, 0.93666
0.0430835, -0.501767, 0.943385
0.0129175, -0.526617, 0.943433
0.0130186, -0.471754, 0.943477
0.00303344, -0.502156, 0.943571
stamp: 8340000000
-0.014953, -0.00187996, 0.921541
0.504145, -0.0341498, 0.940278
0.472966, -0.0106624, 0.942995
0.513202, -0.0084019, 0.940605
0.0426473, -0.501806, 0.947135
0.012551, -0.526546, 0.947395
0.0125889, -0.471612, 0.947339
0.00264979, -0.501968, 0.947566
stamp: 8350000000
-0.0149664, -0.00168927, 0.92552
0.503713, -0.0335353, 0.943987
0.472323, -0.00993418, 0.947119
0.512555, -0.00775617, 0.944473
0.0422185, -0.501571, 0.950826
0.0122043, -0.526471, 0.951373
0.0122066, -0.47148, 0.951082
0.00226969, -0.501904, 0.951235
stamp: 8359000000
-0.0146665, -0.0016337, 0.929351
0.503163, -0.0327612, 0.947743
0.471699, -0.00927096, 0.95063
0.511998, -0.00706114, 0.948123
0.0419813, -0.501301, 0.954383
0.0117994, -0.526143, 0.954725
0.0117886, -0.471404, 0.954457
0.00179783, -0.501559, 0.954715
stamp: 8370000000
-0.0146242, -0.00146365, 0.932964
0.502472, -0.0321252, 0.951167
0.471215, -0.00846667, 0.954086
0.511349, -0.00634926, 0.951407
0.0414548, -0.501054, 0.95776
0.0114191, -0.526064, 0.95818
0.0115165, -0.471074, 0.958132
0.00141103, -0.501552, 0.958136
stamp: 8380000000
-0.0145462, -0.00132467, 0.936341
0.501952, -0.0315351, 0.954334
0.470704, -0.00790166, 0.957362
0.510832, -0.00583498, 0.95483
0.0410775, -0.500992, 0.960902
0.0109202, -0.525754, 0.961105
0.0110361, -0.470956, 0.961279
0.00109087, -0.501164, 0.961232
stamp: 8390000000
-0.0144293, -0.00137145, 0.939467
0.501402, -0.030971, 0.957437
0.470077, -0.00726405, 0.960595
0.510321, -0.00520909, 0.957807
0.0407124, -0.500802, 0.963836
0.0105094, -0.525663, 0.963966
0.0107997, -0.470762, 0.964226
0.000706584, -0.501131, 0.964281
stamp: 8399000000
-0.0144169, -0.00128617, 0.942384
0.500908, -0.0303867, 0.960181
0.469603, -0.0068721, 0.963502
0.509805, -0.00463075, 0.960623
0.0402848, -0.500558, 0.966676
0.0101063, -0.525503, 0.966798
0.0104623, -0.470692, 0.967142
0.000307419, -0.500832, 0.966906
stamp: 8410000000
-0.0142447, -0.00115108, 0.945252
0.500414, -0.0297939, 0.962842
0.469189, -0.00612399, 0.96604
0.509291, -0.00405267, 0.963227
0.0399085, -0.500627, 0.969182
0.00962281, -0.525299, 0.969343
0.0100586, -0.47051, 0.969755
-9.18451e-05, -0.500641, 0.969584
stamp: 8419000000
-0.014115, -0.00126263, 0.947866
0.499876, -0.0293128, 0.965117
0.468598, -0.00574656, 0.968391
0.508806, -0.00361121, 0.965705
0.0395692, -0.500358, 0.971704
0.00929421, -0.525329, 0.971814
0.00960806, -0.470369, 0.972026
-0.000436507, -0.500623, 0.972144
stamp: 8430000000
-0.0141223, -0.00113398, 0.950069
0.499401, -0.0287957, 0.96741
0.468251, -0.00529149, 0.970539
0.508313, -0.00307397, 0.968006
0.039249, -0.50025, 0.9739
0.00892722, -0.524919, 0.97415
0.00928114, -0.470034, 0.974436
-0.000915125, -0.500351, 0.974226
stamp: 8440000000
-0.0140677, -0.000866984, 0.952132
0.499023, -0.0284232, 0.969337
0.467789, -0.00490889, 0.972701
0.507854, -0.00265418, 0.969932
0.0388211, -0.499918, 0.975994
0.00867011, -0.524786, 0.976331
0.00891998, -0.470025, 0.976631
-0.00129046, -0.500239, 0.976441
stamp: 8449000000
-0.0140175, -0.000681066, 0.954223
0.498533, -0.0279548, 0.971256
0.467283, -0.00442388, 0.974555
0.507434, -0.00224353, 0.971798
0.0384672, -0.499944, 0.977937
0.00826569, -0.524728, 0.978358
0.00841608, -0.469781, 0.978363
-0.00175171, -0.500167, 0.978442
stamp: 8460000000
-0.0138632, -0.000558342, 0.95586
0.498072, -0.0275267, 0.972894
0.466899, -0.00413146, 0.976177
0.506956, -0.00169532, 0.973257
0.0379849, -0.4998, 0.979612
0.00773866, -0.524477, 0.979964
0.00822059, -0.469765, 0.980255
-0.00205851, -0.499984, 0.979985
stamp: 8469000000
-0.0137876, -0.000651788, 0.957583
0.497823, -0.0271594, 0.974271
0.466447, -0.00384446, 0.977545
0.506596, -0.00141972, 0.97481
0.0376624, -0.499545, 0.980995
0.00745473, -0.524382, 0.981364
0.0079125, -0.469634, 0.981663
-0.0023524, -0.499729, 0.981536
stamp: 8480000000
-0.0136709, -0.000510473, 0.959019
0.497371, -0.0268053, 0.975606
0.466036, -0.00353544, 0.978824
0.506273, -0.00107507, 0.976229
0.037363, -0.499527, 0.982383
0.00708779, -0.524177, 0.982637
0.00751034, -0.469425, 0.982939
-0.00279113, -0.499672, 0.982916
stamp: 8490000000
-0.0137641, -0.000516689, 0.960272
0.497111, -0.0264921, 0.97675
0.46568, -0.0031592, 0.980051
0.505935, -0.000701291, 0.977329
0.0370419, -0.499279, 0.983541
0.00680947, -0.524121, 0.983902
0.00718352, -0.469135, 0.984033
-0.00305391, -0.499488, 0.984066
stamp: 8499000000
-0.0137204, -0.000509957, 0.961373
0.496684, -0.0261996, 0.977675
0.465346, -0.00283159, 0.980992
0.505573, -0.000418564, 0.978249
0.0366441, -0.499266, 0.984501
0.00628715, -0.523787, 0.984828
0.00692772, -0.469142, 0.985161
-0.00352507, -0.499323, 0.985078
stamp: 8509000000
-0.0137337, -0.000271128, 0.962352
0.496428, -0.0258874, 0.978539
0.464985, -0.00253083, 0.981678
0.505077, -6.53221e-05, 0.978914
0.0362349, -0.499127, 0.985303
0.00602327, -0.523663, 0.985741
0.00654499, -0.468927, 0.985936
-0.00374876, -0.499201, 0.985778
stamp: 8520000000
-0.0138742, -0.000195782, 0.962997
0.496054, -0.0256397, 0.979238
0.464719, -0.00228797, 0.982459
0.50481, 0.000207427, 0.979491
0.0361469, -0.499072, 0.986061
0.0056715, -0.523572, 0.986364
0.00627962, -0.468804, 0.986637
-0.00419081, -0.49912, 0.986626
stamp: 8529000000
-0.0138038, 1.79145e-05, 0.963623
0.495811, -0.0254115, 0.979725
0.464373, -0.00192019, 0.982801
0.504672, 0.000369031, 0.980174
0.0357503, -0.498834, 0.986662
0.00543531, -0.523484, 0.986802
0.00602119, -0.468755, 0.987164
-0.00452875, -0.498904, 0.987087
stamp: 8540000000
-0.0137107, 2.64591e-05, 0.964154
0.495591, -0.0252709, 0.979982
0.46409, -0.0018237, 0.983077
0.504192, 0.000608027, 0.980436
0.0354622, -0.498656, 0.987059
0.00507731, -0.523339, 0.987129
0.00543278, -0.46855, 0.987421
-0.00474777, -0.498713, 0.987329
stamp: 8550000000
-0.0136195, 0.000219139, 0.964542
0.495334, -0.025088, 0.980297
0.463842, -0.00175643, 0.983247
0.503988, 0.000798494, 0.980597
0.0350801, -0.49855, 0.987185
0.00480747, -0.523221, 0.987316
0.0051353, -0.468498, 0.987612
-0.0049936, -0.498579, 0.987597
stamp: 8559000000
-0.0135968, 0.000351406, 0.9649
0.495166, -0.0250136, 0.980304
0.463587, -0.00172894, 0.983384
0.503863, 0.000807485, 0.980769
0.0347129, -0.498445, 0.987113
0.00445992, -0.523097, 0.98744
0.00481417, -0.468269, 0.987681
-0.00528066, -0.498502, 0.987748
stamp: 8570000000
-0.0137093, 0.000254295, 0.965104
0.494871, -0.024805, 0.9803
0.463352, -0.00162563, 0.983375
0.503664, 0.000934068, 0.980729
0.0344126, -0.498383, 0.987047
0.00409696, -0.522978, 0.987383
0.00456308, -0.468185, 0.987716
-0.0055858, -0.498427, 0.987671
stamp: 8580000000
-0.0136546, 0.000419939, 0.965354
0.494681, -0.0247434, 0.98011
0.463076, -0.00150034, 0.983254
0.503446, 0.00100583, 0.980557
0.034092, -0.498247, 0.987033
0.0037565, -0.522869, 0.987429
0.00436465, -0.468111, 0.987606
-0.00596365, -0.498381, 0.987717
stamp: 8590000000
-0.0136691, 0.000515996, 0.965382
0.494502, -0.0246662, 0.97988
0.462961, -0.00143608, 0.982877
0.503277, 0.00115325, 0.980273
0.0337768, -0.498211, 0.986771
0.00350102, -0.522848, 0.987209
0.00405085, -0.467985, 0.987301
-0.0061623, -0.498237, 0.98728
stamp: 8599000000
-0.0137632, 0.000519938, 0.965332
0.494271, -0.0246264, 0.979508
0.462764, -0.00144516, 0.982465
0.503098, 0.00115011, 0.97991
0.0336593, -0.498153, 0.986423
0.00329092, -0.522789, 0.986953
0.00384817, -0.467792, 0.986833
-0.00653598, -0.498173, 0.986862
stamp: 8610000000
-0.0137856, 0.000608175, 0.965213
0.494196, -0.0246259, 0.978943
0.462604, -0.00151085, 0.981994
0.502808, 0.00128576, 0.979281
0.0332805, -0.498074, 0.98593
0.00310266, -0.522658, 0.986453
0.0036769, -0.467737, 0.986524
-0.00669725, -0.498142, 0.986529
stamp: 8620000000
-0.013756, 0.00071528, 0.964995
0.49408, -0.0246092, 0.978481
0.4624, -0.00143925, 0.981289
0.502758, 0.00117374, 0.978873
0.0330023, -0.497972, 0.985411
0.0028099, -0.52243, 0.985869
0.00327075, -0.467648, 0.986036
-0.00693437, -0.497974, 0.985949
stamp: 8630000000
-0.0138612, 0.000835154, 0.964734
0.493958, -0.0246993, 0.977869
0.46227, -0.0014808, 0.980766
0.5026, 0.00109983, 0.978269
0.0327982, -0.497904, 0.984962
0.00251696, -0.522417, 0.985307
0.00282624, -0.467615, 0.985281
-0.00719268, -0.497876, 0.985312
stamp: 8640000000
-0.0139084, 0.000937719, 0.964422
0.493846, -0.0246661, 0.977071
0.462222, -0.00147452, 0.980032
0.502464, 0.00108386, 0.97762
0.0326187, -0.497731, 0.984303
0.00225086, -0.522441, 0.984567
0.00273027, -0.467537, 0.984899
-0.00750081, -0.497775, 0.98475
stamp: 8650000000
-0.0139253, 0.000960907, 0.964095
0.493707, -0.024812, 0.976346
0.462109, -0.00143522, 0.979135
0.502328, 0.00107379, 0.976646
0.0323019, -0.497606, 0.983618
0.00201987, -0.522284, 0.983924
0.00255647, -0.467486, 0.984362
-0.0077095, -0.497751, 0.984197
stamp: 8660000000
-0.014025, 0.00101857, 0.963792
0.49356, -0.024924, 0.975597
0.462041, -0.0015862, 0.978276
0.502289, 0.000856787, 0.97593
0.0320832, -0.497518, 0.982935
0.0018298, -0.522204, 0.983397
0.00217847, -0.467217, 0.983458
-0.00798164, -0.497757, 0.983539
stamp: 8669000000
-0.0141296, 0.00123891, 0.963441
0.493648, -0.0250464, 0.974813
0.462003, -0.00176178, 0.97751
0.502268, 0.000788188, 0.975157
0.0319125, -0.497456, 0.982356
0.00150154, -0.522019, 0.982573
0.00216698, -0.467146, 0.982695
-0.00830105, -0.497474, 0.982743
stamp: 8679000000
-0.0141666, 0.00130423, 0.96315
0.493599, -0.0251213, 0.974
0.461907, -0.0019874, 0.976568
0.502165, 0.000627981, 0.974306
0.0314985, -0.49731, 0.981454
0.00132195, -0.522009, 0.98193
0.0018432, -0.46728, 0.981855
-0.00842638, -0.497394, 0.982055
stamp: 8690000000
-0.0142783, 0.00118188, 0.962856
0.493572, -0.0253633, 0.972961
0.46184, -0.00204948, 0.975594
0.501949, 0.000556005, 0.973246
0.0314295, -0.497202, 0.980565
0.00106942, -0.522046, 0.981148
0.00158229, -0.467168, 0.981158
-0.0085224, -0.497319, 0.981233
stamp: 8699000000
-0.0142372, 0.00129412, 0.962564
0.493434, -0.0255274, 0.972123
0.461929, -0.00215963, 0.974656
0.502061, 0.000352834, 0.972329
0.0312697, -0.497132, 0.979852
0.000884585, -0.521851, 0.980268
0.00140493, -0.467161, 0.980507
-0.0089491, -0.497178, 0.980226
stamp: 8709000000
-0.0143094, 0.001396, 0.962252
0.493448, -0.0257734, 0.971312
0.461831, -0.00257645, 0.973819
0.502051, 0.000145279, 0.971443
0.0310042, -0.497076, 0.979123
0.000718834, -0.521629, 0.97958
0.00125308, -0.46686, 0.979744
-0.00914336, -0.497166, 0.97957
stamp: 8720000000
-0.0143739, 0.00144491, 0.961981
0.493495, -0.0260229, 0.970152
0.461789, -0.00268213, 0.972682
0.501971, -9.07775e-05, 0.970479
0.0307601, -0.496986, 0.9784
0.000469323, -0.521641, 0.978764
0.00099573, -0.466866, 0.978644
-0.00931016, -0.497122, 0.978884
stamp: 8729000000
-0.014523, 0.00155263, 0.96164
0.493375, -0.0261418, 0.969113
0.461838, -0.00293464, 0.971884
0.501847, -0.000229128, 0.969376
0.0305908, -0.496855, 0.977691
0.000226071, -0.521575, 0.97804
0.00106182, -0.466763, 0.978034
-0.00948063, -0.496967, 0.978099
stamp: 8740000000
-0.0146195, 0.00159185, 0.9614
0.493392, -0.0263563, 0.968261
0.461872, -0.00322256, 0.970779
0.501988, -0.000510811, 0.968532
0.0305042, -0.496915, 0.976841
0.000158133, -0.521593, 0.977337
0.000850487, -0.466798, 0.977447
-0.00956097, -0.496893, 0.977298
stamp: 8750000000
-0.0147126, 0.00161679, 0.961201
0.493473, -0.0266453, 0.967254
0.461801, -0.00346692, 0.969715
0.501965, -0.000807411, 0.967552
0.0303331, -0.496927, 0.976037
0.00018495, -0.521551, 0.976493
0.000292403, -0.466693, 0.976537
-0.00971278, -0.496728, 0.976568
stamp: 8760000000
-0.0148141, 0.00167874, 0.960807
0.493403, -0.0268929, 0.966406
0.461749, -0.00384197, 0.96888
0.501938, -0.00105846, 0.966597
0.0301575, -0.496949, 0.97537
-0.000164662, -0.521192, 0.975617
9.00578e-05, -0.466491, 0.975593
-0.00998237, -0.496708, 0.975892
stamp: 8770000000
-0.0149518, 0.00173464, 0.960599
0.493403, -0.0272218, 0.965357
0.461722, -0.00416366, 0.967772
0.501908, -0.00123026, 0.965523
0.0299245, -0.496757, 0.97462
-0.000402148, -0.521168, 0.975061
6.09035e-05, -0.466394, 0.97509
-0.0100719, -0.496602, 0.975124
stamp: 8780000000
-0.0150299, 0.00176846, 0.960455
0.493467, -0.0274967, 0.964542
0.461861, -0.00426038, 0.966712
0.501978, -0.00166487, 0.964699
0.0297653, -0.496598, 0.973908
-0.000618566, -0.521196, 0.974406
-5.61052e-05, -0.466298, 0.974352
-0.0102388, -0.496591, 0.974527
stamp: 8789000000
-0.0151152, 0.00181688, 0.960325
0.493488, -0.0277897, 0.96378
0.461834, -0.00462954, 0.965927
0.501998, -0.00195378, 0.963868
0.0296803, -0.496547, 0.973302
-0.000716604, -0.521057, 0.973861
-5.41143e-05, -0.466239, 0.973795
-0.0104101, -0.496588, 0.973942
stamp: 8799000000
-0.0152055, 0.00183301, 0.960234
0.493623, -0.0282258, 0.962825
0.461899, -0.00507417, 0.964991
0.502093, -0.0022772, 0.962975
0.0294686, -0.496492, 0.972732
-0.000799689, -0.52098, 0.973285
-0.000284138, -0.466294, 0.97309
-0.0105998, -0.49626, 0.973025
stamp: 8810000000
-0.015382, 0.00171888, 0.96023
0.493547, -0.0285397, 0.962105
0.461859, -0.0054843, 0.964188
0.502093, -0.00260808, 0.962199
0.0294482, -0.496423, 0.972157
-0.000931967, -0.520783, 0.972584
-0.00019433, -0.466107, 0.972489
-0.0106495, -0.496209, 0.972558
stamp: 8820000000
-0.0156107, 0.0016978, 0.96022
0.49369, -0.0288127, 0.961339
0.461934, -0.00560004, 0.963405
0.50208, -0.00300204, 0.961441
0.0292628, -0.496247, 0.971584
-0.00106636, -0.520756, 0.972056
-0.000414877, -0.465974, 0.972001
-0.0107872, -0.496191, 0.972037
stamp: 8830000000
-0.0157716, 0.00189352, 0.960144
0.493726, -0.0292458, 0.960565
0.46197, -0.00600049, 0.962591
0.502129, -0.00335414, 0.960709
0.0291476, -0.496117, 0.971104
-0.00113178, -0.520677, 0.971518
-0.000484081, -0.465914, 0.971628
-0.0108383, -0.496127, 0.971505
stamp: 8839000000
-0.0158669, 0.00195096, 0.960127
0.493651, -0.0295636, 0.959814
0.462016, -0.00654594, 0.961915
0.502214, -0.00370944, 0.959997
0.0290442, -0.495999, 0.970533
-0.00130412, -0.520694, 0.970872
-0.000902262, -0.465953, 0.970954
-0.0110819, -0.496016, 0.971007
stamp: 8849000000
-0.0159499, 0.00198318, 0.960136
0.493627, -0.0298661, 0.959203
0.461992, -0.00678658, 0.961245
0.502253, -0.0040469, 0.959341
0.0288429, -0.495904, 0.969999
-0.00137366, -0.520572, 0.970396
-0.000943741, -0.465868, 0.970533
-0.011165, -0.495952, 0.970652
stamp: 8860000000
-0.0160435, 0.00199836, 0.960176
0.493778, -0.0303111, 0.958652
0.461992, -0.00719628, 0.960575
0.502234, -0.00439523, 0.958698
0.028749, -0.495858, 0.969667
-0.00150191, -0.520516, 0.970013
-0.00118919, -0.465877, 0.969915
-0.0112653, -0.495843, 0.970034
stamp: 8869000000
-0.0161327, 0.00203574, 0.960235
0.493851, -0.0307072, 0.957988
0.461969, -0.0075873, 0.95993
0.50223, -0.00478788, 0.95811
0.0286527, -0.495815, 0.969378
-0.00164558, -0.520439, 0.969693
-0.00136693, -0.465741, 0.969393
-0.0113278, -0.49579, 0.969668
stamp: 8879000000
-0.0162422, 0.00205201, 0.960269
0.493823, -0.0310823, 0.957527
0.462039, -0.00794323, 0.959482
0.502251, -0.00517043, 0.9576
0.0285493, -0.495805, 0.968998
-0.00186487, -0.520197, 0.969239
-0.00126957, -0.465502, 0.968962
-0.0113034, -0.495831, 0.969342
stamp: 8890000000
-0.0163809, 0.00208116, 0.960375
0.493854, -0.0313966, 0.957112
0.462151, -0.00836245, 0.958954
0.502311, -0.00555992, 0.957117
0.0284516, -0.495694, 0.968533
-0.00206821, -0.520111, 0.968797
-0.0012646, -0.465354, 0.968796
-0.0114971, -0.495636, 0.968874
stamp: 8900000000
-0.0165377, 0.00221021, 0.960473
0.493918, -0.0318021, 0.956688
0.462207, -0.0087204, 0.958484
0.502361, -0.00590598, 0.956672
0.0282452, -0.495543, 0.967995
-0.00217779, -0.52005, 0.968422
-0.00138815, -0.465355, 0.968453
-0.01168, -0.495458, 0.968376
stamp: 8909000000
-0.0165423, 0.002309, 0.960632
0.493881, -0.0322356, 0.956327
0.462234, -0.00902054, 0.957966
0.502446, -0.00635822, 0.956239
0.0282146, -0.495424, 0.967567
-0.00210872, -0.520003, 0.968029
-0.00142247, -0.465306, 0.96821
-0.0117859, -0.495383, 0.968081
stamp: 8920000000
-0.0166221, 0.00230472, 0.960752
0.493982, -0.0326651, 0.955994
0.462244, -0.0095372, 0.957506
0.502442, -0.00676945, 0.955867
0.0281845, -0.495309, 0.967316
-0.00209451, -0.520021, 0.967719
-0.00147258, -0.465244, 0.967984
-0.0119409, -0.495229, 0.967637
stamp: 8929000000
-0.0168132, 0.00235181, 0.960836
0.493984, -0.0330245, 0.95564
0.462204, -0.00992554, 0.957301
0.502439, -0.00713255, 0.955536
0.0281547, -0.495181, 0.967013
-0.00215279, -0.519915, 0.967372
-0.00169096, -0.46514, 0.967606
-0.0119859, -0.495179, 0.967317
stamp: 8940000000
-0.0168898, 0.00236816, 0.960949
0.493971, -0.0334406, 0.955305
0.462208, -0.0102187, 0.957035
0.502424, -0.00750268, 0.955197
0.0281035, -0.495095, 0.966775
-0.00223189, -0.519845, 0.967119
-0.00176196, -0.465092, 0.967375
-0.0121299, -0.495065, 0.967072
stamp: 8950000000
-0.0169567, 0.00237546, 0.961048
0.493986, -0.0337931, 0.955023
0.462259, -0.0107286, 0.956706
0.502447, -0.0078704, 0.954895
0.0280399, -0.495032, 0.966567
-0.00225105, -0.519807, 0.96691
-0.00177766, -0.464841, 0.967004
-0.0121894, -0.495005, 0.966864
stamp: 8959000000
-0.0170727, 0.00227434, 0.961256
0.494084, -0.0341852, 0.954759
0.462305, -0.0110777, 0.956402
0.50234, -0.00817204, 0.954471
0.0279637, -0.494969, 0.966364
-0.00243275, -0.519693, 0.966594
-0.00216299, -0.464822, 0.966561
-0.0123215, -0.495195, 0.966676
stamp: 8969000000
-0.0171797, 0.00230893, 0.961487
0.494053, -0.0345314, 0.954572
0.462328, -0.0114131, 0.956112
0.502474, -0.00866761, 0.954403
0.0276686, -0.494847, 0.966048
-0.00269989, -0.51942, 0.966215
-0.0024101, -0.464686, 0.966181
-0.0123753, -0.495141, 0.966473
stamp: 8980000000
-0.0173674, 0.00225202, 0.961549
0.494027, -0.0348656, 0.954423
0.462382, -0.0117584, 0.955922
0.502558, -0.00902949, 0.954202
0.0275458, -0.494765, 0.965812
-0.00280951, -0.51934, 0.965993
-0.00246889, -0.464618, 0.965987
-0.0125377, -0.494894, 0.966107
stamp: 8990000000
-0.0174275, 0.00225307, 0.961655
0.494028, -0.0352209, 0.954207
0.462318, -0.012239, 0.955817
0.50254, -0.00940505, 0.954078
0.027463, -0.494695, 0.965631
-0.00289551, -0.519277, 0.965823
-0.00248449, -0.464535, 0.965874
-0.0125969, -0.494842, 0.96588
stamp: 8999000000
-0.0174125, 0.00223593, 0.961762
0.493967, -0.0356725, 0.95417
0.462294, -0.0126127, 0.955759
0.502505, -0.00979851, 0.953988
0.0273752, -0.494649, 0.965383
-0.00297001, -0.519224, 0.96564
-0.00235019, -0.464482, 0.965574
-0.0126615, -0.49479, 0.965676
stamp: 9009000000
-0.0175488, 0.00225065, 0.961839
0.49393, -0.0360179, 0.954124
0.462328, -0.0130059, 0.955737
0.502464, -0.0101805, 0.953883
0.0272888, -0.49461, 0.965087
-0.00303701, -0.519158, 0.965456
-0.00257156, -0.464421, 0.965239
-0.0127935, -0.494726, 0.96544
stamp: 9019000000
-0.0175769, 0.00221497, 0.961938
0.494007, -0.036405, 0.954054
0.462329, -0.0132803, 0.955668
0.502519, -0.0105099, 0.953773
0.0271883, -0.494474, 0.964868
-0.00311498, -0.519098, 0.965268
-0.00261365, -0.464371, 0.965086
-0.0127428, -0.494593, 0.965186
stamp: 9030000000
-0.0176384, 0.00231463, 0.961973
0.494006, -0.0366971, 0.953974
0.462297, -0.0136427, 0.955534
0.502494, -0.0108277, 0.953724
0.0271077, -0.494403, 0.964682
-0.00325143, -0.519039, 0.965036
-0.00252974, -0.464217, 0.96496
-0.0128113, -0.49454, 0.965013
stamp: 9040000000
-0.0176862, 0.00233918, 0.961993
0.493973, -0.0369573, 0.953939
0.462266, -0.0138752, 0.955379
0.502456, -0.0111531, 0.953674
0.0270412, -0.494331, 0.964493
-0.00342417, -0.519007, 0.964725
-0.00259478, -0.464162, 0.964816
-0.012737, -0.494444, 0.964673
stamp: 9049000000
-0.0177258, 0.0023276, 0.962023
0.493939, -0.0371881, 0.953883
0.46221, -0.0140716, 0.955382
0.502565, -0.0113387, 0.953664
0.0269843, -0.494265, 0.96432
-0.00340044, -0.518985, 0.964442
-0.0026491, -0.464103, 0.964686
-0.0128002, -0.494384, 0.964514
stamp: 9060000000
-0.0178307, 0.00232328, 0.962087
0.493917, -0.0375591, 0.95391
0.462157, -0.0144079, 0.955329
0.502573, -0.0116337, 0.953652
0.0268405, -0.494153, 0.964161
-0.00344666, -0.518947, 0.964233
-0.00276394, -0.464097, 0.964442
-0.0130371, -0.494249, 0.964297
stamp: 9069000000
-0.0178814, 0.00232478, 0.962112
0.49389, -0.037962, 0.95385
0.462112, -0.0147696, 0.955354
0.502533, -0.012027, 0.953711
0.0266588, -0.494056, 0.963841
-0.00349004, -0.518903, 0.96404
-0.00291476, -0.463876, 0.964147
-0.0131624, -0.494202, 0.964122
stamp: 9079000000
-0.0179144, 0.00231871, 0.96212
0.493883, -0.038339, 0.95391
0.46208, -0.0150874, 0.955391
0.502528, -0.0123646, 0.95368
0.0265789, -0.493981, 0.963644
-0.00373552, -0.518602, 0.963697
-0.00292076, -0.463927, 0.964087
-0.0132654, -0.494164, 0.963942
stamp: 9090000000
-0.0179669, 0.00233599, 0.962128
0.493846, -0.0385541, 0.953911
0.462016, -0.0154946, 0.955264
0.502492, -0.0125898, 0.953689
0.0266076, -0.49392, 0.963429
-0.00384495, -0.51851, 0.963517
-0.00304072, -0.463769, 0.963848
-0.0134292, -0.493992, 0.963567
stamp: 9100000000
-0.0180671, 0.00237335, 0.962199
0.493727, -0.0387989, 0.953925
0.461947, -0.0157101, 0.955218
0.502466, -0.0128439, 0.953694
0.0265236, -0.493857, 0.963218
-0.00383615, -0.518462, 0.963498
-0.00321951, -0.463628, 0.963606
-0.0135106, -0.493937, 0.963394
stamp: 9109000000
-0.0181029, 0.00236547, 0.962187
0.493662, -0.039008, 0.953895
0.461932, -0.01589, 0.955252
0.502344, -0.0131086, 0.953739
0.0264029, -0.493808, 0.963038
-0.00393367, -0.51838, 0.963379
-0.00325544, -0.46352, 0.963409
-0.0135872, -0.493879, 0.963233
stamp: 9120000000
-0.0181357, 0.00237703, 0.96216
0.493568, -0.0392626, 0.954022
0.461916, -0.0160296, 0.955311
0.502272, -0.0133444, 0.95369
0.0263424, -0.493672, 0.962754
-0.00407874, -0.518231, 0.963201
-0.00331877, -0.463476, 0.963288
-0.0137114, -0.493778, 0.963125
stamp: 9129000000
-0.0182207, 0.00240044, 0.962131
0.493526, -0.0395348, 0.954008
0.461802, -0.0161791, 0.955348
0.502237, -0.0135608, 0.953675
0.0263025, -0.493603, 0.96253
-0.00396706, -0.51821, 0.962939
-0.00384005, -0.463302, 0.962926
-0.0137641, -0.493633, 0.962925
stamp: 9140000000
-0.0182426, 0.00240042, 0.962089
0.49351, -0.0397521, 0.953983
0.46174, -0.016504, 0.955348
0.502193, -0.0137906, 0.953676
0.026128, -0.49351, 0.962334
-0.00424814, -0.518159, 0.962589
-0.0038905, -0.463444, 0.962667
-0.0138103, -0.493469, 0.962642
stamp: 9149000000
-0.0182765, 0.00238626, 0.962039
0.493424, -0.0400075, 0.953931
0.461699, -0.0167162, 0.955364
0.502115, -0.0140236, 0.953703
0.0259417, -0.493435, 0.962066
-0.00429045, -0.518048, 0.962459
-0.003941, -0.463469, 0.962377
-0.0140115, -0.49335, 0.962375
stamp: 9159000000
-0.0183051, 0.00237257, 0.961996
0.493426, -0.0402008, 0.953922
0.461652, -0.0169398, 0.955336
0.502032, -0.0141949, 0.953725
0.0258444, -0.493389, 0.961829
-0.0043734, -0.518009, 0.962277
-0.00400186, -0.463416, 0.962217
-0.0141946, -0.493239, 0.96219
stamp: 9169000000
-0.0182866, 0.00235031, 0.961906
0.493368, -0.040362, 0.953922
0.461585, -0.0171397, 0.955332
0.501993, -0.0144276, 0.953748
0.0257663, -0.493355, 0.961647
-0.00440542, -0.517917, 0.962059
-0.00404778, -0.463367, 0.962079
-0.0143434, -0.49319, 0.961997
stamp: 9179000000
-0.0182965, 0.00235119, 0.961854
0.49331, -0.0405563, 0.953816
0.461538, -0.0173217, 0.955349
0.501907, -0.0146257, 0.953754
0.0256758, -0.493304, 0.961452
-0.0044982, -0.517875, 0.961875
-0.00418215, -0.463427, 0.961901
-0.0144382, -0.493218, 0.961785
stamp: 9190000000
-0.0183101, 0.00235507, 0.961797
0.493202, -0.040747, 0.953847
0.461453, -0.0174057, 0.955398
0.501842, -0.0147893, 0.953697
0.0255741, -0.493253, 0.961278
-0.00462044, -0.517807, 0.961502
-0.00451005, -0.462967, 0.961403
-0.0145346, -0.493248, 0.961551
stamp: 9199000000
-0.0182722, 0.00232183, 0.961683
0.493136, -0.0408445, 0.953875
0.461387, -0.017487, 0.955347
0.501778, -0.0149397, 0.953619
0.0254552, -0.493227, 0.961028
-0.00496612, -0.517658, 0.961173
-0.00457771, -0.462919, 0.96126
-0.0146265, -0.493212, 0.9614
stamp: 9209000000
-0.0182831, 0.00233267, 0.961635
0.493084, -0.0410465, 0.953815
0.461284, -0.0176706, 0.955279
0.501709, -0.0150922, 0.953538
0.0253678, -0.493079, 0.960852
-0.00508081, -0.517584, 0.960978
-0.00465975, -0.462872, 0.961127
-0.0147276, -0.493147, 0.961243
stamp: 9219000000
-0.0183159, 0.00223703, 0.961511
0.493006, -0.0412282, 0.953607
0.461225, -0.017831, 0.95523
0.501622, -0.0152579, 0.95345
0.025271, -0.493032, 0.960661
-0.00519876, -0.517513, 0.960824
-0.00473939, -0.462711, 0.961007
-0.0148003, -0.493085, 0.961116
stamp: 9229000000
-0.0183441, 0.00224365, 0.961474
0.492897, -0.0413227, 0.953511
0.461175, -0.0178993, 0.955186
0.501541, -0.015349, 0.953368
0.0250933, -0.492941, 0.960525
-0.00526918, -0.517463, 0.960749
-0.00480193, -0.462664, 0.960896
-0.014843, -0.492949, 0.960917
stamp: 9240000000
-0.018367, 0.00226554, 0.96142
0.492792, -0.0414155, 0.953466
0.461049, -0.01804, 0.955196
0.501456, -0.0154581, 0.953306
0.0249871, -0.492826, 0.960361
-0.00535927, -0.517412, 0.960669
-0.00480106, -0.462574, 0.960755
-0.0150716, -0.492844, 0.960692
stamp: 9249000000
-0.0184201, 0.00218551, 0.961298
0.49261, -0.0415355, 0.953414
0.460935, -0.0182172, 0.955181
0.501368, -0.0155471, 0.953215
0.0247768, -0.492768, 0.96012
-0.00545776, -0.517345, 0.960613
-0.00492272, -0.462557, 0.960609
-0.0151553, -0.492681, 0.96042
stamp: 9259000000
-0.0184408, 0.00226061, 0.961311
0.492526, -0.0415879, 0.953316
0.460864, -0.018273, 0.955108
0.501282, -0.0156247, 0.953094
0.0246729, -0.49273, 0.959979
-0.00554427, -0.517297, 0.960563
-0.00498159, -0.462518, 0.960523
-0.0152506, -0.492619, 0.960289
stamp: 9269000000
-0.0184932, 0.00218641, 0.961188
0.492449, -0.0416477, 0.953226
0.460793, -0.0184318, 0.954969
0.501211, -0.0156705, 0.95297
0.0245774, -0.492665, 0.959877
-0.0056211, -0.517245, 0.960497
-0.00507265, -0.462455, 0.960433
-0.0153365, -0.492558, 0.9602
stamp: 9280000000
-0.0185093, 0.0021866, 0.961108
0.492253, -0.0416942, 0.953224
0.460732, -0.018494, 0.954888
0.501134, -0.0157534, 0.952868
0.0244544, -0.492613, 0.959745
-0.00570261, -0.517189, 0.960407
-0.00515614, -0.462397, 0.960361
-0.0155189, -0.492544, 0.96002
stamp: 9290000000
-0.0185162, 0.00219208, 0.961044
0.492275, -0.0417658, 0.952996
0.460672, -0.0185288, 0.954852
0.501038, -0.0158269, 0.952746
0.0243596, -0.492511, 0.95966
-0.00580796, -0.517151, 0.960291
-0.00559022, -0.462261, 0.960011
-0.0157005, -0.492419, 0.959939
stamp: 9299000000
-0.0185461, 0.00219243, 0.960955
0.492219, -0.0417999, 0.952881
0.460605, -0.0185758, 0.954737
0.500966, -0.0158625, 0.952611
0.0242733, -0.49246, 0.959588
-0.00594867, -0.517151, 0.960092
-0.00577921, -0.462085, 0.959836
-0.0157878, -0.492384, 0.959889
stamp: 9310000000
-0.0185348, 0.00211429, 0.960895
0.492149, -0.041857, 0.952755
0.460565, -0.0186422, 0.954569
0.500896, -0.0159118, 0.952508
0.0241677, -0.492417, 0.9595
-0.00607758, -0.51712, 0.959951
-0.00592889, -0.462258, 0.959843
-0.015877, -0.49234, 0.959826
stamp: 9319000000
-0.0185376, 0.00211227, 0.960837
0.492068, -0.0419079, 0.952619
0.460497, -0.0186849, 0.954482
0.500818, -0.0159657, 0.952404
0.0240622, -0.492369, 0.959421
-0.00619478, -0.517069, 0.959843
-0.00606917, -0.46205, 0.95966
-0.0159713, -0.492236, 0.959848
stamp: 9329000000
-0.0185563, 0.00211601, 0.960777
0.491992, -0.0419131, 0.952513
0.46046, -0.0186826, 0.954443
0.50074, -0.0159795, 0.952273
0.0239549, -0.49231, 0.959353
-0.00630645, -0.51701, 0.959762
-0.00617822, -0.461993, 0.95963
-0.0161173, -0.49217, 0.959784
stamp: 9340000000
-0.0186777, 0.00204309, 0.960606
0.491941, -0.041905, 0.952432
0.460296, -0.0187633, 0.954184
0.500674, -0.0159868, 0.952143
0.0238376, -0.492242, 0.959286
-0.00666039, -0.516702, 0.959456
-0.00627325, -0.461936, 0.959589
-0.0163266, -0.492085, 0.95964
stamp: 9349000000
-0.01862, 0.00221757, 0.960519
0.491887, -0.0419353, 0.952317
0.460164, -0.0188228, 0.954005
0.500613, -0.0160206, 0.952014
0.0237072, -0.491942, 0.959259
-0.00677815, -0.516607, 0.959396
-0.00630389, -0.461845, 0.959631
-0.0164256, -0.492023, 0.95959
stamp: 9359000000
-0.018645, 0.00225568, 0.96042
0.491803, -0.0419732, 0.952183
0.460176, -0.0186926, 0.953766
0.500544, -0.0160392, 0.951916
0.0235828, -0.491828, 0.959244
-0.00686383, -0.516547, 0.959431
-0.00638518, -0.461787, 0.959594
-0.0165881, -0.49189, 0.959529
stamp: 9370000000
-0.0186877, 0.00226136, 0.960338
0.491713, -0.0419281, 0.952093
0.460127, -0.0186386, 0.953668
0.500468, -0.0160225, 0.951807
0.0233642, -0.491778, 0.959096
-0.00704639, -0.516475, 0.959512
-0.00646585, -0.46174, 0.959567
-0.0166986, -0.491823, 0.959497
stamp: 9379000000
-0.0187066, 0.00226501, 0.960265
0.491659, -0.0419363, 0.951927
0.460047, -0.0186583, 0.95355
0.500403, -0.0160128, 0.951694
0.0232424, -0.491725, 0.959039
-0.00715629, -0.516404, 0.959509
-0.00654261, -0.46168, 0.95953
-0.0168738, -0.491734, 0.959537
stamp: 9390000000
-0.0187286, 0.00227848, 0.960186
0.49163, -0.0419804, 0.951726
0.459961, -0.018686, 0.95345
0.500345, -0.0160274, 0.951612
0.023027, -0.491564, 0.95896
-0.00736845, -0.51625, 0.959576
-0.00661906, -0.461623, 0.959504
-0.016983, -0.491548, 0.959399
stamp: 9400000000
-0.0187249, 0.00228753, 0.960126
0.491523, -0.0419916, 0.951601
0.459887, -0.0186756, 0.953395
0.500253, -0.0160192, 0.951547
0.0228014, -0.491502, 0.959069
-0.00746975, -0.516146, 0.959615
-0.00670313, -0.461567, 0.959503
-0.0170442, -0.491439, 0.959359
stamp: 9409000000
-0.0187679, 0.00230448, 0.960037
0.491435, -0.0419438, 0.951538
0.459837, -0.0186321, 0.95335
0.500166, -0.0159753, 0.951475
0.0226686, -0.491439, 0.95905
-0.00763014, -0.51606, 0.959702
-0.00679875, -0.461491, 0.95951
-0.0171409, -0.491367, 0.959362
stamp: 9419000000
-0.0187797, 0.00231413, 0.959996
0.491394, -0.041895, 0.951473
0.459715, -0.0185762, 0.953223
0.500112, -0.0159343, 0.951397
0.0225673, -0.491358, 0.959055
-0.00767986, -0.515932, 0.959762
-0.00688967, -0.461431, 0.959523
-0.0172567, -0.491283, 0.959366
stamp: 9430000000
-0.0188927, 0.00241753, 0.959799
0.491349, -0.0418956, 0.951366
0.45963, -0.0185725, 0.953126
0.500051, -0.0159322, 0.951301
0.0224609, -0.491276, 0.959055
-0.0077513, -0.515842, 0.959767
-0.00710333, -0.461355, 0.959716
-0.0173731, -0.491196, 0.959363
stamp: 9440000000
-0.0189984, 0.00229541, 0.959762
0.491293, -0.0418416, 0.951244
0.459576, -0.0185417, 0.953116
0.499879, -0.0157948, 0.951046
0.0223063, -0.491212, 0.959005
-0.00785516, -0.515782, 0.959725
-0.00749411, -0.460921, 0.959517
-0.0176673, -0.491109, 0.959548
stamp: 9449000000
-0.0190128, 0.00246378, 0.95969
0.491077, -0.0416805, 0.951239
0.459586, -0.0184657, 0.953004
0.49982, -0.0157233, 0.950976
0.0221803, -0.491037, 0.959009
-0.0080359, -0.515748, 0.959604
-0.00799719, -0.460731, 0.959342
-0.0178831, -0.490946, 0.959575
stamp: 9460000000
-0.0190717, 0.00254129, 0.959635
0.491027, -0.0416361, 0.951187
0.459531, -0.0184228, 0.952945
0.499874, -0.0157758, 0.951066
0.022041, -0.490953, 0.959008
-0.00816837, -0.515659, 0.959577
-0.00809003, -0.460642, 0.959398
-0.0179842, -0.490866, 0.95958
stamp: 9469000000
-0.0190992, 0.00256316, 0.959605
0.491106, -0.0417217, 0.951069
0.459482, -0.0184319, 0.9529
0.49984, -0.015748, 0.951025
0.0219145, -0.490861, 0.959007
-0.00829236, -0.51556, 0.959558
-0.00814702, -0.460434, 0.95931
-0.0180863, -0.490781, 0.959577
stamp: 9479000000
-0.0191137, 0.00257454, 0.959602
0.491067, -0.0417028, 0.951044
0.459442, -0.0183805, 0.952887
0.499764, -0.0157042, 0.950953
0.0218083, -0.490748, 0.958999
-0.0083865, -0.515456, 0.95955
-0.00822476, -0.46026, 0.959376
-0.0182449, -0.490713, 0.959591
stamp: 9490000000
-0.019213, 0.00243931, 0.959598
0.4909, -0.0415439, 0.951015
0.45942, -0.018298, 0.952825
0.499697, -0.0156287, 0.950889
0.0216711, -0.490402, 0.958994
-0.00862245, -0.515126, 0.959421
-0.00830823, -0.460161, 0.959365
-0.0184341, -0.490505, 0.959565
stamp: 9499000000
-0.0192608, 0.00251119, 0.959581
0.490835, -0.0414939, 0.950952
0.459336, -0.0182259, 0.952785
0.499665, -0.0155805, 0.950833
0.0215615, -0.490249, 0.958964
-0.00880721, -0.51495, 0.959441
-0.00838971, -0.460068, 0.959352
-0.0185289, -0.490366, 0.959591
stamp: 9510000000
-0.0192868, 0.0025298, 0.959584
0.490715, -0.0414205, 0.950838
0.459294, -0.0182012, 0.95274
0.499611, -0.015494, 0.950769
0.0214424, -0.490152, 0.958961
-0.00897878, -0.514753, 0.959498
-0.00846794, -0.459973, 0.959344
-0.0186762, -0.490111, 0.959551
stamp: 9520000000
-0.0193079, 0.00255296, 0.959587
0.490648, -0.0413442, 0.950793
0.459269, -0.0181324, 0.952705
0.499566, -0.0154281, 0.950695
0.021319, -0.489922, 0.958998
-0.00908955, -0.514496, 0.959501
-0.00854132, -0.459862, 0.959348
-0.0187712, -0.489868, 0.959472
stamp: 9530000000
-0.0193247, 0.00260305, 0.959606
0.490608, -0.0412491, 0.950813
0.459235, -0.0180438, 0.952629
0.499531, -0.0153494, 0.950635
0.0212134, -0.489812, 0.959002
-0.00918631, -0.514348, 0.959559
-0.00861501, -0.459958, 0.959584
-0.0188794, -0.489748, 0.959476
stamp: 9540000000
-0.0193472, 0.0026305, 0.959629
0.49059, -0.0411968, 0.950764
0.459193, -0.0179837, 0.952511
0.499512, -0.0152899, 0.950568
0.0209963, -0.489722, 0.958833
-0.00924883, -0.514183, 0.95959
-0.00872035, -0.459667, 0.959463
-0.0191011, -0.489543, 0.959378
stamp: 9550000000
-0.0193608, 0.00266021, 0.959653
0.490687, -0.0411933, 0.950581
0.459007, -0.0178709, 0.952387
0.499479, -0.0152481, 0.950511
0.0208893, -0.48962, 0.958778
-0.00934445, -0.514079, 0.959537
-0.00889788, -0.459306, 0.959542
-0.0192024, -0.48943, 0.95938
stamp: 9559000000
-0.019257, 0.00277368, 0.959825
0.490649, -0.0411429, 0.950497
0.459002, -0.0178073, 0.952342
0.499435, -0.0151696, 0.950446
0.0207906, -0.489393, 0.958825
-0.00942023, -0.513949, 0.959511
-0.00895938, -0.459186, 0.959551
-0.0193965, -0.489149, 0.959516
stamp: 9569000000
-0.019361, 0.00265686, 0.959856
0.490477, -0.0410344, 0.950549
0.458957, -0.0177018, 0.952281
0.499401, -0.0150935, 0.95039
0.0207089, -0.489279, 0.958812
-0.00952407, -0.513814, 0.959517
-0.00897654, -0.45897, 0.959766
-0.0194918, -0.489008, 0.959534
stamp: 9580000000
-0.0193734, 0.00293239, 0.959747
0.490531, -0.0409979, 0.950404
0.458906, -0.0176588, 0.952168
0.499369, -0.0150258, 0.950331
0.0206065, -0.489147, 0.958792
-0.00963028, -0.513663, 0.959532
-0.00900411, -0.458759, 0.959732
-0.0195723, -0.488876, 0.959525
stamp: 9590000000
-0.0193997, 0.00302804, 0.959743
0.490515, -0.0409292, 0.950282
0.458951, -0.0174085, 0.95209
0.499335, -0.0149517, 0.950265
0.0205038, -0.489009, 0.958762
-0.0100538, -0.513272, 0.959523
-0.00919199, -0.458446, 0.959559
-0.0197089, -0.488652, 0.959482
stamp: 9599000000
-0.0194243, 0.00305048, 0.959783
0.490477, -0.0408489, 0.950196
0.458963, -0.0172891, 0.952051
0.499312, -0.0148527, 0.950174
0.0203824, -0.488673, 0.958785
-0.0102023, -0.512971, 0.959418
-0.00927646, -0.458323, 0.959532
-0.0197987, -0.488414, 0.959516
stamp: 9609000000
-0.0194733, 0.00314143, 0.959807
0.490465, -0.0407172, 0.950127
0.458921, -0.0172147, 0.951977
0.499296, -0.0147494, 0.950097
0.0201109, -0.488444, 0.958733
-0.0103283, -0.512789, 0.959369
-0.0095637, -0.458185, 0.959365
-0.0198635, -0.488169, 0.959452
stamp: 9619000000
-0.0194979, 0.00319543, 0.959814
0.49044, -0.0406438, 0.950083
0.458874, -0.0171586, 0.951869
0.499163, -0.0145793, 0.949856
0.0199806, -0.488265, 0.958663
-0.0104404, -0.51266, 0.959298
-0.00967906, -0.45807, 0.959292
-0.020077, -0.488068, 0.959584
stamp: 9630000000
-0.0195345, 0.00337911, 0.9598
0.490502, -0.0405775, 0.949864
0.45883, -0.0171192, 0.951808
0.499203, -0.0146058, 0.949918
0.019919, -0.488057, 0.958634
-0.0105299, -0.512535, 0.959211
-0.00973852, -0.457945, 0.959264
-0.0200327, -0.487772, 0.959286
stamp: 9640000000
-0.0196021, 0.00325343, 0.959805
0.490477, -0.0404982, 0.949788
0.458818, -0.0170159, 0.951786
0.499189, -0.0145296, 0.949876
0.0198377, -0.487929, 0.958577
-0.0107122, -0.512385, 0.959108
-0.00994576, -0.457653, 0.959207
-0.0200716, -0.487606, 0.959194
stamp: 9649000000
-0.0196182, 0.00327467, 0.959835
0.49044, -0.040414, 0.949744
0.458773, -0.0169223, 0.951704
0.49915, -0.0144389, 0.949821
0.0197662, -0.487807, 0.9585
-0.0108141, -0.512232, 0.959047
-0.0101112, -0.457372, 0.959111
-0.0201642, -0.487571, 0.959302
stamp: 9660000000
-0.0195381, 0.00331684, 0.960135
0.49041, -0.0403381, 0.949713
0.458745, -0.0168084, 0.951625
0.499112, -0.0143634, 0.949769
0.0196779, -0.487593, 0.958408
-0.0108981, -0.512134, 0.959096
-0.0100881, -0.457031, 0.959038
-0.0203705, -0.487395, 0.959223
stamp: 9669000000
-0.0196568, 0.00343557, 0.959983
0.490388, -0.0402963, 0.949605
0.458713, -0.0167526, 0.951597
0.499063, -0.0142432, 0.949689
0.0196051, -0.48744, 0.958302
-0.0110465, -0.511824, 0.958794
-0.010088, -0.456875, 0.959079
-0.0205123, -0.487238, 0.95906
stamp: 9679000000
-0.0196215, 0.00350784, 0.95999
0.490285, -0.0400894, 0.949451
0.458706, -0.0166606, 0.951583
0.499024, -0.0141419, 0.949636
0.0194967, -0.487326, 0.958267
-0.0112515, -0.511594, 0.958735
-0.0102299, -0.456641, 0.958838
-0.0206134, -0.487085, 0.959002
stamp: 9690000000
-0.0195823, 0.00372412, 0.960013
0.490219, -0.0399682, 0.949443
0.45868, -0.0165506, 0.951544
0.499004, -0.0140223, 0.949622
0.0194584, -0.487193, 0.95816
-0.0113719, -0.51142, 0.958684
-0.0102169, -0.456491, 0.958842
-0.020884, -0.486784, 0.958906
stamp: 9699000000
-0.0196203, 0.00379079, 0.96003
0.490217, -0.0398084, 0.949482
0.458624, -0.0164534, 0.951466
0.498996, -0.0138627, 0.949616
0.0192893, -0.486996, 0.957911
-0.0113634, -0.511131, 0.958563
-0.0102551, -0.456363, 0.958765
-0.0209273, -0.486522, 0.958886
stamp: 9709000000
-0.0196086, 0.00380353, 0.96001
0.490198, -0.0397593, 0.949432
0.458597, -0.0164027, 0.951443
0.498971, -0.0137748, 0.949577
0.0192085, -0.486848, 0.957774
-0.0113991, -0.510975, 0.95846
-0.0102776, -0.456246, 0.958682
-0.0209751, -0.486375, 0.95881
stamp: 9720000000
-0.0196292, 0.00383365, 0.959998
0.490157, -0.0395955, 0.949415
0.458521, -0.0162541, 0.951437
0.49893, -0.0136846, 0.949517
0.0191319, -0.48646, 0.957698
-0.0114368, -0.510843, 0.958383
-0.0102971, -0.456117, 0.958597
-0.0210233, -0.486228, 0.958711
stamp: 9729000000
-0.0196313, 0.00385824, 0.960001
0.490097, -0.0394598, 0.94952
0.458479, -0.0161442, 0.951436
0.498893, -0.0135682, 0.949482
0.019093, -0.48633, 0.957577
-0.0115001, -0.510706, 0.958297
-0.0102466, -0.455992, 0.958446
-0.020957, -0.486024, 0.958412
stamp: 9740000000
-0.0196777, 0.00390043, 0.960022
0.490077, -0.039358, 0.94958
0.458494, -0.0159733, 0.951312
0.498868, -0.0134577, 0.949484
0.0190348, -0.486233, 0.957482
-0.0115877, -0.510606, 0.958151
-0.0103534, -0.455795, 0.958315
-0.0209699, -0.485876, 0.958338
stamp: 9750000000
-0.0196801, 0.00391452, 0.959992
0.489922, -0.039195, 0.949549
0.458461, -0.0159006, 0.951307
0.498832, -0.0133739, 0.949486
0.018988, -0.486076, 0.957378
-0.0116546, -0.510497, 0.958033
-0.0103631, -0.455683, 0.958263
-0.0210773, -0.485658, 0.958339
stamp: 9760000000
-0.0196958, 0.00394905, 0.959979
0.489863, -0.0391282, 0.949438
0.458404, -0.0158207, 0.951362
0.498794, -0.0132702, 0.94949
0.0189491, -0.485963, 0.957288
-0.0115709, -0.51031, 0.957929
-0.01032, -0.455517, 0.958283
-0.0211137, -0.485557, 0.95828
stamp: 9770000000
-0.0197426, 0.00398336, 0.960017
0.489818, -0.0390187, 0.949452
0.458422, -0.0156903, 0.951344
0.498757, -0.0131649, 0.94948
0.0189021, -0.485858, 0.957213
-0.0118311, -0.510068, 0.957752
-0.0103477, -0.455402, 0.958257
-0.0210946, -0.485388, 0.958136
stamp: 9780000000
-0.0197933, 0.00389688, 0.960047
0.489789, -0.0388855, 0.949515
0.458412, -0.0154616, 0.95136
0.498726, -0.0130387, 0.949505
0.0189227, -0.48577, 0.957128
-0.0118946, -0.509937, 0.957669
-0.0104223, -0.455109, 0.958234
-0.0211507, -0.485303, 0.95804
stamp: 9790000000
-0.0198314, 0.00392363, 0.960057
0.489768, -0.0387692, 0.949524
0.458263, -0.0153551, 0.951347
0.498691, -0.0129475, 0.949515
0.0188215, -0.485625, 0.957107
-0.0119264, -0.509826, 0.957599
-0.0105113, -0.454867, 0.95809
-0.0213136, -0.485105, 0.95798
stamp: 9799000000
-0.0198667, 0.0039387, 0.960051
0.489735, -0.0387181, 0.949462
0.458224, -0.015296, 0.951351
0.498652, -0.0128603, 0.949508
0.0187799, -0.48551, 0.957085
-0.0119372, -0.509702, 0.957565
-0.0105383, -0.454772, 0.958039
-0.0212967, -0.484943, 0.957969
stamp: 9810000000
-0.0199037, 0.00396457, 0.960036
0.489711, -0.038619, 0.949459
0.458207, -0.0152109, 0.951366
0.498616, -0.0127463, 0.9495
0.0186947, -0.485364, 0.956993
-0.0120065, -0.509537, 0.957614
-0.0105695, -0.454676, 0.957986
-0.0213254, -0.484825, 0.957925
stamp: 9819000000
-0.0199261, 0.00398183, 0.960027
0.489696, -0.0384917, 0.949535
0.458172, -0.0151102, 0.95134
0.498582, -0.0126167, 0.949495
0.0186013, -0.485276, 0.956999
-0.0120458, -0.509449, 0.957573
-0.0105772, -0.454579, 0.957952
-0.0213713, -0.484602, 0.957911
stamp: 9830000000
-0.0199495, 0.00400172, 0.960022
0.489616, -0.0383425, 0.949557
0.458127, -0.0150131, 0.951332
0.498528, -0.0124604, 0.949471
0.0185772, -0.485207, 0.957025
-0.0121573, -0.509351, 0.957442
-0.0105813, -0.454499, 0.957927
-0.0213988, -0.484488, 0.957901
stamp: 9839000000
-0.0199835, 0.00402198, 0.959998
0.48957, -0.0382614, 0.949534
0.458074, -0.0149389, 0.951337
0.498513, -0.0123031, 0.949556
0.0185738, -0.485057, 0.957011
-0.012183, -0.50917, 0.957414
-0.0106126, -0.454426, 0.957921
-0.0214276, -0.484407, 0.957887
stamp: 9849000000
-0.0200759, 0.00405693, 0.959967
0.489523, -0.0381947, 0.949471
0.458037, -0.0148341, 0.951377
0.498484, -0.0121941, 0.94957
0.0185113, -0.48495, 0.957036
-0.0122024, -0.509092, 0.957436
-0.0106398, -0.454361, 0.957922
-0.0214887, -0.484284, 0.957877
stamp: 9860000000
-0.0201093, 0.00407945, 0.959943
0.489481, -0.0379924, 0.949526
0.457958, -0.0146492, 0.951406
0.498449, -0.012072, 0.949559
0.0184829, -0.484888, 0.957075
-0.012247, -0.509033, 0.95741
-0.0106488, -0.454304, 0.95795
-0.0215267, -0.484191, 0.957885
stamp: 9869000000
-0.0201557, 0.00409661, 0.959936
0.489432, -0.0378905, 0.949562
0.457892, -0.0145434, 0.951454
0.498353, -0.0119957, 0.949536
0.0184359, -0.484802, 0.957136
-0.0122973, -0.508968, 0.957428
-0.0106681, -0.454255, 0.957977
-0.0215535, -0.484113, 0.957903
stamp: 9879000000
-0.0201985, 0.00410328, 0.959926
0.489373, -0.0377865, 0.949573
0.457875, -0.0143582, 0.951404
0.498284, -0.0118786, 0.949533
0.0183984, -0.484673, 0.957161
-0.0123954, -0.508878, 0.957434
-0.010619, -0.454083, 0.958049
-0.0215153, -0.483947, 0.957761
stamp: 9890000000
-0.020248, 0.00411587, 0.959902
0.489356, -0.0375696, 0.949468
0.457814, -0.0143356, 0.951485
0.498238, -0.011716, 0.949575
0.0183405, -0.48441, 0.957216
-0.0124245, -0.508789, 0.957515
-0.0106481, -0.453916, 0.9581
-0.0215255, -0.483883, 0.957782
stamp: 9899000000
-0.0203775, 0.00413537, 0.959783
0.489316, -0.0374546, 0.949468
0.457764, -0.014202, 0.951474
0.498203, -0.0115886, 0.94959
0.0183152, -0.484277, 0.957284
-0.0124408, -0.508726, 0.957577
-0.0106821, -0.453844, 0.958128
-0.0215533, -0.483823, 0.957825
stamp: 9909000000
-0.0204748, 0.00414299, 0.95975
0.489284, -0.0373243, 0.949539
0.457738, -0.0139579, 0.951475
0.49816, -0.0114614, 0.949604
0.0182836, -0.484233, 0.957322
-0.0124191, -0.508663, 0.957647
-0.0109587, -0.453777, 0.95804
-0.0215887, -0.48375, 0.957866
stamp: 9920000000
-0.0205178, 0.00414582, 0.959742
0.489238, -0.0372193, 0.949589
0.457688, -0.0138206, 0.951471
0.498112, -0.0113415, 0.949619
0.0182606, -0.484177, 0.957373
-0.0124234, -0.508622, 0.957691
-0.0110251, -0.453705, 0.958073
-0.0215752, -0.483704, 0.957954
stamp: 9929000000
-0.0206466, 0.00417012, 0.959699
0.489214, -0.0370909, 0.949582
0.457647, -0.0137248, 0.951495
0.498059, -0.0112492, 0.949617
0.0182399, -0.484114, 0.95743
-0.0124274, -0.508531, 0.957815
-0.0110561, -0.453653, 0.958118
-0.0217028, -0.483563, 0.958048
stamp: 9940000000
-0.0207187, 0.00416917, 0.959676
0.489153, -0.0370003, 0.949548
0.457597, -0.0136141, 0.951511
0.497993, -0.0111181, 0.949607
0.0182081, -0.484077, 0.957484
-0.0122994, -0.508468, 0.958068
-0.0110571, -0.453609, 0.958193
-0.0217699, -0.483561, 0.958204
stamp: 9950000000
-0.0208701, 0.00409365, 0.959603
0.489114, -0.0368802, 0.949574
0.45756, -0.0135055, 0.951515
0.497939, -0.0109694, 0.949566
0.0181958, -0.484029, 0.957658
-0.0123055, -0.508434, 0.958136
-0.011093, -0.453546, 0.958251
-0.0217922, -0.483522, 0.958303
stamp: 9959000000
-0.0209499, 0.0040846, 0.959566
0.489057, -0.0367945, 0.949573
0.457514, -0.0134144, 0.95152
0.497875, -0.0108763, 0.94957
0.0181853, -0.483919, 0.957744
-0.0123305, -0.508409, 0.958177
-0.0110524, -0.453283, 0.958574
-0.0218135, -0.483485, 0.95838
stamp: 9969000000
-0.0210168, 0.00408072, 0.959533
0.488921, -0.036616, 0.949494
0.457489, -0.0132536, 0.951645
0.497783, -0.0107271, 0.94958
0.0181711, -0.483886, 0.957831
-0.0123549, -0.508315, 0.958331
-0.0112024, -0.45326, 0.958777
-0.0218326, -0.483467, 0.958472
stamp: 9979000000
-0.0210097, 0.00415175, 0.959528
0.488837, -0.0364019, 0.94952
0.457451, -0.0131287, 0.951652
0.497722, -0.0105935, 0.94955
0.0181535, -0.483846, 0.957904
-0.0123627, -0.508282, 0.958418
-0.0113279, -0.453262, 0.958906
-0.0218429, -0.483633, 0.958669
stamp: 9990000000
-0.0210793, 0.0041557, 0.959474
0.488814, -0.0362966, 0.949487
0.457388, -0.0129293, 0.951577
0.497671, -0.0104662, 0.949526
0.01814, -0.483829, 0.957975
-0.0124248, -0.508209, 0.958481
-0.0113864, -0.453224, 0.959071
-0.0218168, -0.483549, 0.958826
stamp: 9999000000
-0.0211459, 0.00412488, 0.959428
0.48878, -0.0362039, 0.949493
0.457324, -0.0128253, 0.951497
0.497658, -0.0103319, 0.949468
0.0181358, -0.4838, 0.958037
-0.0124321, -0.508156, 0.958543
-0.011368, -0.453123, 0.959026
-0.021827, -0.48351, 0.958888
stamp: 10009000000
-0.0212926, 0.00407292, 0.959367
0.488723, -0.0361313, 0.94943
0.457275, -0.0127577, 0.951447
0.497583, -0.0102295, 0.949453
0.0181336, -0.483748, 0.958098
-0.0124203, -0.508129, 0.958597
-0.0113771, -0.453099, 0.959088
-0.0218137, -0.483458, 0.958992
stamp: 10019000000
-0.0213848, 0.00404884, 0.959306
0.488678, -0.0359831, 0.949237
0.457119, -0.0126488, 0.951521
0.497466, -0.0101386, 0.949447
0.0181399, -0.4837, 0.958155
-0.0124452, -0.508035, 0.958697
-0.0113955, -0.453068, 0.959147
-0.0218187, -0.483445, 0.959049
stamp: 10030000000
-0.0215028, 0.00402643, 0.959216
0.488589, -0.0358735, 0.949169
0.456937, -0.0126013, 0.951377
0.497397, -0.0100261, 0.949378
0.0181462, -0.483636, 0.958191
-0.0124264, -0.507978, 0.958767
-0.0114127, -0.453049, 0.959181
-0.0218054, -0.483421, 0.959087
stamp: 10040000000
-0.0216344, 0.00400212, 0.959163
0.488532, -0.0358011, 0.949037
0.456838, -0.012599, 0.951159
0.497336, -0.00994241, 0.949324
0.0181546, -0.483598, 0.958231
-0.0124046, -0.507935, 0.958823
-0.0114478, -0.453095, 0.959311
-0.0217872, -0.483393, 0.959114
stamp: 10049000000
-0.0217646, 0.00393401, 0.959098
0.488455, -0.03576, 0.948886
0.456781, -0.0125719, 0.951087
0.497273, -0.009876, 0.949251
0.0181754, -0.483567, 0.95825
-0.0122947, -0.507945, 0.958865
-0.0114415, -0.453076, 0.959319
-0.021766, -0.483369, 0.959144
stamp: 10060000000
-0.0219331, 0.00384875, 0.959107
0.488365, -0.0357057, 0.948759
0.456747, -0.0123877, 0.951082
0.497184, -0.00979777, 0.949168
0.0181945, -0.483522, 0.958297
-0.0122639, -0.507954, 0.958846
-0.0114252, -0.453056, 0.959326
-0.0217409, -0.483345, 0.959161
stamp: 10069000000
-0.021984, 0.00383936, 0.959022
0.488293, -0.0355962, 0.948721
0.456709, -0.0122615, 0.951016
0.497116, -0.00968605, 0.949065
0.0182136, -0.483501, 0.958309
-0.0122341, -0.507948, 0.958836
-0.0113681, -0.452977, 0.959212
-0.0218099, -0.483115, 0.959068
stamp: 10079000000
-0.0220623, 0.00381588, 0.958962
0.488247, -0.0355168, 0.948689
0.456647, -0.0121903, 0.950897
0.497055, -0.00960471, 0.948952
0.0182365, -0.483476, 0.958299
-0.0121562, -0.507891, 0.958916
-0.0112789, -0.45291, 0.959169
-0.0217761, -0.483079, 0.959056
stamp: 10090000000
-0.0221928, 0.00378382, 0.958895
0.488199, -0.0354971, 0.948549
0.456576, -0.0121912, 0.950798
0.49698, -0.00954806, 0.948844
0.0182865, -0.48346, 0.958306
-0.0121202, -0.507872, 0.958938
-0.0112522, -0.452898, 0.959162
-0.0217109, -0.483043, 0.958993
stamp: 10099000000
-0.0222778, 0.0037961, 0.958836
0.48804, -0.0353759, 0.948447
0.456411, -0.0121288, 0.950664
0.49689, -0.00944518, 0.948686
0.0183176, -0.483441, 0.958284
-0.0120261, -0.507806, 0.958918
-0.0112398, -0.452884, 0.959137
-0.0216769, -0.483032, 0.958963
stamp: 10109000000
-0.022365, 0.00376651, 0.958789
0.487959, -0.0352646, 0.948328
0.456407, -0.0120698, 0.950622
0.496794, -0.00934784, 0.948569
0.0183399, -0.483443, 0.958277
-0.0119933, -0.507786, 0.958926
-0.0112008, -0.452889, 0.95914
-0.0216389, -0.483019, 0.958942
stamp: 10120000000
-0.0224542, 0.00371235, 0.958749
0.487906, -0.0351896, 0.948305
0.456261, -0.0119887, 0.950462
0.496725, -0.00929685, 0.948444
0.018376, -0.483437, 0.958283
-0.0119505, -0.507777, 0.958952
-0.011166, -0.452881, 0.959125
-0.0216, -0.483002, 0.958924
stamp: 10129000000
-0.0225312, 0.00367258, 0.958727
0.487863, -0.0351815, 0.948185
0.456216, -0.0119775, 0.950301
0.496654, -0.00926988, 0.948352
0.0184205, -0.483412, 0.958276
-0.0118983, -0.507767, 0.958941
-0.0108872, -0.4529, 0.959257
-0.0215615, -0.482997, 0.958905
stamp: 10140000000
-0.0226487, 0.00363574, 0.958692
0.487781, -0.0352045, 0.948048
0.456218, -0.0119145, 0.950156
0.496559, -0.00924911, 0.948258
0.0184769, -0.483382, 0.958262
-0.0118205, -0.507762, 0.958923
-0.0110486, -0.452879, 0.959038
-0.0214624, -0.48295, 0.958892
stamp: 10150000000
-0.0227582, 0.00358713, 0.958671
0.487688, -0.0351788, 0.94798
0.456075, -0.01192, 0.950219
0.496469, -0.00923371, 0.948164
0.01858, -0.483341, 0.958218
-0.0117419, -0.507765, 0.958928
-0.0107732, -0.452886, 0.959171
-0.0214048, -0.482943, 0.958889
stamp: 10159000000
-0.022968, 0.0033834, 0.958548
0.487619, -0.0351477, 0.947941
0.455915, -0.0118297, 0.950133
0.496357, -0.00919928, 0.948076
0.0186532, -0.483341, 0.958191
-0.0116743, -0.507782, 0.958932
-0.0107229, -0.452879, 0.959165
-0.0213426, -0.482934, 0.958886
stamp: 10169000000
-0.0230794, 0.00333655, 0.958543
0.487557, -0.0351601, 0.947865
0.455822, -0.0118373, 0.950018
0.496281, -0.00920928, 0.947994
0.0186831, -0.483365, 0.958197
-0.0116159, -0.507787, 0.95892
-0.0106628, -0.452877, 0.959157
-0.0212188, -0.482951, 0.958828
stamp: 10179000000
-0.0231946, 0.00329528, 0.958533
0.487479, -0.0351988, 0.947707
0.45575, -0.0118526, 0.94996
0.496197, -0.00921137, 0.947943
0.0188318, -0.483418, 0.958206
-0.01156, -0.507792, 0.958936
-0.0105175, -0.452955, 0.959125
-0.0211513, -0.482942, 0.958833
stamp: 10190000000
-0.0234994, 0.00327396, 0.958477
0.487356, -0.0352025, 0.947653
0.455686, -0.011837, 0.949941
0.496114, -0.00921451, 0.94789
0.0189344, -0.483386, 0.95821
-0.0114826, -0.507787, 0.958942
-0.0104505, -0.452958, 0.959138
-0.0210923, -0.482929, 0.958855
stamp: 10199000000
-0.0236532, 0.00327484, 0.9585
0.4873, -0.0350805, 0.947562
0.455636, -0.0117175, 0.949792
0.496037, -0.00919558, 0.947834
0.0190281, -0.483367, 0.958229
-0.0113655, -0.507768, 0.959022
-0.0104038, -0.452945, 0.959154
-0.0210172, -0.482936, 0.958879
stamp: 10209000000
-0.0238422, 0.00314798, 0.958597
0.487094, -0.0352137, 0.947692
0.455555, -0.0117071, 0.949676
0.495964, -0.0092039, 0.947788
0.0192495, -0.483373, 0.958413
-0.0113165, -0.507775, 0.958992
-0.0103384, -0.452942, 0.959191
-0.0209495, -0.482944, 0.958909
stamp: 10219000000
-0.0239832, 0.00309456, 0.958646
0.486999, -0.0352716, 0.947589
0.455482, -0.0117492, 0.949648
0.495867, -0.00925407, 0.947757
0.0193381, -0.48336, 0.958476
-0.0112454, -0.507783, 0.959002
-0.0102853, -0.452942, 0.959216
-0.0207286, -0.483031, 0.958945
stamp: 10229000000
-0.0241567, 0.00305263, 0.958731
0.486864, -0.0352697, 0.947608
0.455408, -0.0117679, 0.949645
0.495775, -0.00928211, 0.947728
0.0194263, -0.483364, 0.958552
-0.011101, -0.507758, 0.958934
-0.0102939, -0.452974, 0.9592
-0.0205805, -0.483026, 0.959048
stamp: 10240000000
-0.0242997, 0.00300338, 0.95878
0.486782, -0.0352444, 0.947668
0.455326, -0.01174, 0.949608
0.495698, -0.00927077, 0.947695
0.0195185, -0.483378, 0.958626
-0.0110362, -0.507763, 0.958937
-0.0102212, -0.45298, 0.959233
-0.0204906, -0.483029, 0.959101
stamp: 10249000000
-0.0244741, 0.00298715, 0.958897
0.486726, -0.0352618, 0.9477
0.455251, -0.0117574, 0.949573
0.495621, -0.00929386, 0.947674
0.0196422, -0.483364, 0.958734
-0.010951, -0.507778, 0.95896
-0.0101398, -0.452975, 0.959284
-0.0204846, -0.483139, 0.95935
stamp: 10259000000
-0.0246915, 0.00284962, 0.959038
0.48666, -0.0353148, 0.947706
0.45517, -0.0118133, 0.949534
0.495535, -0.00933995, 0.947676
0.0197465, -0.483348, 0.958787
-0.0107767, -0.507814, 0.959082
-0.0099394, -0.452925, 0.959437
-0.0202854, -0.483195, 0.959501
stamp: 10269000000
-0.0248386, 0.00280539, 0.959111
0.486435, -0.0353712, 0.947746
0.454969, -0.0119838, 0.949507
0.495438, -0.00939153, 0.947691
0.0198809, -0.483284, 0.958888
-0.0106445, -0.5078, 0.95917
-0.00971715, -0.452977, 0.95966
-0.0201662, -0.483209, 0.959555
stamp: 10279000000
-0.0249192, 0.00277616, 0.959156
0.486316, -0.0353806, 0.947768
0.454859, -0.0120129, 0.949542
0.495311, -0.00942884, 0.947728
0.0200216, -0.483282, 0.958928
-0.01051, -0.507913, 0.959234
-0.00962267, -0.452969, 0.959702
-0.0200374, -0.483214, 0.959626
stamp: 10290000000
-0.0250579, 0.00276365, 0.959228
0.486257, -0.0354081, 0.9478
0.454753, -0.0120398, 0.949549
0.495207, -0.00946083, 0.947746
0.0201449, -0.48328, 0.958954
-0.0102976, -0.507922, 0.959246
-0.00947142, -0.45289, 0.959764
-0.0198749, -0.483217, 0.959743
stamp: 10299000000
-0.0252321, 0.00279736, 0.95932
0.48619, -0.0354527, 0.94788
0.454661, -0.0120906, 0.949547
0.495121, -0.00950566, 0.947806
0.0203632, -0.483241, 0.9589
-0.0101211, -0.507817, 0.959257
-0.00937107, -0.452887, 0.959815
-0.0197533, -0.483226, 0.959805
stamp: 10309000000
-0.0254573, 0.00267547, 0.959412
0.486094, -0.0355158, 0.947926
0.454568, -0.012141, 0.949582
0.495019, -0.00953985, 0.947918
0.0204953, -0.483223, 0.958931
-0.00997236, -0.507837, 0.959277
-0.00926717, -0.452895, 0.95986
-0.0195768, -0.48325, 0.959909
stamp: 10319000000
-0.025592, 0.0026092, 0.959518
0.48598, -0.0355551, 0.948003
0.454408, -0.0122223, 0.949712
0.49491, -0.00959063, 0.948006
0.0206277, -0.483218, 0.958975
-0.00959447, -0.507837, 0.959237
-0.00915855, -0.452905, 0.959897
-0.0194401, -0.483255, 0.959965
stamp: 10329000000
-0.0257761, 0.00253649, 0.95961
0.485884, -0.0355601, 0.9481
0.454312, -0.0122408, 0.949793
0.49478, -0.00963603, 0.948138
0.0208331, -0.483211, 0.958934
-0.00943571, -0.507843, 0.95931
-0.00902897, -0.452908, 0.959899
-0.0191916, -0.483214, 0.959821
stamp: 10340000000
-0.0259083, 0.00247268, 0.959751
0.485703, -0.0356138, 0.948299
0.454187, -0.012391, 0.949863
0.494654, -0.00964624, 0.94826
0.0209703, -0.483251, 0.958987
-0.00929622, -0.507842, 0.959368
-0.00863625, -0.452953, 0.960049
-0.0190658, -0.483241, 0.959831
stamp: 10349000000
-0.0260592, 0.00241546, 0.959901
0.485651, -0.0356857, 0.948413
0.45405, -0.0124375, 0.950004
0.494532, -0.00971405, 0.94839
0.0212191, -0.483295, 0.959128
-0.00917235, -0.507849, 0.95941
-0.0085219, -0.452971, 0.960064
-0.0189307, -0.483259, 0.959836
stamp: 10359000000
-0.0262404, 0.002285, 0.960155
0.485562, -0.0357115, 0.948554
0.453942, -0.0125261, 0.950242
0.494406, -0.00975984, 0.948525
0.0214086, -0.483295, 0.959228
-0.00902603, -0.507849, 0.959442
-0.00838831, -0.452892, 0.959988
-0.0187969, -0.483314, 0.959772
stamp: 10370000000
-0.0263951, 0.002235, 0.960323
0.485493, -0.035691, 0.948748
0.453929, -0.0124788, 0.950546
0.494287, -0.0097623, 0.948651
0.0215395, -0.483308, 0.959265
-0.00888567, -0.507865, 0.959449
-0.00825362, -0.452902, 0.959975
-0.0185415, -0.483373, 0.959835
stamp: 10379000000
-0.0266159, 0.0022191, 0.960402
0.485332, -0.0356792, 0.949002
0.453882, -0.0124783, 0.950705
0.494171, -0.00982178, 0.948811
0.0216817, -0.483321, 0.959272
-0.00880621, -0.507939, 0.959355
-0.00801453, -0.453041, 0.960037
-0.0183758, -0.483391, 0.959805
stamp: 10390000000
-0.0267686, 0.00193079, 0.960711
0.485256, -0.0357913, 0.949249
0.453793, -0.0125254, 0.950836
0.494077, -0.00985227, 0.948951
0.0218641, -0.483332, 0.959229
-0.00856453, -0.50793, 0.95943
-0.00786515, -0.453062, 0.960024
-0.018218, -0.483412, 0.959774
stamp: 10400000000
-0.0269517, 0.00189515, 0.960827
0.485196, -0.0358469, 0.949383
0.453706, -0.0125812, 0.951009
0.493986, -0.00996121, 0.949153
0.0220418, -0.483338, 0.959224
-0.00839198, -0.507959, 0.959415
-0.00775455, -0.453128, 0.959833
-0.0180225, -0.483447, 0.959724
stamp: 10409000000
-0.0271055, 0.00184991, 0.960892
0.485084, -0.0358689, 0.949547
0.453429, -0.0126333, 0.951436
0.493867, -0.00999714, 0.949305
0.0223163, -0.483414, 0.959212
-0.00825228, -0.507937, 0.959479
-0.00766722, -0.453179, 0.959685
-0.017787, -0.483442, 0.959692
stamp: 10419000000
-0.0273135, 0.00165536, 0.960893
0.485002, -0.0358798, 0.949706
0.453263, -0.0126218, 0.951661
0.493761, -0.00999614, 0.949503
0.0225053, -0.48346, 0.959206
-0.00806456, -0.507931, 0.959438
-0.00713293, -0.453136, 0.959763
-0.0175402, -0.483366, 0.959597
stamp: 10430000000
-0.0274223, 0.00158506, 0.961004
0.484838, -0.0359674, 0.94992
0.453158, -0.0126663, 0.951785
0.493654, -0.0100226, 0.949685
0.022672, -0.483493, 0.959202
-0.00786786, -0.50795, 0.959412
-0.00698316, -0.453148, 0.959711
-0.0171463, -0.483529, 0.959588
stamp: 10440000000
-0.0275546, 0.00156113, 0.961155
0.484748, -0.0360458, 0.950031
0.453053, -0.0126834, 0.951984
0.493484, -0.0100689, 0.949883
0.0228401, -0.483494, 0.959186
-0.00768698, -0.507937, 0.959418
-0.00684338, -0.453155, 0.95968
-0.0169168, -0.483553, 0.959595
stamp: 10449000000
-0.0276034, 0.00158465, 0.96155
0.484664, -0.0360431, 0.950174
0.452993, -0.0126955, 0.95216
0.493363, -0.0100829, 0.950036
0.0230144, -0.483494, 0.959163
-0.0072726, -0.508053, 0.959441
-0.00661363, -0.453357, 0.959795
-0.0167541, -0.483564, 0.959606
stamp: 10460000000
-0.0277861, 0.00139059, 0.961696
0.484543, -0.0360991, 0.950425
0.452918, -0.0126857, 0.952255
0.493258, -0.0100791, 0.950194
0.0233527, -0.483507, 0.958989
-0.00701499, -0.508026, 0.959354
-0.00644986, -0.453391, 0.959795
-0.0165973, -0.483567, 0.95961
stamp: 10469000000
-0.0280659, 0.00128671, 0.96177
0.484494, -0.0361342, 0.950537
0.452821, -0.01273, 0.952317
0.493144, -0.01012, 0.950341
0.02356, -0.483513, 0.958951
-0.00668783, -0.508169, 0.959391
-0.00596061, -0.453557, 0.959922
-0.016504, -0.483416, 0.959452
stamp: 10479000000
-0.0281521, 0.00134593, 0.961831
0.484332, -0.0361149, 0.950552
0.452795, -0.0128317, 0.952542
0.49304, -0.0101614, 0.95047
0.0238839, -0.483529, 0.959081
-0.00642048, -0.508183, 0.959387
-0.00575165, -0.453501, 0.959886
-0.0162782, -0.483634, 0.959569
stamp: 10490000000
-0.0282876, 0.00136347, 0.96186
0.484199, -0.0361168, 0.950647
0.452727, -0.0128135, 0.952687
0.492926, -0.010168, 0.950605
0.0242468, -0.483784, 0.959105
-0.0062262, -0.508175, 0.95939
-0.00559421, -0.453509, 0.959895
-0.016086, -0.483663, 0.959583
stamp: 10500000000
-0.0284883, 0.00130851, 0.961876
0.48409, -0.036106, 0.950863
0.452569, -0.0129596, 0.952839
0.492832, -0.0101582, 0.950736
0.024433, -0.483783, 0.959107
-0.00605279, -0.508193, 0.959374
-0.00545883, -0.45351, 0.959905
-0.0156918, -0.483717, 0.959781
stamp: 10509000000
-0.0286784, 0.00121863, 0.96192
0.484039, -0.0361397, 0.950951
0.452362, -0.0130007, 0.952927
0.492738, -0.0101795, 0.95084
0.0246341, -0.483792, 0.959111
-0.00582846, -0.50834, 0.959464
-0.00539984, -0.45355, 0.959819
-0.0155041, -0.483717, 0.959804
stamp: 10520000000
-0.0287724, 0.00114599, 0.96192
0.483986, -0.0361443, 0.951056
0.452265, -0.0130113, 0.953027
0.492662, -0.0101787, 0.950924
0.0247494, -0.48377, 0.959157
-0.00564583, -0.508398, 0.959481
-0.00524153, -0.453563, 0.959836
-0.015313, -0.483788, 0.959801
stamp: 10529000000
-0.0288866, 0.00111031, 0.961929
0.483901, -0.0361152, 0.951204
0.45223, -0.0129782, 0.953009
0.492611, -0.0101915, 0.951002
0.0250287, -0.483815, 0.959251
-0.00547354, -0.508415, 0.959511
-0.00491325, -0.453625, 0.960043
-0.015045, -0.483793, 0.959893
stamp: 10540000000
-0.0291596, 0.00100905, 0.961916
0.483845, -0.0361406, 0.951281
0.45215, -0.0130105, 0.953155
0.492532, -0.0102395, 0.951088
0.0252598, -0.483819, 0.959302
-0.00524592, -0.508386, 0.959628
-0.00454546, -0.453536, 0.960073
-0.014846, -0.483807, 0.95994
stamp: 10549000000
-0.0292408, 0.000971645, 0.961924
0.483785, -0.0361507, 0.951343
0.452137, -0.013042, 0.953312
0.492391, -0.0102421, 0.951216
0.0254529, -0.483843, 0.959366
-0.00490584, -0.508422, 0.959724
-0.00430525, -0.453536, 0.960023
-0.0145199, -0.483852, 0.959924
stamp: 10559000000
-0.029336, 0.00092255, 0.9619
0.483718, -0.0362108, 0.951445
0.452042, -0.0129744, 0.953376
0.492335, -0.0102317, 0.95127
0.0256423, -0.483864, 0.95943
-0.00467548, -0.508404, 0.959866
-0.00411302, -0.453571, 0.960045
-0.0142846, -0.483868, 0.960038
stamp: 10570000000
-0.0294468, 0.0008679, 0.961869
0.483719, -0.0362501, 0.95149
0.45202, -0.0131511, 0.953565
0.492302, -0.0102457, 0.95133
0.0259709, -0.483911, 0.959616
-0.00441804, -0.508362, 0.959894
-0.0036438, -0.453611, 0.96018
-0.0140398, -0.483862, 0.960099
stamp: 10579000000
-0.0294819, 0.000914115, 0.961773
0.483698, -0.0362611, 0.951541
0.451996, -0.0132185, 0.953632
0.49226, -0.0102674, 0.951371
0.026239, -0.483955, 0.959837
-0.0041735, -0.508387, 0.959953
-0.00347103, -0.453623, 0.960251
-0.0136915, -0.483841, 0.95999
stamp: 10590000000
-0.0296634, 0.000836931, 0.96159
0.483667, -0.036261, 0.951592
0.451958, -0.0132152, 0.953658
0.492208, -0.0102669, 0.951421
0.0264442, -0.483971, 0.959926
-0.0038696, -0.508555, 0.960024
-0.00329739, -0.453637, 0.960312
-0.0133679, -0.483927, 0.960158
stamp: 10600000000
-0.0297665, 0.000805503, 0.961537
0.483657, -0.0362971, 0.951631
0.451917, -0.0132545, 0.953646
0.492151, -0.0103138, 0.951476
0.0268088, -0.483931, 0.959838
-0.00351296, -0.508528, 0.959903
-0.00314569, -0.453662, 0.960372
-0.0131751, -0.483949, 0.960255
stamp: 10609000000
-0.0298843, 0.000628319, 0.961545
0.483642, -0.0363337, 0.95161
0.451893, -0.0133122, 0.953685
0.492122, -0.0103351, 0.951513
0.0270429, -0.483925, 0.959908
-0.00326219, -0.508496, 0.959866
-0.00275296, -0.453708, 0.960645
-0.0128912, -0.484129, 0.96051
stamp: 10619000000
-0.030049, 0.000637459, 0.961598
0.483637, -0.0363243, 0.951683
0.4519, -0.0133078, 0.953701
0.492116, -0.0103304, 0.951536
0.0273751, -0.484003, 0.959986
-0.00303053, -0.508466, 0.959977
-0.00258672, -0.453729, 0.960709
-0.0126497, -0.484113, 0.960626
stamp: 10630000000
-0.0301709, 0.000559125, 0.961574
0.483645, -0.0363431, 0.951745
0.45187, -0.0133378, 0.95367
0.492102, -0.0103576, 0.951576
0.0275944, -0.484024, 0.960068
-0.00269077, -0.50858, 0.960093
-0.00230022, -0.454078, 0.960839
-0.012432, -0.484182, 0.960666
stamp: 10640000000
-0.0303344, 0.000422878, 0.961438
0.483626, -0.0363823, 0.951722
0.451872, -0.0133834, 0.953715
0.492092, -0.0103957, 0.951593
0.0278135, -0.484039, 0.960148
-0.00240166, -0.508768, 0.960323
-0.00214405, -0.453992, 0.960797
-0.0121811, -0.484211, 0.960765
stamp: 10649000000
-0.030371, 0.00034696, 0.961332
0.483627, -0.03638, 0.951732
0.451864, -0.0133823, 0.953725
0.492084, -0.010393, 0.951616
0.0281293, -0.484076, 0.960321
-0.00216457, -0.508815, 0.96041
-0.0017948, -0.453878, 0.960999
-0.0119729, -0.484228, 0.960825
stamp: 10660000000
-0.0304865, 0.000357155, 0.961348
0.483601, -0.0364988, 0.951868
0.451848, -0.0134129, 0.953699
0.492095, -0.0104231, 0.951646
0.0283233, -0.484103, 0.960387
-0.00196914, -0.508857, 0.960436
-0.00128313, -0.45387, 0.961089
-0.0116638, -0.484315, 0.96096
stamp: 10669000000
-0.0305729, 0.000326562, 0.961325
0.483614, -0.0365176, 0.951913
0.45179, -0.0134733, 0.953709
0.492086, -0.0104413, 0.951641
0.0285662, -0.484111, 0.960505
-0.00163704, -0.508906, 0.960637
-0.00119861, -0.4541, 0.961227
-0.0114522, -0.484333, 0.961007
stamp: 10679000000
-0.0306803, 0.000338933, 0.961335
0.483592, -0.0364954, 0.951985
0.451765, -0.0134197, 0.953658
0.492085, -0.0104425, 0.951667
0.0287669, -0.484134, 0.960543
-0.00148234, -0.508958, 0.960621
-0.00101503, -0.454132, 0.961248
-0.0112411, -0.484357, 0.961058
stamp: 10690000000
-0.0307739, 0.000319473, 0.961316
0.483568, -0.0365236, 0.952001
0.451746, -0.0134081, 0.953681
0.492071, -0.0104775, 0.951694
0.0289861, -0.48419, 0.960577
-0.00132659, -0.508956, 0.960679
-0.00057864, -0.454178, 0.961336
-0.0109694, -0.484401, 0.961071
stamp: 10699000000
-0.0309825, 0.000210996, 0.961298
0.483529, -0.036537, 0.95199
0.451755, -0.0133999, 0.953721
0.49205, -0.010485, 0.951712
0.0292098, -0.484218, 0.960624
-0.00108546, -0.508896, 0.960791
-0.000309582, -0.454139, 0.961247
-0.0107363, -0.484421, 0.961087
stamp: 10709000000
-0.0310862, 0.000165038, 0.961274
0.483496, -0.0365456, 0.952044
0.451744, -0.0133597, 0.953719
0.49204, -0.0104803, 0.951718
0.029518, -0.484283, 0.960632
-0.000866278, -0.508903, 0.960811
-4.87842e-05, -0.45413, 0.961177
-0.010455, -0.484377, 0.961037
stamp: 10720000000
-0.0311614, 0.000140899, 0.96128
0.483467, -0.0365644, 0.95207
0.451713, -0.0133594, 0.953699
0.492029, -0.010538, 0.951767
0.0297811, -0.484316, 0.960618
-0.000603091, -0.50896, 0.960771
0.000126664, -0.454157, 0.961144
-0.0100765, -0.484364, 0.960866
stamp: 10730000000
-0.0312327, 0.000108022, 0.961267
0.483401, -0.0365681, 0.95205
0.451667, -0.0133387, 0.953704
0.491974, -0.0105246, 0.951762
0.030182, -0.484399, 0.960687
-0.000147131, -0.509012, 0.96072
0.000231592, -0.454349, 0.961052
-0.00981266, -0.484401, 0.960885
stamp: 10740000000
-0.0313019, 7.4997e-05, 0.961257
0.483217, -0.0365151, 0.952119
0.451589, -0.0132245, 0.953748
0.491929, -0.0105152, 0.95179
0.0305097, -0.484459, 0.960549
0.000130127, -0.508961, 0.960678
0.000517663, -0.454335, 0.961085
-0.00956648, -0.484487, 0.96091
stamp: 10749000000
-0.0313343, 0.000101939, 0.961311
0.483133, -0.0363157, 0.952131
0.451556, -0.013068, 0.953658
0.491895, -0.0104934, 0.951821
0.0307907, -0.484708, 0.960495
0.000408785, -0.509075, 0.960703
0.000700479, -0.454348, 0.961039
-0.00937238, -0.48457, 0.960844
stamp: 10760000000
-0.03139, 6.95282e-05, 0.961309
0.483075, -0.0362845, 0.952136
0.451504, -0.0130043, 0.953655
0.491839, -0.0104653, 0.951827
0.0310469, -0.484734, 0.96048
0.000633412, -0.50912, 0.960685
0.00117987, -0.454346, 0.96107
-0.00919155, -0.484683, 0.960844
stamp: 10770000000
-0.031531, 9.93957e-05, 0.96126
0.483005, -0.036231, 0.95216
0.451431, -0.0130028, 0.95366
0.491796, -0.0103669, 0.951834
0.0312461, -0.484739, 0.960433
0.000901997, -0.509195, 0.960674
0.00136797, -0.454368, 0.961045
-0.00882766, -0.484807, 0.960838
stamp: 10779000000
-0.0315905, 8.64443e-05, 0.961239
0.482934, -0.0361304, 0.952172
0.451347, -0.0129321, 0.953642
0.491753, -0.0102989, 0.95185
0.0314337, -0.484737, 0.960385
0.00112043, -0.509289, 0.960563
0.0015352, -0.454391, 0.96098
-0.00859103, -0.484856, 0.96077
stamp: 10789000000
-0.031637, 5.27978e-05, 0.961237
0.482749, -0.0361683, 0.952225
0.451295, -0.0128866, 0.953661
0.491682, -0.0102842, 0.951874
0.0316353, -0.484739, 0.960377
0.00133075, -0.509334, 0.960452
0.00200992, -0.454439, 0.961037
-0.00821353, -0.484975, 0.960733
stamp: 10800000000
-0.0316762, 9.87941e-06, 0.961251
0.482658, -0.0360928, 0.95215
0.451215, -0.0127976, 0.953672
0.491571, -0.0102279, 0.951902
0.0318421, -0.484774, 0.960365
0.00162027, -0.509433, 0.960391
0.00229455, -0.454607, 0.960862
-0.00784242, -0.48493, 0.960631
stamp: 10809000000
-0.0317169, -5.25037e-05, 0.961231
0.48251, -0.0360201, 0.952172
0.451151, -0.0126845, 0.953731
0.491481, -0.0101409, 0.951876
0.032138, -0.484863, 0.960365
0.00189094, -0.509547, 0.960507
0.00256235, -0.454616, 0.960741
-0.00762721, -0.484956, 0.960612
stamp: 10820000000
-0.0317649, -7.7591e-05, 0.961215
0.482409, -0.0359238, 0.952189
0.450974, -0.0126031, 0.95371
0.491393, -0.0100463, 0.951859
0.0324316, -0.484902, 0.960242
0.00218151, -0.509639, 0.96037
0.00270816, -0.454874, 0.960786
-0.00742329, -0.484994, 0.960605
stamp: 10830000000
-0.0318009, -0.000114239, 0.961216
0.482327, -0.035851, 0.952156
0.45085, -0.012504, 0.953678
0.491303, -0.00996821, 0.951832
0.0327307, -0.484893, 0.960122
0.00247854, -0.509672, 0.960452
0.00289077, -0.454913, 0.96077
-0.00718115, -0.485046, 0.960607
stamp: 10839000000
-0.0319003, -0.00013121, 0.961213
0.482195, -0.0358104, 0.952035
0.450751, -0.0124287, 0.953697
0.491195, -0.00989546, 0.9518
0.0329495, -0.484931, 0.960092
0.00273847, -0.509603, 0.960451
0.00318586, -0.454886, 0.960873
-0.00701147, -0.485135, 0.960553
stamp: 10849000000
-0.0319292, -0.000167954, 0.961195
0.481996, -0.0356527, 0.95196
0.450628, -0.0122294, 0.953734
0.491084, -0.00979875, 0.951766
0.0332916, -0.485014, 0.960215
0.00295382, -0.509632, 0.960452
0.00337073, -0.454919, 0.960875
-0.00679528, -0.485136, 0.960559
stamp: 10860000000
-0.0319572, -0.000187036, 0.961175
0.481848, -0.0355097, 0.951858
0.450533, -0.0120562, 0.953703
0.490932, -0.00965908, 0.951727
0.0336395, -0.485175, 0.960248
0.00320903, -0.509711, 0.960463
0.00381121, -0.455001, 0.96098
-0.00660656, -0.485176, 0.960572
stamp: 10869000000
-0.0319731, -0.000244915, 0.961134
0.48171, -0.0353828, 0.95184
0.450395, -0.0118321, 0.95362
0.49079, -0.00954192, 0.951684
0.0338719, -0.485208, 0.960248
0.00341495, -0.509789, 0.960434
0.00400629, -0.455039, 0.961
-0.00631133, -0.485231, 0.96067
stamp: 10879000000
-0.031986, -0.00028306, 0.961127
0.481576, -0.0352517, 0.951845
0.450265, -0.0116975, 0.953546
0.490602, -0.00938518, 0.951655
0.0340868, -0.485239, 0.960278
0.00373203, -0.509834, 0.960442
0.00418467, -0.455083, 0.960994
-0.00610369, -0.485265, 0.960709
stamp: 10889000000
-0.0319942, -0.000300369, 0.961083
0.481442, -0.0351462, 0.9518
0.450071, -0.0115051, 0.953542
0.490432, -0.00925956, 0.951598
0.0343124, -0.485234, 0.960317
0.00393807, -0.509864, 0.960467
0.0044463, -0.455094, 0.960875
-0.00578593, -0.485394, 0.960794
stamp: 10899000000
-0.0320099, -0.000329783, 0.961048
0.481321, -0.0350144, 0.951782
0.449963, -0.0113582, 0.953519
0.490284, -0.00909877, 0.951588
0.0345265, -0.485185, 0.96035
0.00416785, -0.509866, 0.960547
0.00495953, -0.455031, 0.960937
-0.00553817, -0.485442, 0.960859
stamp: 10909000000
-0.0320095, -0.000338309, 0.961025
0.481207, -0.0348223, 0.951784
0.449817, -0.0112428, 0.953433
0.490159, -0.00894914, 0.95159
0.0347992, -0.485206, 0.960363
0.00437965, -0.50997, 0.960601
0.00512794, -0.455178, 0.96095
-0.00529909, -0.485472, 0.960934
stamp: 10919000000
-0.0320204, -0.000362871, 0.960989
0.481075, -0.0347313, 0.951735
0.449543, -0.0111495, 0.953359
0.489998, -0.00881394, 0.951603
0.0350087, -0.485257, 0.960472
0.00466496, -0.510016, 0.960726
0.00531872, -0.45523, 0.960935
-0.00482456, -0.485369, 0.960788
stamp: 10929000000
-0.0321033, -0.000501166, 0.961002
0.480804, -0.0345341, 0.951647
0.449402, -0.0110377, 0.95338
0.489805, -0.00869796, 0.951612
0.0352768, -0.485444, 0.960628
0.00485036, -0.510053, 0.960811
0.0053877, -0.4553, 0.960946
-0.00464, -0.485397, 0.960843
stamp: 10940000000
-0.0321092, -0.000538212, 0.961005
0.480591, -0.0344103, 0.951583
0.449271, -0.0109845, 0.953524
0.48961, -0.00853843, 0.951599
0.035611, -0.485662, 0.960851
0.00516355, -0.510069, 0.960843
0.00566976, -0.455263, 0.961121
-0.00442951, -0.485469, 0.96097
stamp: 10949000000
-0.0320538, -0.000451451, 0.960932
0.480433, -0.0342707, 0.951632
0.449216, -0.0107576, 0.953691
0.489441, -0.00832896, 0.951541
0.0358351, -0.485683, 0.960989
0.00541344, -0.510055, 0.960929
0.00601583, -0.455324, 0.961292
-0.00405629, -0.485762, 0.961298
stamp: 10960000000
-0.0320784, -0.000454997, 0.960876
0.48024, -0.0340902, 0.951657
0.449093, -0.0104947, 0.953745
0.489294, -0.00819807, 0.951529
0.0360227, -0.485692, 0.961109
0.00579337, -0.510194, 0.961142
0.00619879, -0.455344, 0.961341
-0.0036531, -0.485791, 0.961434
stamp: 10970000000
-0.0320833, -0.000476141, 0.960859
0.480061, -0.033958, 0.951638
0.448893, -0.0103196, 0.953789
0.489018, -0.00797887, 0.951366
0.0362071, -0.485704, 0.961244
0.00600947, -0.51033, 0.961375
0.00645348, -0.455536, 0.961566
-0.00347914, -0.485832, 0.961514
stamp: 10979000000
-0.0320874, -0.000495015, 0.960839
0.479918, -0.0338586, 0.951611
0.448578, -0.010268, 0.953817
0.488835, -0.00786493, 0.951358
0.0364276, -0.485725, 0.961317
0.00623121, -0.510304, 0.961533
0.00681509, -0.455575, 0.961866
-0.00329973, -0.485833, 0.961614
stamp: 10990000000
-0.03208, -0.000518882, 0.960812
0.479791, -0.0337389, 0.951606
0.448386, -0.010232, 0.95388
0.488741, -0.00784707, 0.951516
0.0366173, -0.485736, 0.961426
0.00648595, -0.510423, 0.961647
0.00704719, -0.455489, 0.961992
-0.00312571, -0.485792, 0.961751
stamp: 11000000000
-0.0320752, -0.000543208, 0.960777
0.479616, -0.0335074, 0.951645
0.448218, -0.0100777, 0.953845
0.488536, -0.00775828, 0.951617
0.036869, -0.485771, 0.961567
0.00665026, -0.51042, 0.961792
0.00720049, -0.455486, 0.962084
-0.0029459, -0.485808, 0.96188
stamp: 11009000000
-0.032016, -0.000608311, 0.960677
0.479464, -0.0334268, 0.951619
0.447954, -0.00992837, 0.953915
0.488353, -0.00767646, 0.951624
0.0371676, -0.485788, 0.961814
0.00680835, -0.510411, 0.961916
0.00732181, -0.455483, 0.96219
-0.00253984, -0.485828, 0.962235
stamp: 11019000000
-0.0319737, -0.000705251, 0.960671
0.479306, -0.0334085, 0.951545
0.447724, -0.00985775, 0.953878
0.488168, -0.00759498, 0.951639
0.0373812, -0.485748, 0.961911
0.00703068, -0.510386, 0.962091
0.00745053, -0.45547, 0.962289
-0.0023534, -0.485827, 0.962368
stamp: 11030000000
-0.0319564, -0.000732611, 0.960655
0.479028, -0.0335184, 0.951522
0.447565, -0.00980707, 0.953894
0.487974, -0.00752329, 0.951667
0.0375842, -0.485725, 0.962107
0.00725171, -0.51043, 0.962261
0.00757371, -0.455472, 0.962364
-0.00222981, -0.485815, 0.962489
stamp: 11040000000
-0.031945, -0.000739982, 0.960618
0.478875, -0.0333681, 0.951541
0.447421, -0.00975224, 0.953864
0.487785, -0.00744214, 0.951673
0.0377552, -0.485743, 0.962222
0.00742395, -0.510393, 0.962379
0.00770532, -0.455463, 0.962444
-0.00209349, -0.48584, 0.962553
stamp: 11049000000
-0.0319366, -0.000754863, 0.960592
0.478635, -0.0332199, 0.951559
0.447265, -0.00972851, 0.953807
0.487597, -0.00740112, 0.951668
0.0379971, -0.485852, 0.962397
0.00756279, -0.510292, 0.962431
0.00801827, -0.455456, 0.962708
-0.00204813, -0.485873, 0.96254
stamp: 11059000000
-0.0319156, -0.000770684, 0.96057
0.4785, -0.0332374, 0.951445
0.447119, -0.00978993, 0.953754
0.487433, -0.00738821, 0.95164
0.0381358, -0.485866, 0.962507
0.00775491, -0.510297, 0.962551
0.00832002, -0.455478, 0.962996
-0.001922, -0.48586, 0.962618
stamp: 11069000000
-0.0319037, -0.000787168, 0.960559
0.478382, -0.0332476, 0.951347
0.446979, -0.00984788, 0.953703
0.487278, -0.00737098, 0.951608
0.0382571, -0.48584, 0.962579
0.00792816, -0.510227, 0.962719
0.00854579, -0.45552, 0.963066
-0.00179365, -0.485807, 0.962746
stamp: 11080000000
-0.0318963, -0.000808949, 0.960547
0.478258, -0.0332301, 0.951346
0.446767, -0.00992013, 0.953753
0.487123, -0.00735455, 0.951553
0.0383873, -0.485793, 0.962693
0.00804882, -0.510184, 0.962805
0.00865406, -0.455494, 0.963157
-0.00164475, -0.485712, 0.962888
stamp: 11090000000
-0.0318754, -0.000835256, 0.960536
0.478177, -0.0332606, 0.951297
0.446592, -0.01007, 0.953711
0.486974, -0.00736079, 0.9515
0.0385032, -0.48576, 0.962776
0.00815904, -0.510164, 0.962868
0.00877068, -0.455348, 0.963355
-0.00154646, -0.485677, 0.962946
stamp: 11099000000
-0.0318589, -0.000854665, 0.960517
0.478089, -0.0333958, 0.951161
0.446431, -0.0101993, 0.953789
0.486812, -0.00738332, 0.951459
0.0387411, -0.485782, 0.96299
0.00827424, -0.510144, 0.962919
0.00888278, -0.455309, 0.96342
-0.00144872, -0.485645, 0.963021
stamp: 11109000000
-0.0318346, -0.000881354, 0.960496
0.477986, -0.0334297, 0.95109
0.446352, -0.0102407, 0.953794
0.486666, -0.00738419, 0.951414
0.0388422, -0.485771, 0.963058
0.00835767, -0.510125, 0.962965
0.00896923, -0.45528, 0.963462
-0.00131804, -0.485611, 0.963097
stamp: 11119000000
-0.0317941, -0.000895393, 0.960508
0.477919, -0.0334115, 0.951169
0.446249, -0.0102715, 0.953747
0.486516, -0.00740202, 0.951316
0.0389354, -0.485753, 0.963109
0.00848634, -0.510038, 0.963007
0.00909464, -0.455214, 0.963486
-0.00122206, -0.48557, 0.963165
stamp: 11129000000
-0.03176, -0.00092088, 0.960511
0.477879, -0.033483, 0.951115
0.446157, -0.0103943, 0.953696
0.486385, -0.00743831, 0.951254
0.0390054, -0.485727, 0.963154
0.0085089, -0.509953, 0.963112
0.00924461, -0.455171, 0.963504
-0.00112856, -0.485533, 0.963208
stamp: 11140000000
-0.0316848, -0.00104016, 0.960553
0.477826, -0.0335159, 0.951081
0.445917, -0.0104319, 0.953587
0.486232, -0.00746729, 0.951218
0.0390921, -0.485622, 0.963242
0.00855072, -0.509934, 0.963105
0.00929875, -0.455141, 0.963539
-0.000915745, -0.485534, 0.963352
stamp: 11149000000
-0.0316071, -0.00107496, 0.960558
0.477777, -0.0335484, 0.951129
0.445786, -0.0105771, 0.953392
0.486118, -0.00751376, 0.951205
0.0391662, -0.48558, 0.963304
0.0085761, -0.509853, 0.963171
0.00946147, -0.455097, 0.963449
-0.000839987, -0.485503, 0.963401
stamp: 11159000000
-0.0315897, -0.00107185, 0.960563
0.477664, -0.033596, 0.951167
0.445664, -0.0107952, 0.953386
0.486005, -0.00757048, 0.951176
0.0392408, -0.485528, 0.963336
0.00869897, -0.509844, 0.963209
0.0095135, -0.455068, 0.963467
-0.000830157, -0.485407, 0.963505
stamp: 11170000000
-0.0315491, -0.00110285, 0.960591
0.477604, -0.0336489, 0.951148
0.445513, -0.0110654, 0.953428
0.485902, -0.00759604, 0.951176
0.0393191, -0.485493, 0.96337
0.00877014, -0.509826, 0.963232
0.00955422, -0.455037, 0.963485
-0.000783348, -0.485356, 0.963557
stamp: 11179000000
-0.0315253, -0.00110097, 0.960624
0.477539, -0.0336549, 0.95129
0.445478, -0.0110755, 0.953293
0.485822, -0.00762693, 0.951189
0.0393857, -0.485468, 0.963377
0.00882763, -0.509774, 0.96326
0.00961341, -0.455011, 0.963517
-0.000684268, -0.485219, 0.963457
stamp: 11190000000
-0.0314887, -0.00111149, 0.960663
0.477537, -0.033729, 0.9513
0.445411, -0.0113635, 0.95342
0.485705, -0.00772043, 0.951205
0.0394404, -0.485428, 0.963393
0.00887131, -0.509736, 0.963291
0.00966812, -0.454898, 0.963644
-0.000624648, -0.485181, 0.963474
stamp: 11200000000
-0.0314615, -0.00112012, 0.960718
0.47745, -0.033863, 0.951297
0.445366, -0.0114982, 0.953466
0.485644, -0.00776754, 0.951223
0.0394824, -0.485389, 0.963417
0.00889959, -0.509675, 0.963337
0.00969299, -0.454867, 0.96368
-0.000571129, -0.48506, 0.963456
stamp: 11209000000
-0.0314152, -0.0010597, 0.960838
0.477429, -0.0339282, 0.951351
0.445288, -0.0116127, 0.953539
0.485604, -0.00782661, 0.95128
0.0394919, -0.485118, 0.963454
0.00894086, -0.509627, 0.963346
0.0097061, -0.454824, 0.963697
-0.000535986, -0.48502, 0.96348
stamp: 11219000000
-0.031381, -0.00105256, 0.960894
0.477444, -0.033984, 0.951381
0.445231, -0.0117038, 0.953592
0.485563, -0.00789411, 0.9513
0.0395206, -0.485036, 0.963456
0.00896442, -0.509606, 0.96333
0.00972983, -0.454781, 0.963718
-0.000509877, -0.485124, 0.963645
stamp: 11230000000
-0.0313475, -0.0010529, 0.960963
0.477456, -0.0340703, 0.951391
0.445202, -0.0118126, 0.953643
0.485535, -0.00795748, 0.951332
0.0395463, -0.485008, 0.963488
0.00898676, -0.509575, 0.963311
0.0099469, -0.454771, 0.963925
-0.000455172, -0.485041, 0.963697
stamp: 11240000000
-0.0313217, -0.00106859, 0.961026
0.47742, -0.034247, 0.951544
0.445199, -0.0119374, 0.953786
0.485485, -0.00808817, 0.951449
0.0395472, -0.484977, 0.963508
0.00899259, -0.509447, 0.963286
0.00992422, -0.454675, 0.964001
-0.000443177, -0.484989, 0.963711
stamp: 11249000000
-0.0313535, -0.0011523, 0.961065
0.477428, -0.0343342, 0.951689
0.445234, -0.012004, 0.953938
0.485474, -0.00814311, 0.951508
0.0395573, -0.484954, 0.963525
0.00898306, -0.509398, 0.96326
0.00992119, -0.454642, 0.964028
-0.000463433, -0.484942, 0.96371
stamp: 11259000000
-0.0313431, -0.00123759, 0.9611
0.477428, -0.0344658, 0.951709
0.445192, -0.0121048, 0.954022
0.485454, -0.00825367, 0.951615
0.0395579, -0.484918, 0.963541
0.00898318, -0.50936, 0.963262
0.00992752, -0.454607, 0.964058
-0.000463563, -0.484868, 0.963733
stamp: 11269000000
-0.0312488, -0.00116725, 0.961195
0.477411, -0.0345342, 0.951828
0.445197, -0.0121992, 0.954166
0.485427, -0.00835012, 0.951721
0.039551, -0.484876, 0.963541
0.00898119, -0.509321, 0.963291
0.00990873, -0.454575, 0.964097
-0.000477448, -0.484872, 0.96374
stamp: 11279000000
-0.0312049, -0.00116823, 0.961261
0.477431, -0.0346242, 0.951922
0.445178, -0.0122985, 0.954204
0.485435, -0.00842273, 0.951833
0.0395462, -0.484839, 0.963533
0.00897655, -0.509288, 0.963307
0.00990769, -0.454536, 0.964135
-0.000486502, -0.484834, 0.963743
stamp: 11290000000
-0.0312248, -0.00124623, 0.961284
0.477511, -0.0347931, 0.95198
0.445145, -0.012512, 0.95436
0.48539, -0.00857361, 0.951967
0.039528, -0.484817, 0.963527
0.00896838, -0.509264, 0.963295
0.00990482, -0.454509, 0.964171
-0.000523128, -0.484765, 0.963758
stamp: 11299000000
-0.0312371, -0.0012306, 0.96139
0.477547, -0.0348502, 0.952148
0.445139, -0.0127188, 0.954393
0.485391, -0.0086567, 0.952096
0.0395159, -0.484812, 0.963512
0.00893776, -0.509242, 0.963269
0.00979678, -0.454496, 0.964279
-0.000544788, -0.48473, 0.963778
stamp: 11309000000
-0.031204, -0.00121854, 0.96146
0.477592, -0.034981, 0.952164
0.44522, -0.0129146, 0.9546
0.485409, -0.0087597, 0.952199
0.0394995, -0.484791, 0.963472
0.00890635, -0.509236, 0.963238
0.0097957, -0.454463, 0.964273
-0.000624336, -0.484662, 0.963819
stamp: 11319000000
-0.0311228, -0.00114088, 0.961584
0.477589, -0.035117, 0.95249
0.445254, -0.0130241, 0.954656
0.485454, -0.00886953, 0.952297
0.0395042, -0.484766, 0.963429
0.00888382, -0.509224, 0.963239
0.00978893, -0.454442, 0.964274
-0.000653839, -0.484614, 0.963839
stamp: 11329000000
-0.0310884, -0.00113053, 0.961689
0.477746, -0.0352364, 0.952352
0.44535, -0.0132919, 0.954891
0.485548, -0.00905913, 0.952419
0.0394695, -0.484751, 0.963406
0.00885913, -0.509192, 0.963283
0.00977394, -0.454418, 0.964271
-0.000685568, -0.48459, 0.963849
stamp: 11340000000
-0.0310638, -0.00113933, 0.961791
0.477817, -0.0353153, 0.952511
0.445409, -0.0134131, 0.954974
0.485634, -0.00916204, 0.952493
0.0393987, -0.484694, 0.963385
0.0088749, -0.509122, 0.963394
0.00974422, -0.454405, 0.964264
-0.000708039, -0.484569, 0.963847
stamp: 11349000000
-0.0310346, -0.001132, 0.961885
0.477944, -0.0355662, 0.952494
0.445508, -0.0135603, 0.955084
0.485722, -0.00932523, 0.952508
0.0393532, -0.484673, 0.963348
0.00884791, -0.509105, 0.963408
0.00971091, -0.45439, 0.964258
-0.000762332, -0.484552, 0.96384
stamp: 11359000000
-0.0309825, -0.00109812, 0.961968
0.477991, -0.0357976, 0.952618
0.445587, -0.0136828, 0.955143
0.485835, -0.00945283, 0.952584
0.0393104, -0.484662, 0.963322
0.00880903, -0.509103, 0.963387
0.00968414, -0.454379, 0.964259
-0.000814384, -0.484537, 0.963816
stamp: 11369000000
-0.030952, -0.00108449, 0.962066
0.478177, -0.035924, 0.952572
0.44573, -0.013818, 0.955138
0.485982, -0.00963272, 0.952538
0.0392589, -0.484666, 0.963324
0.00876522, -0.50911, 0.963369
0.00964866, -0.454372, 0.964254
-0.000869219, -0.484534, 0.963801
stamp: 11379000000
-0.0308402, -0.00110389, 0.962274
0.478303, -0.0361416, 0.952484
0.445772, -0.014206, 0.95517
0.48611, -0.00983473, 0.952551
0.0392, -0.484683, 0.963336
0.00860806, -0.50913, 0.963231
0.00960894, -0.454388, 0.964263
-0.00100926, -0.484488, 0.963739
stamp: 11390000000
-0.030807, -0.00110112, 0.962368
0.478537, -0.0363115, 0.952499
0.446034, -0.0144247, 0.95513
0.486289, -0.0100176, 0.952444
0.0391427, -0.484704, 0.963358
0.00854572, -0.509147, 0.963202
0.00955833, -0.454382, 0.964262
-0.00107234, -0.484483, 0.963732
stamp: 11399000000
-0.030779, -0.00109263, 0.962442
0.478695, -0.0365163, 0.952404
0.446214, -0.0145735, 0.955072
0.486434, -0.0102367, 0.952361
0.039013, -0.484685, 0.963389
0.00849265, -0.509156, 0.963224
0.00935743, -0.45436, 0.964109
-0.00113321, -0.4845, 0.963741
stamp: 11409000000
-0.0307372, -0.00107397, 0.962526
0.478832, -0.0366509, 0.95238
0.446469, -0.0147049, 0.955103
0.486608, -0.0104208, 0.952258
0.0389477, -0.484688, 0.96343
0.00843612, -0.509142, 0.963286
0.00929916, -0.454377, 0.964108
-0.00107755, -0.484516, 0.963843
stamp: 11419000000
-0.0307187, -0.00107235, 0.96265
0.479034, -0.0368709, 0.952235
0.446666, -0.014982, 0.954874
0.486805, -0.0106903, 0.952199
0.038873, -0.484681, 0.963481
0.00832666, -0.50916, 0.963404
0.00927427, -0.454286, 0.964063
-0.00112828, -0.484536, 0.963867
stamp: 11429000000
-0.0306538, -0.000976215, 0.962825
0.479288, -0.0371615, 0.952175
0.446846, -0.0151572, 0.954766
0.487052, -0.0109136, 0.952056
0.0388121, -0.484691, 0.96353
0.00826828, -0.509162, 0.963458
0.00923387, -0.454329, 0.964198
-0.001183, -0.484535, 0.96389
stamp: 11440000000
-0.0305721, -0.0008986, 0.962893
0.479571, -0.0374762, 0.951977
0.447082, -0.0154671, 0.954529
0.487273, -0.0111919, 0.951942
0.0387362, -0.484717, 0.9636
0.00819577, -0.509201, 0.963471
0.00917857, -0.454341, 0.964229
-0.00125939, -0.484531, 0.963931
stamp: 11449000000
-0.0305336, -0.000869306, 0.962941
0.479736, -0.03769, 0.951842
0.447377, -0.0154991, 0.954274
0.487523, -0.0114091, 0.951809
0.0386535, -0.484756, 0.963655
0.00808371, -0.509311, 0.963542
0.00912879, -0.45437, 0.964297
-0.00131951, -0.484545, 0.963983
stamp: 11459000000
-0.0304759, -0.0008882, 0.963075
0.479972, -0.0378947, 0.951646
0.447534, -0.0157752, 0.954073
0.487771, -0.0116924, 0.951646
0.0384935, -0.484788, 0.963804
0.00800628, -0.509356, 0.963602
0.00905685, -0.454397, 0.964385
-0.00142024, -0.484557, 0.964026
stamp: 11469000000
-0.0304921, -0.000835296, 0.963034
0.480252, -0.0382641, 0.951489
0.447807, -0.0161466, 0.953816
0.488027, -0.0119411, 0.951479
0.038408, -0.484832, 0.963864
0.00791624, -0.509392, 0.963671
0.00897543, -0.454435, 0.964486
-0.00160068, -0.484543, 0.964032
stamp: 11480000000
-0.0304124, -0.000851579, 0.963157
0.480496, -0.0385148, 0.95134
0.448105, -0.0164519, 0.953676
0.488302, -0.012234, 0.951309
0.0383267, -0.484875, 0.963932
0.00763295, -0.509403, 0.963951
0.00889938, -0.45446, 0.964584
-0.00170726, -0.484576, 0.964108
stamp: 11490000000
-0.0303843, -0.000835329, 0.963205
0.480836, -0.0388163, 0.951165
0.44845, -0.0167602, 0.95337
0.488676, -0.0125444, 0.951071
0.0381505, -0.48497, 0.964112
0.00754643, -0.509392, 0.964064
0.0087502, -0.454529, 0.964753
-0.0019342, -0.484658, 0.964335
stamp: 11499000000
-0.0302852, -0.000714099, 0.96325
0.48122, -0.0390536, 0.950984
0.448761, -0.0169868, 0.953172
0.488979, -0.0128256, 0.950916
0.0380392, -0.485043, 0.964201
0.00743226, -0.509423, 0.964129
0.00864172, -0.45457, 0.964828
-0.00211795, -0.484774, 0.964527
stamp: 11509000000
-0.0301181, -0.000674533, 0.963302
0.481547, -0.0392597, 0.950752
0.449177, -0.0171707, 0.953053
0.48934, -0.0130614, 0.950717
0.0379061, -0.485145, 0.964298
0.00732805, -0.509458, 0.964205
0.00855195, -0.454614, 0.964896
-0.00226943, -0.484835, 0.964617
stamp: 11519000000
-0.030079, -0.00065341, 0.963299
0.481845, -0.0396259, 0.950626
0.44952, -0.0175097, 0.952905
0.489694, -0.0134132, 0.950429
0.0377852, -0.485202, 0.964373
0.00721965, -0.509511, 0.964266
0.00838351, -0.45464, 0.965008
-0.0024006, -0.484858, 0.964718
stamp: 11529000000
-0.0300418, -0.000631397, 0.963326
0.482184, -0.0399689, 0.950398
0.449934, -0.0177359, 0.952773
0.49005, -0.013734, 0.950216
0.0375972, -0.485278, 0.964382
0.00708947, -0.509553, 0.964304
0.00816094, -0.454637, 0.965066
-0.00253458, -0.484899, 0.964792
stamp: 11540000000
-0.0300209, -0.000610503, 0.963342
0.482669, -0.0402148, 0.950216
0.450299, -0.0181539, 0.952703
0.490469, -0.0139689, 0.950016
0.0374809, -0.485334, 0.964418
0.00700354, -0.509546, 0.964434
0.0079638, -0.454694, 0.965204
-0.00265933, -0.484944, 0.964837
stamp: 11549000000
-0.0299926, -0.000597332, 0.963351
0.483081, -0.040494, 0.949931
0.450683, -0.0185965, 0.952656
0.49088, -0.014311, 0.94989
0.0372316, -0.485368, 0.964355
0.00687731, -0.509574, 0.964537
0.00774193, -0.454939, 0.965268
-0.00278557, -0.485004, 0.964868
stamp: 11559000000
-0.0299548, -0.00053828, 0.963398
0.483439, -0.0408685, 0.94991
0.451069, -0.0187225, 0.952379
0.491273, -0.0146556, 0.949717
0.0370869, -0.485423, 0.964346
0.00667136, -0.509768, 0.964546
0.00763465, -0.455011, 0.965309
-0.00290984, -0.485021, 0.964942
stamp: 11570000000
-0.0299068, -0.000528803, 0.963412
0.483746, -0.0411755, 0.949807
0.451497, -0.0190366, 0.952161
0.491694, -0.0149762, 0.949559
0.0369201, -0.485579, 0.964337
0.00651087, -0.509862, 0.964493
0.00731813, -0.455096, 0.965166
-0.00304854, -0.485088, 0.964928
stamp: 11579000000
-0.0298789, -0.000512251, 0.963415
0.484235, -0.0415742, 0.949799
0.451841, -0.0193162, 0.951944
0.492088, -0.0152593, 0.949456
0.0367315, -0.485667, 0.964407
0.00619614, -0.509968, 0.964468
0.00720078, -0.455177, 0.9652
-0.00323138, -0.485215, 0.9649
stamp: 11590000000
-0.0298427, -0.000497724, 0.963422
0.484576, -0.0418528, 0.949629
0.45233, -0.019757, 0.951693
0.492466, -0.0155943, 0.949446
0.0365827, -0.485749, 0.964352
0.00603961, -0.51005, 0.96442
0.00707167, -0.455263, 0.96521
-0.00341163, -0.48531, 0.964838
stamp: 11600000000
-0.0298165, -0.000498455, 0.963424
0.484944, -0.0421222, 0.949544
0.452625, -0.0199692, 0.951517
0.492885, -0.0160077, 0.949377
0.0364432, -0.485806, 0.964314
0.00586069, -0.510102, 0.964405
0.00688189, -0.455392, 0.965088
-0.00355854, -0.48541, 0.964797
stamp: 11610000000
-0.0297696, -0.000480976, 0.963443
0.4853, -0.0425501, 0.949474
0.452975, -0.0202469, 0.951298
0.493285, -0.0163636, 0.949366
0.036274, -0.485864, 0.964313
0.00572962, -0.510184, 0.964362
0.0067405, -0.455466, 0.965024
-0.00371138, -0.485507, 0.964729
stamp: 11619000000
-0.0297491, -0.000487068, 0.963462
0.485746, -0.0429205, 0.949469
0.453482, -0.0206535, 0.951295
0.493731, -0.0167154, 0.949277
0.0360791, -0.485876, 0.964244
0.00561177, -0.510281, 0.9643
0.00660904, -0.455541, 0.964936
-0.00393006, -0.48576, 0.964605
stamp: 11630000000
-0.0297279, -0.000478785, 0.963475
0.486178, -0.0433172, 0.949457
0.453824, -0.0210538, 0.951214
0.494125, -0.0170723, 0.949281
0.0359456, -0.485932, 0.964147
0.00544339, -0.510399, 0.964174
0.00648567, -0.45562, 0.964842
-0.00407898, -0.485857, 0.964501
stamp: 11640000000
-0.0296929, -0.00048346, 0.963503
0.486569, -0.0436829, 0.949451
0.454211, -0.0214869, 0.951175
0.494527, -0.017547, 0.949316
0.0357988, -0.486091, 0.964071
0.0051006, -0.510622, 0.964142
0.00608704, -0.455839, 0.964499
-0.00423483, -0.485937, 0.964426
stamp: 11649000000
-0.0296713, -0.000477468, 0.963519
0.48687, -0.0440973, 0.949519
0.454571, -0.0217426, 0.951241
0.494962, -0.0179237, 0.949382
0.0356975, -0.486229, 0.964018
0.00497048, -0.510732, 0.964063
0.00609995, -0.455898, 0.964454
-0.00454849, -0.486039, 0.964202
stamp: 11660000000
-0.0296431, -0.000483014, 0.963554
0.487278, -0.044423, 0.949587
0.455193, -0.0219573, 0.951369
0.495369, -0.0183126, 0.949426
0.0355646, -0.486551, 0.963899
0.00481436, -0.510853, 0.963944
0.00590066, -0.455981, 0.964469
-0.00485104, -0.486199, 0.964276
stamp: 11669000000
-0.0296134, -0.000497427, 0.963599
0.487802, -0.0448653, 0.949578
0.455736, -0.0224382, 0.95144
0.495893, -0.0187138, 0.949401
0.0352332, -0.486567, 0.963801
0.00468175, -0.511008, 0.963798
0.00567207, -0.456192, 0.96436
-0.00507301, -0.486359, 0.964269
stamp: 11680000000
-0.0295761, -0.000503946, 0.963628
0.488373, -0.0453235, 0.949652
0.456157, -0.0228822, 0.951464
0.496365, -0.0191174, 0.949465
0.0350284, -0.486735, 0.963678
0.00457555, -0.511153, 0.963727
0.00550895, -0.456295, 0.964259
-0.00513558, -0.486551, 0.964111
stamp: 11690000000
-0.029557, -0.000502513, 0.963645
0.488748, -0.0457356, 0.949684
0.456606, -0.0232654, 0.951805
0.496802, -0.0195326, 0.949504
0.0347302, -0.486884, 0.963527
0.00430102, -0.511225, 0.96369
0.00533329, -0.456375, 0.964232
-0.00532097, -0.486711, 0.964007
stamp: 11699000000
-0.02953, -0.000500765, 0.963683
0.489235, -0.0460741, 0.949791
0.457011, -0.02369, 0.952026
0.497218, -0.0199075, 0.949461
0.034534, -0.487003, 0.963464
0.00402873, -0.511393, 0.963546
0.0047997, -0.456487, 0.964086
-0.00550492, -0.486848, 0.963897
stamp: 11710000000
-0.0295111, -0.000503726, 0.963708
0.489696, -0.0465257, 0.949733
0.457452, -0.0241612, 0.95216
0.497703, -0.0204098, 0.949484
0.0343465, -0.487142, 0.96336
0.00383203, -0.511528, 0.96345
0.00458777, -0.456711, 0.96379
-0.00574163, -0.487032, 0.963742
stamp: 11719000000
-0.0295456, -0.000505828, 0.963739
0.490079, -0.0470732, 0.94976
0.458094, -0.0246504, 0.952269
0.49823, -0.0208674, 0.94953
0.0341652, -0.487263, 0.963255
0.003686, -0.511671, 0.963311
0.0044675, -0.456799, 0.963716
-0.0059822, -0.487119, 0.963619
stamp: 11729000000
-0.0295323, -0.0005158, 0.963759
0.490779, -0.047467, 0.949836
0.458577, -0.0249235, 0.952394
0.498819, -0.0212561, 0.949637
0.0339649, -0.487424, 0.963053
0.00347463, -0.511873, 0.963314
0.00416451, -0.456864, 0.963479
-0.0062384, -0.487177, 0.963478
stamp: 11740000000
-0.0295011, -0.000515653, 0.963782
0.491345, -0.0479242, 0.949864
0.459184, -0.0255412, 0.952573
0.499347, -0.0217777, 0.949665
0.0337927, -0.487622, 0.96295
0.00323772, -0.511925, 0.96324
0.00403297, -0.456967, 0.963402
-0.00639973, -0.487256, 0.963407
stamp: 11749000000
-0.0294876, -0.000518455, 0.963803
0.491704, -0.0484806, 0.949902
0.459662, -0.0259797, 0.952558
0.499816, -0.0222908, 0.949689
0.0335878, -0.487724, 0.962883
0.00300978, -0.51197, 0.963247
0.00400671, -0.457191, 0.963411
-0.00657643, -0.487346, 0.963348
stamp: 11759000000
-0.0294948, -0.00052767, 0.963853
0.492326, -0.0488613, 0.950073
0.460167, -0.0263227, 0.952563
0.500373, -0.0226677, 0.949674
0.0332398, -0.487733, 0.962683
0.00277444, -0.512058, 0.96315
0.00377617, -0.457358, 0.963379
-0.00674623, -0.487437, 0.96329
stamp: 11770000000
-0.0294406, -0.000531497, 0.963859
0.492911, -0.0493903, 0.950121
0.460763, -0.0268282, 0.952565
0.500914, -0.0231636, 0.949761
0.0330082, -0.487888, 0.962616
0.00260718, -0.512157, 0.963116
0.00359426, -0.457505, 0.963247
-0.00690846, -0.487527, 0.963253
stamp: 11779000000
-0.029421, -0.000541137, 0.963872
0.49338, -0.0498949, 0.950145
0.461324, -0.0273919, 0.952363
0.501464, -0.0236712, 0.949834
0.0328302, -0.488024, 0.962584
0.00239765, -0.512315, 0.963016
0.00346462, -0.457608, 0.963206
-0.00713795, -0.487647, 0.963367
stamp: 11789000000
-0.0294544, -0.000557904, 0.963911
0.493959, -0.0503578, 0.950171
0.461763, -0.0277866, 0.952241
0.502013, -0.0241379, 0.949884
0.0326362, -0.488168, 0.962531
0.00213185, -0.512477, 0.962997
0.00321163, -0.457773, 0.963206
-0.0073916, -0.487815, 0.9633
stamp: 11800000000
-0.0294473, -0.000564604, 0.963937
0.49451, -0.0507878, 0.950105
0.462306, -0.0284191, 0.952159
0.502656, -0.0246735, 0.949925
0.0325035, -0.488412, 0.962473
0.00203179, -0.51269, 0.962984
0.00306736, -0.457883, 0.963197
-0.00763427, -0.487952, 0.963201
stamp: 11809000000
-0.0294247, -0.000566264, 0.963922
0.495052, -0.0514324, 0.949979
0.462978, -0.0290126, 0.952131
0.503181, -0.0252475, 0.949894
0.0323258, -0.488531, 0.962433
0.00181038, -0.512837, 0.962886
0.00288962, -0.458145, 0.963259
-0.00781769, -0.488129, 0.963059
stamp: 11819000000
-0.0294229, -0.00057146, 0.963937
0.495657, -0.0519036, 0.950095
0.463446, -0.0294278, 0.952066
0.503733, -0.0258053, 0.949981
0.0320333, -0.488599, 0.962313
0.00156071, -0.513052, 0.962841
0.00279145, -0.458383, 0.963335
-0.00802867, -0.48826, 0.96294
stamp: 11830000000
-0.0294232, -0.000584054, 0.963948
0.496258, -0.0524617, 0.950017
0.464198, -0.0299085, 0.951993
0.504377, -0.0263657, 0.950079
0.0318831, -0.48868, 0.962228
0.00129339, -0.513331, 0.962714
0.00223384, -0.458416, 0.962957
-0.00812681, -0.488526, 0.963062
stamp: 11840000000
-0.0294307, -0.000604648, 0.963945
0.496986, -0.0530396, 0.950067
0.464798, -0.0305076, 0.951953
0.505075, -0.0269008, 0.950048
0.0317694, -0.489002, 0.962099
0.00106632, -0.513452, 0.962737
0.00210055, -0.458503, 0.96296
-0.00837146, -0.4886, 0.962937
stamp: 11849000000
-0.0294378, -0.00060844, 0.963939
0.497622, -0.0536157, 0.950179
0.465341, -0.0309174, 0.951922
0.505714, -0.0274962, 0.950096
0.0316133, -0.489174, 0.961954
0.000856654, -0.513531, 0.962683
0.00198354, -0.45859, 0.962888
-0.00855887, -0.488798, 0.962951
stamp: 11860000000
-0.0294478, -0.000615621, 0.963937
0.498104, -0.0542834, 0.950203
0.466038, -0.0316944, 0.95206
0.506286, -0.0280363, 0.950128
0.0313348, -0.489367, 0.961661
0.000772703, -0.513668, 0.962623
0.00181542, -0.458774, 0.96276
-0.00875713, -0.488889, 0.962778
stamp: 11869000000
-0.0294581, -0.000627377, 0.963927
0.498752, -0.0546741, 0.950316
0.466827, -0.0321527, 0.952076
0.507005, -0.0285322, 0.950084
0.0311844, -0.489505, 0.961501
0.000630249, -0.513888, 0.962514
0.00171259, -0.458892, 0.96266
-0.00885503, -0.489052, 0.962663
stamp: 11880000000
-0.0294595, -0.00064372, 0.963919
0.499672, -0.0551988, 0.950256
0.467512, -0.0326737, 0.952129
0.507687, -0.0291442, 0.950165
0.0310643, -0.489672, 0.961349
0.000467256, -0.514001, 0.962415
0.00150456, -0.459135, 0.962378
-0.00899918, -0.489162, 0.96253
stamp: 11889000000
-0.0294636, -0.000663296, 0.963911
0.500217, -0.0558807, 0.950456
0.468059, -0.0334634, 0.952124
0.508303, -0.0297118, 0.950252
0.0308747, -0.48984, 0.961232
0.000317677, -0.514116, 0.962247
0.00141506, -0.459243, 0.96229
-0.00918384, -0.48931, 0.962378
stamp: 11899000000
-0.0294744, -0.000687507, 0.963896
0.500854, -0.0564829, 0.950431
0.468711, -0.0341219, 0.952038
0.508971, -0.0303833, 0.950331
0.0307588, -0.489951, 0.961125
0.000107783, -0.514271, 0.962067
0.00131157, -0.459347, 0.962209
-0.00931749, -0.489446, 0.962216
stamp: 11910000000
-0.0295137, -0.000846657, 0.963921
0.501542, -0.0572019, 0.950547
0.469401, -0.034778, 0.952053
0.50963, -0.0309802, 0.950342
0.0306298, -0.490054, 0.961007
-7.46989e-05, -0.514401, 0.96186
0.00125181, -0.459643, 0.962109
-0.00947869, -0.489642, 0.961949
stamp: 11919000000
-0.0295067, -0.000894534, 0.96393
0.502374, -0.0577638, 0.950531
0.47003, -0.0352376, 0.952023
0.510267, -0.0315382, 0.950452
0.030543, -0.490186, 0.960936
-0.000178761, -0.514625, 0.961619
0.0011624, -0.459777, 0.962039
-0.00966724, -0.489747, 0.961719
stamp: 11930000000
-0.0294735, -0.000834022, 0.963894
0.502925, -0.0584201, 0.950558
0.470724, -0.0359819, 0.952224
0.511015, -0.0322484, 0.95055
0.0304539, -0.490383, 0.960816
-0.000386201, -0.514775, 0.961293
0.000967685, -0.459833, 0.961914
-0.0097653, -0.489904, 0.961571
stamp: 11940000000
-0.0294331, -0.00101605, 0.963871
0.503637, -0.0590507, 0.950543
0.471387, -0.0367364, 0.95236
0.511633, -0.0328668, 0.950644
0.0303432, -0.490619, 0.960654
-0.000343477, -0.514956, 0.960943
0.000868637, -0.460151, 0.961797
-0.00991922, -0.490101, 0.961358
stamp: 11949000000
-0.0294127, -0.00112173, 0.963834
0.504333, -0.0596715, 0.950546
0.471963, -0.0375112, 0.952586
0.512276, -0.033513, 0.950767
0.0302823, -0.4908, 0.960505
-0.000316768, -0.515234, 0.960725
0.000691088, -0.460435, 0.961666
-0.0099595, -0.490354, 0.961246
stamp: 11960000000
-0.0293854, -0.0012794, 0.963763
0.504978, -0.0603483, 0.950716
0.472741, -0.038082, 0.952682
0.512967, -0.0341858, 0.95091
0.0301835, -0.491158, 0.960089
-0.000321773, -0.515535, 0.960535
0.000662388, -0.460612, 0.961644
-0.0100102, -0.490704, 0.961143
stamp: 11970000000
-0.0293783, -0.00138646, 0.963768
0.505831, -0.0611137, 0.950874
0.473456, -0.0387172, 0.952739
0.513671, -0.0348897, 0.951042
0.0300761, -0.491406, 0.959864
-0.000322317, -0.515747, 0.960344
0.000505967, -0.460829, 0.961679
-0.00999911, -0.491001, 0.961044
stamp: 11979000000
-0.0293183, -0.0015061, 0.963804
0.506419, -0.0618307, 0.951029
0.47407, -0.0392881, 0.952858
0.514307, -0.0354879, 0.951219
0.0300723, -0.491657, 0.95976
-0.000400334, -0.515955, 0.960125
0.000480489, -0.461026, 0.961671
-0.0100319, -0.491305, 0.960876
stamp: 11990000000
-0.0292056, -0.00182585, 0.963816
0.507087, -0.0624173, 0.951212
0.474721, -0.0402052, 0.95314
0.514941, -0.0362266, 0.951296
0.0300835, -0.491893, 0.959578
-0.000391159, -0.516243, 0.959839
0.000496261, -0.461257, 0.961689
-0.00999924, -0.491563, 0.960831
stamp: 12000000000
-0.0291669, -0.00204473, 0.963852
0.507736, -0.0630724, 0.951453
0.475278, -0.0408623, 0.953266
0.515621, -0.0367964, 0.951518
0.0301943, -0.492176, 0.959436
-0.000374779, -0.516457, 0.959526
0.000650069, -0.461834, 0.961732
-0.00994069, -0.491924, 0.960894
stamp: 12009000000
-0.0290925, -0.00227398, 0.963838
0.508622, -0.0638362, 0.951634
0.476088, -0.0416201, 0.95368
0.516355, -0.0375439, 0.951762
0.0302395, -0.492526, 0.959276
-0.000297847, -0.516896, 0.959323
0.000610975, -0.462254, 0.961755
-0.009862, -0.492269, 0.96084
stamp: 12019000000
-0.0289091, -0.00265882, 0.963863
0.509255, -0.0644124, 0.951875
0.476888, -0.0422037, 0.953784
0.517012, -0.0381919, 0.951948
0.0303828, -0.493084, 0.959137
-5.54433e-05, -0.517386, 0.959212
0.00072334, -0.462529, 0.96168
-0.00972279, -0.492773, 0.960791
stamp: 12030000000
-0.0288188, -0.00292517, 0.963887
0.509956, -0.0651719, 0.952206
0.477488, -0.043088, 0.954025
0.517677, -0.0388803, 0.952127
0.0304882, -0.493391, 0.959017
3.5589e-05, -0.517876, 0.959225
0.000879092, -0.462973, 0.961836
-0.00969462, -0.493183, 0.960692
stamp: 12040000000
-0.0287196, -0.00320794, 0.96392
0.510613, -0.06589, 0.952388
0.478142, -0.0438163, 0.954334
0.518378, -0.0395637, 0.952506
0.030595, -0.493811, 0.958747
0.000103473, -0.518463, 0.958977
0.000984286, -0.463545, 0.962003
-0.00957781, -0.493676, 0.960571
stamp: 12049000000
-0.0285593, -0.0037406, 0.963994
0.511428, -0.066691, 0.952715
0.478969, -0.0446486, 0.95468
0.519121, -0.0402739, 0.952699
0.0308361, -0.494345, 0.958661
0.000343461, -0.518914, 0.958652
0.00122567, -0.464144, 0.961987
-0.00935392, -0.494377, 0.960618
stamp: 12060000000
-0.0284311, -0.00420345, 0.963876
0.512201, -0.0673173, 0.95286
0.479645, -0.0454235, 0.954956
0.519839, -0.0409918, 0.952929
0.0310307, -0.495023, 0.958481
0.000717393, -0.519349, 0.958704
0.00139405, -0.464573, 0.962061
-0.00899626, -0.494791, 0.96046
stamp: 12070000000
-0.028239, -0.00465186, 0.963907
0.512942, -0.068062, 0.953155
0.480295, -0.0461586, 0.955382
0.520581, -0.041724, 0.953358
0.0312579, -0.495451, 0.95837
0.00106331, -0.520242, 0.958737
0.00164706, -0.465196, 0.962254
-0.00880427, -0.49539, 0.96064
stamp: 12079000000
-0.0279567, -0.00520735, 0.963857
0.513759, -0.0688521, 0.953437
0.481096, -0.0469194, 0.955867
0.521366, -0.0425017, 0.953566
0.0316412, -0.49619, 0.958239
0.00138599, -0.520832, 0.958595
0.0020786, -0.466029, 0.962246
-0.00840736, -0.496193, 0.960646
stamp: 12090000000
-0.0276559, -0.00586725, 0.963889
0.51462, -0.0695757, 0.95351
0.482081, -0.047703, 0.956196
0.522143, -0.0432695, 0.953896
0.0320733, -0.496899, 0.958264
0.00154905, -0.521354, 0.958321
0.00224393, -0.466716, 0.96218
-0.00804909, -0.496916, 0.96055
stamp: 12100000000
-0.027125, -0.0065985, 0.963998
0.515439, -0.0703852, 0.953829
0.482924, -0.0485921, 0.95667
0.522958, -0.044018, 0.954204
0.0324177, -0.497589, 0.958133
0.00202238, -0.522405, 0.958581
0.00275738, -0.467584, 0.96244
-0.00756924, -0.497716, 0.960654
stamp: 12109000000
-0.026836, -0.00737699, 0.964052
0.516334, -0.071274, 0.953929
0.483648, -0.0493388, 0.957042
0.523786, -0.044919, 0.95451
0.0329395, -0.498625, 0.957948
0.00265036, -0.523118, 0.958339
0.00342648, -0.468431, 0.96264
-0.0070543, -0.49857, 0.960829
stamp: 12119000000
-0.0261499, -0.00825249, 0.964
0.517183, -0.072045, 0.954152
0.484658, -0.0503529, 0.95774
0.524706, -0.045741, 0.954769
0.0334364, -0.499553, 0.957851
0.00331654, -0.524308, 0.958236
0.00390152, -0.469424, 0.962756
-0.00661255, -0.499577, 0.960783
stamp: 12130000000
-0.0257327, -0.0091988, 0.96404
0.517965, -0.0729442, 0.954432
0.485558, -0.0512815, 0.958296
0.525576, -0.046557, 0.955056
0.0339707, -0.500542, 0.957833
0.00377823, -0.525198, 0.958087
0.00429742, -0.470429, 0.962873
-0.0059292, -0.500554, 0.96077
stamp: 12140000000
-0.0252208, -0.0101624, 0.96397
0.519041, -0.073794, 0.954606
0.486479, -0.0519926, 0.958418
0.526485, -0.0474154, 0.955375
0.0346541, -0.50169, 0.957715
0.00438101, -0.526346, 0.958181
0.00504615, -0.471575, 0.963146
-0.00517865, -0.501749, 0.96096
stamp: 12149000000
-0.0247058, -0.0112779, 0.96406
0.519965, -0.0746884, 0.954861
0.487588, -0.0528846, 0.95902
0.527507, -0.0483267, 0.955677
0.035471, -0.502629, 0.957711
0.00525949, -0.52751, 0.957829
0.0058008, -0.472875, 0.963303
-0.00457194, -0.502986, 0.960916
stamp: 12159000000
-0.0240442, -0.0126517, 0.96401
0.520953, -0.075589, 0.955125
0.488488, -0.0540147, 0.959375
0.528424, -0.0492758, 0.956057
0.0362966, -0.504027, 0.957647
0.00606002, -0.528791, 0.957864
0.0064391, -0.474032, 0.963322
-0.00373093, -0.50419, 0.9612
stamp: 12170000000
-0.023441, -0.0137582, 0.963974
0.522014, -0.0765288, 0.9553
0.489479, -0.0547995, 0.959762
0.529501, -0.0502623, 0.956359
0.0370208, -0.505423, 0.95752
0.00689933, -0.530162, 0.957996
0.00756492, -0.47549, 0.96373
-0.00287279, -0.505612, 0.961164
stamp: 12179000000
-0.022574, -0.0151893, 0.964087
0.523023, -0.0775932, 0.955568
0.490582, -0.0558276, 0.960079
0.530565, -0.0512494, 0.956672
0.0381242, -0.506999, 0.95754
0.00794266, -0.531705, 0.957868
0.00839282, -0.476925, 0.963629
-0.00192957, -0.507073, 0.961198
stamp: 12190000000
-0.0216025, -0.0168734, 0.963916
0.524051, -0.0785512, 0.955791
0.491774, -0.0570677, 0.960544
0.531631, -0.0523278, 0.956983
0.039002, -0.508565, 0.957414
0.00889984, -0.533047, 0.957799
0.00956193, -0.478489, 0.964059
-0.000932632, -0.508627, 0.961458
stamp: 12200000000
-0.0207396, -0.0186306, 0.963993
0.525279, -0.0796762, 0.955987
0.492808, -0.0582195, 0.961019
0.532861, -0.0534081, 0.957318
0.0402252, -0.510295, 0.957492
0.0100864, -0.534734, 0.95775
0.0105704, -0.48018, 0.964021
0.000155792, -0.510399, 0.961484
stamp: 12209000000
-0.0198677, -0.0203869, 0.964003
0.526539, -0.080923, 0.956082
0.494164, -0.0594178, 0.961396
0.53407, -0.0545912, 0.957572
0.0413232, -0.512069, 0.957378
0.0112048, -0.536609, 0.957613
0.0119679, -0.481968, 0.964214
0.00137835, -0.512104, 0.961567
stamp: 12219000000
-0.0186708, -0.0222779, 0.963933
0.527989, -0.0821312, 0.956235
0.495342, -0.0606127, 0.96158
0.535341, -0.0556875, 0.957764
0.0425809, -0.513837, 0.957225
0.0123986, -0.538394, 0.957675
0.0131963, -0.4839, 0.964364
0.00265643, -0.513963, 0.961566
stamp: 12229000000
-0.0174852, -0.0244599, 0.963993
0.529216, -0.083421, 0.956304
0.496732, -0.0620522, 0.96218
0.536732, -0.0570115, 0.957901
0.0439181, -0.515875, 0.957148
0.0137692, -0.540428, 0.957635
0.0144428, -0.485896, 0.964594
0.00409642, -0.515953, 0.961567
stamp: 12240000000
-0.0161994, -0.0266531, 0.963917
0.530657, -0.084724, 0.956345
0.498206, -0.0633092, 0.962437
0.538121, -0.0583461, 0.958136
0.0454771, -0.517962, 0.95728
0.0151927, -0.542449, 0.957522
0.0160616, -0.488219, 0.964794
0.00548274, -0.518176, 0.961742
stamp: 12249000000
-0.0150176, -0.0288385, 0.963874
0.53216, -0.086128, 0.956452
0.499723, -0.0646606, 0.962811
0.539708, -0.0598735, 0.958402
0.0468631, -0.520178, 0.957189
0.0166637, -0.544798, 0.957587
0.0176026, -0.490334, 0.964642
0.00714056, -0.520348, 0.961691
stamp: 12260000000
-0.0134884, -0.0313756, 0.963838
0.533845, -0.087529, 0.956754
0.501368, -0.0662342, 0.963296
0.541206, -0.0612734, 0.95839
0.0485505, -0.522651, 0.957165
0.0185375, -0.547313, 0.957476
0.0192702, -0.492793, 0.965128
0.00868679, -0.522879, 0.961825
stamp: 12269000000
-0.0121025, -0.033846, 0.96392
0.535205, -0.0892809, 0.956396
0.502901, -0.0676445, 0.963353
0.542832, -0.0629714, 0.958577
0.0502737, -0.525096, 0.956997
0.0201642, -0.549699, 0.957328
0.0211738, -0.495341, 0.965124
0.0104678, -0.52533, 0.961854
stamp: 12279000000
-0.010547, -0.0366833, 0.963894
0.536943, -0.0908285, 0.956605
0.504777, -0.0693357, 0.963581
0.544564, -0.0646247, 0.958683
0.052132, -0.5275, 0.956922
0.0218215, -0.552189, 0.957349
0.0230103, -0.497941, 0.965413
0.0124109, -0.52797, 0.96181
stamp: 12290000000
-0.00891718, -0.0395335, 0.963822
0.53859, -0.0923912, 0.956042
0.506471, -0.0711295, 0.963815
0.546398, -0.0663642, 0.958587
0.0540863, -0.530412, 0.956952
0.0238749, -0.555141, 0.957332
0.0248905, -0.500775, 0.965499
0.0142608, -0.530716, 0.96189
stamp: 12299000000
-0.00713674, -0.0425887, 0.963793
0.540423, -0.0943133, 0.956278
0.508498, -0.0728417, 0.963886
0.548271, -0.0681909, 0.958531
0.056131, -0.533417, 0.957049
0.0258214, -0.557852, 0.957136
0.0267142, -0.503609, 0.965492
0.0162796, -0.53363, 0.962052
stamp: 12309000000
-0.00519556, -0.045631, 0.963755
0.54236, -0.096226, 0.955999
0.5105, -0.0748178, 0.96431
0.550277, -0.0701984, 0.958563
0.0581786, -0.536307, 0.956925
0.0279046, -0.560977, 0.957126
0.0290814, -0.506684, 0.965666
0.0184457, -0.536626, 0.962052
stamp: 12319000000
-0.00338219, -0.0489234, 0.963641
0.544405, -0.0981713, 0.955848
0.512513, -0.0767978, 0.964109
0.552133, -0.0721503, 0.958228
0.0603809, -0.539508, 0.956805
0.0301462, -0.564292, 0.957073
0.0311644, -0.510042, 0.965827
0.0206624, -0.539874, 0.962111
stamp: 12329000000
-0.00121472, -0.0524189, 0.963707
0.546447, -0.100403, 0.955654
0.514704, -0.0788702, 0.964238
0.554295, -0.0742974, 0.958153
0.0626252, -0.542938, 0.956764
0.0325436, -0.567691, 0.956983
0.0334514, -0.513487, 0.965921
0.0229595, -0.543252, 0.961991
stamp: 12340000000
0.000910161, -0.0561323, 0.96378
0.548578, -0.102487, 0.955316
0.516901, -0.0810219, 0.964184
0.556511, -0.0765623, 0.957956
0.0652138, -0.546421, 0.956812
0.034941, -0.571066, 0.956822
0.0359434, -0.516927, 0.965993
0.0254532, -0.54681, 0.962038
stamp: 12349000000
0.00324554, -0.0598717, 0.963708
0.550734, -0.104959, 0.95513
0.519184, -0.0833368, 0.963905
0.558807, -0.0788677, 0.957766
0.0677471, -0.550145, 0.956775
0.0375469, -0.574695, 0.956779
0.0386852, -0.520532, 0.966066
0.0280693, -0.550498, 0.962231
stamp: 12359000000
0.00559383, -0.0637922, 0.963743
0.552976, -0.107354, 0.954992
0.521546, -0.085685, 0.963658
0.561282, -0.0813702, 0.95761
0.070441, -0.553805, 0.956703
0.0402425, -0.578466, 0.9568
0.0413596, -0.524452, 0.966204
0.0306653, -0.554406, 0.962329
stamp: 12369000000
0.0081851, -0.0679554, 0.963786
0.555546, -0.109925, 0.954414
0.524157, -0.0884549, 0.963519
0.563792, -0.0839778, 0.95721
0.0732543, -0.557782, 0.956641
0.0430507, -0.582604, 0.956861
0.0439773, -0.528306, 0.966137
0.0335421, -0.558309, 0.962286
stamp: 12379000000
0.0106861, -0.0722051, 0.963744
0.558475, -0.112452, 0.953815
0.526817, -0.0909395, 0.963157
0.566405, -0.0865976, 0.956992
0.0761577, -0.561933, 0.956614
0.0458829, -0.586681, 0.956786
0.0470102, -0.532591, 0.96629
0.0364149, -0.56247, 0.96235
stamp: 12390000000
0.0134815, -0.0766824, 0.963797
0.561158, -0.11535, 0.953567
0.529582, -0.093916, 0.963095
0.569265, -0.0894463, 0.956667
0.0789728, -0.566239, 0.956537
0.0489688, -0.590819, 0.956973
0.0499978, -0.536826, 0.966549
0.0394676, -0.566812, 0.962398
stamp: 12399000000
0.016484, -0.0812355, 0.963845
0.563998, -0.118261, 0.953153
0.532494, -0.0969311, 0.962943
0.572172, -0.0923783, 0.956329
0.0823356, -0.57072, 0.956677
0.0523079, -0.595309, 0.956996
0.0533083, -0.541251, 0.966768
0.0427643, -0.571104, 0.962481
stamp: 12409000000
0.019321, -0.0860197, 0.963943
0.566794, -0.121306, 0.953015
0.535621, -0.099798, 0.962648
0.575246, -0.0954187, 0.956116
0.0855937, -0.575379, 0.956811
0.0556807, -0.599941, 0.957038
0.056597, -0.545803, 0.966701
0.046065, -0.575874, 0.962801
stamp: 12419000000
0.0224977, -0.0907744, 0.964004
0.570311, -0.124518, 0.952472
0.538829, -0.103119, 0.96258
0.578351, -0.0985952, 0.955746
0.0890336, -0.580065, 0.95685
0.0590437, -0.604923, 0.957187
0.0601075, -0.550652, 0.967105
0.0495151, -0.580543, 0.962907
stamp: 12429000000
0.0258321, -0.0959488, 0.96409
0.573631, -0.127941, 0.952224
0.542189, -0.106624, 0.962592
0.581703, -0.101934, 0.955369
0.0925851, -0.585111, 0.957061
0.0624715, -0.60961, 0.957369
0.0635233, -0.555673, 0.967432
0.0529629, -0.585579, 0.963081
stamp: 12440000000
0.0292819, -0.101138, 0.964231
0.577047, -0.131307, 0.951958
0.545715, -0.109917, 0.962359
0.585214, -0.105422, 0.955116
0.096348, -0.590092, 0.957335
0.0662011, -0.614825, 0.957344
0.0672555, -0.560807, 0.967803
0.0567444, -0.590798, 0.96344
stamp: 12449000000
0.0325973, -0.106526, 0.964348
0.580676, -0.134874, 0.951768
0.549476, -0.11366, 0.96208
0.58883, -0.109051, 0.954836
0.100199, -0.595431, 0.957526
0.0700607, -0.620084, 0.957776
0.0711277, -0.566217, 0.968034
0.0606526, -0.596052, 0.963638
stamp: 12459000000
0.0361479, -0.112115, 0.964528
0.584558, -0.138631, 0.95125
0.553197, -0.117829, 0.962144
0.592592, -0.112858, 0.954574
0.104111, -0.600828, 0.957898
0.0741875, -0.625571, 0.957946
0.0751612, -0.571607, 0.968366
0.0646779, -0.601457, 0.964034
stamp: 12469000000
0.0399803, -0.117714, 0.964591
0.588347, -0.142625, 0.95107
0.55715, -0.121652, 0.962034
0.59652, -0.116749, 0.954348
0.108232, -0.606292, 0.958029
0.0781512, -0.631128, 0.958323
0.0790946, -0.577305, 0.968836
0.0687433, -0.607078, 0.964385
stamp: 12479000000
0.0438789, -0.123595, 0.96482
0.59254, -0.146714, 0.951024
0.561053, -0.125837, 0.96191
0.600589, -0.120787, 0.95429
0.112596, -0.612063, 0.958372
0.0826069, -0.636874, 0.958836
0.0833676, -0.582857, 0.969006
0.0729924, -0.612843, 0.964779
stamp: 12490000000
0.0479672, -0.129535, 0.965116
0.596689, -0.150941, 0.950731
0.565365, -0.130079, 0.961666
0.604784, -0.125079, 0.954111
0.11703, -0.617856, 0.958763
0.0870191, -0.642849, 0.959525
0.0879304, -0.588717, 0.969331
0.0773955, -0.61866, 0.965275
stamp: 12499000000
0.0522135, -0.135555, 0.965288
0.601106, -0.155377, 0.950594
0.569522, -0.134434, 0.961422
0.609101, -0.129492, 0.954043
0.121346, -0.623951, 0.959211
0.0916265, -0.648801, 0.959894
0.092269, -0.594885, 0.969765
0.0819956, -0.624914, 0.965699
stamp: 12510000000
0.0564744, -0.141818, 0.965634
0.605631, -0.159935, 0.950434
0.574123, -0.138966, 0.961599
0.613535, -0.13407, 0.954033
0.126079, -0.63027, 0.959545
0.0963635, -0.655279, 0.960589
0.0970442, -0.60105, 0.969956
0.086826, -0.631077, 0.96613
stamp: 12519000000
0.060845, -0.148149, 0.965761
0.610157, -0.164604, 0.950573
0.578808, -0.143545, 0.961366
0.618165, -0.138706, 0.954008
0.130788, -0.63644, 0.959912
0.101163, -0.661409, 0.960977
0.101707, -0.607394, 0.970533
0.0915241, -0.637501, 0.966781
stamp: 12529000000
0.0654746, -0.154595, 0.966088
0.614944, -0.169351, 0.950607
0.583515, -0.148224, 0.961242
0.623023, -0.143527, 0.9539
0.135955, -0.642871, 0.960459
0.106219, -0.668072, 0.961485
0.10663, -0.613893, 0.970864
0.0965432, -0.644098, 0.967127
stamp: 12540000000
0.0701891, -0.161305, 0.966247
0.619932, -0.174379, 0.951035
0.588455, -0.15306, 0.96106
0.627987, -0.148461, 0.953965
0.140871, -0.649275, 0.960831
0.111235, -0.67479, 0.962146
0.111418, -0.620504, 0.971029
0.101481, -0.650724, 0.967598
stamp: 12549000000
0.0748937, -0.168175, 0.966591
0.624931, -0.179509, 0.950927
0.593649, -0.15822, 0.961222
0.633141, -0.153567, 0.953841
0.146168, -0.656046, 0.961269
0.116622, -0.681508, 0.9628
0.116693, -0.627208, 0.971527
0.106698, -0.657437, 0.968183
stamp: 12559000000
0.080058, -0.175013, 0.966847
0.630312, -0.184821, 0.950787
0.598884, -0.163392, 0.961285
0.638378, -0.158803, 0.953918
0.151618, -0.662965, 0.961788
0.121942, -0.688385, 0.963615
0.121982, -0.634008, 0.971671
0.112014, -0.664383, 0.968648
stamp: 12570000000
0.0852258, -0.181944, 0.967115
0.635578, -0.190069, 0.951019
0.604379, -0.168662, 0.961548
0.643876, -0.164153, 0.953923
0.157132, -0.669921, 0.962174
0.127422, -0.695391, 0.963962
0.127196, -0.64106, 0.971886
0.117499, -0.671281, 0.969009
stamp: 12579000000
0.0904854, -0.189015, 0.96733
0.64116, -0.195556, 0.951099
0.610087, -0.173982, 0.961643
0.649436, -0.169725, 0.953887
0.162593, -0.676865, 0.962612
0.133022, -0.702638, 0.964603
0.132799, -0.648196, 0.972144
0.123169, -0.678449, 0.969463
stamp: 12590000000
0.0958704, -0.196203, 0.9675
0.646937, -0.201158, 0.951141
0.615754, -0.179666, 0.961903
0.655218, -0.175383, 0.954074
0.168427, -0.684133, 0.962934
0.138982, -0.709768, 0.96509
0.138522, -0.655344, 0.972425
0.12892, -0.685787, 0.969781
stamp: 12600000000
0.10148, -0.203531, 0.96784
0.652831, -0.207018, 0.951288
0.621649, -0.18553, 0.962064
0.661125, -0.181131, 0.954172
0.174261, -0.691667, 0.963295
0.144932, -0.717155, 0.965366
0.144351, -0.66259, 0.972682
0.134803, -0.693211, 0.970103
stamp: 12610000000
0.107144, -0.21074, 0.968129
0.658654, -0.212821, 0.951529
0.627632, -0.191449, 0.962287
0.667098, -0.187087, 0.954445
0.180317, -0.699054, 0.963543
0.150967, -0.724567, 0.965775
0.150433, -0.670235, 0.972932
0.140946, -0.700703, 0.970405
stamp: 12619000000
0.112877, -0.218147, 0.968332
0.664782, -0.219047, 0.951787
0.633812, -0.197211, 0.962227
0.673293, -0.193126, 0.954716
0.186444, -0.706539, 0.963741
0.157003, -0.732106, 0.966122
0.156794, -0.677684, 0.973173
0.147054, -0.708139, 0.970721
stamp: 12630000000
0.118844, -0.225716, 0.968507
0.670962, -0.225155, 0.951997
0.640002, -0.203509, 0.962543
0.679542, -0.19938, 0.954974
0.192666, -0.714053, 0.963917
0.163408, -0.739781, 0.966517
0.162918, -0.685295, 0.973187
0.153161, -0.715744, 0.970857
stamp: 12640000000
0.124838, -0.233288, 0.968881
0.677512, -0.231434, 0.952303
0.646398, -0.209667, 0.962806
0.686025, -0.205756, 0.955211
0.199108, -0.721697, 0.964244
0.169854, -0.747467, 0.966763
0.169343, -0.692778, 0.973075
0.15979, -0.723369, 0.971089
stamp: 12649000000
0.131165, -0.240918, 0.969239
0.68398, -0.237969, 0.952756
0.653046, -0.216205, 0.963092
0.692554, -0.212218, 0.955609
0.20565, -0.729402, 0.964246
0.176555, -0.755277, 0.967046
0.175692, -0.700557, 0.973139
0.166122, -0.731108, 0.971341
stamp: 12659000000
0.137397, -0.248588, 0.969333
0.690733, -0.244449, 0.952995
0.659665, -0.222602, 0.96348
0.699221, -0.21871, 0.955966
0.212449, -0.737303, 0.964576
0.18319, -0.762943, 0.967329
0.182446, -0.708201, 0.973007
0.172972, -0.738865, 0.971366
stamp: 12669000000
0.144011, -0.256343, 0.969678
0.697539, -0.251115, 0.953642
0.666541, -0.229053, 0.963715
0.706032, -0.225395, 0.956336
0.219073, -0.745101, 0.964649
0.190009, -0.770923, 0.967699
0.189331, -0.716071, 0.972886
0.179686, -0.746661, 0.971499
stamp: 12680000000
0.150526, -0.264103, 0.96994
0.704252, -0.257863, 0.9544
0.673491, -0.235697, 0.964186
0.713069, -0.232156, 0.95677
0.226303, -0.752766, 0.964717
0.197098, -0.778783, 0.967981
0.196137, -0.723999, 0.972699
0.186598, -0.754527, 0.971633
stamp: 12690000000
0.157309, -0.27183, 0.970201
0.711437, -0.264817, 0.954981
0.680563, -0.242421, 0.964463
0.720074, -0.239039, 0.957127
0.233109, -0.760836, 0.964589
0.203814, -0.786751, 0.967967
0.203061, -0.731797, 0.972529
0.193595, -0.76249, 0.971648
stamp: 12700000000
0.164222, -0.279675, 0.970616
0.718583, -0.271806, 0.955593
0.687594, -0.249499, 0.964946
0.727245, -0.245975, 0.957648
0.240362, -0.768879, 0.964806
0.211237, -0.794742, 0.968262
0.21048, -0.739694, 0.972533
0.200769, -0.770385, 0.971598
stamp: 12709000000
0.171257, -0.287435, 0.970776
0.725792, -0.278953, 0.956143
0.694868, -0.256438, 0.965436
0.734593, -0.253172, 0.958182
0.2476, -0.777004, 0.964897
0.218532, -0.80261, 0.968686
0.217552, -0.747805, 0.972349
0.208112, -0.778416, 0.971695
stamp: 12719000000
0.178275, -0.295134, 0.971078
0.733282, -0.286187, 0.956825
0.702388, -0.263619, 0.965967
0.741965, -0.26043, 0.958597
0.255068, -0.784991, 0.964996
0.225867, -0.810714, 0.96876
0.224915, -0.755914, 0.972014
0.215433, -0.786325, 0.971743
stamp: 12729000000
0.185605, -0.302944, 0.971432
0.74071, -0.293525, 0.957677
0.709838, -0.270781, 0.966307
0.749422, -0.267637, 0.959209
0.262591, -0.793097, 0.965143
0.233285, -0.818715, 0.969089
0.232533, -0.763793, 0.971882
0.222959, -0.794364, 0.971677
stamp: 12740000000
0.192922, -0.310655, 0.971574
0.748212, -0.300827, 0.958245
0.717339, -0.27827, 0.966791
0.757041, -0.275038, 0.959849
0.27011, -0.801226, 0.965306
0.241035, -0.826777, 0.969376
0.240234, -0.771706, 0.971786
0.230611, -0.802452, 0.97165
stamp: 12749000000
0.200443, -0.318383, 0.971883
0.756088, -0.308394, 0.959058
0.725122, -0.285712, 0.967232
0.76472, -0.28262, 0.960399
0.277945, -0.809298, 0.965485
0.248721, -0.834692, 0.969591
0.247995, -0.779922, 0.971394
0.238297, -0.810444, 0.97177
stamp: 12759000000
0.20793, -0.326157, 0.972279
0.763772, -0.31592, 0.959793
0.732845, -0.292916, 0.96747
0.772474, -0.290132, 0.961023
0.285787, -0.817266, 0.965488
0.2566, -0.842879, 0.96989
0.255956, -0.787622, 0.971145
0.246174, -0.818403, 0.971818
stamp: 12770000000
0.215708, -0.33371, 0.972674
0.771524, -0.323526, 0.960606
0.740561, -0.300748, 0.968318
0.780345, -0.297711, 0.961667
0.293688, -0.825084, 0.96574
0.264267, -0.850631, 0.970083
0.263807, -0.795648, 0.971022
0.254094, -0.826338, 0.971754
stamp: 12779000000
0.223294, -0.341154, 0.972908
0.7795, -0.331176, 0.96142
0.748593, -0.30828, 0.968877
0.78828, -0.305242, 0.962423
0.301778, -0.833021, 0.96593
0.272322, -0.858478, 0.97046
0.271908, -0.803616, 0.970589
0.262036, -0.83429, 0.971789
stamp: 12790000000
0.231119, -0.348755, 0.973198
0.787725, -0.338876, 0.962322
0.756442, -0.31583, 0.969066
0.79636, -0.312974, 0.963032
0.309906, -0.840989, 0.966107
0.280379, -0.866608, 0.97074
0.279975, -0.811521, 0.970588
0.270212, -0.842171, 0.971934
stamp: 12800000000
0.239013, -0.356333, 0.973586
0.79565, -0.34661, 0.963172
0.764522, -0.323686, 0.969848
0.80439, -0.320611, 0.963723
0.318062, -0.848906, 0.966277
0.288558, -0.874416, 0.971063
0.288091, -0.819413, 0.970376
0.27824, -0.849879, 0.971931
stamp: 12809000000
0.247109, -0.363776, 0.973774
0.803977, -0.354276, 0.964123
0.772948, -0.331251, 0.970421
0.812548, -0.328402, 0.964164
0.326291, -0.856709, 0.966671
0.297035, -0.882155, 0.971338
0.296226, -0.827115, 0.97006
0.286532, -0.857608, 0.972014
stamp: 12819000000
0.255007, -0.37115, 0.974148
0.812225, -0.362028, 0.964978
0.780973, -0.338815, 0.970722
0.820584, -0.336125, 0.964662
0.334834, -0.864487, 0.966809
0.305334, -0.890011, 0.971654
0.304693, -0.835056, 0.969854
0.294822, -0.865402, 0.97202
stamp: 12829000000
0.263132, -0.378367, 0.974525
0.820587, -0.369701, 0.966009
0.789236, -0.346559, 0.971048
0.829027, -0.3439, 0.965394
0.343167, -0.872201, 0.967084
0.313679, -0.897615, 0.972035
0.313231, -0.842613, 0.969633
0.303432, -0.873008, 0.972032
stamp: 12839000000
0.271345, -0.385449, 0.974851
0.82888, -0.377456, 0.966995
0.797459, -0.354392, 0.971769
0.837478, -0.35152, 0.965839
0.351638, -0.879735, 0.967259
0.322095, -0.90516, 0.972481
0.321748, -0.850031, 0.969427
0.311871, -0.880591, 0.972208
stamp: 12850000000
0.279668, -0.392362, 0.975242
0.837304, -0.385219, 0.967709
0.805859, -0.362, 0.972243
0.8459, -0.359325, 0.966634
0.360316, -0.887506, 0.967634
0.330772, -0.912639, 0.972747
0.330447, -0.857608, 0.96927
0.320429, -0.888115, 0.972246
stamp: 12859000000
0.28814, -0.399426, 0.975663
0.84552, -0.393007, 0.968255
0.814284, -0.369774, 0.97242
0.854219, -0.366832, 0.966794
0.369046, -0.894901, 0.967787
0.339366, -0.920002, 0.973015
0.339163, -0.865113, 0.969175
0.329149, -0.895451, 0.972406
stamp: 12869000000
0.296568, -0.405985, 0.976063
0.854131, -0.400719, 0.968976
0.82278, -0.377271, 0.972612
0.8628, -0.374487, 0.967316
0.377854, -0.902208, 0.967902
0.34807, -0.927263, 0.973379
0.347786, -0.872471, 0.968982
0.337905, -0.90259, 0.972486
stamp: 12880000000
0.305086, -0.412683, 0.97655
0.862594, -0.408275, 0.969483
0.83121, -0.38502, 0.97347
0.87126, -0.382239, 0.967866
0.386569, -0.90948, 0.968234
0.35673, -0.934523, 0.973761
0.356559, -0.879636, 0.968919
0.346614, -0.909894, 0.972627
stamp: 12889000000
0.313773, -0.419015, 0.976873
0.871171, -0.415725, 0.970177
0.83976, -0.392677, 0.973673
0.879802, -0.389799, 0.967952
0.39543, -0.916638, 0.96843
0.365552, -0.941486, 0.974006
0.365474, -0.886762, 0.968746
0.355372, -0.916993, 0.972792
stamp: 12899000000
0.322349, -0.425463, 0.977311
0.879526, -0.423288, 0.97058
0.848348, -0.39993, 0.973927
0.88847, -0.397185, 0.96847
0.404192, -0.923444, 0.968694
0.374471, -0.948395, 0.974513
0.374595, -0.893681, 0.96868
0.364319, -0.923875, 0.972863
stamp: 12910000000
0.330867, -0.431766, 0.977782
0.8884, -0.430743, 0.970998
0.856953, -0.40721, 0.973773
0.897114, -0.404564, 0.968758
0.413147, -0.930335, 0.969019
0.383323, -0.955085, 0.974812
0.383358, -0.900542, 0.968495
0.373195, -0.930546, 0.972916
stamp: 12920000000
0.339527, -0.437969, 0.978085
0.896863, -0.437894, 0.970936
0.865678, -0.414524, 0.973833
0.90555, -0.411837, 0.968853
0.421927, -0.937072, 0.969379
0.3922, -0.961817, 0.975089
0.392162, -0.907177, 0.968409
0.382025, -0.937299, 0.97305
stamp: 12929000000
0.348129, -0.443981, 0.978459
0.905705, -0.445061, 0.971381
0.874304, -0.421731, 0.973863
0.914353, -0.418927, 0.969138
0.43098, -0.943661, 0.969514
0.40101, -0.968238, 0.975363
0.401131, -0.9138, 0.96822
0.391014, -0.943733, 0.9731
stamp: 12940000000
0.356909, -0.449793, 0.978754
0.91434, -0.452158, 0.971711
0.882782, -0.42878, 0.973748
0.922916, -0.42605, 0.969121
0.440002, -0.950013, 0.969816
0.409976, -0.974614, 0.975683
0.4102, -0.920256, 0.96801
0.400042, -0.950061, 0.972959
stamp: 12949000000
0.365551, -0.455522, 0.979111
0.923147, -0.459202, 0.971901
0.891526, -0.435523, 0.973634
0.931696, -0.433132, 0.969013
0.448965, -0.956093, 0.970075
0.418991, -0.98069, 0.975999
0.419173, -0.926446, 0.967949
0.409107, -0.95629, 0.973047
stamp: 12959000000
0.374452, -0.461026, 0.979345
0.931865, -0.465978, 0.972271
0.900239, -0.442308, 0.973455
0.940449, -0.4399, 0.969165
0.458112, -0.96238, 0.970268
0.428124, -0.986652, 0.976116
0.428286, -0.932389, 0.967715
0.418034, -0.962216, 0.973208
stamp: 12969000000
0.383332, -0.466355, 0.97961
0.94045, -0.472878, 0.972526
0.909002, -0.449101, 0.973166
0.949197, -0.446718, 0.969029
0.467082, -0.968135, 0.970474
0.437115, -0.992534, 0.976433
0.437453, -0.93832, 0.967629
0.427045, -0.968186, 0.973009
stamp: 12980000000
0.392208, -0.471632, 0.97968
0.949226, -0.478995, 0.972776
0.917799, -0.455613, 0.972987
0.957939, -0.453291, 0.968992
0.476066, -0.973874, 0.970458
0.446117, -0.998052, 0.976666
0.446492, -0.944022, 0.967636
0.43617, -0.973782, 0.973225
stamp: 12990000000
0.401267, -0.476553, 0.979838
0.958116, -0.485685, 0.972439
0.926456, -0.461852, 0.972734
0.966703, -0.459806, 0.968745
0.48523, -0.979271, 0.970458
0.455112, -1.00351, 0.976777
0.455593, -0.949482, 0.967429
0.445219, -0.979264, 0.973264
stamp: 12999000000
0.410155, -0.48138, 0.979938
0.966981, -0.491822, 0.972474
0.935281, -0.468121, 0.972398
0.97549, -0.466086, 0.968525
0.494301, -0.984633, 0.970572
0.464415, -1.00886, 0.976905
0.464584, -0.954916, 0.967219
0.454299, -0.984672, 0.973021
stamp: 13009000000
0.419232, -0.48613, 0.979896
0.975625, -0.497772, 0.972705
0.944139, -0.474252, 0.972055
0.984214, -0.472047, 0.968464
0.503376, -0.989625, 0.97071
0.473231, -1.01393, 0.977081
0.47383, -0.959925, 0.967113
0.463335, -0.989559, 0.97314
stamp: 13020000000
0.428272, -0.49056, 0.979905
0.984425, -0.504055, 0.972853
0.952843, -0.480121, 0.971827
0.993056, -0.478012, 0.968348
0.512401, -0.994573, 0.970836
0.48231, -1.01878, 0.977003
0.482856, -0.964909, 0.96693
0.472359, -0.994612, 0.972983
stamp: 13029000000
0.437191, -0.49485, 0.980103
0.993077, -0.509527, 0.972657
0.961566, -0.485898, 0.971469
1.00197, -0.483949, 0.967776
0.521447, -0.999324, 0.970815
0.491335, -1.02341, 0.977191
0.4918, -0.96962, 0.966626
0.481496, -0.99925, 0.972838
stamp: 13040000000
0.446265, -0.498908, 0.979877
1.00185, -0.515144, 0.972431
0.970184, -0.491531, 0.971102
1.01062, -0.489472, 0.967724
0.530645, -1.00392, 0.971002
0.50049, -1.02783, 0.977278
0.500856, -0.974189, 0.966483
0.490512, -1.00371, 0.972723
stamp: 13050000000
0.455223, -0.502783, 0.979718
1.01059, -0.520584, 0.972503
0.979045, -0.496858, 0.970793
1.01931, -0.494722, 0.967497
0.53959, -1.00793, 0.970877
0.509582, -1.03201, 0.977256
0.509939, -0.978465, 0.9662
0.499547, -1.00796, 0.972596
stamp: 13059000000
0.464326, -0.506609, 0.979653
1.01943, -0.5255, 0.972047
0.987787, -0.501964, 0.970295
1.02822, -0.500125, 0.966935
0.548696, -1.01186, 0.970766
0.518417, -1.03601, 0.977202
0.519033, -0.982511, 0.965929
0.50858, -1.01198, 0.972504
stamp: 13070000000
0.473495, -0.510074, 0.979584
1.02818, -0.530403, 0.971997
0.99645, -0.506922, 0.969978
1.03683, -0.505009, 0.966781
0.557669, -1.01556, 0.970688
0.527456, -1.0398, 0.97722
0.52803, -0.986284, 0.965795
0.517656, -1.01576, 0.9723
stamp: 13080000000
0.482369, -0.513378, 0.979342
1.03688, -0.535206, 0.971981
1.00522, -0.511553, 0.969658
1.04546, -0.509565, 0.966486
0.566673, -1.01955, 0.97099
0.536574, -1.04351, 0.977361
0.536995, -0.989947, 0.965725
0.526623, -1.01932, 0.972241
stamp: 13090000000
0.491452, -0.51658, 0.978928
1.04554, -0.539513, 0.971734
1.01394, -0.516079, 0.969254
1.05418, -0.514113, 0.96613
0.575739, -1.02289, 0.971065
0.545685, -1.04694, 0.977308
0.54592, -0.993303, 0.965512
0.53548, -1.02274, 0.972109
stamp: 13099000000
0.500777, -0.519244, 0.978696
1.05428, -0.54388, 0.971453
1.02253, -0.520327, 0.968999
1.06287, -0.518328, 0.965913
0.584732, -1.02576, 0.970948
0.554295, -1.04988, 0.977436
0.554897, -0.99652, 0.965302
0.544465, -1.02577, 0.97198
stamp: 13110000000
0.509748, -0.522025, 0.978469
1.06289, -0.547845, 0.97136
1.03118, -0.524422, 0.968649
1.07154, -0.522412, 0.965496
0.593585, -1.02862, 0.971001
0.563172, -1.05276, 0.977324
0.563966, -0.999275, 0.965073
0.553341, -1.02878, 0.971793
stamp: 13119000000
0.518751, -0.524534, 0.978168
1.07145, -0.551592, 0.971323
1.03985, -0.528173, 0.968263
1.08004, -0.526168, 0.965164
0.602407, -1.03127, 0.971016
0.572122, -1.05547, 0.97725
0.573018, -1.00187, 0.964848
0.562304, -1.03143, 0.971763
stamp: 13129000000
0.528095, -0.526566, 0.977808
1.08006, -0.554786, 0.970986
1.04836, -0.531702, 0.967891
1.08863, -0.529659, 0.965066
0.611263, -1.03361, 0.971037
0.581026, -1.05793, 0.977452
0.581774, -1.00441, 0.964671
0.571128, -1.03379, 0.971836
stamp: 13140000000
0.537293, -0.528481, 0.977672
1.08863, -0.558179, 0.970714
1.05683, -0.534961, 0.967599
1.09727, -0.532893, 0.964758
0.620213, -1.03608, 0.971288
0.589948, -1.06005, 0.977608
0.59056, -1.00656, 0.96465
0.579993, -1.03599, 0.971768
stamp: 13149000000
0.54625, -0.530227, 0.977259
1.09711, -0.561225, 0.970701
1.06541, -0.537947, 0.967247
1.10566, -0.53592, 0.964535
0.628921, -1.03804, 0.971412
0.598564, -1.06193, 0.977657
0.599178, -1.00854, 0.964562
0.588707, -1.0378, 0.97185
stamp: 13159000000
0.555371, -0.531617, 0.977002
1.10561, -0.56399, 0.970783
1.07386, -0.540758, 0.966987
1.11417, -0.538689, 0.964303
0.637673, -1.03949, 0.971485
0.607347, -1.06354, 0.977883
0.607972, -1.01019, 0.96441
0.597395, -1.03947, 0.971815
stamp: 13170000000
0.564407, -0.532815, 0.976821
1.11399, -0.566396, 0.970503
1.08225, -0.543141, 0.966647
1.12258, -0.541036, 0.964244
0.646296, -1.04098, 0.971538
0.616, -1.06505, 0.977902
0.6168, -1.01153, 0.964314
0.606095, -1.04102, 0.971879
stamp: 13179000000
0.573529, -0.533928, 0.976498
1.12253, -0.56854, 0.970424
1.09071, -0.545462, 0.966456
1.1308, -0.543096, 0.964396
0.65501, -1.04198, 0.971719
0.624565, -1.06608, 0.978266
0.625477, -1.01282, 0.964444
0.614772, -1.04207, 0.971894
stamp: 13190000000
0.582576, -0.534654, 0.976465
1.13089, -0.570343, 0.970523
1.09901, -0.547511, 0.966361
1.13907, -0.545113, 0.964138
0.663676, -1.0429, 0.97196
0.633325, -1.06684, 0.978235
0.633953, -1.01377, 0.964751
0.623339, -1.04294, 0.971962
stamp: 13199000000
0.591478, -0.53515, 0.976501
1.13902, -0.572273, 0.970184
1.1074, -0.549155, 0.965924
1.14747, -0.54672, 0.96411
0.672156, -1.04347, 0.972127
0.641777, -1.06745, 0.97855
0.642529, -1.01428, 0.964778
0.631855, -1.04355, 0.972202
stamp: 13209000000
0.600524, -0.535406, 0.97633
1.14728, -0.573574, 0.97027
1.11564, -0.550521, 0.965923
1.15577, -0.548029, 0.964185
0.680643, -1.04386, 0.972403
0.65027, -1.06782, 0.978799
0.651147, -1.01454, 0.964816
0.640462, -1.04392, 0.972265
stamp: 13220000000
0.609623, -0.53536, 0.976292
1.15555, -0.574617, 0.970346
1.1239, -0.551746, 0.965941
1.16404, -0.549057, 0.964029
0.689141, -1.04404, 0.972568
0.658751, -1.06792, 0.979057
0.659489, -1.01475, 0.965009
0.648855, -1.04406, 0.972533
stamp: 13229000000
0.618457, -0.535119, 0.976454
1.16373, -0.575554, 0.970234
1.13191, -0.55257, 0.965832
1.1723, -0.550095, 0.963693
0.697434, -1.04388, 0.972942
0.667054, -1.06768, 0.979247
0.66797, -1.01462, 0.965206
0.657157, -1.04385, 0.972861
stamp: 13240000000
0.627617, -0.534663, 0.976517
1.17178, -0.575922, 0.970583
1.14008, -0.553123, 0.965736
1.18029, -0.550557, 0.964024
0.705906, -1.04331, 0.973115
0.675468, -1.06729, 0.979595
0.676248, -1.01423, 0.965398
0.665611, -1.04344, 0.972952
stamp: 13250000000
0.636528, -0.53373, 0.976324
1.17986, -0.576174, 0.970834
1.14798, -0.553481, 0.965769
1.18854, -0.551058, 0.963721
0.714109, -1.04271, 0.9735
0.683706, -1.06652, 0.979915
0.684468, -1.01357, 0.965721
0.67381, -1.04274, 0.973309
stamp: 13259000000
0.645356, -0.53284, 0.976355
1.18804, -0.576052, 0.970689
1.156, -0.553431, 0.965817
1.19644, -0.550894, 0.964119
0.722344, -1.04174, 0.973764
0.691942, -1.06553, 0.980165
0.692837, -1.01252, 0.96587
0.682053, -1.04174, 0.973542
stamp: 13270000000
0.654323, -0.53146, 0.976453
1.19595, -0.575751, 0.971077
1.16393, -0.553174, 0.965883
1.20441, -0.550366, 0.964265
0.730505, -1.04048, 0.974105
0.69998, -1.06433, 0.980619
0.700956, -1.01137, 0.966141
0.690162, -1.04054, 0.973882
stamp: 13280000000
0.663041, -0.529877, 0.976553
1.20376, -0.575235, 0.971091
1.17185, -0.55261, 0.965999
1.2124, -0.549988, 0.964166
0.738518, -1.03894, 0.974603
0.708189, -1.0629, 0.980883
0.708955, -1.00996, 0.966534
0.698302, -1.0391, 0.974159
stamp: 13290000000
0.672026, -0.528245, 0.976635
1.21173, -0.574381, 0.97121
1.1797, -0.551829, 0.966033
1.22032, -0.549272, 0.964244
0.746559, -1.0372, 0.974991
0.716237, -1.06112, 0.981255
0.717087, -1.00835, 0.966961
0.706437, -1.03731, 0.974607
stamp: 13300000000
0.680714, -0.526244, 0.976811
1.21955, -0.573031, 0.971585
1.18749, -0.550706, 0.966068
1.22805, -0.548055, 0.964516
0.754545, -1.03519, 0.975554
0.724192, -1.0591, 0.981719
0.724974, -1.00608, 0.967224
0.714368, -1.03532, 0.974891
stamp: 13310000000
0.68946, -0.52391, 0.976993
1.22711, -0.571686, 0.971834
1.19533, -0.549191, 0.966201
1.2358, -0.546582, 0.964888
0.762542, -1.03297, 0.975953
0.732021, -1.05698, 0.982066
0.732801, -1.00392, 0.967675
0.72221, -1.03316, 0.975198
stamp: 13320000000
0.698236, -0.52148, 0.977079
1.23478, -0.569826, 0.972105
1.20292, -0.547583, 0.966423
1.24316, -0.544644, 0.965251
0.770275, -1.03045, 0.976375
0.739876, -1.05451, 0.982347
0.740883, -1.00154, 0.967997
0.73013, -1.03065, 0.975531
stamp: 13330000000
0.706779, -0.518782, 0.977091
1.24249, -0.567927, 0.9722
1.21049, -0.545666, 0.966495
1.25083, -0.542542, 0.965686
0.778201, -1.02765, 0.976716
0.747791, -1.05159, 0.982725
0.748605, -0.998733, 0.96834
0.738028, -1.02783, 0.97612
stamp: 13340000000
0.715359, -0.515688, 0.977362
1.24994, -0.565391, 0.972697
1.21801, -0.543367, 0.966794
1.25849, -0.540468, 0.965609
0.785914, -1.02461, 0.97719
0.755522, -1.04853, 0.983316
0.756248, -0.995676, 0.968699
0.745686, -1.02474, 0.976493
stamp: 13349000000
0.723992, -0.512477, 0.977579
1.25737, -0.562871, 0.972805
1.22549, -0.540788, 0.966979
1.2658, -0.537696, 0.966248
0.793469, -1.02126, 0.977543
0.763225, -1.04524, 0.983628
0.764042, -0.992347, 0.969027
0.753325, -1.02142, 0.976844
stamp: 13359000000
0.732467, -0.509003, 0.977418
1.26474, -0.55996, 0.973273
1.23282, -0.537972, 0.967187
1.27327, -0.534966, 0.966186
0.80107, -1.0176, 0.978031
0.770815, -1.04178, 0.984137
0.771439, -0.988873, 0.969318
0.760873, -1.01799, 0.976941
stamp: 13370000000
0.741007, -0.505316, 0.977584
1.27205, -0.557009, 0.973366
1.24012, -0.534935, 0.967439
1.28051, -0.531836, 0.966815
0.808508, -1.01387, 0.978397
0.778214, -1.03801, 0.984391
0.778949, -0.985039, 0.969789
0.768394, -1.01429, 0.977317
stamp: 13379000000
0.749301, -0.501405, 0.977769
1.27907, -0.553608, 0.973862
1.24736, -0.531564, 0.967758
1.28759, -0.528401, 0.967029
0.816021, -1.00995, 0.978752
0.785638, -1.03407, 0.984671
0.786494, -0.980954, 0.970266
0.775933, -1.01027, 0.977879
stamp: 13390000000
0.757825, -0.49716, 0.977833
1.28636, -0.549953, 0.974156
1.2546, -0.527803, 0.967796
1.29487, -0.524531, 0.967342
0.823362, -1.00564, 0.978983
0.793233, -1.02963, 0.984779
0.7939, -0.976826, 0.970683
0.783363, -1.00589, 0.978121
stamp: 13399000000
0.766, -0.49274, 0.977993
1.29358, -0.54602, 0.974168
1.2617, -0.524005, 0.968133
1.30193, -0.520693, 0.967718
0.830732, -1.00124, 0.979377
0.800424, -1.02532, 0.98513
0.800964, -0.97196, 0.970773
0.790617, -1.00151, 0.978357
stamp: 13409000000
0.774175, -0.488075, 0.978019
1.30053, -0.541809, 0.974652
1.26848, -0.519846, 0.968519
1.30884, -0.516538, 0.968089
0.837935, -0.996509, 0.979658
0.807716, -1.02064, 0.985347
0.808168, -0.967426, 0.97133
0.797909, -0.996786, 0.978733
stamp: 13419000000
0.782464, -0.483066, 0.978256
1.30733, -0.537497, 0.974977
1.27545, -0.515332, 0.968719
1.31572, -0.512044, 0.968444
0.845246, -0.991346, 0.980103
0.815, -1.0156, 0.985578
0.815478, -0.962627, 0.97159
0.804963, -0.991875, 0.97872
stamp: 13429000000
0.790572, -0.477986, 0.978188
1.31436, -0.532821, 0.975029
1.28225, -0.510791, 0.968949
1.32265, -0.507441, 0.968738
0.85216, -0.986215, 0.980312
0.82196, -1.01058, 0.98598
0.822542, -0.957231, 0.97167
0.812083, -0.986708, 0.979078
stamp: 13440000000
0.798577, -0.472651, 0.978299
1.32099, -0.527925, 0.975531
1.28907, -0.505751, 0.969319
1.32949, -0.502394, 0.968917
0.859078, -0.980877, 0.980467
0.828846, -1.00514, 0.986142
0.829566, -0.951974, 0.972101
0.819058, -0.981301, 0.979347
stamp: 13449000000
0.806636, -0.467028, 0.978261
1.32761, -0.52261, 0.975542
1.2957, -0.500543, 0.96945
1.33601, -0.497232, 0.969553
0.866031, -0.975233, 0.980877
0.835863, -0.999603, 0.98623
0.836358, -0.946227, 0.972213
0.825931, -0.975716, 0.979384
stamp: 13459000000
0.814485, -0.461303, 0.97818
1.3343, -0.517156, 0.975786
1.30225, -0.495191, 0.969732
1.34272, -0.491836, 0.969672
0.87284, -0.969217, 0.981044
0.842659, -0.993642, 0.986177
0.842975, -0.940403, 0.972665
0.832787, -0.969879, 0.979604
stamp: 13469000000
0.822227, -0.455244, 0.978275
1.34075, -0.511457, 0.975979
1.30874, -0.489611, 0.970065
1.34915, -0.486036, 0.969879
0.879615, -0.96322, 0.981284
0.849441, -0.987665, 0.98636
0.849738, -0.934582, 0.972655
0.839542, -0.963903, 0.979476
stamp: 13479000000
0.829949, -0.449002, 0.978249
1.34714, -0.505807, 0.976304
1.31516, -0.483673, 0.970319
1.35571, -0.480191, 0.970209
0.886227, -0.957094, 0.981454
0.856164, -0.981505, 0.986129
0.856647, -0.92817, 0.97299
0.846123, -0.957712, 0.979737
stamp: 13490000000
0.83754, -0.44248, 0.978532
1.35357, -0.499656, 0.976531
1.32153, -0.477555, 0.970436
1.36194, -0.473972, 0.970366
0.892828, -0.950471, 0.981446
0.862721, -0.975091, 0.986417
0.863032, -0.921635, 0.973011
0.852722, -0.95125, 0.979772
stamp: 13499000000
0.845046, -0.43581, 0.978518
1.35954, -0.493295, 0.976767
1.3278, -0.471293, 0.970484
1.36793, -0.4677, 0.970876
0.899281, -0.943922, 0.981497
0.869186, -0.968502, 0.986307
0.8696, -0.915022, 0.973386
0.859284, -0.94463, 0.979737
stamp: 13509000000
0.852649, -0.42898, 0.978412
1.36577, -0.48699, 0.976641
1.33396, -0.46482, 0.970679
1.37404, -0.461175, 0.97112
0.905715, -0.936967, 0.98164
0.875678, -0.961702, 0.986297
0.875865, -0.908248, 0.973561
0.865637, -0.937799, 0.979872
stamp: 13519000000
0.859884, -0.421824, 0.978443
1.37183, -0.480186, 0.976695
1.33991, -0.458145, 0.970907
1.38008, -0.454346, 0.97142
0.911876, -0.929907, 0.981835
0.881868, -0.954738, 0.985982
0.882164, -0.901078, 0.973604
0.871948, -0.930865, 0.979694
stamp: 13530000000
0.867055, -0.414673, 0.978594
1.3781, -0.473188, 0.976719
1.34587, -0.451172, 0.970931
1.38603, -0.44742, 0.971598
0.918134, -0.922788, 0.981814
0.888125, -0.947435, 0.985979
0.888318, -0.893946, 0.973835
0.878269, -0.923519, 0.979847
stamp: 13540000000
0.874155, -0.407146, 0.978736
1.38443, -0.465712, 0.976469
1.3517, -0.443902, 0.971231
1.39235, -0.439989, 0.971447
0.924254, -0.915309, 0.981662
0.894197, -0.940165, 0.98585
0.894427, -0.886476, 0.973852
0.88436, -0.916179, 0.979745
stamp: 13549000000
0.880923, -0.399618, 0.978823
1.39009, -0.458373, 0.976479
1.35732, -0.436582, 0.971321
1.39833, -0.43275, 0.971516
0.930322, -0.907652, 0.981935
0.900312, -0.932599, 0.985806
0.900378, -0.878655, 0.973975
0.890232, -0.908586, 0.979775
stamp: 13559000000
0.887907, -0.391771, 0.978671
1.39575, -0.451131, 0.976479
1.36305, -0.429132, 0.971376
1.40398, -0.425384, 0.971583
0.936115, -0.899982, 0.981897
0.906192, -0.92486, 0.985606
0.906296, -0.871045, 0.974213
0.896186, -0.900905, 0.979701
stamp: 13569000000
0.894669, -0.383785, 0.978971
1.4012, -0.44347, 0.976683
1.36886, -0.421062, 0.971225
1.40927, -0.417562, 0.971982
0.942031, -0.892009, 0.982046
0.912008, -0.917003, 0.985372
0.912167, -0.863061, 0.974222
0.901964, -0.892906, 0.979582
stamp: 13579000000
0.900998, -0.375454, 0.978743
1.40682, -0.435217, 0.976582
1.37418, -0.413272, 0.971213
1.41519, -0.409607, 0.971949
0.947718, -0.883891, 0.981964
0.917642, -0.90892, 0.985257
0.917891, -0.85492, 0.974229
0.907623, -0.884845, 0.979525
stamp: 13590000000
0.907357, -0.367241, 0.978821
1.41211, -0.427263, 0.976745
1.3798, -0.405134, 0.971111
1.42038, -0.401369, 0.972174
0.95326, -0.875598, 0.981887
0.923257, -0.900722, 0.985325
0.923398, -0.846593, 0.974433
0.913297, -0.876603, 0.979563
stamp: 13599000000
0.913848, -0.358727, 0.978786
1.41714, -0.419223, 0.976963
1.38488, -0.396988, 0.971281
1.42531, -0.393393, 0.972377
0.95862, -0.867233, 0.982194
0.928679, -0.892232, 0.985066
0.928924, -0.838066, 0.974395
0.918806, -0.868113, 0.979524
stamp: 13609000000
0.919759, -0.350048, 0.978612
1.42192, -0.410411, 0.977201
1.38991, -0.388492, 0.971384
1.43039, -0.384693, 0.97257
0.964157, -0.858543, 0.982141
0.934117, -0.883556, 0.9848
0.934265, -0.829619, 0.974469
0.924188, -0.859552, 0.97943
stamp: 13620000000
0.925622, -0.341159, 0.978606
1.42722, -0.402431, 0.976984
1.39504, -0.380034, 0.971273
1.43543, -0.376237, 0.972756
0.969416, -0.849908, 0.982149
0.939472, -0.874892, 0.984825
0.939547, -0.820863, 0.974832
0.929412, -0.850866, 0.9793
stamp: 13629000000
0.931747, -0.332551, 0.978349
1.43271, -0.393316, 0.97638
1.39986, -0.371405, 0.971448
1.44069, -0.367385, 0.972273
0.974514, -0.841058, 0.982276
0.944545, -0.866064, 0.98478
0.944794, -0.812001, 0.975051
0.934579, -0.842063, 0.979192
stamp: 13640000000
0.937328, -0.323521, 0.97825
1.43722, -0.384483, 0.976482
1.40469, -0.362383, 0.97128
1.44535, -0.358612, 0.972434
0.979579, -0.831937, 0.982125
0.949587, -0.856982, 0.984459
0.949746, -0.802923, 0.975118
0.939678, -0.832945, 0.97919
stamp: 13649000000
0.94275, -0.314267, 0.978259
1.44201, -0.375325, 0.976424
1.40926, -0.353516, 0.971165
1.44973, -0.34943, 0.972696
0.984446, -0.822885, 0.98226
0.954562, -0.847965, 0.984273
0.954516, -0.793963, 0.975253
0.944534, -0.823894, 0.979209
stamp: 13659000000
0.948151, -0.305169, 0.978206
1.446, -0.366386, 0.976602
1.41403, -0.344303, 0.970968
1.45416, -0.340442, 0.972837
0.98922, -0.813486, 0.982348
0.959334, -0.838744, 0.984214
0.959408, -0.78445, 0.975332
0.949391, -0.814598, 0.979091
stamp: 13669000000
0.953092, -0.295688, 0.978387
1.45127, -0.35742, 0.975579
1.41844, -0.335402, 0.970976
1.45882, -0.331308, 0.972748
0.993989, -0.804236, 0.982413
0.964062, -0.829397, 0.984052
0.964123, -0.775134, 0.975305
0.954123, -0.805224, 0.979078
stamp: 13680000000
0.958173, -0.286179, 0.977994
1.45589, -0.348763, 0.974996
1.42268, -0.325995, 0.970776
1.46303, -0.322011, 0.972697
0.998592, -0.794595, 0.982336
0.968713, -0.819861, 0.984001
0.968631, -0.765647, 0.975462
0.958516, -0.795792, 0.979243
stamp: 13690000000
0.963011, -0.27676, 0.977601
1.4597, -0.338987, 0.974873
1.42702, -0.316542, 0.970534
1.4672, -0.312398, 0.972634
1.00287, -0.785068, 0.982319
0.97305, -0.810302, 0.983898
0.973179, -0.755944, 0.975769
0.963049, -0.786233, 0.979233
stamp: 13699000000
0.967626, -0.267014, 0.977336
1.46363, -0.329314, 0.974997
1.43104, -0.30716, 0.970472
1.47132, -0.302951, 0.972682
1.00722, -0.77543, 0.982306
0.977425, -0.800576, 0.983679
0.977458, -0.746327, 0.975874
0.967387, -0.776525, 0.979218
stamp: 13710000000
0.971894, -0.257195, 0.977603
1.46702, -0.319569, 0.975011
1.43492, -0.297263, 0.970231
1.47504, -0.293099, 0.97269
1.01129, -0.765852, 0.982734
0.981508, -0.7909, 0.983665
0.981528, -0.736415, 0.976035
0.971616, -0.766699, 0.979136
stamp: 13720000000
0.976123, -0.247355, 0.97758
1.47057, -0.309355, 0.974974
1.43877, -0.287435, 0.970092
1.479, -0.283336, 0.972593
1.01547, -0.756033, 0.982983
0.98544, -0.780958, 0.983492
0.985657, -0.726462, 0.97615
0.975674, -0.756855, 0.979001
stamp: 13729000000
0.980309, -0.237369, 0.977429
1.47429, -0.299776, 0.97473
1.44246, -0.277839, 0.969791
1.48262, -0.273585, 0.972482
1.01925, -0.745949, 0.982661
0.989503, -0.770985, 0.983332
0.989517, -0.716643, 0.976149
0.979514, -0.746879, 0.97903
stamp: 13740000000
0.984151, -0.227396, 0.976965
1.4785, -0.290177, 0.974
1.44607, -0.267831, 0.969551
1.48632, -0.263802, 0.972335
1.02308, -0.735824, 0.982764
0.993169, -0.760991, 0.983153
0.993231, -0.706542, 0.976397
0.983353, -0.736781, 0.979011
stamp: 13749000000
0.98806, -0.217452, 0.976806
1.48199, -0.280556, 0.973641
1.44959, -0.257791, 0.969265
1.49012, -0.253731, 0.972004
1.02673, -0.725713, 0.982848
0.996832, -0.750881, 0.98295
0.996999, -0.696313, 0.976625
0.987021, -0.726653, 0.978911
stamp: 13759000000
0.991428, -0.207306, 0.976806
1.48545, -0.270138, 0.973284
1.45298, -0.247732, 0.969116
1.49342, -0.243955, 0.971912
1.03026, -0.715467, 0.983162
1.00018, -0.740726, 0.982822
1.00052, -0.685959, 0.976476
0.990494, -0.716452, 0.978759
stamp: 13769000000
0.994902, -0.197196, 0.976679
1.48842, -0.260195, 0.973076
1.4561, -0.237603, 0.968807
1.49631, -0.233541, 0.971797
1.03353, -0.705359, 0.983072
1.00384, -0.730521, 0.982661
1.00385, -0.675637, 0.976662
0.993835, -0.70617, 0.978806
stamp: 13779000000
0.997963, -0.186945, 0.976752
1.49138, -0.250059, 0.972787
1.45909, -0.227634, 0.96867
1.4994, -0.223393, 0.971684
1.0368, -0.69502, 0.983262
1.00692, -0.720047, 0.982676
1.00727, -0.665492, 0.976746
0.997007, -0.695829, 0.978607
stamp: 13789000000
1.00091, -0.176786, 0.976627
1.49405, -0.23932, 0.97273
1.46212, -0.217278, 0.968178
1.50247, -0.213352, 0.97142
1.03978, -0.684579, 0.9832
1.00989, -0.709722, 0.982516
1.0103, -0.65498, 0.976685
1.00007, -0.685466, 0.978707
stamp: 13799000000
1.00369, -0.166247, 0.97645
1.49679, -0.229137, 0.972423
1.46475, -0.207007, 0.968178
1.50494, -0.202808, 0.971264
1.04276, -0.674209, 0.983249
1.0129, -0.699254, 0.982314
1.01319, -0.644585, 0.976846
1.00311, -0.67493, 0.978479
stamp: 13809000000
1.00628, -0.155764, 0.976499
1.4998, -0.219225, 0.971727
1.46754, -0.196595, 0.967822
1.50766, -0.192615, 0.971026
1.04546, -0.663554, 0.983356
1.01566, -0.688799, 0.982194
1.01598, -0.63401, 0.976752
1.00594, -0.664397, 0.978411
stamp: 13819000000
1.00878, -0.145586, 0.976288
1.50238, -0.209047, 0.971243
1.4702, -0.18637, 0.967406
1.51001, -0.182383, 0.970853
1.04809, -0.652987, 0.983264
1.01826, -0.678183, 0.981857
1.01847, -0.623577, 0.976983
1.00852, -0.653929, 0.978346
stamp: 13829000000
1.01083, -0.135364, 0.976171
1.50446, -0.198197, 0.971045
1.47259, -0.176158, 0.96701
1.5121, -0.171947, 0.970799
1.05047, -0.642465, 0.983372
1.02081, -0.667725, 0.981875
1.02105, -0.612911, 0.977004
1.01098, -0.643366, 0.978227
stamp: 13840000000
1.01278, -0.124977, 0.976129
1.50638, -0.187762, 0.970946
1.47484, -0.165659, 0.966568
1.51472, -0.161308, 0.97026
1.05276, -0.631939, 0.983201
1.02313, -0.657181, 0.981593
1.02334, -0.602368, 0.976909
1.01326, -0.632818, 0.978153
stamp: 13850000000
1.01467, -0.114445, 0.976467
1.50885, -0.177817, 0.970297
1.47686, -0.1552, 0.966372
1.51664, -0.151277, 0.970063
1.05492, -0.621404, 0.983032
1.02528, -0.64661, 0.981292
1.02548, -0.591708, 0.977236
1.01536, -0.622187, 0.978031
stamp: 13859000000
1.01629, -0.104197, 0.97641
1.51017, -0.167001, 0.970233
1.47875, -0.144944, 0.966007
1.51814, -0.14063, 0.970175
1.057, -0.610845, 0.983249
1.02721, -0.635899, 0.981034
1.02754, -0.5811, 0.9773
1.01743, -0.611519, 0.977851
stamp: 13869000000
1.01755, -0.0937349, 0.976137
1.51184, -0.156603, 0.969844
1.48063, -0.134299, 0.965565
1.52059, -0.130224, 0.969409
1.05879, -0.600248, 0.983126
1.02893, -0.6253, 0.980828
1.02921, -0.570623, 0.9773
1.01919, -0.600933, 0.977738
stamp: 13880000000
1.01882, -0.083711, 0.976154
1.51365, -0.145938, 0.969451
1.48221, -0.12373, 0.965206
1.52215, -0.119831, 0.969149
1.06047, -0.589633, 0.983032
1.03074, -0.614664, 0.980368
1.03089, -0.559857, 0.977374
1.02088, -0.59027, 0.977598
stamp: 13889000000
1.01987, -0.0732861, 0.975772
1.51522, -0.135805, 0.969119
1.48373, -0.113526, 0.96484
1.52349, -0.109291, 0.969014
1.06178, -0.57914, 0.983116
1.03219, -0.604098, 0.980197
1.03234, -0.549215, 0.9774
1.02241, -0.579634, 0.977465
stamp: 13899000000
1.02065, -0.0629784, 0.975894
1.51697, -0.125628, 0.968287
1.48511, -0.102892, 0.964423
1.52487, -0.0989379, 0.968745
1.06322, -0.568412, 0.982863
1.03358, -0.59327, 0.980002
1.0337, -0.538632, 0.977412
1.02371, -0.569039, 0.977172
stamp: 13910000000
1.02145, -0.0526113, 0.976034
1.51786, -0.114761, 0.9681
1.48636, -0.0922734, 0.964126
1.52598, -0.0883371, 0.968359
1.06426, -0.558038, 0.982873
1.03475, -0.58262, 0.979768
1.03483, -0.527783, 0.977416
1.02483, -0.55835, 0.976992
stamp: 13919000000
1.02198, -0.0420866, 0.97595
1.51932, -0.104779, 0.967344
1.48745, -0.0820704, 0.963719
1.52722, -0.0779494, 0.967882
1.06526, -0.547375, 0.982713
1.03564, -0.572108, 0.979504
1.03591, -0.517155, 0.977342
1.0258, -0.547651, 0.976832
stamp: 13929000000
1.02235, -0.0318873, 0.975819
1.51987, -0.093994, 0.967169
1.48838, -0.0714441, 0.963336
1.52801, -0.0674013, 0.967633
1.06608, -0.53679, 0.982589
1.03646, -0.561433, 0.979185
1.03678, -0.506552, 0.97734
1.02659, -0.537068, 0.976739
stamp: 13940000000
1.02225, -0.0216982, 0.975881
1.52021, -0.0834611, 0.967168
1.48914, -0.0611507, 0.962995
1.5291, -0.0571249, 0.967215
1.06676, -0.526088, 0.982393
1.03718, -0.550826, 0.97896
1.03747, -0.495946, 0.977312
1.02734, -0.526414, 0.976506
stamp: 13949000000
1.02226, -0.0114961, 0.97577
1.52099, -0.0729925, 0.966637
1.48975, -0.0506639, 0.962601
1.52973, -0.0466751, 0.96682
1.06743, -0.515425, 0.982187
1.03776, -0.540178, 0.978625
1.03794, -0.485305, 0.977042
1.02787, -0.515736, 0.976297
stamp: 13960000000
1.02209, -0.00128695, 0.975685
1.52166, -0.0626601, 0.966036
1.49027, -0.0403404, 0.962198
1.53001, -0.0363616, 0.966553
1.06775, -0.504981, 0.982107
1.03812, -0.529504, 0.978212
1.03836, -0.474761, 0.97689
1.02824, -0.505143, 0.97606
stamp: 13969000000
1.02157, 0.00867647, 0.975444
1.52227, -0.0521258, 0.965378
1.49053, -0.0299942, 0.961797
1.53001, -0.025999, 0.966289
1.06773, -0.49432, 0.981899
1.03825, -0.518985, 0.977893
1.03856, -0.464205, 0.976779
1.02842, -0.494538, 0.975764
stamp: 13979000000
1.02109, 0.0187989, 0.975268
1.52227, -0.0418678, 0.964904
1.49077, -0.0195418, 0.961314
1.53023, -0.0157375, 0.965852
1.0678, -0.483774, 0.981604
1.03819, -0.508496, 0.977761
1.03862, -0.453691, 0.976758
1.02837, -0.484051, 0.975518
stamp: 13990000000
1.02016, 0.0287169, 0.975281
1.52254, -0.0320772, 0.964121
1.4908, -0.00908303, 0.960824
1.5307, -0.00533993, 0.9653
1.06778, -0.473284, 0.981359
1.03807, -0.497892, 0.97754
1.03838, -0.443188, 0.976528
1.02827, -0.473527, 0.975287
stamp: 13999000000
1.0193, 0.0388179, 0.975119
1.52225, -0.0214004, 0.963812
1.49074, 0.00100378, 0.960412
1.53055, 0.0048634, 0.964809
1.06741, -0.462947, 0.981103
1.03783, -0.487385, 0.977041
1.03818, -0.432597, 0.976301
1.02812, -0.463058, 0.975034
stamp: 14009000000
1.01809, 0.0485425, 0.975015
1.52183, -0.0110146, 0.963537
1.49044, 0.011174, 0.960045
1.53022, 0.0149678, 0.964525
1.06698, -0.452579, 0.980874
1.03724, -0.477195, 0.976624
1.03769, -0.422376, 0.976325
1.02759, -0.452633, 0.97477
stamp: 14019000000
1.01679, 0.0584044, 0.974788
1.52125, -0.00093166, 0.96316
1.49014, 0.0212306, 0.959487
1.52995, 0.0252606, 0.964167
1.0664, -0.442229, 0.980843
1.03673, -0.46677, 0.976215
1.03709, -0.411928, 0.976062
1.02699, -0.442231, 0.974497
stamp: 14029000000
1.01536, 0.0682138, 0.97463
1.52091, 0.00947881, 0.962713
1.4896, 0.0313619, 0.958953
1.52923, 0.0353143, 0.963824
1.06568, -0.431673, 0.980434
1.03599, -0.456568, 0.976015
1.0363, -0.401692, 0.975898
1.02611, -0.431935, 0.974314
stamp: 14040000000
1.01372, 0.0780644, 0.974497
1.5201, 0.0193013, 0.962339
1.489, 0.0415489, 0.958562
1.52911, 0.0452321, 0.963092
1.06474, -0.421604, 0.980247
1.03489, -0.446005, 0.975663
1.03555, -0.391344, 0.975801
1.02523, -0.421539, 0.973943
stamp: 14050000000
1.01197, 0.0878024, 0.974344
1.51931, 0.029614, 0.961804
1.48803, 0.0514633, 0.958168
1.52804, 0.0552876, 0.962799
1.06365, -0.411369, 0.97978
1.03379, -0.435939, 0.975389
1.03456, -0.381149, 0.975579
1.02412, -0.411393, 0.973747
stamp: 14059000000
1.00985, 0.0973996, 0.974109
1.5188, 0.0390177, 0.961055
1.48709, 0.0619293, 0.957773
1.52712, 0.0653852, 0.962524
1.06228, -0.401317, 0.979591
1.03264, -0.425575, 0.974924
1.03323, -0.370793, 0.975124
1.02295, -0.401146, 0.973535
stamp: 14069000000
1.00792, 0.106971, 0.97392
1.5179, 0.0490367, 0.960365
1.48598, 0.071503, 0.957384
1.52565, 0.0753932, 0.96221
1.06105, -0.391171, 0.979362
1.03121, -0.415509, 0.974594
1.03196, -0.360755, 0.975042
1.02165, -0.391023, 0.973206
stamp: 14080000000
1.0056, 0.116565, 0.973645
1.51666, 0.0588252, 0.959883
1.48462, 0.0816539, 0.956995
1.52481, 0.0850981, 0.961632
1.05956, -0.381098, 0.978956
1.02967, -0.40553, 0.974298
1.0305, -0.350644, 0.974787
1.02012, -0.380945, 0.97299
stamp: 14090000000
1.00316, 0.12594, 0.973546
1.51493, 0.0686732, 0.95948
1.48326, 0.0914479, 0.956645
1.52321, 0.0951304, 0.961369
1.05776, -0.37133, 0.978727
1.02779, -0.395465, 0.974277
1.02882, -0.340625, 0.97478
1.01841, -0.370919, 0.972591
stamp: 14099000000
1.00056, 0.135235, 0.973371
1.51343, 0.0786477, 0.959086
1.48155, 0.101185, 0.95625
1.52159, 0.104769, 0.960956
1.0559, -0.361657, 0.978555
1.02606, -0.38541, 0.973891
1.02691, -0.330765, 0.974557
1.01639, -0.361072, 0.972513
stamp: 14110000000
0.997971, 0.144437, 0.973097
1.512, 0.0882096, 0.958591
1.47978, 0.111162, 0.955951
1.51965, 0.114559, 0.960865
1.05379, -0.35172, 0.978275
1.02397, -0.375645, 0.973707
1.02487, -0.320832, 0.974688
1.01452, -0.351093, 0.972283
stamp: 14119000000
0.994919, 0.153705, 0.972906
1.51006, 0.097768, 0.958032
1.478, 0.120895, 0.95556
1.51799, 0.124093, 0.9604
1.0517, -0.341915, 0.978146
1.02166, -0.365831, 0.973328
1.02285, -0.311052, 0.974531
1.01242, -0.341023, 0.972062
stamp: 14129000000
0.991862, 0.162848, 0.972764
1.50815, 0.107152, 0.957683
1.47611, 0.130554, 0.955326
1.51589, 0.133789, 0.960226
1.04944, -0.332246, 0.977917
1.01913, -0.356057, 0.973278
1.02065, -0.301282, 0.974494
1.01005, -0.331316, 0.972013
stamp: 14140000000
0.988602, 0.172041, 0.972583
1.5058, 0.116755, 0.957354
1.47384, 0.140175, 0.955042
1.51383, 0.143318, 0.959804
1.0471, -0.322621, 0.977984
1.01649, -0.346303, 0.973335
1.01844, -0.291558, 0.974142
1.00752, -0.321696, 0.971842
stamp: 14149000000
0.985445, 0.180963, 0.97259
1.50341, 0.126252, 0.957132
1.47156, 0.149329, 0.954692
1.51145, 0.15284, 0.959498
1.04437, -0.312929, 0.977952
1.01399, -0.336506, 0.973018
1.01598, -0.281877, 0.974034
1.00491, -0.31205, 0.971721
stamp: 14159000000
0.982003, 0.189829, 0.97229
1.50071, 0.13593, 0.956968
1.469, 0.158814, 0.954509
1.50877, 0.162229, 0.959393
1.04177, -0.303423, 0.977852
1.01142, -0.326999, 0.972721
1.01328, -0.272258, 0.974278
1.00218, -0.302518, 0.971699
stamp: 14170000000
0.978527, 0.198611, 0.972295
1.49814, 0.145237, 0.956588
1.46637, 0.168094, 0.954246
1.50631, 0.171516, 0.959052
1.03904, -0.293936, 0.977921
1.00853, -0.317878, 0.972445
1.01032, -0.262728, 0.974455
0.999385, -0.292955, 0.971643
stamp: 14179000000
0.974751, 0.207442, 0.972189
1.49538, 0.154508, 0.956231
1.46374, 0.177194, 0.953958
1.50355, 0.180903, 0.958962
1.03587, -0.284499, 0.97782
1.00543, -0.308583, 0.97251
1.00737, -0.253288, 0.974455
0.996211, -0.283399, 0.971726
stamp: 14190000000
0.970801, 0.216226, 0.972175
1.49258, 0.16372, 0.956069
1.46074, 0.186568, 0.953687
1.5007, 0.189964, 0.958766
1.03272, -0.275106, 0.977816
1.00209, -0.299079, 0.972735
1.00435, -0.244033, 0.974658
0.993138, -0.274055, 0.971813
stamp: 14199000000
0.966759, 0.224795, 0.972014
1.48945, 0.172777, 0.955737
1.45777, 0.195633, 0.953554
1.49744, 0.19917, 0.958629
1.02938, -0.26606, 0.977979
0.999015, -0.289685, 0.972478
1.00099, -0.234691, 0.974812
0.989708, -0.264837, 0.971997
stamp: 14209000000
0.962591, 0.233213, 0.97188
1.4862, 0.181685, 0.955681
1.45444, 0.204615, 0.953395
1.49433, 0.207967, 0.958452
1.02599, -0.256711, 0.97807
0.99548, -0.280348, 0.972446
0.997402, -0.225502, 0.975005
0.986414, -0.255698, 0.971979
stamp: 14219000000
0.95828, 0.241744, 0.97183
1.48301, 0.19079, 0.95551
1.45116, 0.213404, 0.953093
1.49109, 0.217015, 0.958258
1.02253, -0.247777, 0.978051
0.991599, -0.271215, 0.972575
0.99385, -0.216364, 0.975059
0.982738, -0.246447, 0.972097
stamp: 14229000000
0.9538, 0.250135, 0.971904
1.47936, 0.199546, 0.955227
1.44769, 0.222499, 0.953022
1.48746, 0.225929, 0.958126
1.0187, -0.238525, 0.9782
0.988265, -0.262432, 0.972491
0.990078, -0.207248, 0.97518
0.978967, -0.237332, 0.972159
stamp: 14240000000
0.949224, 0.258248, 0.971764
1.47563, 0.208219, 0.954901
1.44415, 0.23143, 0.95288
1.48368, 0.234566, 0.958153
1.01475, -0.229694, 0.978386
0.984395, -0.253334, 0.972648
0.986291, -0.198191, 0.975443
0.975054, -0.228356, 0.972308
stamp: 14250000000
0.944651, 0.26646, 0.971609
1.47217, 0.216932, 0.954782
1.44036, 0.239736, 0.952735
1.48008, 0.243306, 0.958128
1.01088, -0.220692, 0.978409
0.980415, -0.244297, 0.972768
0.982326, -0.189577, 0.975597
0.97113, -0.219555, 0.972463
stamp: 14259000000
0.939655, 0.274314, 0.971567
1.46829, 0.225324, 0.954594
1.43638, 0.248557, 0.952706
1.47612, 0.251782, 0.957982
1.00671, -0.211858, 0.978561
0.976233, -0.23549, 0.972858
0.978159, -0.180727, 0.975929
0.966994, -0.21074, 0.972575
stamp: 14269000000
0.93488, 0.282306, 0.971538
1.46392, 0.234089, 0.954668
1.43221, 0.257031, 0.952702
1.47244, 0.260226, 0.957925
1.00245, -0.203282, 0.978524
0.972277, -0.226972, 0.972744
0.973574, -0.171988, 0.976305
0.962801, -0.202027, 0.972638
stamp: 14280000000
0.929656, 0.290122, 0.971499
1.45972, 0.242311, 0.954754
1.428, 0.2661, 0.952631
1.4678, 0.268718, 0.957887
0.998054, -0.194737, 0.978651
0.967447, -0.218397, 0.972523
0.969227, -0.163459, 0.976448
0.958462, -0.193564, 0.972747
stamp: 14290000000
0.924389, 0.298071, 0.971635
1.45521, 0.250727, 0.954766
1.4237, 0.274041, 0.952684
1.46359, 0.276915, 0.95786
0.993383, -0.186077, 0.978688
0.962963, -0.209752, 0.972691
0.964646, -0.154992, 0.976614
0.953587, -0.185009, 0.972904
stamp: 14300000000
0.919151, 0.305602, 0.97168
1.45077, 0.259107, 0.954823
1.41904, 0.281972, 0.95267
1.45899, 0.285023, 0.957883
0.988786, -0.177905, 0.978868
0.95859, -0.20129, 0.972956
0.959632, -0.146519, 0.976672
0.948823, -0.176716, 0.973067
stamp: 14310000000
0.913812, 0.313139, 0.97167
1.44609, 0.267242, 0.954855
1.41457, 0.289851, 0.952439
1.45422, 0.293207, 0.958037
0.983869, -0.169406, 0.978955
0.953384, -0.193139, 0.973019
0.955116, -0.138416, 0.976664
0.944062, -0.168391, 0.973106
stamp: 14319000000
0.908262, 0.320824, 0.97178
1.44097, 0.27515, 0.954766
1.40976, 0.297832, 0.952446
1.44936, 0.301296, 0.958036
0.978774, -0.161128, 0.979084
0.948665, -0.185259, 0.972787
0.949883, -0.130229, 0.97687
0.939031, -0.160244, 0.973171
stamp: 14329000000
0.902598, 0.328131, 0.971769
1.43638, 0.283001, 0.954296
1.40487, 0.305886, 0.952534
1.44429, 0.30911, 0.958132
0.973751, -0.153291, 0.979026
0.943519, -0.176905, 0.972906
0.944771, -0.122192, 0.977251
0.934005, -0.152236, 0.973275
stamp: 14340000000
0.896703, 0.335461, 0.971964
1.43152, 0.290514, 0.954048
1.39959, 0.313864, 0.952713
1.4396, 0.316845, 0.958153
0.968333, -0.145268, 0.979139
0.938116, -0.169085, 0.972886
0.939382, -0.114146, 0.977457
0.928429, -0.144349, 0.973388
stamp: 14349000000
0.890859, 0.342401, 0.971874
1.42657, 0.298043, 0.954117
1.39427, 0.321562, 0.952849
1.43438, 0.324444, 0.958219
0.962832, -0.137616, 0.979365
0.932588, -0.161187, 0.972883
0.933943, -0.106401, 0.977362
0.92314, -0.136534, 0.973411
stamp: 14359000000
0.884847, 0.349502, 0.971859
1.4206, 0.306257, 0.95468
1.38887, 0.329138, 0.952937
1.42898, 0.33221, 0.958297
0.957403, -0.129957, 0.979338
0.926989, -0.153454, 0.972972
0.928219, -0.0986813, 0.977537
0.917553, -0.128937, 0.97352
stamp: 14369000000
0.878722, 0.356207, 0.97181
1.41479, 0.313662, 0.955022
1.38326, 0.337021, 0.953255
1.42361, 0.339623, 0.95834
0.951611, -0.122371, 0.979268
0.92142, -0.146073, 0.972909
0.922569, -0.0913937, 0.977832
0.911724, -0.121419, 0.973534
stamp: 14379000000
0.872431, 0.3631, 0.97172
1.40903, 0.320907, 0.95508
1.37754, 0.344657, 0.953569
1.41743, 0.347078, 0.958418
0.945669, -0.114871, 0.979308
0.915717, -0.138674, 0.972786
0.916632, -0.0839964, 0.977773
0.906095, -0.113945, 0.973433
stamp: 14390000000
0.866257, 0.369712, 0.971868
1.40339, 0.328138, 0.954367
1.37198, 0.352242, 0.953517
1.41156, 0.354451, 0.958475
0.939833, -0.107693, 0.979248
0.909762, -0.131378, 0.972207
0.910607, -0.0768117, 0.978082
0.900304, -0.106632, 0.973341
stamp: 14399000000
0.860095, 0.376085, 0.971383
1.39819, 0.334698, 0.953988
1.36601, 0.359312, 0.953511
1.40606, 0.361523, 0.958473
0.933721, -0.10032, 0.979157
0.9037, -0.12434, 0.972266
0.90453, -0.0695354, 0.978299
0.894032, -0.0996197, 0.973518
stamp: 14409000000
0.853279, 0.38275, 0.971484
1.39191, 0.34186, 0.954249
1.35972, 0.365827, 0.9537
1.40014, 0.368415, 0.958531
0.927547, -0.093526, 0.978982
0.897422, -0.117151, 0.972287
0.898506, -0.0627471, 0.978186
0.887824, -0.0926825, 0.973311
stamp: 14419000000
0.846657, 0.388869, 0.971605
1.38505, 0.349205, 0.954692
1.35333, 0.372642, 0.953905
1.39385, 0.375136, 0.958755
0.92115, -0.0866947, 0.979018
0.891206, -0.110378, 0.972106
0.892053, -0.0558206, 0.978407
0.881599, -0.0858744, 0.9734
stamp: 14429000000
0.839741, 0.395183, 0.971777
1.37908, 0.356476, 0.954607
1.34709, 0.379794, 0.953848
1.38746, 0.38201, 0.958887
0.914822, -0.0799839, 0.978753
0.884713, -0.103827, 0.971667
0.885244, -0.0492804, 0.978585
0.874835, -0.0792233, 0.973554
stamp: 14440000000
0.83267, 0.401152, 0.971637
1.37237, 0.363261, 0.954735
1.34067, 0.386782, 0.954082
1.38085, 0.388697, 0.958948
0.908099, -0.0735988, 0.978853
0.878116, -0.0973762, 0.971615
0.878728, -0.042769, 0.978445
0.868325, -0.0729066, 0.973502
stamp: 14449000000
0.825787, 0.407216, 0.971769
1.36564, 0.369314, 0.95478
1.33405, 0.393392, 0.954156
1.37422, 0.395479, 0.959004
0.901188, -0.0673423, 0.978852
0.871182, -0.0909306, 0.971887
0.872144, -0.0362921, 0.978599
0.861684, -0.0663818, 0.973238
stamp: 14459000000
0.818885, 0.412925, 0.971574
1.35861, 0.37577, 0.954993
1.32708, 0.399479, 0.954362
1.36738, 0.4017, 0.959243
0.894231, -0.0610064, 0.978714
0.86429, -0.0847323, 0.972025
0.864964, -0.0302994, 0.978685
0.854643, -0.0601159, 0.973242
stamp: 14469000000
0.811496, 0.418486, 0.971374
1.3521, 0.382533, 0.954798
1.32036, 0.40601, 0.954253
1.36044, 0.408039, 0.9594
0.887218, -0.0550951, 0.978706
0.857506, -0.078795, 0.971433
0.857759, -0.0244154, 0.978835
0.847515, -0.0543144, 0.973365
stamp: 14479000000
0.804188, 0.42403, 0.971432
1.34337, 0.38832, 0.956326
1.31337, 0.411948, 0.954233
1.35352, 0.414359, 0.959276
0.880029, -0.0493781, 0.978698
0.850267, -0.0728666, 0.971415
0.850946, -0.0185476, 0.978829
0.840222, -0.0484111, 0.973333
stamp: 14490000000
0.796801, 0.429419, 0.971338
1.33745, 0.394876, 0.95583
1.30624, 0.417714, 0.954416
1.34665, 0.419755, 0.958852
0.872858, -0.0438379, 0.9786
0.842993, -0.0672613, 0.971341
0.843586, -0.0129479, 0.979195
0.83313, -0.0427635, 0.973184
stamp: 14500000000
0.789495, 0.434449, 0.971254
1.32928, 0.40025, 0.956542
1.29891, 0.423896, 0.954601
1.33974, 0.425601, 0.958746
0.865471, -0.0383781, 0.978545
0.835678, -0.0618089, 0.971146
0.836309, -0.00731959, 0.978973
0.825769, -0.0373395, 0.973198
stamp: 14509000000
0.782026, 0.439652, 0.971182
1.32317, 0.406808, 0.955551
1.29155, 0.429704, 0.954864
1.33284, 0.431071, 0.958565
0.858021, -0.032955, 0.978434
0.828168, -0.0563066, 0.971052
0.828641, -0.00214873, 0.979063
0.818319, -0.032057, 0.973168
stamp: 14519000000
0.774321, 0.444669, 0.971133
1.31663, 0.410942, 0.953933
1.28415, 0.435303, 0.954943
1.32545, 0.436449, 0.958376
0.850372, -0.027808, 0.978359
0.820227, -0.0511413, 0.971263
0.821101, 0.00294211, 0.979014
0.810732, -0.0270214, 0.973171
stamp: 14529000000
0.766568, 0.449252, 0.970967
1.30941, 0.416025, 0.953327
1.27649, 0.440706, 0.955051
1.31766, 0.44231, 0.958746
0.842741, -0.0228714, 0.97831
0.812563, -0.0464789, 0.97104
0.813329, 0.00788856, 0.979607
0.802922, -0.0221128, 0.973402
stamp: 14540000000
0.758747, 0.453942, 0.970988
1.30323, 0.421519, 0.952816
1.26874, 0.445997, 0.955191
1.31018, 0.447412, 0.958601
0.834885, -0.0180422, 0.978303
0.804779, -0.0416572, 0.970958
0.805515, 0.01259, 0.979458
0.795053, -0.0172578, 0.973485
stamp: 14549000000
0.75088, 0.458274, 0.970863
1.2969, 0.425998, 0.951386
1.2609, 0.451255, 0.955495
1.30226, 0.452654, 0.958914
0.826894, -0.0137669, 0.978444
0.796937, -0.036956, 0.971014
0.79777, 0.0169633, 0.97936
0.787292, -0.0125093, 0.973465
stamp: 14560000000
0.742897, 0.462514, 0.970736
1.25297, 0.456349, 0.955523
1.29443, 0.457503, 0.958677
0.818843, -0.00932819, 0.978517
0.788622, -0.0325925, 0.971152
0.789756, 0.0215106, 0.979371
0.779247, -0.00826009, 0.97373
stamp: 14569000000
0.734826, 0.466676, 0.970625
1.24484, 0.461387, 0.955598
1.28601, 0.463033, 0.959264
0.810803, -0.00510419, 0.97849
0.780743, -0.0284867, 0.971002
0.781581, 0.0255858, 0.97983
0.771082, -0.00395317, 0.973659
stamp: 14579000000
0.726737, 0.470714, 0.970587
1.23662, 0.466072, 0.955913
1.27778, 0.467657, 0.959254
0.802369, -0.00113972, 0.978496
0.772212, -0.0244167, 0.970875
0.77321, 0.0295659, 0.98006
0.762749, -0.000151418, 0.973738
stamp: 14590000000
0.718432, 0.474513, 0.970538
1.22847, 0.470567, 0.955994
1.26948, 0.472279, 0.959187
0.793934, 0.00259073, 0.978441
0.763974, -0.0206313, 0.971019
0.764794, 0.0333365, 0.980222
0.754327, 0.00371762, 0.973966
1.26005, 0.446837, 0.954322
stamp: 14599000000
0.710274, 0.477966, 0.970428
1.22022, 0.475103, 0.956327
1.26071, 0.47681, 0.959822
0.785589, 0.00623558, 0.978434
0.75551, -0.0170137, 0.971198
0.756442, 0.036932, 0.980266
0.745933, 0.00738365, 0.974047
1.25228, 0.451209, 0.954155
stamp: 14609000000
0.701918, 0.481574, 0.970444
1.21191, 0.479034, 0.956519
1.25217, 0.481116, 0.960013
0.777161, 0.0097716, 0.978464
0.746919, -0.0136199, 0.97118
0.74786, 0.0402249, 0.980419
0.737411, 0.0106871, 0.974219
1.24341, 0.455686, 0.954664
stamp: 14620000000
0.693488, 0.484784, 0.970303
1.20332, 0.483242, 0.956688
1.24374, 0.485174, 0.959972
0.768563, 0.0129305, 0.978521
0.738439, -0.0104542, 0.971107
0.739211, 0.043489, 0.980669
0.728783, 0.0138811, 0.974432
1.23476, 0.459779, 0.954656
stamp: 14629000000
0.685165, 0.487891, 0.970363
1.19476, 0.487056, 0.956775
1.23509, 0.489286, 0.96029
0.759802, 0.0159469, 0.978533
0.729736, -0.00742482, 0.971209
0.730484, 0.0464401, 0.980737
0.720209, 0.0168419, 0.974646
1.22591, 0.463507, 0.954773
stamp: 14640000000
0.676467, 0.490824, 0.970348
1.18601, 0.490956, 0.956831
1.22623, 0.49286, 0.960491
0.751123, 0.0186623, 0.978501
0.720788, -0.00456174, 0.971279
0.721964, 0.0491771, 0.981293
0.711305, 0.0196764, 0.974757
1.21741, 0.467333, 0.955143
stamp: 14650000000
0.667843, 0.493608, 0.970288
1.17717, 0.494585, 0.956921
1.21733, 0.49657, 0.960621
0.74231, 0.0213289, 0.978526
0.711942, -0.00197867, 0.971548
0.712824, 0.0518398, 0.981287
0.702524, 0.0223736, 0.974811
1.20818, 0.470884, 0.955357
stamp: 14659000000
0.659277, 0.496105, 0.970151
1.16802, 0.498066, 0.956787
1.20847, 0.500143, 0.960723
0.733306, 0.0238794, 0.97859
0.702984, 0.000495527, 0.971489
0.704212, 0.054118, 0.981469
0.69379, 0.0246204, 0.975167
1.19934, 0.474452, 0.955424
stamp: 14669000000
0.650641, 0.498666, 0.970295
1.15888, 0.501272, 0.956633
1.19918, 0.503437, 0.961211
0.72433, 0.0261013, 0.97858
0.694246, 0.00259654, 0.971435
0.695062, 0.0565664, 0.981446
0.684791, 0.0267806, 0.975285
1.19011, 0.477684, 0.955841
stamp: 14680000000
0.641896, 0.501031, 0.970288
1.14978, 0.504478, 0.95653
1.18993, 0.506818, 0.961573
0.715325, 0.0281546, 0.978598
0.685076, 0.00466307, 0.971513
0.686007, 0.0585083, 0.981653
0.675815, 0.029012, 0.975311
1.18075, 0.481096, 0.956748
stamp: 14690000000
0.633012, 0.502971, 0.970262
1.14047, 0.507687, 0.95629
1.18041, 0.509613, 0.961831
0.706258, 0.0299028, 0.978599
0.675945, 0.00658289, 0.971653
0.676909, 0.060378, 0.981785
0.666627, 0.0307789, 0.975378
1.17185, 0.483674, 0.956623
stamp: 14699000000
0.624153, 0.504788, 0.970236
1.13073, 0.510418, 0.95602
1.17098, 0.512426, 0.962115
0.697079, 0.031353, 0.978745
0.666948, 0.00804457, 0.972012
0.667752, 0.0619685, 0.981859
0.657526, 0.0323883, 0.975499
1.16216, 0.486511, 0.957022
stamp: 14710000000
0.61522, 0.506597, 0.970284
1.12123, 0.513144, 0.955678
1.16117, 0.515205, 0.962466
0.687943, 0.0328105, 0.978661
0.657721, 0.00959775, 0.971813
0.658447, 0.0633651, 0.982018
0.648243, 0.0339205, 0.975518
1.15222, 0.489522, 0.957847
stamp: 14719000000
0.606534, 0.508186, 0.970371
1.11126, 0.515924, 0.955507
1.15117, 0.517883, 0.96288
0.678676, 0.0341752, 0.978674
0.648392, 0.0108362, 0.971683
0.649245, 0.0646571, 0.981947
0.638989, 0.0351713, 0.975613
1.14264, 0.49204, 0.957894
stamp: 14729000000
0.597442, 0.509529, 0.970565
1.10124, 0.518297, 0.955446
1.14115, 0.520361, 0.963111
0.669377, 0.0352526, 0.978473
0.639142, 0.0119108, 0.97166
0.63988, 0.0656422, 0.982114
0.629653, 0.0361105, 0.975869
1.13215, 0.494725, 0.958509
stamp: 14740000000
0.588518, 0.51067, 0.970578
1.09129, 0.520523, 0.955309
1.13087, 0.522669, 0.963459
0.659958, 0.0361604, 0.978263
0.629817, 0.0127577, 0.971812
0.63057, 0.0666342, 0.98217
0.62028, 0.0369439, 0.975607
1.12209, 0.496882, 0.958829
stamp: 14749000000
0.57941, 0.511727, 0.970638
1.08082, 0.522893, 0.95553
1.12043, 0.524888, 0.96399
0.650672, 0.0368312, 0.97827
0.620531, 0.0132662, 0.971788
0.621221, 0.0670961, 0.982103
0.610973, 0.0375699, 0.97577
1.11192, 0.499001, 0.958799
stamp: 14759000000
0.570428, 0.512465, 0.970642
1.07016, 0.525058, 0.955845
1.10987, 0.526899, 0.964213
0.641223, 0.0371466, 0.978042
0.611188, 0.0138225, 0.971904
0.61173, 0.0676519, 0.98209
0.601542, 0.0380308, 0.975829
1.10103, 0.501336, 0.959465
stamp: 14769000000
0.561542, 0.512988, 0.970844
1.05955, 0.526915, 0.956312
1.09937, 0.528483, 0.964137
0.631756, 0.0375377, 0.977956
0.601693, 0.0140388, 0.971629
0.602248, 0.0679478, 0.982147
0.592056, 0.0382401, 0.975785
1.09062, 0.502861, 0.959171
stamp: 14779000000
0.552348, 0.513504, 0.970828
1.0489, 0.528207, 0.957045
1.08863, 0.530237, 0.964412
0.622243, 0.0375521, 0.977815
0.592252, 0.014052, 0.971395
0.592814, 0.0679596, 0.982056
0.582632, 0.0383911, 0.975728
1.07986, 0.50446, 0.959549
stamp: 14789000000
0.543263, 0.513609, 0.970935
1.03816, 0.529514, 0.958092
1.07809, 0.531888, 0.964502
0.612779, 0.0375291, 0.977682
0.582619, 0.0139387, 0.97144
0.583313, 0.0677538, 0.982013
0.573157, 0.0382419, 0.975627
1.06935, 0.506146, 0.959021
stamp: 14799000000
0.534184, 0.513581, 0.970877
1.02712, 0.530598, 0.959149
1.06723, 0.533006, 0.964299
0.603375, 0.0370461, 0.977487
0.573247, 0.013583, 0.971663
0.573768, 0.0675115, 0.982159
0.563593, 0.0379018, 0.975621
1.05819, 0.507495, 0.959248
stamp: 14809000000
0.524894, 0.513472, 0.970977
1.01621, 0.531941, 0.960249
1.05625, 0.534294, 0.964384
0.593838, 0.0366021, 0.977297
0.563622, 0.0131333, 0.971297
0.564377, 0.0669999, 0.982009
0.55397, 0.0373173, 0.97549
1.04781, 0.508482, 0.958992
stamp: 14819000000
0.515825, 0.513029, 0.971138
1.00521, 0.532664, 0.961474
1.04548, 0.53533, 0.964334
0.584328, 0.0358662, 0.977072
0.553857, 0.0123909, 0.971076
0.554738, 0.0661241, 0.98178
0.544456, 0.0364903, 0.975536
1.03688, 0.509539, 0.958915
stamp: 14829000000
0.506724, 0.512431, 0.971091
0.994187, 0.533355, 0.962807
1.03439, 0.53613, 0.96419
0.574767, 0.0349618, 0.976908
0.544543, 0.0112713, 0.971122
0.545072, 0.0651943, 0.981868
0.534956, 0.0356038, 0.97538
1.0258, 0.510566, 0.958535
stamp: 14839000000
0.497463, 0.511575, 0.970981
0.982841, 0.533829, 0.963939
1.02347, 0.536916, 0.964184
0.565254, 0.0337837, 0.976826
0.535123, 0.0103159, 0.971028
0.53561, 0.0639987, 0.981823
0.525455, 0.0344135, 0.975441
1.01491, 0.511045, 0.958095
stamp: 14849000000
0.488325, 0.510575, 0.97109
0.971625, 0.533864, 0.964821
1.01213, 0.537455, 0.964043
0.555642, 0.0324105, 0.976493
0.525509, 0.00892472, 0.970935
0.526105, 0.0626883, 0.981808
0.515825, 0.0331643, 0.975206
1.00357, 0.51171, 0.957896
stamp: 14859000000
0.479107, 0.509379, 0.971156
0.960657, 0.534047, 0.965327
1.00111, 0.537706, 0.963815
0.54613, 0.0310338, 0.976436
0.515921, 0.0074206, 0.970918
0.516541, 0.0611546, 0.981739
0.506224, 0.0316079, 0.975247
0.992666, 0.512215, 0.957934
stamp: 14869000000
0.470032, 0.508117, 0.97152
0.949498, 0.533927, 0.965803
0.98986, 0.537817, 0.963926
0.536612, 0.0292573, 0.97623
0.506297, 0.00562881, 0.970648
0.50701, 0.0593122, 0.981635
0.496629, 0.0298373, 0.975223
0.981588, 0.512637, 0.958759
stamp: 14879000000
0.461111, 0.506231, 0.971506
0.938474, 0.533737, 0.966249
0.978688, 0.537606, 0.963703
0.526972, 0.027386, 0.976177
0.49672, 0.00365306, 0.970376
0.497323, 0.0573777, 0.981612
0.48698, 0.0280098, 0.975058
0.970895, 0.512875, 0.959034
stamp: 14889000000
0.4519, 0.504557, 0.971435
0.927215, 0.533316, 0.966487
0.967348, 0.537457, 0.963935
0.517489, 0.0251267, 0.976054
0.487179, 0.00156082, 0.970566
0.487819, 0.0552966, 0.981632
0.477611, 0.0257814, 0.975207
0.959182, 0.512172, 0.958437
stamp: 14899000000
0.442825, 0.502711, 0.971678
0.916016, 0.532704, 0.966456
0.956237, 0.536807, 0.963628
0.507818, 0.0228101, 0.976007
0.47755, -0.000686975, 0.970435
0.478308, 0.0529102, 0.981502
0.468004, 0.0234488, 0.97523
0.948046, 0.511441, 0.957874
stamp: 14909000000
0.433822, 0.500282, 0.971866
0.905026, 0.531732, 0.966598
0.945113, 0.535874, 0.963889
0.498419, 0.0201688, 0.975802
0.468332, -0.00318268, 0.970791
0.468774, 0.0503242, 0.98157
0.458504, 0.020791, 0.975206
0.937139, 0.510568, 0.957404
stamp: 14919000000
0.424724, 0.49804, 0.971749
0.8941, 0.530625, 0.966595
0.934119, 0.534801, 0.963676
0.488806, 0.0175411, 0.975774
0.458807, -0.00598403, 0.970697
0.459214, 0.0476533, 0.981501
0.448989, 0.018023, 0.975145
0.925834, 0.509585, 0.958048
stamp: 14929000000
0.415654, 0.495257, 0.97199
0.883216, 0.52922, 0.966443
0.923357, 0.533568, 0.963637
0.479216, 0.0145397, 0.97557
0.449314, -0.00893166, 0.970422
0.44986, 0.0446212, 0.981487
0.439559, 0.015118, 0.975162
0.915047, 0.507969, 0.957214
stamp: 14940000000
0.406707, 0.492496, 0.971957
0.87258, 0.527787, 0.966523
0.912599, 0.531846, 0.963522
0.469832, 0.0114368, 0.975549
0.439731, -0.0120653, 0.970416
0.440282, 0.0415783, 0.981529
0.430265, 0.0119752, 0.975498
0.903424, 0.505339, 0.955314
stamp: 14949000000
0.397755, 0.489557, 0.972198
0.861933, 0.526132, 0.966724
0.902017, 0.529925, 0.963491
0.460436, 0.00803969, 0.97541
0.430487, -0.0153914, 0.970818
0.430861, 0.0381809, 0.981545
0.420865, 0.00873506, 0.975504
0.892018, 0.502867, 0.953537
stamp: 14960000000
0.388836, 0.486317, 0.972232
0.851428, 0.524157, 0.966892
0.891439, 0.527947, 0.96335
0.45117, 0.00486483, 0.975397
0.42103, -0.0189725, 0.970731
0.421523, 0.0346645, 0.981677
0.411263, 0.00527051, 0.97541
0.881435, 0.500902, 0.953473
stamp: 14969000000
0.379841, 0.482706, 0.972303
0.841101, 0.521622, 0.966974
0.881171, 0.525588, 0.963315
0.441899, 0.000997917, 0.975734
0.41167, -0.0227909, 0.970991
0.412232, 0.030864, 0.981758
0.401959, 0.00142075, 0.97565
0.871231, 0.498859, 0.95386
stamp: 14980000000
0.370994, 0.479461, 0.972552
0.830881, 0.518695, 0.967512
0.870878, 0.522889, 0.963094
0.432543, -0.00278645, 0.975701
0.402453, -0.0266506, 0.970842
0.402884, 0.0270465, 0.981926
0.39266, -0.00243602, 0.975665
0.86135, 0.496634, 0.954545
stamp: 14990000000
0.362164, 0.475521, 0.972584
0.820659, 0.515761, 0.96768
0.860681, 0.520045, 0.963107
0.423225, -0.0068731, 0.975563
0.393285, -0.0308056, 0.971044
0.393503, 0.022738, 0.982169
0.383248, -0.00662241, 0.975845
0.851771, 0.493934, 0.95531
stamp: 14999000000
0.353426, 0.4714, 0.972815
0.811078, 0.512466, 0.967918
0.850648, 0.516867, 0.962819
0.413931, -0.0111521, 0.975701
0.383879, -0.0351553, 0.971319
0.384358, 0.0185866, 0.982274
0.374046, -0.011038, 0.976048
0.84274, 0.491976, 0.957842
stamp: 15010000000
0.344684, 0.467242, 0.972991
0.801387, 0.50909, 0.968188
0.840928, 0.513375, 0.962868
0.404698, -0.015759, 0.975911
0.374742, -0.0397628, 0.971523
0.375041, 0.0140375, 0.982496
0.36488, -0.0155883, 0.976185
0.832598, 0.488086, 0.957304
stamp: 15020000000
0.335984, 0.46281, 0.973047
0.791495, 0.505423, 0.968121
0.831056, 0.509689, 0.962905
0.395547, -0.020455, 0.975954
0.365566, -0.0443249, 0.971416
0.365932, 0.00939494, 0.982774
0.355731, -0.0203593, 0.976411
0.823344, 0.484639, 0.957671
stamp: 15029000000
0.327233, 0.45826, 0.973183
0.781829, 0.501548, 0.968527
0.821414, 0.505759, 0.962759
0.386406, -0.0251897, 0.975912
0.356435, -0.0492633, 0.971708
0.35677, 0.00443428, 0.982769
0.346694, -0.0252316, 0.976621
0.813236, 0.480344, 0.957093
stamp: 15040000000
0.318671, 0.453519, 0.97341
0.772556, 0.497166, 0.968498
0.811899, 0.501413, 0.962806
0.377497, -0.0303586, 0.976157
0.347408, -0.054444, 0.972018
0.347621, -0.000640193, 0.982951
0.337468, -0.0303217, 0.97683
0.804219, 0.476314, 0.9576
stamp: 15050000000
0.310086, 0.448348, 0.973474
0.763031, 0.492367, 0.968591
0.802587, 0.496929, 0.962885
0.368328, -0.0355731, 0.97628
0.338386, -0.0596646, 0.972197
0.338781, -0.00593715, 0.983015
0.328321, -0.03546, 0.976874
0.795088, 0.471902, 0.958629
stamp: 15059000000
0.301656, 0.443152, 0.973772
0.754148, 0.488102, 0.968864
0.793491, 0.492144, 0.962969
0.359393, -0.0410637, 0.976356
0.329287, -0.0651354, 0.972356
0.329863, -0.0113877, 0.983452
0.319337, -0.0409948, 0.977112
0.7857, 0.467325, 0.958086
stamp: 15069000000
0.29321, 0.437793, 0.973891
0.745013, 0.482798, 0.968757
0.784449, 0.487099, 0.963147
0.350381, -0.046602, 0.976423
0.320478, -0.0706903, 0.972627
0.320714, -0.016963, 0.983591
0.310621, -0.0467181, 0.977511
0.776482, 0.461917, 0.958145
stamp: 15079000000
0.28477, 0.43224, 0.974082
0.735981, 0.47769, 0.968828
0.775622, 0.48183, 0.963272
0.341598, -0.0523248, 0.976616
0.311727, -0.0766247, 0.972819
0.311824, -0.0227006, 0.983726
0.301703, -0.0524872, 0.977726
0.76745, 0.456734, 0.957922
stamp: 15090000000
0.276412, 0.426564, 0.974151
0.727326, 0.472144, 0.969144
0.766853, 0.476325, 0.96348
0.332827, -0.058302, 0.976867
0.302692, -0.0825303, 0.972961
0.302975, -0.0286597, 0.983714
0.292885, -0.0584356, 0.97798
0.758409, 0.450897, 0.957329
stamp: 15100000000
0.268322, 0.42059, 0.974378
0.718843, 0.466525, 0.969134
0.758373, 0.470534, 0.963708
0.324051, -0.0645394, 0.977002
0.294216, -0.0887992, 0.973512
0.294333, -0.0348253, 0.984028
0.284226, -0.0645862, 0.97826
0.750342, 0.445421, 0.958559
stamp: 15109000000
0.259881, 0.414814, 0.974489
0.71008, 0.460099, 0.969105
0.749901, 0.464467, 0.963875
0.31536, -0.0707871, 0.977082
0.285448, -0.0951269, 0.973591
0.285686, -0.0412611, 0.984111
0.275475, -0.0710023, 0.97853
0.741787, 0.439251, 0.958455
stamp: 15119000000
0.251529, 0.408543, 0.974599
0.701937, 0.453919, 0.96933
0.741534, 0.458248, 0.964089
0.30674, -0.077287, 0.977319
0.276537, -0.101524, 0.973622
0.277105, -0.0476054, 0.984255
0.266808, -0.0774525, 0.978608
0.733662, 0.433336, 0.959235
stamp: 15130000000
0.243456, 0.402183, 0.97478
0.693658, 0.447368, 0.969423
0.733368, 0.451672, 0.964236
0.298123, -0.0838149, 0.977532
0.268337, -0.108236, 0.974144
0.26841, -0.054406, 0.984576
0.258382, -0.0841163, 0.978783
0.725493, 0.426628, 0.959616
stamp: 15140000000
0.235423, 0.395435, 0.97491
0.685455, 0.440652, 0.969212
0.72534, 0.444916, 0.964533
0.289833, -0.0907483, 0.977749
0.259738, -0.115072, 0.973984
0.259798, -0.0612129, 0.984689
0.249793, -0.0909249, 0.979006
0.717388, 0.419715, 0.958958
stamp: 15149000000
0.227241, 0.388777, 0.975007
0.67771, 0.433903, 0.969513
0.717456, 0.4379, 0.964684
0.281242, -0.0977708, 0.977755
0.25132, -0.122042, 0.974258
0.251449, -0.0681149, 0.984791
0.241355, -0.0980473, 0.979214
0.709613, 0.412775, 0.959772
stamp: 15160000000
0.219291, 0.381706, 0.975214
0.669822, 0.426585, 0.969694
0.709578, 0.430759, 0.964936
0.272867, -0.104786, 0.977859
0.242995, -0.129146, 0.974587
0.243216, -0.0752959, 0.984894
0.23313, -0.105112, 0.979415
0.701952, 0.405515, 0.961027
stamp: 15169000000
0.211407, 0.374846, 0.975311
0.662119, 0.419434, 0.96986
0.702017, 0.423467, 0.965244
0.264632, -0.112084, 0.977923
0.234685, -0.136446, 0.974704
0.234932, -0.0824828, 0.985009
0.224702, -0.112268, 0.979251
0.694595, 0.398401, 0.962503
stamp: 15179000000
0.203612, 0.367435, 0.97557
0.654824, 0.411872, 0.96994
0.694403, 0.415779, 0.965509
0.256322, -0.11961, 0.977983
0.226696, -0.143838, 0.974963
0.226535, -0.0898901, 0.984934
0.216613, -0.119869, 0.979555
0.686585, 0.390674, 0.960687
stamp: 15190000000
0.195781, 0.360101, 0.975581
0.647301, 0.404443, 0.970186
0.686985, 0.407928, 0.96578
0.248195, -0.127076, 0.978085
0.218296, -0.151492, 0.975044
0.218519, -0.0975427, 0.98499
0.208535, -0.127321, 0.979703
0.678212, 0.382548, 0.960256
stamp: 15199000000
0.188088, 0.352577, 0.975784
0.639838, 0.3965, 0.970305
0.679642, 0.399909, 0.966162
0.240251, -0.134903, 0.978196
0.210204, -0.159265, 0.975031
0.210385, -0.105245, 0.984917
0.200414, -0.135123, 0.979759
0.670746, 0.374474, 0.95999
stamp: 15209000000
0.18038, 0.344936, 0.975777
0.632745, 0.388392, 0.970481
0.672427, 0.391749, 0.966573
0.23223, -0.142696, 0.97815
0.202355, -0.167122, 0.974938
0.202528, -0.11299, 0.984927
0.192375, -0.142993, 0.979649
0.663366, 0.366215, 0.960307
stamp: 15220000000
0.172661, 0.337154, 0.975837
0.625616, 0.379717, 0.970896
0.665227, 0.383285, 0.966864
0.224285, -0.150608, 0.978218
0.194352, -0.175151, 0.975098
0.194557, -0.121045, 0.985021
0.184465, -0.151009, 0.979714
0.657734, 0.358123, 0.963009
stamp: 15230000000
0.165101, 0.329197, 0.976028
0.618675, 0.371424, 0.971038
0.658535, 0.375022, 0.967465
0.216325, -0.158945, 0.978136
0.186527, -0.183232, 0.975187
0.186629, -0.129115, 0.984743
0.176473, -0.159174, 0.979666
0.65028, 0.349544, 0.962516
stamp: 15240000000
0.157762, 0.321109, 0.976227
0.611525, 0.362843, 0.971126
0.651556, 0.36631, 0.967855
0.208735, -0.167159, 0.978255
0.178876, -0.191565, 0.975299
0.178737, -0.13741, 0.984693
0.168715, -0.167404, 0.979757
0.642804, 0.341007, 0.962594
stamp: 15250000000
0.150288, 0.312919, 0.976335
0.604694, 0.353843, 0.971266
0.644638, 0.357322, 0.968238
0.200982, -0.175496, 0.978129
0.171038, -0.199964, 0.975255
0.171217, -0.1458, 0.984585
0.161102, -0.175849, 0.979637
0.636682, 0.331813, 0.963999
stamp: 15259000000
0.142729, 0.304724, 0.976493
0.597669, 0.34492, 0.971405
0.63787, 0.348271, 0.968425
0.193082, -0.183946, 0.977928
0.163163, -0.208433, 0.97521
0.163278, -0.154213, 0.984366
0.153382, -0.184228, 0.979343
0.629289, 0.322557, 0.963284
stamp: 15269000000
0.135455, 0.296343, 0.97639
0.591065, 0.33551, 0.971822
0.631157, 0.338973, 0.968768
0.185674, -0.192584, 0.977972
0.155807, -0.217189, 0.975179
0.155787, -0.162979, 0.984349
0.145669, -0.192986, 0.979324
0.622914, 0.313225, 0.964974
stamp: 15280000000
0.128404, 0.287779, 0.976628
0.584232, 0.326162, 0.972035
0.624425, 0.329588, 0.969129
0.178161, -0.201396, 0.977836
0.148145, -0.22598, 0.975062
0.14845, -0.171599, 0.984139
0.138198, -0.201819, 0.979228
0.615897, 0.303879, 0.964705
stamp: 15290000000
0.121145, 0.279095, 0.976709
0.577567, 0.316819, 0.972123
0.617808, 0.319968, 0.969505
0.170592, -0.210333, 0.977901
0.140654, -0.234781, 0.97493
0.140662, -0.180723, 0.983683
0.130651, -0.210655, 0.979172
0.609594, 0.294385, 0.965872
stamp: 15300000000
0.113809, 0.270459, 0.976774
0.571122, 0.307292, 0.972483
0.6113, 0.310214, 0.969873
0.163242, -0.219391, 0.977711
0.133324, -0.243899, 0.974865
0.133305, -0.18983, 0.98354
0.123394, -0.219685, 0.978861
0.602829, 0.284432, 0.96597
stamp: 15309000000
0.10653, 0.261516, 0.976638
0.564529, 0.297218, 0.972641
0.60475, 0.300314, 0.970173
0.155806, -0.228433, 0.977585
0.125688, -0.253, 0.974771
0.125879, -0.198813, 0.983195
0.115925, -0.228714, 0.97877
0.596219, 0.274874, 0.966492
stamp: 15319000000
0.099746, 0.25265, 0.976769
0.558052, 0.287496, 0.972859
0.598349, 0.290399, 0.970518
0.148293, -0.237707, 0.977371
0.118346, -0.262255, 0.974862
0.11865, -0.207864, 0.982974
0.108623, -0.237953, 0.978613
0.589331, 0.264786, 0.96649
stamp: 15330000000
0.0928418, 0.24345, 0.976813
0.551706, 0.277321, 0.973203
0.591936, 0.280277, 0.970942
0.141222, -0.246903, 0.977328
0.111063, -0.27164, 0.974699
0.111446, -0.217172, 0.982923
0.101194, -0.247282, 0.978411
0.583342, 0.254506, 0.966933
stamp: 15340000000
0.0858442, 0.234475, 0.976933
0.545502, 0.267122, 0.973215
0.585542, 0.270029, 0.971211
0.133905, -0.256551, 0.977151
0.103802, -0.28107, 0.974671
0.104349, -0.226572, 0.982641
0.0940855, -0.256815, 0.978252
0.576884, 0.244306, 0.967741
stamp: 15349000000
0.0789134, 0.225146, 0.97707
0.539106, 0.256932, 0.973363
0.57925, 0.259701, 0.971646
0.126726, -0.265981, 0.97732
0.0966782, -0.290598, 0.974661
0.0968848, -0.236215, 0.982165
0.0868644, -0.266151, 0.978141
0.5706, 0.233783, 0.968234
stamp: 15360000000
0.0719959, 0.215914, 0.977044
0.532619, 0.246364, 0.973706
0.572846, 0.249186, 0.971954
0.119529, -0.275734, 0.977178
0.0896543, -0.300158, 0.974563
0.0897361, -0.245756, 0.982058
0.0797744, -0.275861, 0.978047
0.564312, 0.223516, 0.968397
stamp: 15370000000
0.0653248, 0.206461, 0.977072
0.52648, 0.23606, 0.973783
0.566617, 0.238695, 0.97232
0.112558, -0.285498, 0.977204
0.0823076, -0.309996, 0.97458
0.0826107, -0.25553, 0.981758
0.0726003, -0.285728, 0.977971
0.557857, 0.213026, 0.968897
stamp: 15380000000
0.0585612, 0.197091, 0.97692
0.520128, 0.225329, 0.974033
0.560354, 0.228134, 0.972638
0.105463, -0.295107, 0.977092
0.0754818, -0.319898, 0.974592
0.0756378, -0.265373, 0.981755
0.0656457, -0.295463, 0.977951
0.551445, 0.202394, 0.96897
stamp: 15390000000
0.052104, 0.187446, 0.977058
0.514009, 0.214623, 0.973992
0.554182, 0.217318, 0.97295
0.0983259, -0.30503, 0.977122
0.0684169, -0.329578, 0.974705
0.0683552, -0.275066, 0.981244
0.0586138, -0.305196, 0.97773
0.545382, 0.191516, 0.969577
stamp: 15399000000
0.0453684, 0.177744, 0.976992
0.50789, 0.203782, 0.974295
0.547917, 0.206481, 0.97328
0.091422, -0.315008, 0.977134
0.061531, -0.339673, 0.974829
0.061634, -0.285162, 0.981218
0.0515826, -0.315203, 0.977625
0.539074, 0.180787, 0.969855
stamp: 15409000000
0.0387039, 0.168216, 0.976943
0.501496, 0.193089, 0.974477
0.541752, 0.195586, 0.973448
0.0845155, -0.325154, 0.977206
0.0544954, -0.349741, 0.974883
0.054645, -0.295072, 0.981067
0.0447113, -0.32528, 0.977729
0.532846, 0.169956, 0.970209
stamp: 15420000000
0.0319797, 0.158513, 0.976825
0.495377, 0.182198, 0.974433
0.535476, 0.184664, 0.973896
0.0776457, -0.335204, 0.977394
0.0476331, -0.359753, 0.974947
0.0478159, -0.305338, 0.9811
0.0379687, -0.335356, 0.977718
0.526774, 0.158858, 0.97073
stamp: 15429000000
0.0255601, 0.148686, 0.976666
0.489274, 0.171127, 0.974615
0.529339, 0.173613, 0.974038
0.0707555, -0.345547, 0.97729
0.0408778, -0.36991, 0.975141
0.040989, -0.315264, 0.980925
0.0310157, -0.345591, 0.977592
0.520576, 0.14782, 0.971239
stamp: 15440000000
0.0191886, 0.138915, 0.976751
0.483124, 0.160176, 0.97456
0.523118, 0.162536, 0.974254
0.0638379, -0.355446, 0.977372
0.0338052, -0.379947, 0.97489
0.0343866, -0.325484, 0.98109
0.0241431, -0.355632, 0.97754
0.51436, 0.136689, 0.971621
stamp: 15450000000
0.0126311, 0.129023, 0.976599
0.476687, 0.148997, 0.974872
0.516847, 0.1515, 0.974458
0.0571752, -0.365813, 0.977379
0.0269949, -0.390435, 0.975134
0.0273637, -0.335686, 0.980563
0.0172943, -0.365913, 0.977427
0.507976, 0.125723, 0.97184
stamp: 15459000000
0.00625123, 0.119208, 0.976674
0.470578, 0.138003, 0.974927
0.510725, 0.140317, 0.974664
0.0501728, -0.376156, 0.97758
0.0200211, -0.400703, 0.975273
0.0206921, -0.345896, 0.980468
0.0104651, -0.376166, 0.977628
0.501546, 0.114599, 0.971876
stamp: 15470000000
-3.45353e-05, 0.1093, 0.976536
0.464481, 0.126706, 0.975089
0.50454, 0.129066, 0.974731
0.0434464, -0.386364, 0.977694
0.0132598, -0.411022, 0.975768
0.0136549, -0.356284, 0.980346
0.00373844, -0.386561, 0.977573
0.49563, 0.103207, 0.972189
stamp: 15479000000
-0.00617491, 0.0991118, 0.976273
0.458105, 0.115511, 0.974823
0.498245, 0.117813, 0.974988
0.0367444, -0.396823, 0.977752
0.00660919, -0.421373, 0.975828
0.00698772, -0.366807, 0.980344
-0.00322471, -0.396795, 0.977414
0.489319, 0.0921124, 0.972839
stamp: 15490000000
-0.01263, 0.0892253, 0.976065
0.451859, 0.104351, 0.974809
0.492016, 0.106547, 0.975014
0.0299013, -0.407228, 0.977869
-8.57508e-05, -0.431766, 0.975746
0.000376258, -0.377195, 0.980446
-0.00997781, -0.407308, 0.977666
0.483159, 0.0806054, 0.972913
stamp: 15500000000
-0.019099, 0.0791892, 0.976137
0.445518, 0.092956, 0.974773
0.485763, 0.0952983, 0.975004
0.0233301, -0.417567, 0.97823
-0.00713875, -0.442033, 0.975943
-0.00650071, -0.38756, 0.980405
-0.0167617, -0.417649, 0.977839
0.47691, 0.0694201, 0.972993
stamp: 15509000000
-0.0254535, 0.0690127, 0.976033
0.439358, 0.0819205, 0.974804
0.479487, 0.0839608, 0.974999
0.0166249, -0.428063, 0.978391
-0.0137105, -0.452693, 0.97616
-0.0131291, -0.398081, 0.980208
-0.0234366, -0.427955, 0.977826
0.470543, 0.0581542, 0.973287
stamp: 15519000000
-0.0317621, 0.0589504, 0.975848
0.432934, 0.0705457, 0.974957
0.473173, 0.0726019, 0.975187
0.00983008, -0.438495, 0.978522
-0.0206165, -0.463065, 0.976168
-0.0200155, -0.408375, 0.980246
-0.0301943, -0.43848, 0.977788
0.464145, 0.0468223, 0.973487
stamp: 15530000000
-0.0377982, 0.0491692, 0.975727
0.426724, 0.0591528, 0.974558
0.466879, 0.0612751, 0.975123
0.00321966, -0.449139, 0.978756
-0.027164, -0.473665, 0.976551
-0.026575, -0.419026, 0.980217
-0.0369001, -0.449051, 0.977943
0.457849, 0.0353997, 0.973357
stamp: 15540000000
-0.0440699, 0.0388788, 0.975643
0.420397, 0.0478781, 0.974427
0.460514, 0.0499118, 0.97506
-0.00329854, -0.45983, 0.978894
-0.0339464, -0.484165, 0.976786
-0.0332941, -0.429546, 0.98028
-0.0436522, -0.459624, 0.978083
0.451437, 0.0241428, 0.973314
stamp: 15550000000
-0.0503724, 0.0287623, 0.975559
0.413927, 0.03645, 0.974395
0.454132, 0.0385858, 0.974961
-0.0101653, -0.470171, 0.979101
-0.0407327, -0.494409, 0.977034
-0.0397638, -0.439893, 0.980454
-0.0502929, -0.469986, 0.978142
0.445017, 0.0127532, 0.973302
stamp: 15559000000
-0.0564801, 0.0188042, 0.975453
0.407641, 0.0253438, 0.974301
0.447714, 0.0272837, 0.97479
-0.0168417, -0.480774, 0.9793
-0.047385, -0.505085, 0.977216
-0.0467476, -0.450473, 0.980166
-0.057047, -0.480568, 0.978126
0.438778, 0.00150893, 0.973446
stamp: 15569000000
-0.0627045, 0.00869233, 0.975414
0.401052, 0.0140714, 0.973918
0.441258, 0.0159248, 0.974708
-0.023577, -0.491109, 0.979496
-0.0540564, -0.515656, 0.977401
-0.0532921, -0.460993, 0.980395
-0.0636915, -0.491007, 0.978246
0.432434, -0.00981395, 0.973317
stamp: 15579000000
-0.0689477, -0.00125817, 0.975268
0.39462, 0.00285923, 0.97376
0.434891, 0.00482031, 0.97463
-0.0303013, -0.501715, 0.979626
-0.0609113, -0.52608, 0.977579
-0.0601615, -0.471426, 0.980113
-0.0704814, -0.501488, 0.978229
0.425787, -0.0211832, 0.973372
stamp: 15590000000
-0.0751202, -0.0110138, 0.975136
0.388155, -0.00848004, 0.973648
0.428424, -0.00645578, 0.974531
-0.0370134, -0.51225, 0.979745
-0.0675105, -0.536601, 0.977563
-0.0668261, -0.481916, 0.980011
-0.0772006, -0.512081, 0.978257
0.419321, -0.032287, 0.973293
stamp: 15599000000
-0.0811123, -0.0209349, 0.975132
0.381482, -0.0196904, 0.973569
0.421893, -0.0176807, 0.974372
-0.0437397, -0.522785, 0.979807
-0.0743313, -0.547177, 0.977776
-0.073467, -0.492421, 0.979962
-0.0838914, -0.522538, 0.978346
0.412698, -0.0435287, 0.973289
stamp: 15610000000
-0.087324, -0.0308607, 0.975025
0.374949, -0.0307098, 0.973113
0.415289, -0.0288803, 0.974108
-0.0505043, -0.533165, 0.979921
-0.0809795, -0.557579, 0.977943
-0.0803359, -0.50294, 0.979857
-0.0906493, -0.532937, 0.978267
0.406184, -0.054779, 0.973233
stamp: 15619000000
-0.0933977, -0.0406329, 0.974877
0.368296, -0.0418948, 0.972919
0.408751, -0.0400985, 0.973986
-0.0572122, -0.543578, 0.9799
-0.0878901, -0.568029, 0.977997
-0.087039, -0.513334, 0.979948
-0.0973447, -0.543492, 0.978414
0.399481, -0.0661029, 0.973048
stamp: 15629000000
-0.099545, -0.0505075, 0.974725
0.361662, -0.0531515, 0.972694
0.402033, -0.051145, 0.97364
-0.0639065, -0.553935, 0.980003
-0.0945491, -0.578437, 0.977893
-0.0937351, -0.523822, 0.979588
-0.104135, -0.553765, 0.978137
0.392971, -0.0770758, 0.97296
stamp: 15640000000
-0.105564, -0.0603671, 0.974746
0.354963, -0.0641488, 0.97261
0.39543, -0.0622854, 0.973587
-0.0706934, -0.564432, 0.980002
-0.101293, -0.588822, 0.978012
-0.100462, -0.534057, 0.979457
-0.110882, -0.56425, 0.978152
0.386289, -0.0881557, 0.972966
stamp: 15649000000
-0.111811, -0.0702169, 0.974515
0.348181, -0.0750378, 0.9722
0.388662, -0.0732286, 0.973254
-0.0775393, -0.57474, 0.979862
-0.108037, -0.599194, 0.978116
-0.107403, -0.544431, 0.979249
-0.11756, -0.574454, 0.977936
0.379589, -0.0993033, 0.972778
stamp: 15659000000
-0.117949, -0.0799918, 0.974493
0.341355, -0.0860399, 0.97189
0.381948, -0.084297, 0.973137
-0.0842478, -0.584938, 0.979893
-0.114852, -0.609392, 0.978024
-0.113979, -0.554917, 0.979007
-0.12438, -0.584954, 0.977993
0.372695, -0.110141, 0.972645
stamp: 15670000000
-0.124117, -0.0895664, 0.974423
0.33468, -0.0969494, 0.971595
0.3751, -0.0951771, 0.972885
-0.0911504, -0.59545, 0.979624
-0.121745, -0.619802, 0.977973
-0.120777, -0.565089, 0.978767
-0.13126, -0.595133, 0.977849
0.365698, -0.121062, 0.972624
stamp: 15679000000
-0.130121, -0.0992187, 0.97447
0.327766, -0.107925, 0.971322
0.368304, -0.106107, 0.97269
-0.0979137, -0.605476, 0.979672
-0.128485, -0.629926, 0.977969
-0.127603, -0.57514, 0.978378
-0.138197, -0.605361, 0.977605
0.358965, -0.131957, 0.972283
stamp: 15690000000
-0.136388, -0.108782, 0.974322
0.320919, -0.118811, 0.971077
0.361385, -0.116938, 0.972474
-0.104725, -0.615778, 0.97952
-0.135422, -0.640032, 0.977937
-0.134556, -0.585426, 0.978038
-0.144933, -0.615584, 0.977417
0.351998, -0.142788, 0.97191
stamp: 15700000000
-0.142665, -0.118293, 0.974226
0.314011, -0.129364, 0.971047
0.354361, -0.127652, 0.972144
-0.111638, -0.625892, 0.979209
-0.142265, -0.650237, 0.977907
-0.141364, -0.595572, 0.977694
-0.151848, -0.625604, 0.977204
0.345275, -0.153627, 0.971953
stamp: 15710000000
-0.148803, -0.127677, 0.974065
0.307028, -0.14017, 0.9708
0.347264, -0.138215, 0.97168
-0.118717, -0.635791, 0.979039
-0.149263, -0.660366, 0.977703
-0.148511, -0.605536, 0.977327
-0.158777, -0.635633, 0.976937
0.338174, -0.164117, 0.971803
stamp: 15719000000
-0.154901, -0.137092, 0.974089
0.299938, -0.1507, 0.970561
0.340496, -0.148824, 0.971726
-0.125608, -0.645846, 0.978876
-0.156274, -0.670276, 0.97761
-0.155292, -0.61548, 0.976971
-0.165683, -0.645625, 0.976676
0.331228, -0.174749, 0.97167
stamp: 15730000000
-0.161114, -0.146258, 0.973984
0.293044, -0.161165, 0.970348
0.333303, -0.159294, 0.971327
-0.132517, -0.655946, 0.97863
-0.163024, -0.680154, 0.977451
-0.162131, -0.625697, 0.976762
-0.172585, -0.655594, 0.976355
0.324142, -0.185178, 0.971543
stamp: 15740000000
-0.167273, -0.155494, 0.973873
0.285892, -0.171482, 0.970065
0.326265, -0.169742, 0.971197
-0.139361, -0.665722, 0.978449
-0.169976, -0.690194, 0.977405
-0.169063, -0.635454, 0.97633
-0.17955, -0.665473, 0.976085
0.317054, -0.19561, 0.971594
stamp: 15749000000
-0.173624, -0.164696, 0.973685
0.278864, -0.181882, 0.969726
0.31918, -0.180159, 0.971065
-0.146314, -0.675498, 0.978184
-0.176971, -0.700036, 0.977244
-0.176285, -0.645219, 0.975762
-0.186517, -0.675272, 0.975887
0.3101, -0.206021, 0.971432
stamp: 15760000000
-0.179797, -0.173671, 0.973578
0.271552, -0.192045, 0.969661
0.311972, -0.190177, 0.970773
-0.153567, -0.685137, 0.977638
-0.183921, -0.709664, 0.976813
-0.182977, -0.654973, 0.975579
-0.193548, -0.684999, 0.975482
0.302687, -0.216075, 0.970998
stamp: 15769000000
-0.186204, -0.182784, 0.973466
0.264332, -0.202287, 0.969579
0.304756, -0.200421, 0.970593
-0.160388, -0.694732, 0.977492
-0.190948, -0.719196, 0.976641
-0.190256, -0.664653, 0.975008
-0.200645, -0.694747, 0.975176
0.295666, -0.226165, 0.970893
stamp: 15779000000
-0.192428, -0.191594, 0.9733
0.25717, -0.21219, 0.969313
0.297582, -0.210483, 0.970517
-0.167512, -0.704416, 0.977344
-0.198008, -0.728821, 0.976421
-0.197436, -0.674197, 0.974452
-0.207663, -0.70422, 0.974817
0.288418, -0.236167, 0.970922
stamp: 15789000000
-0.198729, -0.200436, 0.973211
0.249984, -0.222138, 0.969022
0.290358, -0.220387, 0.970316
-0.174743, -0.713824, 0.976923
-0.205045, -0.738369, 0.976276
-0.204386, -0.683483, 0.974074
-0.214805, -0.713645, 0.974403
0.280923, -0.246125, 0.970769
stamp: 15799000000
-0.204921, -0.20913, 0.973168
0.24254, -0.232086, 0.969017
0.283106, -0.230146, 0.970148
-0.18178, -0.72318, 0.976656
-0.212226, -0.747655, 0.97616
-0.211623, -0.693065, 0.973689
-0.22191, -0.723066, 0.974213
0.273687, -0.255997, 0.970698
stamp: 15809000000
-0.211318, -0.217627, 0.973188
0.235178, -0.241763, 0.968819
0.275648, -0.239886, 0.969856
-0.189108, -0.732524, 0.976289
-0.219465, -0.756915, 0.975806
-0.218688, -0.702339, 0.973328
-0.229126, -0.732479, 0.973879
0.26631, -0.265807, 0.970812
stamp: 15819000000
-0.217589, -0.226186, 0.97298
0.22787, -0.251417, 0.968738
0.268334, -0.249512, 0.969826
-0.196248, -0.741679, 0.975956
-0.226751, -0.766196, 0.975608
-0.226007, -0.71141, 0.973
-0.236326, -0.741495, 0.973545
0.258919, -0.275511, 0.970605
stamp: 15829000000
-0.224166, -0.234428, 0.972867
0.220304, -0.261068, 0.968525
0.260849, -0.259076, 0.96961
-0.203438, -0.750754, 0.975766
-0.234146, -0.775227, 0.975539
-0.233236, -0.720555, 0.972562
-0.243533, -0.750678, 0.97331
0.251484, -0.284929, 0.970453
stamp: 15839000000
-0.230578, -0.242736, 0.972717
0.212934, -0.27043, 0.968381
0.253369, -0.268512, 0.969399
-0.210808, -0.759852, 0.975588
-0.241318, -0.784233, 0.975421
-0.240312, -0.729641, 0.972449
-0.250929, -0.759642, 0.973112
0.244212, -0.294381, 0.970585
stamp: 15849000000
-0.237103, -0.251017, 0.972665
0.205482, -0.279482, 0.968268
0.245919, -0.277735, 0.96933
-0.218232, -0.768743, 0.975349
-0.248594, -0.793087, 0.975166
-0.247845, -0.738356, 0.971998
-0.258213, -0.768636, 0.972888
0.236471, -0.303532, 0.970373
stamp: 15860000000
-0.2435, -0.259147, 0.972542
0.197785, -0.288793, 0.968186
0.238278, -0.286918, 0.969222
-0.225406, -0.777484, 0.975351
-0.255922, -0.802046, 0.974918
-0.255226, -0.747353, 0.971585
-0.265588, -0.777492, 0.97258
0.229048, -0.312849, 0.970458
stamp: 15869000000
-0.25002, -0.267052, 0.972346
0.190344, -0.297735, 0.968055
0.230775, -0.295927, 0.969102
-0.232748, -0.786098, 0.974906
-0.263278, -0.810681, 0.974863
-0.262301, -0.755936, 0.971441
-0.27275, -0.786091, 0.972513
0.221621, -0.321674, 0.970567
stamp: 15879000000
-0.256526, -0.274788, 0.972314
0.182743, -0.306507, 0.967889
0.223124, -0.304877, 0.968884
-0.240133, -0.794724, 0.974805
-0.2706, -0.81909, 0.974806
-0.269779, -0.764547, 0.971008
-0.2803, -0.794594, 0.972249
0.213784, -0.330675, 0.970567
stamp: 15889000000
-0.263025, -0.282557, 0.972215
0.175129, -0.315548, 0.967686
0.215573, -0.313648, 0.968921
-0.247349, -0.803226, 0.9747
-0.278162, -0.827567, 0.974933
-0.27716, -0.77289, 0.970608
-0.287653, -0.802944, 0.972108
0.206145, -0.339487, 0.970383
stamp: 15899000000
-0.269726, -0.290047, 0.972038
0.167471, -0.324161, 0.967659
0.207805, -0.322274, 0.968718
-0.255016, -0.811384, 0.97438
-0.285567, -0.835868, 0.974886
-0.28445, -0.781255, 0.970357
-0.295065, -0.811202, 0.971899
0.198578, -0.348007, 0.970448
stamp: 15909000000
-0.276227, -0.297585, 0.971948
0.15968, -0.332698, 0.967582
0.200223, -0.330735, 0.968629
-0.262482, -0.819485, 0.974328
-0.293013, -0.843843, 0.975089
-0.292033, -0.789425, 0.970196
-0.302595, -0.819455, 0.971933
0.190835, -0.356511, 0.970324
stamp: 15920000000
-0.282896, -0.305072, 0.971881
0.151897, -0.340785, 0.967285
0.192442, -0.339015, 0.96852
-0.270054, -0.827531, 0.974431
-0.300598, -0.852027, 0.974876
-0.2997, -0.797536, 0.969977
-0.310061, -0.827444, 0.971829
0.183148, -0.36474, 0.970563
stamp: 15929000000
-0.289578, -0.312219, 0.971651
0.144125, -0.349039, 0.967236
0.184546, -0.34724, 0.968265
-0.277558, -0.835522, 0.974344
-0.308059, -0.859992, 0.974831
-0.307237, -0.805308, 0.969905
-0.317795, -0.835445, 0.971797
0.175294, -0.373084, 0.970447
stamp: 15940000000
-0.296178, -0.319316, 0.971644
0.136256, -0.357335, 0.967245
0.176788, -0.355299, 0.968201
-0.285242, -0.843237, 0.974537
-0.315859, -0.867728, 0.97487
-0.314731, -0.813203, 0.969997
-0.325371, -0.843197, 0.97177
0.167316, -0.381252, 0.970368
stamp: 15950000000
-0.302952, -0.326224, 0.971559
0.12852, -0.365054, 0.967038
0.168932, -0.363198, 0.968085
-0.292887, -0.850947, 0.974399
-0.323252, -0.875358, 0.975123
-0.322393, -0.820863, 0.969935
-0.333018, -0.850817, 0.971656
0.15975, -0.389051, 0.970388
stamp: 15959000000
-0.309702, -0.333076, 0.971341
0.120528, -0.372958, 0.966959
0.160956, -0.371005, 0.967815
-0.30054, -0.858352, 0.97459
-0.331197, -0.882833, 0.975273
-0.330221, -0.828279, 0.969609
-0.340584, -0.858331, 0.971842
0.151679, -0.396854, 0.970061
stamp: 15969000000
-0.31633, -0.339648, 0.971407
0.112749, -0.380558, 0.966848
0.152973, -0.378591, 0.967597
-0.308243, -0.865625, 0.974631
-0.338805, -0.890005, 0.975377
-0.337874, -0.835802, 0.969594
-0.348209, -0.865679, 0.97182
0.143529, -0.404462, 0.969917
stamp: 15979000000
-0.323264, -0.346252, 0.971302
0.104648, -0.387888, 0.966735
0.14509, -0.386076, 0.967466
-0.315742, -0.87272, 0.974806
-0.346558, -0.897308, 0.975483
-0.345683, -0.842838, 0.969538
-0.356028, -0.87281, 0.971923
0.135868, -0.411902, 0.969933
stamp: 15990000000
-0.330027, -0.352671, 0.971298
0.0966168, -0.395336, 0.966564
0.137076, -0.393307, 0.967303
-0.323547, -0.879755, 0.97478
-0.354108, -0.904462, 0.97548
-0.353414, -0.849979, 0.969548
-0.363726, -0.879916, 0.972058
0.127902, -0.419116, 0.970068
stamp: 15999000000
-0.336904, -0.358895, 0.971204
0.0886321, -0.402494, 0.96651
0.128976, -0.40046, 0.9672
-0.331535, -0.886849, 0.974845
-0.361975, -0.911313, 0.975748
-0.361276, -0.856925, 0.969511
-0.371467, -0.886802, 0.972083
0.119807, -0.426298, 0.969609
stamp: 16010000000
-0.343729, -0.364928, 0.971166
0.0805904, -0.40949, 0.966293
0.120809, -0.407473, 0.966888
-0.33955, -0.893642, 0.974763
-0.369775, -0.918129, 0.975863
-0.369031, -0.863645, 0.969522
-0.379437, -0.893559, 0.972108
0.111602, -0.433347, 0.969438
stamp: 16019000000
-0.35073, -0.370998, 0.971049
0.0724467, -0.416121, 0.966033
0.112745, -0.414261, 0.966621
-0.347405, -0.900085, 0.974838
-0.377712, -0.924578, 0.976046
-0.376847, -0.870112, 0.969289
-0.38724, -0.900077, 0.972049
0.103565, -0.440099, 0.969334
stamp: 16029000000
-0.357558, -0.37682, 0.971116
0.0643515, -0.422864, 0.965959
0.104622, -0.420977, 0.966346
-0.355203, -0.906579, 0.974869
-0.385399, -0.930901, 0.976267
-0.384654, -0.876614, 0.969412
-0.39508, -0.906669, 0.972274
0.0955163, -0.446782, 0.969129
stamp: 16040000000
-0.36449, -0.382432, 0.97107
0.0560434, -0.429307, 0.965818
0.0964278, -0.427486, 0.966062
-0.363098, -0.912957, 0.975175
-0.393567, -0.937117, 0.976453
-0.392625, -0.883114, 0.969582
-0.402977, -0.912912, 0.972479
0.0873055, -0.453304, 0.968821
stamp: 16049000000
-0.371558, -0.387907, 0.971044
0.0478561, -0.435725, 0.965575
0.0882361, -0.433804, 0.965865
-0.37103, -0.919025, 0.975064
-0.401499, -0.943349, 0.976449
-0.400684, -0.889167, 0.969476
-0.410897, -0.919035, 0.97246
0.0791499, -0.459659, 0.968823
stamp: 16059000000
-0.378472, -0.393251, 0.970997
0.0397883, -0.441946, 0.965328
0.080041, -0.43993, 0.965671
-0.378987, -0.924904, 0.975201
-0.409494, -0.949255, 0.976564
-0.408659, -0.895278, 0.969604
-0.418939, -0.924971, 0.972467
0.070999, -0.46572, 0.968682
stamp: 16070000000
-0.385608, -0.398572, 0.970978
0.0314439, -0.44792, 0.965119
0.0718428, -0.445924, 0.965522
-0.387034, -0.930843, 0.975078
-0.417377, -0.955206, 0.976559
-0.416597, -0.900955, 0.969346
-0.426922, -0.930818, 0.972636
0.0627795, -0.471751, 0.968458
stamp: 16079000000
-0.392719, -0.403589, 0.970956
0.0230989, -0.45373, 0.96512
0.0636084, -0.451786, 0.96525
-0.395113, -0.936422, 0.975149
-0.425499, -0.960832, 0.976881
-0.424666, -0.906683, 0.969535
-0.43502, -0.936445, 0.972715
0.0544009, -0.477569, 0.968362
stamp: 16090000000
-0.399825, -0.408407, 0.970971
0.0148034, -0.459381, 0.964944
0.0553283, -0.45744, 0.965009
-0.403206, -0.941835, 0.975297
-0.433667, -0.966223, 0.976893
-0.432708, -0.912204, 0.969559
-0.443, -0.941868, 0.972768
0.0461754, -0.483044, 0.968211
stamp: 16100000000
-0.40697, -0.413287, 0.970981
0.00654197, -0.464872, 0.964646
0.046963, -0.462992, 0.964734
-0.411196, -0.947298, 0.975402
-0.441708, -0.971452, 0.977024
-0.440682, -0.917348, 0.969455
-0.451133, -0.947262, 0.972765
0.0379256, -0.488747, 0.968083
stamp: 16110000000
-0.414164, -0.417804, 0.971052
-0.00184311, -0.470331, 0.964472
0.0387016, -0.468254, 0.964652
-0.419275, -0.952378, 0.97536
-0.449882, -0.976514, 0.97727
-0.449011, -0.922722, 0.969529
-0.459213, -0.952408, 0.972985
0.029535, -0.494178, 0.968008
stamp: 16119000000
-0.421298, -0.422242, 0.971168
-0.0102022, -0.475489, 0.96447
0.0303084, -0.473527, 0.964424
-0.427386, -0.957364, 0.975469
-0.457814, -0.981559, 0.977431
-0.456966, -0.927587, 0.9695
-0.467356, -0.957331, 0.973072
0.0211407, -0.499347, 0.967845
stamp: 16130000000
-0.428576, -0.426442, 0.971201
-0.0184939, -0.480534, 0.964296
0.0219896, -0.478412, 0.964383
-0.435647, -0.962071, 0.975292
-0.46596, -0.986256, 0.977408
-0.465039, -0.932486, 0.969192
-0.475361, -0.962, 0.973043
0.0126519, -0.504225, 0.967594
stamp: 16140000000
-0.435826, -0.430605, 0.971247
-0.0269006, -0.485203, 0.964207
0.0134385, -0.483203, 0.964012
-0.443759, -0.966704, 0.975283
-0.473921, -0.990964, 0.977512
-0.473347, -0.936975, 0.969376
-0.483588, -0.966722, 0.973059
0.00440354, -0.508936, 0.967637
stamp: 16149000000
-0.443177, -0.434534, 0.971202
-0.0352331, -0.489807, 0.964087
0.00508751, -0.487765, 0.963979
-0.45194, -0.971205, 0.975224
-0.482222, -0.995403, 0.977579
-0.481543, -0.941427, 0.968966
-0.491876, -0.97112, 0.973105
-0.00395999, -0.513626, 0.967528
stamp: 16160000000
-0.450481, -0.438261, 0.971165
-0.0436128, -0.49407, 0.96394
-0.00322393, -0.492215, 0.963844
-0.460073, -0.975393, 0.975197
-0.490368, -0.999619, 0.977668
-0.489772, -0.945758, 0.969152
-0.500039, -0.975368, 0.973136
-0.0123202, -0.518061, 0.967456
stamp: 16169000000
-0.457785, -0.441814, 0.971314
-0.0521342, -0.498522, 0.963909
-0.0116515, -0.49647, 0.963722
-0.468464, -0.979534, 0.975228
-0.49881, -1.00362, 0.977733
-0.497934, -0.950009, 0.969167
-0.508236, -0.979463, 0.973042
-0.0207615, -0.522227, 0.967435
stamp: 16179000000
-0.465045, -0.445305, 0.971328
-0.0605117, -0.502687, 0.963942
-0.0202144, -0.50059, 0.963504
-0.476465, -0.983354, 0.975282
-0.507021, -1.00749, 0.977811
-0.50618, -0.953612, 0.968941
-0.516444, -0.983276, 0.973078
-0.0292269, -0.526335, 0.967397
stamp: 16190000000
-0.472511, -0.448548, 0.971291
-0.0688869, -0.506438, 0.963879
-0.0285985, -0.50441, 0.963374
-0.484904, -0.987147, 0.975068
-0.515031, -1.01116, 0.97803
-0.514434, -0.957358, 0.968906
-0.524752, -0.987045, 0.973251
-0.0377923, -0.53008, 0.967272
stamp: 16199000000
-0.479947, -0.451774, 0.971288
-0.077374, -0.510031, 0.964073
-0.0369916, -0.508163, 0.963436
-0.493061, -0.990617, 0.97501
-0.523383, -1.01482, 0.977875
-0.522643, -0.961012, 0.968693
-0.532989, -0.990596, 0.973231
-0.0460909, -0.533806, 0.967577
stamp: 16210000000
-0.487338, -0.454719, 0.971433
-0.085877, -0.513487, 0.964091
-0.0453612, -0.511481, 0.963605
-0.501241, -0.993883, 0.975059
-0.531758, -1.01814, 0.97785
-0.531114, -0.964417, 0.968647
-0.541191, -0.993944, 0.97319
-0.0544838, -0.537371, 0.967537
stamp: 16219000000
-0.494792, -0.457445, 0.971434
-0.0943501, -0.516891, 0.964103
-0.0539071, -0.514752, 0.963442
-0.509664, -0.997139, 0.974924
-0.539988, -1.02123, 0.97804
-0.539289, -0.967479, 0.968451
-0.54953, -0.99705, 0.973296
-0.0631353, -0.540275, 0.967553
stamp: 16230000000
-0.502297, -0.460244, 0.971457
-0.102722, -0.519954, 0.96414
-0.0624445, -0.517915, 0.963535
-0.517787, -1.0001, 0.974832
-0.548354, -1.02418, 0.97801
-0.547481, -0.970495, 0.968674
-0.557793, -0.999991, 0.973351
-0.0714639, -0.543688, 0.967727
stamp: 16240000000
-0.509808, -0.462678, 0.971466
-0.111272, -0.522809, 0.964326
-0.0706873, -0.520734, 0.963795
-0.526136, -1.00282, 0.974828
-0.556565, -1.02688, 0.978071
-0.555752, -0.973337, 0.968553
-0.566098, -1.00277, 0.973219
-0.0799566, -0.546397, 0.967955
stamp: 16249000000
-0.51739, -0.464972, 0.971443
-0.119665, -0.525536, 0.964416
-0.0793379, -0.523446, 0.963668
-0.534514, -1.0054, 0.974638
-0.564717, -1.02944, 0.978134
-0.563865, -0.975869, 0.968517
-0.574281, -1.00528, 0.973311
-0.0885191, -0.54911, 0.968119
stamp: 16259000000
-0.524881, -0.46705, 0.971686
-0.128062, -0.527967, 0.964547
-0.0876901, -0.526007, 0.963754
-0.542736, -1.0079, 0.974576
-0.573151, -1.0319, 0.978177
-0.572253, -0.978046, 0.968388
-0.58259, -1.00763, 0.973448
-0.0968585, -0.551568, 0.968198
stamp: 16270000000
-0.532457, -0.469075, 0.971706
-0.136615, -0.530244, 0.964814
-0.0961443, -0.528322, 0.964089
-0.551029, -1.01008, 0.974449
-0.581248, -1.034, 0.978388
-0.580533, -0.980374, 0.968227
-0.59085, -1.00985, 0.973438
-0.105233, -0.553819, 0.968378
stamp: 16279000000
-0.540051, -0.47086, 0.971737
-0.145004, -0.532281, 0.965007
-0.104622, -0.530178, 0.963912
-0.559209, -1.01202, 0.974469
-0.589445, -1.03585, 0.978494
-0.588881, -0.98246, 0.968349
-0.599161, -1.01174, 0.973368
-0.113728, -0.555799, 0.968486
stamp: 16290000000
-0.547644, -0.472484, 0.971677
-0.15335, -0.53412, 0.965172
-0.11295, -0.532095, 0.964161
-0.567542, -1.01383, 0.974659
-0.597823, -1.03773, 0.978627
-0.597059, -0.984174, 0.968513
-0.60726, -1.01356, 0.973601
-0.122119, -0.557654, 0.968749
stamp: 16300000000
-0.555189, -0.473998, 0.971752
-0.161867, -0.535788, 0.965429
-0.121385, -0.533854, 0.96459
-0.575837, -1.01535, 0.974618
-0.606137, -1.03926, 0.9787
-0.605279, -0.985834, 0.968492
-0.615646, -1.01516, 0.973607
-0.130443, -0.559368, 0.968974
stamp: 16309000000
-0.56282, -0.475225, 0.97187
-0.170223, -0.537327, 0.965537
-0.129879, -0.535211, 0.96444
-0.584038, -1.01681, 0.974714
-0.61429, -1.04071, 0.978599
-0.61345, -0.987225, 0.968443
-0.623804, -1.01652, 0.973765
-0.139017, -0.560904, 0.969158
stamp: 16319000000
-0.570422, -0.476398, 0.971908
-0.178695, -0.538456, 0.965981
-0.13815, -0.536593, 0.964638
-0.592201, -1.01795, 0.974632
-0.622327, -1.04189, 0.978894
-0.621499, -0.988168, 0.968629
-0.632091, -1.01772, 0.9738
-0.147265, -0.561986, 0.969325
stamp: 16330000000
-0.578024, -0.47742, 0.971943
-0.186892, -0.539619, 0.966239
-0.146711, -0.537642, 0.964734
-0.600436, -1.01899, 0.974858
-0.630664, -1.04276, 0.979058
-0.629672, -0.989223, 0.968628
-0.640199, -1.0186, 0.973868
-0.155832, -0.563126, 0.969551
stamp: 16340000000
-0.585614, -0.478147, 0.972007
-0.195314, -0.540364, 0.966363
-0.154988, -0.538486, 0.964917
-0.608439, -1.01979, 0.974847
-0.638917, -1.04361, 0.979064
-0.638023, -0.990108, 0.96871
-0.648363, -1.01948, 0.974094
-0.164066, -0.563855, 0.969649
stamp: 16349000000
-0.593275, -0.478831, 0.972041
-0.203668, -0.541078, 0.966558
-0.163451, -0.539221, 0.964982
-0.616485, -1.02044, 0.97488
-0.646913, -1.04422, 0.979177
-0.646073, -0.990767, 0.968768
-0.656569, -1.02007, 0.97429
-0.172418, -0.56476, 0.969897
stamp: 16360000000
-0.600977, -0.479264, 0.972044
-0.211941, -0.541456, 0.966815
-0.171493, -0.539565, 0.965075
-0.624758, -1.02078, 0.974875
-0.655126, -1.04457, 0.979266
-0.654209, -0.991006, 0.968923
-0.664634, -1.02046, 0.974448
-0.180719, -0.565134, 0.97021
stamp: 16369000000
-0.608619, -0.479586, 0.972184
-0.2202, -0.541578, 0.96699
-0.179643, -0.539779, 0.965362
-0.632895, -1.02117, 0.975038
-0.663198, -1.04476, 0.979641
-0.662408, -0.991127, 0.969032
-0.672661, -1.02063, 0.974606
-0.189045, -0.565376, 0.970221
stamp: 16379000000
-0.616261, -0.479735, 0.972297
-0.228594, -0.541829, 0.967306
-0.188139, -0.539854, 0.965602
-0.640989, -1.02108, 0.975149
-0.671328, -1.04465, 0.979859
-0.670392, -0.991205, 0.969108
-0.680727, -1.02058, 0.974799
-0.197174, -0.565141, 0.970355
stamp: 16390000000
-0.623855, -0.479762, 0.9724
-0.236643, -0.541667, 0.967654
-0.196349, -0.539614, 0.965783
-0.648935, -1.02084, 0.97526
-0.679215, -1.04447, 0.980045
-0.67841, -0.991114, 0.969181
-0.688892, -1.02037, 0.974944
-0.205542, -0.565031, 0.970544
stamp: 16399000000
-0.631482, -0.47947, 0.972538
-0.244889, -0.541262, 0.967752
-0.204637, -0.539292, 0.965724
-0.657033, -1.02047, 0.975278
-0.687279, -1.04413, 0.980139
-0.686238, -0.99053, 0.969534
-0.69688, -1.01996, 0.975138
-0.213708, -0.564765, 0.970886
stamp: 16410000000
-0.639041, -0.479088, 0.972656
-0.253007, -0.540593, 0.968132
-0.212668, -0.538714, 0.965816
-0.664956, -1.01994, 0.975484
-0.695313, -1.04349, 0.980423
-0.69433, -0.989986, 0.969676
-0.704763, -1.01937, 0.975369
-0.221719, -0.564036, 0.971193
stamp: 16419000000
-0.64669, -0.478612, 0.972776
-0.261084, -0.539907, 0.968424
-0.220851, -0.53786, 0.96606
-0.672963, -1.019, 0.975611
-0.703276, -1.04266, 0.980716
-0.702196, -0.989268, 0.970006
-0.712733, -1.0185, 0.975786
-0.22996, -0.563329, 0.97118
stamp: 16429000000
-0.654308, -0.477859, 0.972916
-0.269193, -0.538851, 0.968792
-0.228793, -0.536907, 0.966538
-0.680749, -1.01804, 0.975921
-0.711214, -1.04165, 0.980948
-0.710299, -0.988177, 0.969942
-0.720681, -1.01748, 0.975962
-0.237799, -0.56226, 0.971423
stamp: 16440000000
-0.661812, -0.476945, 0.973048
-0.277174, -0.537672, 0.968992
-0.237068, -0.535835, 0.966432
-0.688784, -1.01686, 0.97597
-0.718924, -1.0405, 0.981202
-0.717922, -0.987011, 0.970337
-0.728402, -1.01624, 0.976264
-0.246122, -0.560896, 0.971572
stamp: 16450000000
-0.669353, -0.475906, 0.973208
-0.285272, -0.536188, 0.96923
-0.244933, -0.534357, 0.966717
-0.696381, -1.01554, 0.976252
-0.726876, -1.03907, 0.981366
-0.725869, -0.985507, 0.970438
-0.736253, -1.01486, 0.976499
-0.253922, -0.559604, 0.971864
stamp: 16459000000
-0.676841, -0.474678, 0.97338
-0.293198, -0.534556, 0.96942
-0.252964, -0.532849, 0.966823
-0.70435, -1.01395, 0.976368
-0.734703, -1.03748, 0.981641
-0.733474, -0.98392, 0.970792
-0.744084, -1.01326, 0.976729
-0.262047, -0.557958, 0.971978
stamp: 16470000000
-0.684373, -0.473358, 0.973466
-0.30112, -0.532755, 0.969722
-0.260845, -0.530991, 0.967051
-0.712004, -1.01217, 0.976587
-0.742407, -1.03564, 0.9821
-0.741393, -0.982174, 0.971
-0.751711, -1.01149, 0.977032
-0.269737, -0.556232, 0.972329
stamp: 16479000000
-0.692006, -0.471859, 0.973615
-0.308951, -0.530605, 0.970031
-0.268719, -0.52887, 0.967285
-0.719667, -1.01014, 0.976816
-0.750092, -1.03361, 0.982282
-0.748946, -0.980212, 0.971563
-0.759486, -1.00949, 0.977342
-0.277772, -0.554379, 0.972537
stamp: 16490000000
-0.699374, -0.470126, 0.973758
-0.316725, -0.528392, 0.970329
-0.276565, -0.52675, 0.967298
-0.727241, -1.00801, 0.976997
-0.757665, -1.03152, 0.982483
-0.756655, -0.978096, 0.97171
-0.767027, -1.00725, 0.97763
-0.285298, -0.55205, 0.972782
stamp: 16500000000
-0.70685, -0.468289, 0.973872
-0.324546, -0.526108, 0.970549
-0.284223, -0.5244, 0.967448
-0.734717, -1.00572, 0.977174
-0.765124, -1.02922, 0.98277
-0.764072, -0.975721, 0.971819
-0.774594, -1.00492, 0.97795
-0.293267, -0.549742, 0.97297
stamp: 16509000000
-0.71419, -0.466253, 0.97407
-0.332113, -0.523326, 0.970825
-0.292053, -0.521757, 0.967628
-0.742414, -1.00319, 0.977244
-0.77279, -1.02658, 0.983071
-0.77179, -0.973098, 0.971928
-0.782139, -1.00237, 0.978147
-0.300905, -0.547031, 0.973264
stamp: 16519000000
-0.721552, -0.464064, 0.97423
-0.339798, -0.520537, 0.971021
-0.299617, -0.518875, 0.967828
-0.749832, -1.00055, 0.977517
-0.780171, -1.02382, 0.98333
-0.779033, -0.970388, 0.972266
-0.789578, -0.999645, 0.978343
-0.308579, -0.544195, 0.973099
stamp: 16530000000
-0.72886, -0.461695, 0.974408
-0.347325, -0.517436, 0.971279
-0.307223, -0.515925, 0.968046
-0.757339, -0.997627, 0.977565
-0.787652, -1.0209, 0.983545
-0.786334, -0.967436, 0.972532
-0.797008, -0.996712, 0.978658
-0.31638, -0.54126, 0.97349
stamp: 16540000000
-0.736081, -0.459223, 0.974563
-0.354879, -0.514232, 0.971427
-0.314746, -0.512771, 0.968117
-0.764473, -0.994527, 0.977718
-0.794871, -1.01787, 0.983664
-0.79381, -0.964341, 0.972703
-0.80429, -0.993662, 0.978829
-0.323564, -0.538091, 0.97372
stamp: 16549000000
-0.743342, -0.456607, 0.974741
-0.362289, -0.510918, 0.97183
-0.322116, -0.509375, 0.968189
-0.771789, -0.991316, 0.977794
-0.802224, -1.01461, 0.983676
-0.800868, -0.960999, 0.972873
-0.811602, -0.990335, 0.979022
-0.331058, -0.534646, 0.97386
stamp: 16559000000
-0.750515, -0.453825, 0.974928
-0.369652, -0.507374, 0.972097
-0.329545, -0.505799, 0.968395
-0.779063, -0.987771, 0.977772
-0.809363, -1.01117, 0.983804
-0.808054, -0.957636, 0.973228
-0.818694, -0.986819, 0.979248
-0.338517, -0.531198, 0.973841
stamp: 16570000000
-0.757671, -0.45085, 0.975121
-0.376862, -0.503438, 0.972354
-0.336926, -0.502134, 0.968574
-0.78621, -0.984248, 0.977915
-0.816475, -1.00748, 0.984079
-0.81526, -0.954029, 0.973444
-0.825803, -0.983191, 0.97944
-0.345737, -0.527411, 0.974059
stamp: 16580000000
-0.764753, -0.447786, 0.975263
-0.38412, -0.499484, 0.972556
-0.343965, -0.498078, 0.968678
-0.793157, -0.980478, 0.977926
-0.823686, -1.00357, 0.984167
-0.822266, -0.950227, 0.973481
-0.832743, -0.979329, 0.979674
-0.352896, -0.52335, 0.974306
stamp: 16590000000
-0.771815, -0.444493, 0.975363
-0.391218, -0.49531, 0.972668
-0.351274, -0.493973, 0.968789
-0.80017, -0.976468, 0.977964
-0.830619, -0.999631, 0.984257
-0.829384, -0.946221, 0.973646
-0.839933, -0.975422, 0.979635
-0.360167, -0.519223, 0.974496
stamp: 16600000000
-0.778797, -0.44102, 0.975601
-0.398305, -0.491019, 0.972924
-0.35836, -0.489737, 0.968976
-0.80716, -0.972273, 0.977938
-0.837429, -0.995558, 0.984337
-0.836336, -0.942047, 0.973549
-0.84681, -0.971259, 0.979669
-0.367226, -0.514893, 0.974493
stamp: 16610000000
-0.785728, -0.43748, 0.97577
-0.405214, -0.4865, 0.973155
-0.365241, -0.485189, 0.969117
-0.814036, -0.967986, 0.977858
-0.84418, -0.991138, 0.984297
-0.843124, -0.937653, 0.973642
-0.853534, -0.966871, 0.979942
-0.374169, -0.510314, 0.974572
stamp: 16620000000
-0.792556, -0.433802, 0.975991
-0.41213, -0.481768, 0.973346
-0.372072, -0.480495, 0.969131
-0.820723, -0.963566, 0.97789
-0.851095, -0.986709, 0.984272
-0.849799, -0.933211, 0.973723
-0.860203, -0.962384, 0.980001
-0.38133, -0.505884, 0.974608
stamp: 16629000000
-0.799351, -0.429941, 0.976174
-0.419006, -0.477012, 0.973555
-0.378973, -0.475555, 0.969257
-0.827346, -0.958852, 0.977871
-0.857745, -0.982071, 0.984282
-0.856286, -0.928655, 0.974304
-0.867011, -0.957775, 0.979948
-0.388047, -0.500883, 0.97486
stamp: 16640000000
-0.806134, -0.426012, 0.97624
-0.425688, -0.471961, 0.9738
-0.385798, -0.470627, 0.969424
-0.833873, -0.954058, 0.977845
-0.864316, -0.977188, 0.984426
-0.86295, -0.923734, 0.974148
-0.873346, -0.952839, 0.98015
-0.394881, -0.495959, 0.974862
stamp: 16649000000
-0.81278, -0.421797, 0.976438
-0.432357, -0.466694, 0.973961
-0.392606, -0.465443, 0.969413
-0.840431, -0.94905, 0.97778
-0.870835, -0.972224, 0.984393
-0.869397, -0.918883, 0.974493
-0.880084, -0.947908, 0.979984
-0.401336, -0.490598, 0.97507
stamp: 16659000000
-0.819324, -0.41749, 0.976742
-0.438904, -0.461304, 0.974027
-0.399205, -0.460064, 0.969435
-0.846834, -0.943861, 0.977716
-0.877151, -0.967101, 0.984349
-0.875785, -0.913709, 0.974451
-0.886221, -0.942732, 0.980249
-0.407805, -0.485256, 0.975345
stamp: 16670000000
-0.825956, -0.413051, 0.976779
-0.445372, -0.455768, 0.974146
-0.405651, -0.454555, 0.969618
-0.853109, -0.938608, 0.977701
-0.883586, -0.961779, 0.984252
-0.882048, -0.908371, 0.974722
-0.892824, -0.937413, 0.980137
-0.414425, -0.479712, 0.975193
stamp: 16680000000
-0.832302, -0.408527, 0.977066
-0.451764, -0.450015, 0.974334
-0.412112, -0.448796, 0.969521
-0.85938, -0.933179, 0.977609
-0.889749, -0.956256, 0.984345
-0.888422, -0.902913, 0.974674
-0.898847, -0.932017, 0.980341
-0.420834, -0.474003, 0.975207
stamp: 16690000000
-0.838918, -0.403773, 0.976992
-0.457974, -0.444073, 0.974564
-0.418365, -0.442856, 0.969581
-0.86559, -0.927558, 0.977502
-0.895971, -0.950587, 0.984385
-0.894408, -0.897187, 0.974523
-0.90489, -0.926391, 0.980709
-0.427091, -0.468238, 0.975217
stamp: 16700000000
-0.845234, -0.398972, 0.97714
-0.464228, -0.438053, 0.974683
-0.424518, -0.436888, 0.969726
-0.871473, -0.921845, 0.977763
-0.901893, -0.944833, 0.98438
-0.900367, -0.891419, 0.974837
-0.910841, -0.920612, 0.980858
-0.433383, -0.462234, 0.975206
stamp: 16709000000
-0.851403, -0.393964, 0.977235
-0.470229, -0.431816, 0.974858
-0.430591, -0.430761, 0.969721
-0.877342, -0.915979, 0.977902
-0.907668, -0.938993, 0.984523
-0.906152, -0.885347, 0.974978
-0.916742, -0.914663, 0.980926
-0.439407, -0.456141, 0.9753
stamp: 16719000000
-0.857623, -0.388862, 0.977358
-0.4762, -0.425463, 0.975037
-0.436562, -0.424331, 0.969785
-0.883167, -0.909945, 0.977877
-0.913413, -0.932899, 0.984616
-0.912141, -0.879355, 0.974932
-0.922599, -0.908514, 0.980932
-0.44504, -0.449648, 0.975375
stamp: 16729000000
-0.863321, -0.383491, 0.977631
-0.481993, -0.418958, 0.975199
-0.442306, -0.417936, 0.969799
-0.888806, -0.903666, 0.977905
-0.919211, -0.926612, 0.984748
-0.917779, -0.873102, 0.975047
-0.928255, -0.902256, 0.981045
-0.451241, -0.44326, 0.975246
stamp: 16740000000
-0.869317, -0.378147, 0.977581
-0.487693, -0.412304, 0.975279
-0.447841, -0.411245, 0.969853
-0.894446, -0.897217, 0.977869
-0.924806, -0.920212, 0.984895
-0.923474, -0.866684, 0.975097
-0.933852, -0.895837, 0.981128
-0.45692, -0.436542, 0.975275
stamp: 16749000000
-0.875303, -0.372648, 0.977574
-0.49331, -0.405512, 0.975449
-0.45359, -0.404512, 0.969737
-0.899856, -0.89068, 0.977814
-0.930245, -0.913711, 0.984841
-0.928858, -0.860094, 0.975307
-0.939375, -0.889286, 0.981214
-0.46257, -0.429715, 0.975177
stamp: 16759000000
-0.881107, -0.366942, 0.977674
-0.498767, -0.398463, 0.975641
-0.45911, -0.39749, 0.969733
-0.905331, -0.884017, 0.97789
-0.935592, -0.90709, 0.984808
-0.934325, -0.853417, 0.975327
-0.944691, -0.882619, 0.981384
-0.468098, -0.422802, 0.975191
stamp: 16769000000
-0.886803, -0.36121, 0.977682
-0.504149, -0.391312, 0.97572
-0.464315, -0.39039, 0.969713
-0.910472, -0.877272, 0.977885
-0.940862, -0.900214, 0.984912
-0.939558, -0.846481, 0.975597
-0.94996, -0.875835, 0.981475
-0.473501, -0.415654, 0.974989
stamp: 16780000000
-0.892461, -0.355285, 0.977747
-0.509369, -0.384066, 0.97577
-0.46965, -0.383244, 0.969575
-0.915624, -0.870356, 0.978015
-0.946015, -0.89321, 0.985062
-0.944594, -0.839485, 0.975798
-0.955103, -0.868811, 0.981615
-0.478667, -0.408399, 0.975085
stamp: 16790000000
-0.897886, -0.34928, 0.977772
-0.514521, -0.376667, 0.975865
-0.474839, -0.375872, 0.969546
-0.920646, -0.863128, 0.97808
-0.951029, -0.886078, 0.985159
-0.949518, -0.832446, 0.975879
-0.960047, -0.861645, 0.981816
-0.483825, -0.400995, 0.974975
stamp: 16799000000
-0.903288, -0.34318, 0.977731
-0.51952, -0.369097, 0.975881
-0.479811, -0.368347, 0.969534
-0.925591, -0.85588, 0.978077
-0.955851, -0.878833, 0.985216
-0.954253, -0.825105, 0.97607
-0.965012, -0.854447, 0.981842
-0.488973, -0.393495, 0.97477
stamp: 16810000000
-0.908562, -0.336941, 0.977793
-0.524333, -0.361373, 0.97587
-0.484574, -0.360599, 0.969291
-0.930306, -0.848446, 0.978182
-0.96063, -0.871538, 0.985259
-0.959011, -0.817641, 0.976269
-0.969787, -0.847039, 0.981959
-0.493716, -0.385823, 0.974878
stamp: 16819000000
-0.913781, -0.330499, 0.977726
-0.529142, -0.353678, 0.975801
-0.489445, -0.352911, 0.969291
-0.934876, -0.841043, 0.97828
-0.965299, -0.863934, 0.985472
-0.963695, -0.810266, 0.976292
-0.974392, -0.839478, 0.982164
-0.498551, -0.378038, 0.974546
stamp: 16829000000
-0.918896, -0.324056, 0.977668
-0.533696, -0.345748, 0.975843
-0.494018, -0.345046, 0.969286
-0.939424, -0.833385, 0.978318
-0.96985, -0.856318, 0.985594
-0.968311, -0.802543, 0.976564
-0.978912, -0.831885, 0.982288
-0.503151, -0.370112, 0.974475
stamp: 16840000000
-0.923775, -0.317333, 0.977697
-0.538109, -0.337669, 0.975801
-0.498389, -0.336978, 0.969225
-0.9439, -0.825668, 0.978399
-0.974269, -0.848579, 0.985659
-0.97263, -0.794825, 0.976701
-0.98332, -0.82411, 0.982466
-0.507614, -0.3621, 0.974426
stamp: 16849000000
-0.928657, -0.310681, 0.977693
-0.542432, -0.329557, 0.975748
-0.502654, -0.328827, 0.969063
-0.948241, -0.817813, 0.978447
-0.978584, -0.840765, 0.985591
-0.976918, -0.786883, 0.976852
-0.987504, -0.816222, 0.982685
-0.511932, -0.353976, 0.974218
stamp: 16859000000
-0.933442, -0.303875, 0.977572
-0.546643, -0.321247, 0.975711
-0.506973, -0.320552, 0.968817
-0.95224, -0.80977, 0.978492
-0.982618, -0.832739, 0.985681
-0.981071, -0.7788, 0.97714
-0.99162, -0.808254, 0.982819
-0.516101, -0.345769, 0.97413
stamp: 16870000000
-0.938106, -0.296962, 0.97753
-0.550587, -0.312895, 0.975744
-0.510928, -0.312154, 0.968826
-0.956318, -0.801688, 0.978476
-0.986617, -0.824528, 0.985909
-0.985171, -0.770728, 0.977226
-0.995649, -0.800055, 0.982935
-0.520081, -0.33735, 0.973928
stamp: 16880000000
-0.942595, -0.289834, 0.977488
-0.554363, -0.304377, 0.975743
-0.514752, -0.303667, 0.968759
-0.960163, -0.793447, 0.978605
-0.990468, -0.816242, 0.986044
-0.988789, -0.762456, 0.977363
-0.99949, -0.791775, 0.9831
-0.524019, -0.328901, 0.97381
stamp: 16889000000
-0.946994, -0.282703, 0.97741
-0.558063, -0.295793, 0.975749
-0.518355, -0.295049, 0.96847
-0.963806, -0.785129, 0.978755
-0.994242, -0.807997, 0.98602
-0.992623, -0.754097, 0.977526
-1.0032, -0.783473, 0.983222
-0.52764, -0.320311, 0.973732
stamp: 16900000000
-0.95133, -0.275451, 0.977315
-0.561588, -0.287125, 0.975732
-0.521805, -0.286245, 0.968621
-0.967413, -0.776639, 0.978775
-0.997818, -0.799576, 0.986008
-0.996174, -0.74569, 0.977732
-1.00686, -0.775017, 0.983255
-0.531192, -0.31163, 0.973428
stamp: 16909000000
-0.955419, -0.268124, 0.977215
-0.564922, -0.278213, 0.975756
-0.525185, -0.277367, 0.968526
-0.970913, -0.767993, 0.978766
-1.0012, -0.790992, 0.985994
-0.99977, -0.737157, 0.977876
-1.01026, -0.766463, 0.983459
-0.534611, -0.302766, 0.973353
stamp: 16919000000
-0.959468, -0.260558, 0.977249
-0.568173, -0.269302, 0.97571
-0.528398, -0.268445, 0.968332
-0.974301, -0.759313, 0.978696
-1.00457, -0.782286, 0.986106
-1.003, -0.728372, 0.978008
-1.01358, -0.757713, 0.983533
-0.537842, -0.293812, 0.973284
stamp: 16930000000
-0.963465, -0.252962, 0.977165
-0.571244, -0.260273, 0.975662
-0.531826, -0.259537, 0.96821
-0.977415, -0.750501, 0.978738
-1.00772, -0.773454, 0.986308
-1.00616, -0.719547, 0.978137
-1.01676, -0.748913, 0.983579
-0.541126, -0.284739, 0.972888
stamp: 16940000000
-0.967268, -0.245364, 0.977015
-0.57414, -0.251111, 0.975635
-0.53476, -0.25046, 0.967969
-0.980434, -0.741703, 0.978757
-1.01082, -0.76453, 0.986253
-1.00905, -0.710704, 0.978196
-1.01975, -0.740062, 0.983796
-0.544116, -0.275607, 0.972819
stamp: 16949000000
-0.970866, -0.237652, 0.97696
-0.576997, -0.241971, 0.975558
-0.537131, -0.241154, 0.968088
-0.983265, -0.732661, 0.978835
-1.01365, -0.755613, 0.986228
-1.01196, -0.701689, 0.978372
-1.02266, -0.731095, 0.983886
-0.546808, -0.26643, 0.972698
stamp: 16959000000
-0.974449, -0.22974, 0.976878
-0.579684, -0.232682, 0.97544
-0.539848, -0.231843, 0.968116
-0.985969, -0.723552, 0.97885
-1.0164, -0.746623, 0.986171
-1.01481, -0.692587, 0.978359
-1.02541, -0.722008, 0.984013
-0.549446, -0.257163, 0.972574
stamp: 16969000000
-0.977746, -0.221737, 0.976856
-0.581982, -0.223288, 0.975545
-0.542286, -0.222456, 0.967908
-0.988384, -0.714447, 0.978809
-1.01893, -0.73749, 0.986108
-1.01723, -0.683347, 0.978595
-1.02795, -0.712816, 0.984112
-0.551857, -0.247828, 0.972539
stamp: 16979000000
-0.981089, -0.213823, 0.976754
-0.584327, -0.213758, 0.975456
-0.544445, -0.212956, 0.967835
-0.990814, -0.705127, 0.978785
-1.02145, -0.728073, 0.98619
-1.01977, -0.67405, 0.978735
-1.03037, -0.703482, 0.98406
-0.554004, -0.238373, 0.97235
stamp: 16990000000
-0.984323, -0.205709, 0.976672
-0.58648, -0.204284, 0.975423
-0.546797, -0.203416, 0.96787
-0.993183, -0.695786, 0.978705
-1.02364, -0.718702, 0.986243
-1.02202, -0.664725, 0.978943
-1.03261, -0.694061, 0.9842
-0.55622, -0.228722, 0.972272
stamp: 16999000000
-0.987236, -0.197413, 0.976696
-0.588432, -0.194646, 0.975461
-0.548716, -0.193734, 0.967643
-0.99517, -0.68639, 0.978778
-1.0258, -0.709333, 0.986206
-1.02401, -0.655311, 0.978964
-1.03475, -0.684677, 0.984204
-0.558381, -0.219132, 0.972036
stamp: 17009000000
-0.990129, -0.189338, 0.976589
-0.590138, -0.184849, 0.975439
-0.550828, -0.184099, 0.967716
-0.99722, -0.676768, 0.978675
-1.0278, -0.699765, 0.986089
-1.02616, -0.645735, 0.979084
-1.03678, -0.675172, 0.984103
-0.560126, -0.209385, 0.971945
stamp: 17019000000
-0.992837, -0.180857, 0.976679
-0.591847, -0.175111, 0.975375
-0.552176, -0.174252, 0.967865
-0.999104, -0.667142, 0.978558
-1.02963, -0.690129, 0.985982
-1.02793, -0.636065, 0.97925
-1.03851, -0.665489, 0.984228
-0.56175, -0.199554, 0.97203
stamp: 17030000000
-0.995432, -0.17255, 0.976591
-0.593348, -0.165304, 0.975395
-0.553637, -0.164448, 0.96763
-1.00068, -0.657482, 0.978553
-1.03128, -0.680504, 0.985851
-1.02945, -0.626409, 0.979187
-1.04016, -0.65585, 0.984221
-0.563182, -0.18984, 0.971819
stamp: 17040000000
-0.997714, -0.164072, 0.976655
-0.594677, -0.155292, 0.975481
-0.554935, -0.154428, 0.967742
-1.00228, -0.647747, 0.978438
-1.03276, -0.670746, 0.985696
-1.03107, -0.616584, 0.979204
-1.04172, -0.646164, 0.984197
-0.564352, -0.179834, 0.971991
stamp: 17049000000
-0.999999, -0.155536, 0.976686
-0.59578, -0.145382, 0.975497
-0.556066, -0.144423, 0.96761
-1.00357, -0.637926, 0.978364
-1.03415, -0.660891, 0.985623
-1.03239, -0.606768, 0.979475
-1.04306, -0.63628, 0.984224
-0.565712, -0.16983, 0.971859
stamp: 17060000000
-1.00208, -0.146836, 0.976744
-0.596766, -0.135331, 0.975552
-0.55737, -0.134438, 0.967613
-1.0048, -0.628081, 0.978251
-1.03535, -0.65112, 0.985529
-1.03364, -0.597095, 0.97944
-1.04429, -0.626388, 0.984001
-0.566797, -0.159834, 0.971692
stamp: 17069000000
-1.00419, -0.138241, 0.976717
-0.597566, -0.125215, 0.975713
-0.557926, -0.124294, 0.967924
-1.00577, -0.618131, 0.978197
-1.03634, -0.641019, 0.985367
-1.03461, -0.586967, 0.979566
-1.04532, -0.616456, 0.984031
-0.567627, -0.149656, 0.971729
stamp: 17079000000
-1.00609, -0.129452, 0.976811
-0.598341, -0.115137, 0.9757
-0.558583, -0.114141, 0.967845
-1.00665, -0.608026, 0.978046
-1.03729, -0.63111, 0.985058
-1.03554, -0.576899, 0.979573
-1.04617, -0.606509, 0.984003
-0.568186, -0.139483, 0.971698
stamp: 17090000000
-1.00776, -0.120582, 0.976881
-0.598859, -0.1049, 0.975817
-0.559334, -0.103978, 0.967861
-1.00748, -0.598011, 0.977924
-1.03794, -0.62106, 0.984941
-1.0362, -0.56692, 0.979481
-1.04687, -0.596367, 0.983921
-0.568681, -0.129373, 0.971813
stamp: 17099000000
-1.00937, -0.1118, 0.976894
-0.599147, -0.094663, 0.975923
-0.559675, -0.0936912, 0.967958
-1.00796, -0.587807, 0.977841
-1.0385, -0.610987, 0.984817
-1.03676, -0.556782, 0.979357
-1.04753, -0.586188, 0.983594
-0.568934, -0.119029, 0.971855
stamp: 17109000000
-1.01082, -0.10298, 0.976921
-0.599262, -0.0842692, 0.976018
-0.559929, -0.0833051, 0.967977
-1.00855, -0.577684, 0.977601
-1.03891, -0.600717, 0.984674
-1.03713, -0.546497, 0.979343
-1.04785, -0.576044, 0.98358
-0.569111, -0.108801, 0.971757
stamp: 17119000000
-1.01175, -0.0939001, 0.97719
-0.599197, -0.0739879, 0.976192
-0.559534, -0.0728613, 0.968141
-1.00879, -0.56744, 0.97745
-1.03916, -0.590479, 0.984558
-1.03739, -0.53638, 0.97914
-1.04811, -0.5659, 0.983499
-0.569189, -0.0984283, 0.971867
stamp: 17130000000
-1.01327, -0.0849207, 0.97695
-0.599187, -0.0637019, 0.97626
-0.559409, -0.0625636, 0.968185
-1.00897, -0.557189, 0.977379
-1.03926, -0.580229, 0.984419
-1.03747, -0.525947, 0.979214
-1.04813, -0.555555, 0.983401
-0.568994, -0.0880529, 0.971778
stamp: 17140000000
-1.01433, -0.0758507, 0.976953
-0.598821, -0.0532375, 0.976404
-0.559034, -0.0521, 0.968368
-1.00883, -0.546775, 0.977296
-1.03909, -0.569923, 0.98412
-1.03736, -0.515738, 0.979093
-1.04796, -0.545198, 0.983145
-0.568691, -0.0775644, 0.971712
stamp: 17149000000
-1.01498, -0.066913, 0.97713
-0.598299, -0.0428804, 0.976558
-0.558943, -0.0417106, 0.968391
-1.00865, -0.536415, 0.977001
-1.03891, -0.5597, 0.98375
-1.03715, -0.505469, 0.979147
-1.04779, -0.534957, 0.983018
-0.568231, -0.0671321, 0.971729
stamp: 17159000000
-1.01564, -0.0578889, 0.977109
-0.597805, -0.0324428, 0.976645
-0.557931, -0.0311993, 0.968538
-1.00822, -0.525979, 0.976816
-1.03845, -0.549272, 0.983605
-1.03675, -0.494937, 0.979074
-1.04734, -0.524567, 0.982985
-0.567614, -0.0566644, 0.971747
stamp: 17169000000
-1.01611, -0.0486974, 0.97717
-0.597005, -0.0219437, 0.97674
-0.557257, -0.0207151, 0.968665
-1.00762, -0.515594, 0.976671
-1.03785, -0.538855, 0.983423
-1.03612, -0.484384, 0.979026
-1.04671, -0.514059, 0.98269
-0.566702, -0.046252, 0.971755
stamp: 17179000000
-1.01653, -0.0395403, 0.977274
-0.596057, -0.0114467, 0.976796
-0.556332, -0.0101316, 0.96859
-1.00688, -0.505135, 0.976491
-1.03709, -0.528411, 0.983282
-1.03535, -0.474106, 0.979063
-1.046, -0.503689, 0.982548
-0.565755, -0.0357161, 0.971868
stamp: 17190000000
-1.01687, -0.0304441, 0.977284
-0.594963, -0.00089698, 0.976889
-0.555224, 0.000452155, 0.968793
-1.0059, -0.494622, 0.976349
-1.03619, -0.517979, 0.983032
-1.03448, -0.463613, 0.979037
-1.04501, -0.493142, 0.982596
-0.564607, -0.0252441, 0.971805
stamp: 17199000000
-1.01707, -0.0211455, 0.977335
-0.593785, 0.00958955, 0.976878
-0.553876, 0.0110051, 0.968908
-1.0049, -0.484073, 0.976174
-1.0351, -0.507481, 0.982795
-1.03344, -0.452951, 0.978815
-1.04356, -0.48247, 0.982779
-0.563287, -0.0145618, 0.971897
stamp: 17209000000
-1.01701, -0.0120367, 0.977366
-0.592307, 0.0200711, 0.977089
-0.552818, 0.0215067, 0.96899
-1.00364, -0.473572, 0.976021
-1.03382, -0.496995, 0.982597
-1.03202, -0.442413, 0.978984
-1.04257, -0.471873, 0.982445
-0.562054, -0.00409296, 0.971811
stamp: 17219000000
-1.0172, -0.00284893, 0.977358
-0.590778, 0.0306287, 0.977082
-0.550889, 0.0320831, 0.969088
-1.00219, -0.46295, 0.975969
-1.0325, -0.486425, 0.982382
-1.03068, -0.431963, 0.97882
-1.04117, -0.461522, 0.982283
-0.560443, 0.00653147, 0.971832
stamp: 17230000000
-1.01711, 0.00639103, 0.977277
-0.589118, 0.0411722, 0.977136
-0.549338, 0.0426267, 0.969191
-1.0006, -0.452446, 0.975772
-1.03075, -0.475708, 0.98227
-1.02909, -0.421462, 0.978593
-1.03956, -0.450944, 0.982279
-0.558747, 0.0171226, 0.971864
stamp: 17240000000
-1.01659, 0.0156434, 0.977324
-0.587149, 0.0516811, 0.977328
-0.547297, 0.0531445, 0.969281
-0.998891, -0.441781, 0.975671
-1.02916, -0.465104, 0.982295
-1.02743, -0.410918, 0.978548
-1.03801, -0.440335, 0.981819
-0.556612, 0.0276734, 0.97191
stamp: 17249000000
-1.01601, 0.0249494, 0.977317
-0.585119, 0.0622439, 0.977326
-0.545313, 0.0637492, 0.969365
-0.997053, -0.431244, 0.975618
-1.02723, -0.454479, 0.982078
-1.02547, -0.400277, 0.978682
-1.0361, -0.429907, 0.981722
-0.554898, 0.0382096, 0.97171
stamp: 17259000000
-1.01528, 0.0342737, 0.97724
-0.582967, 0.0727013, 0.977431
-0.543175, 0.0742761, 0.969455
-0.994946, -0.420704, 0.975378
-1.02523, -0.443972, 0.981707
-1.02334, -0.389732, 0.978806
-1.03403, -0.419326, 0.981719
-0.552678, 0.0486748, 0.9718
stamp: 17270000000
-1.01437, 0.0434993, 0.97719
-0.58068, 0.0833407, 0.977497
-0.540789, 0.0848795, 0.969529
-0.992687, -0.410118, 0.975342
-1.02296, -0.433515, 0.981354
-1.02127, -0.379065, 0.978625
-1.03163, -0.408843, 0.981743
-0.550288, 0.0593443, 0.97185
stamp: 17279000000
-1.0131, 0.0527825, 0.977215
-0.578204, 0.0936777, 0.977615
-0.538383, 0.0953999, 0.969638
-0.990451, -0.399511, 0.975201
-1.0206, -0.422977, 0.981131
-1.0189, -0.368575, 0.978843
-1.0294, -0.39826, 0.981429
-0.547756, 0.0697154, 0.971815
stamp: 17290000000
-1.01196, 0.062119, 0.977167
-0.575618, 0.104228, 0.97759
-0.535818, 0.105922, 0.969647
-0.987817, -0.388946, 0.975206
-1.01811, -0.412417, 0.980935
-1.01641, -0.358051, 0.979057
-1.02707, -0.38784, 0.981296
-0.545256, 0.0802802, 0.971673
stamp: 17300000000
-1.01074, 0.0712689, 0.977078
-0.572779, 0.11463, 0.97773
-0.533081, 0.11641, 0.96973
-0.985224, -0.3784, 0.975125
-1.01544, -0.401977, 0.980857
-1.01373, -0.347711, 0.979212
-1.02447, -0.377374, 0.981293
-0.542388, 0.0906929, 0.971778
stamp: 17309000000
-1.00947, 0.0805253, 0.976983
-0.569932, 0.125021, 0.977724
-0.530101, 0.126804, 0.96981
-0.982343, -0.367836, 0.975162
-1.01265, -0.391442, 0.980646
-1.01069, -0.337203, 0.979149
-1.02105, -0.367001, 0.981507
-0.539593, 0.101092, 0.97148
stamp: 17319000000
-1.00784, 0.0897398, 0.976928
-0.566884, 0.135367, 0.977788
-0.527159, 0.137246, 0.969863
-0.979493, -0.357429, 0.975112
-1.00969, -0.380999, 0.980335
-1.00808, -0.326705, 0.979251
-1.01865, -0.356397, 0.981021
-0.536588, 0.111528, 0.97159
stamp: 17330000000
-1.00601, 0.0989731, 0.976895
-0.563807, 0.145694, 0.977735
-0.523925, 0.147575, 0.969985
-0.976342, -0.346912, 0.97516
-1.0066, -0.370654, 0.980063
-1.00505, -0.31627, 0.979523
-1.01561, -0.345992, 0.98103
-0.533495, 0.121884, 0.971438
stamp: 17340000000
-1.00429, 0.108144, 0.97682
-0.560549, 0.155925, 0.977781
-0.520545, 0.157941, 0.970021
-0.973065, -0.336458, 0.974989
-1.00338, -0.360298, 0.979882
-1.00169, -0.305832, 0.979716
-1.01228, -0.335581, 0.981107
-0.530155, 0.132192, 0.97142
stamp: 17349000000
-1.00208, 0.117245, 0.976758
-0.557133, 0.166282, 0.977775
-0.517549, 0.168192, 0.969989
-0.969676, -0.326124, 0.974997
-1.00005, -0.349976, 0.979669
-0.997918, -0.295469, 0.979794
-1.00819, -0.325277, 0.98144
-0.526599, 0.142533, 0.971379
stamp: 17360000000
-1.00002, 0.126468, 0.97663
-0.553324, 0.176463, 0.977923
-0.514082, 0.178495, 0.9699
-0.966147, -0.315818, 0.975
-0.996487, -0.33966, 0.979583
-0.994449, -0.285109, 0.979856
-1.00471, -0.314934, 0.981375
-0.522724, 0.152741, 0.971454
stamp: 17370000000
-0.997709, 0.13552, 0.976589
-0.549779, 0.186576, 0.977814
-0.510075, 0.188627, 0.970016
-0.962467, -0.305469, 0.97502
-0.992825, -0.329393, 0.979542
-0.990694, -0.274885, 0.980062
-1.00108, -0.304687, 0.98134
-0.519307, 0.162931, 0.971246
stamp: 17379000000
-0.995301, 0.144635, 0.976552
-0.545887, 0.19665, 0.977875
-0.506216, 0.19881, 0.970035
-0.95866, -0.295338, 0.975025
-0.989063, -0.319159, 0.97941
-0.986912, -0.264705, 0.980288
-0.99725, -0.294536, 0.981351
-0.51533, 0.173108, 0.971272
stamp: 17390000000
-0.992847, 0.153627, 0.976503
-0.541963, 0.206724, 0.977862
-0.502264, 0.20891, 0.970047
-0.954722, -0.285177, 0.975091
-0.985076, -0.309051, 0.979286
-0.982996, -0.254567, 0.98054
-0.993329, -0.284471, 0.98129
-0.511403, 0.183203, 0.971204
stamp: 17400000000
-0.990025, 0.162681, 0.976394
-0.537764, 0.216633, 0.977877
-0.498257, 0.218945, 0.970147
-0.950687, -0.275083, 0.97503
-0.980906, -0.298959, 0.979124
-0.978945, -0.244493, 0.980685
-0.989367, -0.27452, 0.981226
-0.507382, 0.193046, 0.971018
stamp: 17410000000
-0.987186, 0.171533, 0.976344
-0.533539, 0.226616, 0.977886
-0.493848, 0.228848, 0.970177
-0.946518, -0.265202, 0.975044
-0.976735, -0.289, 0.978885
-0.97463, -0.234561, 0.980946
-0.985241, -0.264528, 0.9812
-0.502941, 0.203168, 0.971177
stamp: 17420000000
-0.984262, 0.1804, 0.976273
-0.529163, 0.236353, 0.977863
-0.489664, 0.23871, 0.970153
-0.942139, -0.255215, 0.975106
-0.972318, -0.279117, 0.978703
-0.970168, -0.224717, 0.981115
-0.980786, -0.254694, 0.981331
-0.498648, 0.212989, 0.970844
stamp: 17429000000
-0.981199, 0.189262, 0.976231
-0.52456, 0.246169, 0.977879
-0.484932, 0.248535, 0.970136
-0.937728, -0.245338, 0.975237
-0.967941, -0.269311, 0.978626
-0.965927, -0.215001, 0.981149
-0.976286, -0.244905, 0.981276
-0.494242, 0.222745, 0.970767
stamp: 17440000000
-0.97802, 0.198046, 0.976144
-0.51991, 0.255664, 0.977842
-0.480347, 0.258253, 0.970107
-0.932991, -0.235577, 0.975312
-0.963361, -0.259616, 0.978592
-0.961355, -0.205305, 0.981401
-0.971678, -0.235201, 0.981285
-0.489422, 0.232456, 0.970767
stamp: 17449000000
-0.974712, 0.206762, 0.976181
-0.515135, 0.265317, 0.977809
-0.47568, 0.26787, 0.970196
-0.928238, -0.22602, 0.975319
-0.958682, -0.25005, 0.978409
-0.956701, -0.19575, 0.981656
-0.967016, -0.225549, 0.981319
-0.484807, 0.242123, 0.97049
stamp: 17460000000
-0.971176, 0.215387, 0.97608
-0.510274, 0.274819, 0.977736
-0.470608, 0.277414, 0.970131
-0.923666, -0.216501, 0.975442
-0.95376, -0.240538, 0.978289
-0.951915, -0.186295, 0.981855
-0.962297, -0.216111, 0.981193
-0.479658, 0.251725, 0.970468
stamp: 17470000000
-0.967605, 0.223883, 0.976057
-0.505118, 0.284238, 0.977685
-0.465533, 0.286886, 0.970133
-0.91876, -0.207136, 0.97541
-0.94888, -0.231014, 0.978104
-0.946843, -0.176877, 0.982157
-0.95733, -0.206851, 0.981192
-0.474851, 0.261034, 0.970105
stamp: 17479000000
-0.963944, 0.232324, 0.976114
-0.500012, 0.29354, 0.977665
-0.460367, 0.296215, 0.970201
-0.913721, -0.197843, 0.975438
-0.943729, -0.22174, 0.977932
-0.942382, -0.167734, 0.982176
-0.952215, -0.197515, 0.981131
-0.469488, 0.270484, 0.970168
stamp: 17490000000
-0.959971, 0.24078, 0.976045
-0.494732, 0.302715, 0.977603
-0.455127, 0.305487, 0.97007
-0.908502, -0.188607, 0.975427
-0.938593, -0.212769, 0.977621
-0.93745, -0.158675, 0.982087
-0.947049, -0.188445, 0.981215
-0.464185, 0.279668, 0.969969
stamp: 17500000000
-0.95601, 0.248967, 0.975911
-0.48939, 0.311848, 0.977534
-0.449828, 0.314678, 0.970092
-0.903143, -0.179478, 0.975501
-0.933212, -0.203728, 0.977536
-0.932176, -0.149572, 0.982272
-0.941753, -0.179398, 0.981107
-0.458878, 0.288941, 0.969848
stamp: 17509000000
-0.951981, 0.257135, 0.97597
-0.483773, 0.320897, 0.977494
-0.444086, 0.323707, 0.970088
-0.89778, -0.170639, 0.97539
-0.927812, -0.194775, 0.97731
-0.926734, -0.140623, 0.982361
-0.936855, -0.170555, 0.980856
-0.453237, 0.298, 0.969703
stamp: 17519000000
-0.947863, 0.265249, 0.975989
-0.478172, 0.329654, 0.977468
-0.4385, 0.332618, 0.970014
-0.892285, -0.161938, 0.97539
-0.922437, -0.186037, 0.977018
-0.921309, -0.132003, 0.982444
-0.930853, -0.161727, 0.981004
-0.447372, 0.306889, 0.969599
stamp: 17530000000
-0.943466, 0.273241, 0.975799
-0.472411, 0.338492, 0.977331
-0.432605, 0.341446, 0.970105
-0.886603, -0.153265, 0.975395
-0.916726, -0.177337, 0.97677
-0.915616, -0.123382, 0.982651
-0.925347, -0.15311, 0.980802
-0.442001, 0.315669, 0.969239
stamp: 17540000000
-0.939068, 0.281042, 0.97582
-0.466467, 0.347058, 0.977279
-0.426852, 0.350127, 0.969941
-0.881012, -0.144878, 0.975285
-0.911283, -0.168969, 0.976647
-0.909806, -0.114956, 0.982769
-0.919939, -0.144759, 0.98065
-0.43586, 0.324309, 0.969075
stamp: 17549000000
-0.934595, 0.288899, 0.975813
-0.460486, 0.355632, 0.97715
-0.420741, 0.358727, 0.969964
-0.875077, -0.136561, 0.975267
-0.905302, -0.160628, 0.976346
-0.904133, -0.106729, 0.982749
-0.913822, -0.136413, 0.980488
-0.429766, 0.332925, 0.96896
stamp: 17560000000
-0.929819, 0.296565, 0.975754
-0.45444, 0.363899, 0.976974
-0.414867, 0.367171, 0.969852
-0.869117, -0.128375, 0.97525
-0.899479, -0.152561, 0.976152
-0.898082, -0.0985566, 0.982848
-0.908151, -0.128372, 0.980427
-0.423545, 0.341289, 0.968791
stamp: 17570000000
-0.925159, 0.304084, 0.975642
-0.448157, 0.372068, 0.976856
-0.408617, 0.375549, 0.969824
-0.863048, -0.120281, 0.975134
-0.893539, -0.144634, 0.975917
-0.892129, -0.0906318, 0.982864
-0.90253, -0.120494, 0.980128
-0.417759, 0.349659, 0.968257
stamp: 17579000000
-0.920227, 0.311517, 0.975585
-0.441911, 0.380225, 0.976733
-0.402305, 0.383479, 0.969824
-0.856966, -0.112478, 0.974969
-0.887088, -0.136677, 0.97572
-0.885973, -0.0828414, 0.982799
-0.895568, -0.112522, 0.980317
-0.411212, 0.357815, 0.968094
stamp: 17590000000
-0.915373, 0.31878, 0.975548
-0.43535, 0.388276, 0.976654
-0.395776, 0.391526, 0.969813
-0.850645, -0.104737, 0.974895
-0.881055, -0.128974, 0.975425
-0.879754, -0.0751708, 0.98283
-0.889787, -0.104915, 0.980038
-0.404744, 0.36571, 0.967912
stamp: 17600000000
-0.910272, 0.325898, 0.975534
-0.428709, 0.396049, 0.97652
-0.389308, 0.399334, 0.969684
-0.84435, -0.0972213, 0.974768
-0.874722, -0.121522, 0.975187
-0.873521, -0.0676905, 0.982677
-0.883903, -0.0975261, 0.979643
-0.398335, 0.373595, 0.967617
stamp: 17609000000
-0.905203, 0.332781, 0.975403
-0.422078, 0.403656, 0.976459
-0.382397, 0.407062, 0.969581
-0.837888, -0.0898746, 0.97469
-0.8682, -0.114123, 0.974893
-0.867114, -0.0603912, 0.982729
-0.876723, -0.0900024, 0.979831
-0.391446, 0.381232, 0.967473
stamp: 17619000000
-0.899853, 0.339547, 0.975416
-0.415315, 0.411071, 0.976254
-0.375596, 0.41452, 0.969464
-0.831434, -0.0827411, 0.974467
-0.861574, -0.106986, 0.974736
-0.860545, -0.053257, 0.982725
-0.870217, -0.0829692, 0.979619
-0.384765, 0.3888, 0.967223
stamp: 17630000000
-0.894453, 0.34625, 0.975382
-0.408356, 0.418465, 0.976128
-0.368751, 0.421944, 0.969384
-0.824898, -0.0757886, 0.974397
-0.855123, -0.100028, 0.974498
-0.853899, -0.0463772, 0.982729
-0.864068, -0.0760789, 0.979272
-0.377703, 0.396135, 0.967187
stamp: 17640000000
-0.888892, 0.352811, 0.975397
-0.401413, 0.425635, 0.975931
-0.361557, 0.429073, 0.969364
-0.818294, -0.0689502, 0.974165
-0.848418, -0.0933318, 0.974279
-0.847715, -0.0393952, 0.982357
-0.857596, -0.0693808, 0.979033
-0.370366, 0.403234, 0.967217
stamp: 17649000000
-0.883399, 0.359024, 0.975324
-0.394193, 0.432571, 0.975869
-0.354524, 0.436142, 0.969261
-0.811377, -0.0624911, 0.974046
-0.841738, -0.0867573, 0.974007
-0.840551, -0.0329974, 0.982479
-0.850776, -0.0628551, 0.978836
-0.363292, 0.410492, 0.966833
stamp: 17659000000
-0.877722, 0.365179, 0.97524
-0.387059, 0.439335, 0.975814
-0.347448, 0.443068, 0.969009
-0.804513, -0.0560136, 0.973892
-0.834521, -0.0802516, 0.973763
-0.833567, -0.0267189, 0.98251
-0.843253, -0.0563097, 0.97894
-0.356499, 0.417284, 0.966415
stamp: 17670000000
-0.871845, 0.371234, 0.975234
-0.37961, 0.445874, 0.975662
-0.340015, 0.449592, 0.969008
-0.797659, -0.0495818, 0.973682
-0.827501, -0.0740821, 0.973446
-0.826637, -0.0204976, 0.982511
-0.836198, -0.0501501, 0.978801
-0.349029, 0.423765, 0.96623
stamp: 17679000000
-0.86599, 0.377026, 0.975231
-0.37227, 0.452263, 0.975492
-0.332457, 0.456007, 0.96907
-0.790459, -0.0436124, 0.973692
-0.820418, -0.0681432, 0.973193
-0.819615, -0.0145826, 0.982476
-0.829205, -0.044188, 0.97867
-0.34169, 0.430259, 0.965962
stamp: 17690000000
-0.859986, 0.382711, 0.975268
-0.3649, 0.458524, 0.975414
-0.324949, 0.462234, 0.969048
-0.783256, -0.0380131, 0.973617
-0.813247, -0.0623511, 0.973032
-0.812464, -0.00885491, 0.98244
-0.822103, -0.0384242, 0.978531
-0.334105, 0.436522, 0.965735
stamp: 17699000000
-0.85401, 0.388258, 0.975222
-0.35726, 0.464584, 0.975113
-0.317753, 0.46841, 0.968808
-0.77598, -0.0324607, 0.973568
-0.805991, -0.0567286, 0.972915
-0.805192, -0.00330654, 0.982522
-0.814838, -0.032915, 0.978462
-0.326539, 0.442649, 0.965468
stamp: 17709000000
-0.847964, 0.393573, 0.975165
-0.349565, 0.47053, 0.974995
-0.31005, 0.474034, 0.968657
-0.768701, -0.0270939, 0.973513
-0.798651, -0.05139, 0.972868
-0.797742, 0.00196264, 0.982671
-0.80745, -0.0275993, 0.978383
-0.318796, 0.448366, 0.96528
stamp: 17719000000
-0.84168, 0.398584, 0.975253
-0.341914, 0.47598, 0.974699
-0.302151, 0.479659, 0.968773
-0.761261, -0.0218982, 0.973583
-0.791419, -0.0462211, 0.972564
-0.790504, 0.00717145, 0.982608
-0.800037, -0.0223614, 0.978244
-0.311068, 0.454119, 0.964891
stamp: 17729000000
-0.835381, 0.403509, 0.975273
-0.33396, 0.48137, 0.97459
-0.294314, 0.485084, 0.968733
-0.753878, -0.0168083, 0.973546
-0.783779, -0.0413216, 0.972517
-0.78298, 0.012058, 0.98265
-0.792604, -0.0174894, 0.978233
-0.303138, 0.459476, 0.964992
stamp: 17740000000
-0.828962, 0.408335, 0.97529
-0.326224, 0.486461, 0.974451
-0.28637, 0.490317, 0.968519
-0.746351, -0.0119851, 0.973412
-0.776475, -0.0365773, 0.972302
-0.775522, 0.0167491, 0.982625
-0.785524, -0.0129243, 0.977982
-0.295337, 0.464571, 0.964617
stamp: 17749000000
-0.822216, 0.412934, 0.975356
-0.31806, 0.491358, 0.974331
-0.27814, 0.495261, 0.968619
-0.738618, -0.00755185, 0.973439
-0.768703, -0.0321592, 0.972274
-0.767787, 0.0212777, 0.982787
-0.777838, -0.0083487, 0.978065
-0.287243, 0.469614, 0.964431
stamp: 17760000000
-0.815636, 0.417228, 0.9755
-0.310049, 0.496314, 0.974099
-0.270311, 0.500096, 0.968457
-0.730841, -0.00322193, 0.973511
-0.760746, -0.0277632, 0.972135
-0.760046, 0.0254819, 0.982912
-0.769729, -0.00396304, 0.978128
-0.278955, 0.474494, 0.964544
stamp: 17769000000
-0.809153, 0.421341, 0.97544
-0.301759, 0.500731, 0.973978
-0.262098, 0.504633, 0.968761
-0.722973, 0.000629184, 0.973586
-0.753025, -0.0237382, 0.972274
-0.752337, 0.0295758, 0.982902
-0.761839, -4.48554e-06, 0.978169
-0.271057, 0.478979, 0.964172
stamp: 17780000000
-0.802281, 0.425327, 0.975518
-0.293718, 0.505179, 0.973903
-0.253979, 0.509043, 0.968618
-0.715078, 0.00450155, 0.973814
-0.745092, -0.0198418, 0.972329
-0.744389, 0.0333365, 0.983086
-0.753945, 0.00382703, 0.978255
-0.262614, 0.483456, 0.964245
stamp: 17789000000
-0.795376, 0.429105, 0.975561
-0.285244, 0.50923, 0.974112
-0.245539, 0.51308, 0.968786
-0.707118, 0.00800608, 0.973855
-0.737318, -0.0162547, 0.972225
-0.736368, 0.0369297, 0.983297
-0.745979, 0.00739074, 0.978315
-0.254542, 0.487492, 0.964101
stamp: 17799000000
-0.788616, 0.432715, 0.975535
-0.277009, 0.512825, 0.973958
-0.23714, 0.517028, 0.968521
-0.699181, 0.011574, 0.973852
-0.729083, -0.0129617, 0.972155
-0.728332, 0.0402036, 0.983566
-0.737965, 0.0107388, 0.97835
-0.245802, 0.491532, 0.964131
stamp: 17810000000
-0.781733, 0.436002, 0.975599
-0.268389, 0.516559, 0.974129
-0.228642, 0.520617, 0.968813
-0.690841, 0.0145964, 0.974162
-0.720913, -0.00977978, 0.972299
-0.720304, 0.0432993, 0.983701
-0.729913, 0.0138569, 0.978442
-0.237411, 0.495009, 0.964138
stamp: 17819000000
-0.77455, 0.439249, 0.975588
-0.259859, 0.519886, 0.973907
-0.219891, 0.523971, 0.968826
-0.682779, 0.0174862, 0.974327
-0.713013, -0.00686332, 0.972304
-0.712125, 0.046268, 0.983887
-0.722134, 0.0167595, 0.978445
-0.22893, 0.498399, 0.963933
stamp: 17829000000
-0.76758, 0.442057, 0.975594
-0.25115, 0.523127, 0.97404
-0.211532, 0.527159, 0.968891
-0.674718, 0.0202856, 0.97434
-0.704669, -0.00417671, 0.972354
-0.704023, 0.0489546, 0.983912
-0.713711, 0.0195813, 0.978511
-0.219983, 0.501582, 0.964317
stamp: 17840000000
-0.760045, 0.444806, 0.975733
-0.242571, 0.525954, 0.973955
-0.202574, 0.529961, 0.969207
-0.666299, 0.0226431, 0.97459
-0.696523, -0.00165155, 0.972475
-0.695992, 0.0515956, 0.98397
-0.705501, 0.0220755, 0.978563
-0.211678, 0.504353, 0.963933
stamp: 17849000000
-0.753049, 0.447394, 0.975597
-0.233747, 0.528544, 0.974013
-0.193933, 0.532675, 0.969219
-0.65812, 0.0248437, 0.974726
-0.687976, 0.00047197, 0.972622
-0.687315, 0.0535765, 0.984323
-0.696874, 0.0241627, 0.978997
-0.20279, 0.507225, 0.963904
stamp: 17859000000
-0.7456, 0.449664, 0.975649
-0.225146, 0.531012, 0.974087
-0.185295, 0.535118, 0.969229
-0.649586, 0.0269252, 0.974994
-0.679846, 0.00254001, 0.972761
-0.678844, 0.0554687, 0.984823
-0.688937, 0.0260931, 0.978945
-0.19396, 0.509621, 0.964157
stamp: 17870000000
-0.738205, 0.451749, 0.975658
-0.216376, 0.533329, 0.97401
-0.17636, 0.537228, 0.969434
-0.641193, 0.0286868, 0.97523
-0.67105, 0.00427507, 0.973044
-0.67049, 0.057331, 0.984758
-0.679988, 0.0278828, 0.979252
-0.185325, 0.511736, 0.963943
stamp: 17879000000
-0.730833, 0.453675, 0.975541
-0.207446, 0.535313, 0.974047
-0.167231, 0.539197, 0.969522
-0.6327, 0.0301888, 0.975421
-0.662723, 0.00580179, 0.973117
-0.661918, 0.05882, 0.985063
-0.671843, 0.0293414, 0.97931
-0.176373, 0.513677, 0.964082
stamp: 17889000000
-0.723402, 0.455315, 0.975589
-0.198385, 0.536842, 0.974117
-0.158297, 0.540928, 0.969656
-0.624035, 0.0314928, 0.975753
-0.654183, 0.00710059, 0.973116
-0.653405, 0.0600909, 0.985284
-0.663739, 0.0307303, 0.979159
-0.167335, 0.515342, 0.964329
stamp: 17900000000
-0.715736, 0.456767, 0.975589
-0.189393, 0.538102, 0.974122
-0.149501, 0.542357, 0.96958
-0.615157, 0.0324581, 0.976067
-0.645318, 0.00809675, 0.973233
-0.644916, 0.061144, 0.985408
-0.654632, 0.0317909, 0.979489
-0.158364, 0.516872, 0.964057
stamp: 17909000000
-0.708127, 0.457973, 0.975695
-0.180402, 0.539606, 0.974135
-0.14035, 0.543589, 0.969783
-0.606576, 0.0332477, 0.976283
-0.636604, 0.00899554, 0.973506
-0.636163, 0.061944, 0.985741
-0.64574, 0.0325136, 0.979941
-0.149273, 0.518104, 0.964376
stamp: 17919000000
-0.700351, 0.458966, 0.975686
-0.171632, 0.540599, 0.974233
-0.131248, 0.544563, 0.970036
-0.597972, 0.0339495, 0.976479
-0.628087, 0.00956558, 0.973622
-0.627307, 0.0624465, 0.986017
-0.636976, 0.0330883, 0.980058
-0.140191, 0.518982, 0.964547
stamp: 17930000000
-0.69266, 0.459846, 0.975598
-0.162351, 0.541198, 0.974224
-0.122087, 0.545272, 0.970132
-0.589169, 0.0342948, 0.976713
-0.619432, 0.00989476, 0.973682
-0.618702, 0.062844, 0.986029
-0.628288, 0.0335494, 0.980055
-0.130971, 0.519685, 0.964613
stamp: 17940000000
-0.684905, 0.46043, 0.975587
-0.153281, 0.541866, 0.97415
-0.113265, 0.545835, 0.97016
-0.580405, 0.0343788, 0.976831
-0.610422, 0.0100417, 0.973852
-0.609799, 0.062965, 0.986326
-0.61946, 0.0335868, 0.980265
-0.122032, 0.520128, 0.964615
stamp: 17949000000
-0.676932, 0.460866, 0.975622
-0.143988, 0.542029, 0.974358
-0.10401, 0.545999, 0.970396
-0.571469, 0.0340698, 0.977224
-0.601517, 0.00997645, 0.9742
-0.601088, 0.0629493, 0.986558
-0.610775, 0.0335344, 0.980309
-0.112833, 0.520565, 0.964584
stamp: 17959000000
-0.669167, 0.461017, 0.975565
-0.134726, 0.542102, 0.97442
-0.0945488, 0.546079, 0.97053
-0.562663, 0.0339841, 0.977409
-0.592476, 0.00949956, 0.974418
-0.592102, 0.0624757, 0.986835
-0.601738, 0.0332499, 0.980561
-0.103458, 0.520617, 0.965051
stamp: 17970000000
-0.661124, 0.46101, 0.97559
-0.125679, 0.54194, 0.974126
-0.0852282, 0.545934, 0.970596
-0.553614, 0.0332604, 0.97779
-0.583664, 0.00902596, 0.974524
-0.583166, 0.0619999, 0.986973
-0.59277, 0.0326097, 0.980834
-0.0940753, 0.520522, 0.965289
stamp: 17979000000
-0.653142, 0.460653, 0.97568
-0.116394, 0.541615, 0.974377
-0.0762417, 0.545402, 0.970598
-0.544707, 0.0326084, 0.977948
-0.574921, 0.00836074, 0.974632
-0.574471, 0.0613626, 0.98693
-0.58411, 0.0319198, 0.980753
-0.084759, 0.520022, 0.9652
stamp: 17990000000
-0.645058, 0.460226, 0.975706
-0.107005, 0.540853, 0.974429
-0.0667999, 0.544741, 0.970771
-0.535639, 0.031458, 0.978336
-0.565845, 0.0072316, 0.974741
-0.565288, 0.0601889, 0.987264
-0.574922, 0.0307888, 0.98097
-0.0755574, 0.519414, 0.965363
stamp: 17999000000
-0.637078, 0.45965, 0.975652
-0.0977914, 0.540143, 0.974392
-0.0574131, 0.543793, 0.971012
-0.526734, 0.0301562, 0.978578
-0.556765, 0.00599769, 0.974914
-0.556291, 0.0589196, 0.987475
-0.565994, 0.0295565, 0.981115
-0.0661504, 0.518417, 0.965683
stamp: 18009000000
-0.628837, 0.458729, 0.975756
-0.0882079, 0.538819, 0.974594
-0.0480006, 0.542488, 0.971288
-0.517922, 0.0288654, 0.978603
-0.547803, 0.00461647, 0.974921
-0.547517, 0.0575688, 0.987417
-0.557066, 0.0281545, 0.981128
-0.0568727, 0.517323, 0.965641
stamp: 18019000000
-0.620731, 0.457689, 0.975808
-0.0791665, 0.537643, 0.974479
-0.0388424, 0.541238, 0.97109
-0.50881, 0.0270765, 0.978878
-0.538861, 0.00280905, 0.975124
-0.538441, 0.0558256, 0.987506
-0.547985, 0.026446, 0.981356
-0.0476426, 0.515963, 0.965672
stamp: 18029000000
-0.612469, 0.456457, 0.975981
-0.0698968, 0.536089, 0.974483
-0.0294252, 0.539531, 0.971431
-0.499751, 0.0251097, 0.979056
-0.529671, 0.00086014, 0.975366
-0.529398, 0.0539275, 0.987592
-0.538857, 0.0245457, 0.981497
-0.0382837, 0.514177, 0.965831
stamp: 18040000000
-0.60423, 0.454921, 0.976043
-0.0603465, 0.534109, 0.974699
-0.019931, 0.537756, 0.971606
-0.490628, 0.023027, 0.979337
-0.520597, -0.00127613, 0.975477
-0.520335, 0.0517558, 0.987767
-0.529682, 0.0224191, 0.981694
-0.0289909, 0.512333, 0.965615
stamp: 18049000000
-0.596043, 0.453286, 0.976103
-0.0510197, 0.531921, 0.974785
-0.0104426, 0.535664, 0.971737
-0.481564, 0.0207094, 0.97957
-0.511652, -0.00342634, 0.975657
-0.511229, 0.0494383, 0.987889
-0.52084, 0.0200668, 0.981765
-0.0196517, 0.510424, 0.965827
stamp: 18060000000
-0.587746, 0.451538, 0.976229
-0.0417059, 0.529704, 0.974804
-0.00147838, 0.533357, 0.971724
-0.472644, 0.0181553, 0.979645
-0.502535, -0.00611902, 0.97578
-0.502083, 0.0468817, 0.987943
-0.511613, 0.017555, 0.981777
-0.0100967, 0.507963, 0.966163
stamp: 18069000000
-0.57939, 0.449408, 0.976428
-0.0323381, 0.527361, 0.974682
0.00825511, 0.530772, 0.972075
-0.463603, 0.0153622, 0.979885
-0.493498, -0.00877364, 0.976119
-0.493203, 0.04418, 0.987915
-0.502579, 0.0148447, 0.981942
-0.000530023, 0.505319, 0.966355
stamp: 18079000000
-0.571065, 0.447212, 0.97644
-0.0228176, 0.524542, 0.9746
0.0177455, 0.527982, 0.972348
-0.454421, 0.0122857, 0.980162
-0.484422, -0.0118151, 0.976126
-0.484324, 0.041389, 0.987912
-0.493768, 0.0119391, 0.982015
0.00865497, 0.502876, 0.966674
stamp: 18090000000
-0.562651, 0.444665, 0.976681
-0.0136104, 0.521541, 0.974766
0.0269748, 0.525069, 0.97219
-0.445241, 0.00906819, 0.980451
-0.47519, -0.0149773, 0.976414
-0.475238, 0.0382636, 0.988001
-0.484817, 0.00879408, 0.981854
0.0182888, 0.499865, 0.966909
stamp: 18099000000
-0.554334, 0.442121, 0.97663
-0.00403202, 0.518414, 0.974825
0.0364796, 0.521896, 0.972464
-0.436259, 0.00573462, 0.980536
-0.4664, -0.0183259, 0.976393
-0.465797, 0.0347028, 0.988298
-0.475357, 0.00537731, 0.982297
0.0271984, 0.496714, 0.966673
stamp: 18109000000
-0.545952, 0.439547, 0.976746
0.00547081, 0.515028, 0.974788
0.045987, 0.5184, 0.972796
-0.427337, 0.00220448, 0.98062
-0.457569, -0.0218975, 0.976586
-0.457066, 0.0313447, 0.988123
-0.466492, 0.0018715, 0.982219
0.0369129, 0.492932, 0.967042
stamp: 18119000000
-0.537607, 0.436559, 0.976912
0.0147459, 0.511558, 0.975008
0.0551059, 0.51496, 0.972685
-0.418262, -0.00158825, 0.980863
-0.448678, -0.0256021, 0.976679
-0.448028, 0.0274603, 0.988205
-0.45781, -0.00177079, 0.981989
0.0465813, 0.489382, 0.967488
stamp: 18129000000
-0.528909, 0.433546, 0.976996
0.024089, 0.507845, 0.974867
0.06465, 0.511073, 0.973031
-0.409163, -0.00567562, 0.981189
-0.439665, -0.0295589, 0.976936
-0.439017, 0.0236402, 0.988255
-0.448649, -0.00586503, 0.982289
0.0554204, 0.485847, 0.967336
stamp: 18140000000
-0.52046, 0.430218, 0.977125
0.0333028, 0.503829, 0.975113
0.0737793, 0.507055, 0.973053
-0.400135, -0.00983485, 0.981323
-0.430596, -0.033654, 0.977068
-0.430106, 0.019625, 0.988065
-0.439758, -0.0098514, 0.98226
0.0649872, 0.481813, 0.967729
stamp: 18150000000
-0.512044, 0.426696, 0.977252
0.0428082, 0.49965, 0.975348
0.083239, 0.502907, 0.973261
-0.391185, -0.0141587, 0.981549
-0.421604, -0.0380352, 0.977271
-0.421147, 0.0153243, 0.988176
-0.430745, -0.0141909, 0.982319
0.0743194, 0.477406, 0.96783
stamp: 18159000000
-0.503613, 0.423251, 0.977326
0.0520072, 0.495344, 0.975292
0.092657, 0.498563, 0.97357
-0.382253, -0.0185792, 0.981704
-0.412664, -0.0426085, 0.9776
-0.411957, 0.0106758, 0.988398
-0.421681, -0.0187365, 0.982572
0.083495, 0.473048, 0.967987
stamp: 18169000000
-0.495119, 0.419573, 0.977444
0.0614315, 0.490827, 0.975318
0.101794, 0.494021, 0.973511
-0.373369, -0.0232316, 0.981946
-0.403868, -0.047166, 0.977757
-0.403154, 0.00600992, 0.988308
-0.412818, -0.023374, 0.982621
0.0930431, 0.46855, 0.968472
stamp: 18180000000
-0.486624, 0.415604, 0.977487
0.0705686, 0.486174, 0.975284
0.110902, 0.489438, 0.973506
-0.364649, -0.0281041, 0.982115
-0.395075, -0.0520291, 0.977797
-0.394428, 0.00139871, 0.988309
-0.404116, -0.0280289, 0.982562
0.101904, 0.463896, 0.968017
stamp: 18190000000
-0.478085, 0.411515, 0.977594
0.0798906, 0.481186, 0.975592
0.120117, 0.484504, 0.973695
-0.355709, -0.0332267, 0.982492
-0.38604, -0.0570246, 0.978217
-0.385577, -0.00351023, 0.988324
-0.39529, -0.0329662, 0.982839
0.111417, 0.459102, 0.969076
stamp: 18200000000
-0.469513, 0.407295, 0.977851
0.0889056, 0.476255, 0.975597
0.129264, 0.4794, 0.973782
-0.346968, -0.0384615, 0.982638
-0.377531, -0.0623625, 0.978358
-0.376843, -0.00863592, 0.988235
-0.386528, -0.0382438, 0.982807
0.120414, 0.453687, 0.96896
stamp: 18209000000
-0.461073, 0.403007, 0.977888
0.0982143, 0.471155, 0.975551
0.138533, 0.474133, 0.97411
-0.33823, -0.0437414, 0.982897
-0.368515, -0.0677188, 0.978683
-0.368059, -0.0138974, 0.988325
-0.377678, -0.0435098, 0.983048
0.129771, 0.448656, 0.969521
stamp: 18219000000
-0.452733, 0.398585, 0.977989
0.10717, 0.465664, 0.975632
0.147578, 0.468793, 0.974218
-0.329486, -0.0492665, 0.983282
-0.359986, -0.0731978, 0.978853
-0.359296, -0.0194788, 0.988331
-0.369149, -0.0489868, 0.983087
0.138742, 0.443239, 0.969471
stamp: 18229000000
-0.444415, 0.394017, 0.978016
0.116354, 0.460133, 0.975548
0.1566, 0.463268, 0.974366
-0.320839, -0.0549413, 0.983502
-0.35138, -0.0788509, 0.979152
-0.350641, -0.0252094, 0.988563
-0.360436, -0.0545543, 0.983283
0.14809, 0.437452, 0.969949
stamp: 18240000000
-0.435948, 0.38924, 0.978102
0.125304, 0.454569, 0.97542
0.165789, 0.457529, 0.97472
-0.312318, -0.0605859, 0.983629
-0.342541, -0.0847951, 0.979598
-0.341906, -0.0308811, 0.988638
-0.352003, -0.0604284, 0.983401
0.156648, 0.432142, 0.970014
stamp: 18249000000
-0.427453, 0.384416, 0.978272
0.134434, 0.448874, 0.975715
0.1747, 0.451744, 0.974787
-0.30372, -0.0665827, 0.983883
-0.334263, -0.0905426, 0.979705
-0.333326, -0.0367867, 0.988639
-0.343167, -0.0663534, 0.983824
0.165623, 0.426099, 0.970267
stamp: 18259000000
-0.419204, 0.37943, 0.978316
0.143211, 0.442855, 0.975618
0.183657, 0.445805, 0.974908
-0.295256, -0.0727299, 0.984131
-0.325676, -0.0966409, 0.980112
-0.324857, -0.0426654, 0.988628
-0.334669, -0.0722954, 0.983938
0.17447, 0.420041, 0.970295
stamp: 18270000000
-0.41084, 0.374441, 0.978402
0.151878, 0.436772, 0.975662
0.192381, 0.439785, 0.975028
-0.286745, -0.0787755, 0.984443
-0.317422, -0.102674, 0.980324
-0.316608, -0.048716, 0.988571
-0.326829, -0.0782612, 0.983554
0.183639, 0.413909, 0.970941
stamp: 18279000000
-0.402346, 0.369282, 0.978524
0.160832, 0.430809, 0.975757
0.201371, 0.43349, 0.975462
-0.278518, -0.0850781, 0.984689
-0.309292, -0.108877, 0.980505
-0.308294, -0.0548575, 0.98864
-0.318344, -0.0846592, 0.984091
0.19249, 0.407626, 0.971132
stamp: 18290000000
-0.394227, 0.363998, 0.978607
0.16944, 0.424613, 0.975878
0.210075, 0.427215, 0.975531
-0.270253, -0.0914233, 0.984866
-0.300889, -0.115308, 0.980845
-0.299794, -0.0614071, 0.988745
-0.309785, -0.0910618, 0.984309
0.201083, 0.40147, 0.97124
stamp: 18299000000
-0.385947, 0.358646, 0.978718
0.17815, 0.418146, 0.975811
0.218747, 0.420756, 0.975676
-0.261913, -0.0979807, 0.98529
-0.29234, -0.121852, 0.981258
-0.291559, -0.0678431, 0.988844
-0.301634, -0.0975428, 0.984499
0.20982, 0.395087, 0.971825
stamp: 18310000000
-0.377745, 0.353222, 0.978727
0.186871, 0.411704, 0.975751
0.227361, 0.414307, 0.975736
-0.253828, -0.104515, 0.985419
-0.284223, -0.128585, 0.981557
-0.283819, -0.0741801, 0.98847
-0.293525, -0.104123, 0.984566
0.218403, 0.388436, 0.971921
stamp: 18320000000
-0.369774, 0.347854, 0.978809
0.195602, 0.405008, 0.976005
0.23591, 0.407719, 0.975888
-0.245759, -0.111168, 0.985546
-0.276258, -0.135172, 0.981808
-0.275534, -0.0810195, 0.988668
-0.285304, -0.110793, 0.984733
0.226993, 0.381869, 0.972143
stamp: 18329000000
-0.361612, 0.34223, 0.978937
0.203822, 0.39832, 0.975977
0.244319, 0.401018, 0.976105
-0.237905, -0.117912, 0.985771
-0.268207, -0.141924, 0.981859
-0.267351, -0.087777, 0.988665
-0.277443, -0.117492, 0.984789
0.235436, 0.375271, 0.972817
stamp: 18340000000
-0.353662, 0.336637, 0.978883
0.212291, 0.391546, 0.976164
0.252733, 0.394158, 0.976308
-0.229935, -0.124784, 0.98604
-0.260405, -0.148852, 0.982232
-0.25968, -0.0943353, 0.988234
-0.269643, -0.124294, 0.984858
0.243487, 0.368341, 0.972514
stamp: 18350000000
-0.345466, 0.331035, 0.978884
0.220459, 0.384844, 0.97593
0.261089, 0.387302, 0.976445
-0.222026, -0.131746, 0.986116
-0.252582, -0.155717, 0.982417
-0.25176, -0.101474, 0.988333
-0.261602, -0.131155, 0.985071
0.251945, 0.361476, 0.972735
stamp: 18359000000
-0.337607, 0.32525, 0.978927
0.228696, 0.37775, 0.976124
0.26925, 0.380415, 0.976703
-0.214285, -0.138643, 0.986205
-0.244861, -0.162653, 0.982578
-0.243744, -0.10812, 0.988174
-0.254049, -0.138115, 0.984876
0.259864, 0.354575, 0.97326
stamp: 18369000000
-0.329684, 0.319529, 0.978993
0.236741, 0.37089, 0.975899
0.27742, 0.373351, 0.976853
-0.206597, -0.145706, 0.986303
-0.236916, -0.169684, 0.982968
-0.236265, -0.115308, 0.988077
-0.246126, -0.145251, 0.985011
0.268262, 0.347445, 0.973338
stamp: 18380000000
-0.321955, 0.31365, 0.978919
0.245075, 0.363834, 0.976128
0.285365, 0.36644, 0.976698
-0.199201, -0.152835, 0.98635
-0.229655, -0.176676, 0.982991
-0.228738, -0.122273, 0.987854
-0.238629, -0.152168, 0.984796
0.276633, 0.340383, 0.97409
stamp: 18390000000
-0.314181, 0.307797, 0.978838
0.252968, 0.356618, 0.975872
0.293344, 0.359288, 0.976969
-0.191651, -0.159894, 0.986327
-0.222111, -0.183928, 0.98302
-0.221155, -0.129475, 0.987574
-0.23103, -0.159469, 0.984922
0.284363, 0.333257, 0.974327
stamp: 18399000000
-0.30653, 0.301925, 0.978817
0.260562, 0.349626, 0.975892
0.301248, 0.352062, 0.97705
-0.184244, -0.167065, 0.986374
-0.214586, -0.191271, 0.983208
-0.213339, -0.136547, 0.987579
-0.223774, -0.166557, 0.98481
0.292292, 0.326032, 0.974415
stamp: 18410000000
-0.299053, 0.296057, 0.978728
0.268591, 0.342498, 0.975814
0.308963, 0.344976, 0.976878
-0.176817, -0.174286, 0.986344
-0.20737, -0.198471, 0.983107
-0.206041, -0.143621, 0.987272
-0.216466, -0.173781, 0.984547
0.299907, 0.319019, 0.974523
stamp: 18420000000
-0.291442, 0.290143, 0.978612
0.276113, 0.33527, 0.975945
0.316762, 0.337477, 0.977323
-0.169671, -0.181563, 0.986161
-0.200038, -0.20563, 0.983143
-0.198921, -0.150995, 0.987173
-0.209042, -0.18102, 0.984449
0.307837, 0.311678, 0.974936
stamp: 18429000000
-0.284153, 0.284265, 0.978409
0.283758, 0.327947, 0.975807
0.324306, 0.330285, 0.977207
-0.162576, -0.18873, 0.986081
-0.19316, -0.212925, 0.983115
-0.19193, -0.158249, 0.986597
-0.202376, -0.188332, 0.983978
0.315263, 0.304305, 0.975122
stamp: 18440000000
-0.276916, 0.278359, 0.978385
0.291314, 0.320815, 0.975874
0.331709, 0.323128, 0.977127
-0.155534, -0.196049, 0.985811
-0.185912, -0.220302, 0.983049
-0.184618, -0.165436, 0.986342
-0.195347, -0.195613, 0.983738
0.322856, 0.29713, 0.975163
stamp: 18450000000
-0.269713, 0.272533, 0.978268
0.298717, 0.313304, 0.975504
0.338945, 0.315828, 0.976811
-0.148623, -0.203276, 0.985709
-0.178965, -0.227561, 0.983112
-0.177565, -0.172712, 0.985828
-0.188358, -0.20283, 0.983473
0.330048, 0.289869, 0.975225
stamp: 18459000000
-0.262296, 0.266596, 0.978123
0.305856, 0.306235, 0.975467
0.346259, 0.308534, 0.976851
-0.141734, -0.21065, 0.985515
-0.171966, -0.234879, 0.983036
-0.171214, -0.180081, 0.985279
-0.181507, -0.210158, 0.983237
0.337295, 0.282493, 0.975319
stamp: 18470000000
-0.2553, 0.260725, 0.977833
0.312964, 0.29882, 0.975206
0.353345, 0.301288, 0.976778
-0.135025, -0.218042, 0.985365
-0.165467, -0.242189, 0.982817
-0.164449, -0.187324, 0.984697
-0.174836, -0.217429, 0.982852
0.344499, 0.275041, 0.9752
stamp: 18479000000
-0.248449, 0.254928, 0.977661
0.320122, 0.291586, 0.974689
0.360421, 0.293724, 0.976661
-0.128367, -0.225333, 0.985038
-0.158605, -0.249424, 0.982681
-0.157621, -0.194677, 0.984194
-0.168079, -0.224754, 0.982715
0.351444, 0.267841, 0.975311
stamp: 18490000000
-0.24159, 0.248992, 0.977435
0.326964, 0.284446, 0.974529
0.367357, 0.286541, 0.976644
-0.121776, -0.232469, 0.984731
-0.152167, -0.256663, 0.982447
-0.151217, -0.202066, 0.983898
-0.161617, -0.232023, 0.982349
0.358351, 0.260774, 0.975413
stamp: 18500000000
-0.23487, 0.243217, 0.977254
0.334004, 0.277126, 0.974212
0.373853, 0.279331, 0.976231
-0.115393, -0.239682, 0.984505
-0.145651, -0.26407, 0.982349
-0.144755, -0.209317, 0.983167
-0.155165, -0.239315, 0.981954
0.365095, 0.253493, 0.975276
stamp: 18509000000
-0.228369, 0.237465, 0.977001
0.340536, 0.269965, 0.973974
0.380525, 0.271971, 0.975858
-0.109043, -0.247042, 0.984194
-0.13934, -0.271356, 0.982213
-0.138505, -0.216504, 0.982682
-0.148765, -0.246683, 0.981569
0.371575, 0.246139, 0.974935
stamp: 18520000000
-0.221829, 0.231771, 0.976844
0.347158, 0.262653, 0.973778
0.387417, 0.264782, 0.976271
-0.10275, -0.254236, 0.983857
-0.133006, -0.278614, 0.981963
-0.132195, -0.223663, 0.982272
-0.142609, -0.253917, 0.98127
0.378234, 0.238806, 0.975027
stamp: 18530000000
-0.215637, 0.226034, 0.976589
0.353637, 0.255706, 0.973345
0.394394, 0.257914, 0.976403
-0.0965826, -0.261397, 0.983512
-0.126954, -0.285659, 0.981759
-0.126105, -0.230981, 0.98171
-0.13651, -0.261124, 0.98089
0.384631, 0.231724, 0.974732
stamp: 18540000000
-0.209349, 0.220403, 0.976373
0.360022, 0.248428, 0.972986
0.40097, 0.251092, 0.976487
-0.0905762, -0.268507, 0.983262
-0.120893, -0.292852, 0.98157
-0.119996, -0.238184, 0.981125
-0.13034, -0.268219, 0.980552
0.390931, 0.224681, 0.974514
stamp: 18550000000
-0.203312, 0.214845, 0.976139
0.366072, 0.241445, 0.972473
0.406561, 0.243625, 0.975462
-0.0846372, -0.27559, 0.982933
-0.114983, -0.299958, 0.981176
-0.114068, -0.245363, 0.98065
-0.124516, -0.275235, 0.980133
0.397092, 0.21765, 0.974522
stamp: 18559000000
-0.197275, 0.209462, 0.975906
0.372284, 0.234274, 0.972105
0.412847, 0.236834, 0.975458
-0.0789374, -0.282642, 0.982534
-0.109194, -0.306951, 0.980922
-0.108326, -0.252317, 0.980013
-0.118612, -0.28233, 0.979686
0.403238, 0.210541, 0.974385
stamp: 18569000000
-0.191461, 0.20387, 0.975586
0.37805, 0.227338, 0.971861
0.418755, 0.229635, 0.975073
-0.0731988, -0.28972, 0.982283
-0.103546, -0.313938, 0.980733
-0.10262, -0.259253, 0.979504
-0.112981, -0.289368, 0.979334
0.409171, 0.203562, 0.974161
stamp: 18580000000
-0.185636, 0.198674, 0.975516
0.383865, 0.220342, 0.971466
0.424542, 0.222818, 0.974505
-0.0676688, -0.296626, 0.981866
-0.0979428, -0.320988, 0.980453
-0.0969323, -0.266273, 0.97915
-0.107382, -0.296372, 0.979027
0.414975, 0.19671, 0.973951
stamp: 18590000000
-0.180089, 0.193266, 0.975327
0.389488, 0.213656, 0.970982
0.42959, 0.215378, 0.973655
-0.0620337, -0.303479, 0.981657
-0.0923998, -0.327965, 0.980178
-0.0912608, -0.273221, 0.97869
-0.101813, -0.303318, 0.978549
0.420393, 0.189734, 0.973429
stamp: 18599000000
-0.174573, 0.18804, 0.9751
0.394869, 0.206517, 0.970948
0.435889, 0.209085, 0.973988
-0.0566639, -0.310229, 0.981312
-0.0870602, -0.334716, 0.979979
-0.0859632, -0.279942, 0.978202
-0.0964709, -0.310121, 0.978176
0.426025, 0.183023, 0.97321
stamp: 18610000000
-0.169265, 0.182853, 0.974892
0.40035, 0.199773, 0.97052
0.440455, 0.201907, 0.972632
-0.0514495, -0.316952, 0.981016
-0.0817078, -0.341438, 0.979949
-0.0808401, -0.28679, 0.977656
-0.0911251, -0.316812, 0.978002
0.431584, 0.176207, 0.973111
stamp: 18619000000
-0.164089, 0.177866, 0.974627
0.40581, 0.193086, 0.970061
0.445185, 0.195216, 0.971588
-0.0462269, -0.323723, 0.980786
-0.0763996, -0.348202, 0.979842
-0.07575, -0.293494, 0.977223
-0.0861054, -0.323492, 0.977747
0.436663, 0.169674, 0.97256
stamp: 18629000000
-0.15897, 0.172918, 0.974567
0.410907, 0.1865, 0.969584
0.450592, 0.188625, 0.971495
-0.0411562, -0.33026, 0.980616
-0.0713777, -0.354665, 0.979677
-0.0707026, -0.3, 0.976811
-0.0810737, -0.330164, 0.97747
0.441899, 0.163035, 0.97231
stamp: 18640000000
-0.154082, 0.167958, 0.974348
0.416036, 0.180054, 0.969264
0.455462, 0.182158, 0.970968
-0.0363901, -0.336647, 0.980363
-0.0666811, -0.361238, 0.979518
-0.065956, -0.306512, 0.976284
-0.0761628, -0.336663, 0.977137
0.446756, 0.156569, 0.971887
stamp: 18649000000
-0.149333, 0.163205, 0.97415
0.420929, 0.173523, 0.968817
0.460525, 0.175706, 0.970715
-0.0315145, -0.34307, 0.980031
-0.0617566, -0.367628, 0.979338
-0.0611925, -0.312916, 0.975798
-0.0713481, -0.34318, 0.976871
0.45178, 0.150174, 0.971668
stamp: 18659000000
-0.144703, 0.15842, 0.973895
0.425634, 0.167215, 0.968634
0.464988, 0.169578, 0.970006
-0.0268629, -0.349414, 0.97976
-0.057011, -0.374026, 0.979266
-0.0564524, -0.319345, 0.975621
-0.0667139, -0.349382, 0.976711
0.456504, 0.143784, 0.971274
stamp: 18670000000
-0.140214, 0.153932, 0.973719
0.430139, 0.160832, 0.968114
0.469682, 0.163183, 0.969732
-0.0223068, -0.35557, 0.979693
-0.0525443, -0.380091, 0.97918
-0.051711, -0.325619, 0.97542
-0.0621261, -0.355705, 0.97643
0.461316, 0.137554, 0.971092
stamp: 18679000000
-0.135801, 0.149576, 0.973601
0.434724, 0.154713, 0.967761
0.474504, 0.157175, 0.969594
-0.0177971, -0.361714, 0.979409
-0.0480676, -0.386195, 0.978902
-0.0472092, -0.331506, 0.975085
-0.0577336, -0.361852, 0.976277
0.465889, 0.13148, 0.970909
stamp: 18690000000
-0.131545, 0.145098, 0.973456
0.439008, 0.148849, 0.967364
0.47883, 0.151076, 0.969251
-0.0134718, -0.367787, 0.979356
-0.043802, -0.392274, 0.978822
-0.0430059, -0.337639, 0.974591
-0.0532234, -0.367799, 0.976089
0.470202, 0.125499, 0.970576
stamp: 18699000000
-0.127397, 0.140833, 0.973245
0.443303, 0.142934, 0.966994
0.483041, 0.145106, 0.96882
-0.00930802, -0.373626, 0.979242
-0.0394613, -0.398214, 0.979001
-0.038661, -0.343626, 0.974587
-0.0490721, -0.373859, 0.975904
0.474527, 0.119437, 0.970167
stamp: 18709000000
-0.123416, 0.136595, 0.973108
0.447266, 0.137028, 0.966679
0.48714, 0.139364, 0.968442
-0.00498031, -0.379393, 0.979212
-0.0353611, -0.403919, 0.978832
-0.034849, -0.349467, 0.974137
-0.0451312, -0.379616, 0.975864
0.47858, 0.11363, 0.970017
stamp: 18719000000
-0.119623, 0.132581, 0.972922
0.451328, 0.131267, 0.966354
0.491199, 0.133718, 0.968199
-0.00117678, -0.385102, 0.978963
-0.0311231, -0.409799, 0.978647
-0.0306368, -0.355073, 0.974008
-0.0410033, -0.385153, 0.975756
0.482666, 0.108084, 0.969858
stamp: 18729000000
-0.115833, 0.128677, 0.972607
0.455199, 0.125614, 0.966078
0.495254, 0.128024, 0.96809
0.00262138, -0.3905, 0.978812
-0.027609, -0.415239, 0.978564
-0.0267684, -0.360753, 0.97405
-0.0370196, -0.390961, 0.975471
0.486464, 0.102334, 0.969598
stamp: 18740000000
-0.112287, 0.124898, 0.972568
0.458928, 0.120178, 0.965947
0.498977, 0.122539, 0.967779
0.00627476, -0.395885, 0.978706
-0.023766, -0.420434, 0.978662
-0.0230989, -0.366239, 0.97374
-0.0334273, -0.396367, 0.975564
0.490136, 0.096756, 0.969302
stamp: 18750000000
-0.108864, 0.121134, 0.97223
0.462585, 0.114832, 0.965555
0.502601, 0.117282, 0.967433
0.0101785, -0.401337, 0.978718
-0.0201763, -0.425833, 0.978708
-0.0196896, -0.371544, 0.973602
-0.0298383, -0.401644, 0.975512
0.493619, 0.0911656, 0.969025
stamp: 18759000000
-0.105519, 0.117558, 0.972183
0.466105, 0.109466, 0.965346
0.506165, 0.111877, 0.967235
0.0136353, -0.406512, 0.978549
-0.0165087, -0.431098, 0.978881
-0.0159105, -0.376817, 0.973428
-0.0262174, -0.406879, 0.975479
0.497202, 0.0860451, 0.968948
stamp: 18769000000
-0.102341, 0.113963, 0.971987
0.469395, 0.104298, 0.965199
0.509428, 0.106686, 0.967009
0.0170293, -0.411478, 0.978492
-0.0131796, -0.43607, 0.978731
-0.0125491, -0.381858, 0.973309
-0.0228611, -0.411764, 0.975306
0.500619, 0.0808185, 0.968699
stamp: 18780000000
-0.0993781, 0.11059, 0.971815
0.472619, 0.099097, 0.964886
0.512752, 0.101654, 0.966739
0.0203531, -0.41635, 0.978631
-0.00991707, -0.441079, 0.978843
-0.00939342, -0.386866, 0.972929
-0.0198983, -0.416746, 0.975419
0.503938, 0.0758036, 0.968433
stamp: 18789000000
-0.0962944, 0.107268, 0.971628
0.475743, 0.0941309, 0.964904
0.51581, 0.0966374, 0.966425
0.0237181, -0.421223, 0.978647
-0.00660713, -0.44586, 0.978932
-0.00625627, -0.391582, 0.972866
-0.0162123, -0.421663, 0.975337
0.506838, 0.0707035, 0.968454
stamp: 18799000000
-0.0933487, 0.104094, 0.971394
0.478824, 0.0892958, 0.964606
0.518886, 0.0919161, 0.966347
0.0267411, -0.425862, 0.978506
-0.00361751, -0.450553, 0.978755
-0.00307359, -0.396225, 0.972706
-0.0132895, -0.426413, 0.975485
0.510018, 0.0660951, 0.968063
stamp: 18810000000
-0.0906735, 0.100878, 0.971356
0.481761, 0.0845046, 0.964498
0.521918, 0.0871613, 0.966177
0.0297033, -0.430424, 0.978594
-0.000539976, -0.455452, 0.978752
-0.000173258, -0.400775, 0.972637
-0.0105408, -0.431078, 0.975106
0.513082, 0.0613627, 0.967974
stamp: 18820000000
-0.0881309, 0.0979342, 0.971125
0.48453, 0.0798025, 0.964237
0.524749, 0.0825327, 0.966058
0.0326702, -0.435023, 0.978483
0.00233081, -0.459749, 0.978878
0.00286615, -0.405394, 0.972753
-0.00761479, -0.435525, 0.974961
0.51612, 0.0567388, 0.967727
stamp: 18829000000
-0.0855885, 0.094936, 0.971054
0.487176, 0.0751678, 0.964195
0.527396, 0.0780767, 0.965913
0.0353134, -0.439233, 0.97839
0.00512478, -0.463973, 0.978865
0.00533973, -0.409656, 0.972669
-0.00496357, -0.439954, 0.975238
0.518764, 0.052252, 0.967646
stamp: 18840000000
-0.0833118, 0.0921992, 0.970841
0.48984, 0.0709591, 0.964165
0.530058, 0.0736599, 0.965682
0.0379415, -0.443633, 0.978369
0.00784825, -0.468449, 0.978745
0.00812941, -0.413941, 0.972583
-0.00234714, -0.444272, 0.975029
0.521276, 0.0479296, 0.967667
stamp: 18849000000
-0.0808944, 0.0894529, 0.970701
0.492415, 0.0666757, 0.964054
0.532577, 0.0694587, 0.965531
0.0405131, -0.447614, 0.978279
0.0103227, -0.472484, 0.978655
0.0107297, -0.417903, 0.972578
0.00032193, -0.448235, 0.975153
0.523929, 0.0435582, 0.967401
stamp: 18859000000
-0.0786568, 0.087038, 0.970566
0.494667, 0.062279, 0.964025
0.534964, 0.065249, 0.96549
0.0430257, -0.451586, 0.978213
0.0126707, -0.476453, 0.978748
0.0129649, -0.421859, 0.972445
0.00269093, -0.452105, 0.975159
0.52645, 0.0393752, 0.967287
stamp: 18869000000
-0.0766475, 0.0843305, 0.970319
0.497073, 0.0584178, 0.964065
0.537208, 0.0611895, 0.965369
0.0452807, -0.455377, 0.978126
0.0152513, -0.48044, 0.978564
0.015233, -0.425675, 0.972191
0.00517813, -0.456009, 0.974822
0.528583, 0.035351, 0.967326
stamp: 18879000000
-0.0745303, 0.0819143, 0.970278
0.499255, 0.0543003, 0.963987
0.539418, 0.0572416, 0.965264
0.0477303, -0.459246, 0.978079
0.0174974, -0.483996, 0.978493
0.0175002, -0.429417, 0.972339
0.0072635, -0.45982, 0.974887
0.530895, 0.0313748, 0.967119
stamp: 18889000000
-0.0726486, 0.0796492, 0.970052
0.501396, 0.0504867, 0.963846
0.541517, 0.0534681, 0.965191
0.0497023, -0.462803, 0.978023
0.0194747, -0.487588, 0.978401
0.0196228, -0.433036, 0.972324
0.00955986, -0.463452, 0.974782
0.532978, 0.0276168, 0.967049
stamp: 18899000000
-0.070718, 0.077354, 0.970032
0.503289, 0.0466377, 0.963959
0.543527, 0.0497065, 0.965172
0.0517646, -0.466448, 0.97791
0.0215025, -0.491172, 0.978259
0.0219506, -0.436459, 0.97216
0.0116013, -0.466956, 0.974767
0.53493, 0.0238259, 0.96701
stamp: 18910000000
-0.0690728, 0.0751721, 0.969751
0.50526, 0.0430132, 0.964003
0.545423, 0.0460641, 0.965149
0.0538462, -0.469589, 0.977733
0.0234278, -0.494481, 0.97834
0.0237316, -0.440008, 0.972335
0.0134857, -0.47022, 0.974957
0.536781, 0.0201378, 0.966987
stamp: 18919000000
-0.0672921, 0.073175, 0.96952
0.507029, 0.0396053, 0.9641
0.547275, 0.0425594, 0.965088
0.0555341, -0.472986, 0.977746
0.025297, -0.497803, 0.978247
0.0253639, -0.443236, 0.97234
0.015181, -0.473516, 0.974995
0.538722, 0.0166732, 0.966918
stamp: 18929000000
-0.0657611, 0.0711458, 0.969581
0.508731, 0.0361834, 0.964032
0.549063, 0.039165, 0.965054
0.0571359, -0.476188, 0.977505
0.027056, -0.500993, 0.977995
0.0271891, -0.44637, 0.972449
0.0171564, -0.476731, 0.974774
0.54055, 0.0132236, 0.966859
stamp: 18940000000
-0.0641889, 0.0691508, 0.96938
0.510458, 0.0328209, 0.964177
0.550718, 0.035838, 0.965011
0.059031, -0.479187, 0.977398
0.0288097, -0.503963, 0.977803
0.0289784, -0.449625, 0.972298
0.0189161, -0.479831, 0.974626
0.542165, 0.00988122, 0.966957
stamp: 18949000000
-0.0626899, 0.0673735, 0.969237
0.512048, 0.0296069, 0.964103
0.552253, 0.0326561, 0.965071
0.0603862, -0.482109, 0.977174
0.030313, -0.507056, 0.977769
0.0305302, -0.452207, 0.972149
0.0203706, -0.482524, 0.974618
0.543773, 0.00674564, 0.966813
stamp: 18959000000
-0.0612234, 0.0654925, 0.969253
0.513527, 0.0264891, 0.964201
0.553777, 0.0295486, 0.965044
0.0621372, -0.484929, 0.977016
0.0318172, -0.50975, 0.977671
0.0320823, -0.455175, 0.97236
0.0219389, -0.485469, 0.974652
0.545368, 0.00363979, 0.966752
stamp: 18969000000
-0.0598262, 0.0638383, 0.969156
0.514936, 0.0234594, 0.964292
0.555268, 0.0265201, 0.96507
0.0634655, -0.48769, 0.977083
0.0329749, -0.512406, 0.977424
0.033231, -0.457809, 0.971999
0.0230684, -0.488156, 0.97459
0.546698, 0.000627829, 0.966776
stamp: 18979000000
-0.0584733, 0.0620842, 0.96901
0.516279, 0.0205377, 0.964563
0.55654, 0.0235495, 0.965096
0.0646934, -0.490397, 0.976891
0.0345114, -0.515078, 0.977511
0.0348229, -0.460627, 0.972361
0.0246483, -0.490788, 0.974337
0.547962, -0.00236572, 0.966756
stamp: 18990000000
-0.0571906, 0.0605108, 0.968828
0.517637, 0.0177814, 0.964771
0.557814, 0.0208215, 0.965076
0.0660146, -0.492746, 0.976697
0.0358192, -0.517489, 0.97737
0.0360246, -0.463043, 0.972244
0.0256462, -0.493318, 0.974645
0.549419, -0.00524514, 0.966724
stamp: 18999000000
-0.0559008, 0.0589048, 0.968983
0.518801, 0.0150029, 0.964791
0.55908, 0.0180745, 0.965137
0.0671308, -0.495278, 0.976694
0.0367859, -0.519894, 0.977156
0.0372068, -0.465355, 0.97237
0.0269851, -0.495648, 0.97447
0.550714, -0.00804198, 0.966731
stamp: 19009000000
-0.0547972, 0.0574258, 0.968691
0.520054, 0.0123355, 0.964901
0.560183, 0.0153701, 0.965292
0.0683234, -0.497573, 0.976608
0.0379086, -0.522044, 0.977085
0.038159, -0.467577, 0.972056
0.0279986, -0.497941, 0.974752
0.551742, -0.0105165, 0.96688
stamp: 19019000000
-0.0536616, 0.0558498, 0.968521
0.521026, 0.00977608, 0.965112
0.561327, 0.0128717, 0.965258
0.06936, -0.499711, 0.976542
0.0390585, -0.524441, 0.977085
0.0393772, -0.469988, 0.97257
0.0291313, -0.500118, 0.974522
0.552951, -0.0131799, 0.966791
stamp: 19029000000
-0.052618, 0.05464, 0.968432
0.522095, 0.00729218, 0.965124
0.562305, 0.0103774, 0.965379
0.0702657, -0.501831, 0.976374
0.0399553, -0.526648, 0.976968
0.0401652, -0.472151, 0.972471
0.0301888, -0.502319, 0.974591
0.553834, -0.0154956, 0.966909
stamp: 19040000000
-0.0513834, 0.0531599, 0.968473
0.523119, 0.00494922, 0.965374
0.563319, 0.00807347, 0.965459
0.0710156, -0.503875, 0.976347
0.0408871, -0.528578, 0.976817
0.0413155, -0.474136, 0.972622
0.031054, -0.504437, 0.974544
0.554938, -0.0179888, 0.966995
stamp: 19049000000
-0.0502246, 0.0517466, 0.968463
0.523901, 0.00239453, 0.965517
0.564204, 0.00564112, 0.965575
0.0719233, -0.505645, 0.976347
0.0416797, -0.530523, 0.976728
0.0420486, -0.475946, 0.97278
0.032163, -0.506234, 0.974758
0.555719, -0.020408, 0.967011
stamp: 19059000000
-0.0493147, 0.0503839, 0.96828
0.524753, 0.000342222, 0.965756
0.564957, 0.00339772, 0.965679
0.0726582, -0.507639, 0.976227
0.042362, -0.532192, 0.976611
0.0427282, -0.477916, 0.972796
0.0329432, -0.508118, 0.974657
0.556534, -0.0226633, 0.966982
stamp: 19069000000
-0.0481226, 0.0492774, 0.968185
0.525598, -0.00176099, 0.96587
0.565814, 0.00129608, 0.965837
0.0734851, -0.509342, 0.976099
0.0430863, -0.533836, 0.976448
0.0433049, -0.479597, 0.972953
0.0333821, -0.509526, 0.974688
0.5574, -0.0247654, 0.967153
stamp: 19079000000
-0.0472131, 0.0479127, 0.968149
0.526363, -0.00408956, 0.965944
0.566539, -0.00084842, 0.965848
0.0740927, -0.511014, 0.976218
0.0434454, -0.535387, 0.976222
0.0442532, -0.481307, 0.972843
0.0338114, -0.511097, 0.975159
0.558111, -0.0268653, 0.967167
stamp: 19090000000
-0.0461098, 0.0466533, 0.968159
0.527011, -0.00599337, 0.966089
0.567192, -0.00287362, 0.96594
0.0746379, -0.512782, 0.976009
0.0438362, -0.536941, 0.975812
0.044697, -0.482836, 0.973042
0.0343966, -0.512846, 0.97465
0.558715, -0.0288583, 0.967165
stamp: 19099000000
-0.0451344, 0.0454981, 0.968078
0.527588, -0.00785144, 0.966249
0.567873, -0.00484466, 0.965947
0.0753117, -0.514358, 0.976067
0.0449697, -0.538947, 0.976534
0.0454707, -0.484509, 0.973482
0.035175, -0.5146, 0.974762
0.559395, -0.0308108, 0.967186
stamp: 19109000000
-0.0442522, 0.0443014, 0.967954
0.528165, -0.00974419, 0.966369
0.568459, -0.00667853, 0.966016
0.0758002, -0.515763, 0.976112
0.045323, -0.540201, 0.976092
0.0459575, -0.486206, 0.973548
0.0355149, -0.515999, 0.97464
0.560135, -0.0327593, 0.967131
stamp: 19120000000
-0.043112, 0.0431476, 0.967811
0.528703, -0.0117673, 0.966314
0.568987, -0.00849758, 0.966072
0.0761444, -0.517238, 0.975878
0.0458218, -0.541796, 0.976246
0.0464378, -0.487629, 0.97367
0.0360833, -0.517444, 0.974771
0.560584, -0.0345834, 0.967201
stamp: 19129000000
-0.0422396, 0.0420315, 0.967883
0.529173, -0.0135507, 0.966483
0.569434, -0.010363, 0.966125
0.07652, -0.518545, 0.975887
0.0461639, -0.543202, 0.976262
0.0466882, -0.488792, 0.973809
0.0365587, -0.518842, 0.975082
0.561013, -0.0363656, 0.967197
stamp: 19140000000
-0.0411725, 0.0408188, 0.967765
0.529684, -0.0151852, 0.966659
0.569912, -0.0120631, 0.966091
0.0769683, -0.520034, 0.975988
0.0465257, -0.544515, 0.976271
0.0467198, -0.489957, 0.97348
0.0367152, -0.520171, 0.974867
0.561574, -0.0381096, 0.96719
stamp: 19149000000
-0.0401159, 0.0396627, 0.967777
0.530168, -0.016834, 0.966549
0.570381, -0.0137315, 0.965973
0.0770779, -0.521243, 0.976013
0.0467551, -0.545851, 0.976216
0.0475603, -0.491468, 0.973962
0.0370486, -0.5214, 0.974942
0.562061, -0.0397223, 0.967085
stamp: 19159000000
-0.0392316, 0.0384644, 0.967627
0.53045, -0.0184531, 0.966498
0.570757, -0.015339, 0.965966
0.0774118, -0.522567, 0.975898
0.0472551, -0.547128, 0.976502
0.0478488, -0.49259, 0.974125
0.0373254, -0.522573, 0.975028
0.562444, -0.0413066, 0.966997
stamp: 19169000000
-0.0382657, 0.0373503, 0.967537
0.53084, -0.0200037, 0.966574
0.571083, -0.0168801, 0.965909
0.0777229, -0.523782, 0.975956
0.0475573, -0.548201, 0.97634
0.0479539, -0.493618, 0.974159
0.0376043, -0.52363, 0.975158
0.562588, -0.0428797, 0.966885
stamp: 19180000000
-0.0372858, 0.036275, 0.96753
0.531117, -0.0213966, 0.96649
0.571387, -0.0183968, 0.965874
0.0778438, -0.524778, 0.975857
0.0477731, -0.549545, 0.97648
0.0480422, -0.494697, 0.973805
0.0378921, -0.524927, 0.975149
0.562867, -0.0442996, 0.966923
stamp: 19190000000
-0.0362455, 0.0351711, 0.967467
0.531446, -0.0228522, 0.966322
0.571667, -0.019829, 0.965736
0.0780778, -0.525882, 0.975848
0.0478908, -0.550441, 0.976354
0.0481426, -0.49566, 0.97383
0.0380325, -0.525706, 0.975139
0.563145, -0.045811, 0.966683
stamp: 19199000000
-0.0350999, 0.0340014, 0.967533
0.53159, -0.0242006, 0.966058
0.571846, -0.0212163, 0.965518
0.0782516, -0.526802, 0.975876
0.0480267, -0.551579, 0.976402
0.0483379, -0.496636, 0.973914
0.0382405, -0.526768, 0.97523
0.56356, -0.0472485, 0.966461
stamp: 19210000000
-0.0342962, 0.0329949, 0.967479
0.531777, -0.0254616, 0.966013
0.572095, -0.0225332, 0.965319
0.0783423, -0.527884, 0.975908
0.048091, -0.552434, 0.976309
0.0488798, -0.497524, 0.974288
0.0382835, -0.527612, 0.975137
0.563646, -0.048646, 0.966408
stamp: 19220000000
-0.0334598, 0.031889, 0.96728
0.53195, -0.0266996, 0.965782
0.572201, -0.0238653, 0.965153
0.0783845, -0.5287, 0.975845
0.0482387, -0.553266, 0.97623
0.0485681, -0.498498, 0.974009
0.0382743, -0.528524, 0.974935
0.563687, -0.0498489, 0.966155
stamp: 19229000000
-0.0322682, 0.0307215, 0.967607
0.532025, -0.0279593, 0.965367
0.572351, -0.0250318, 0.964941
0.078439, -0.529538, 0.975842
0.0480614, -0.554161, 0.97633
0.0487481, -0.499442, 0.974046
0.0383387, -0.529413, 0.975105
0.56379, -0.051083, 0.96599
stamp: 19240000000
-0.031394, 0.0299069, 0.967302
0.532126, -0.0291274, 0.965107
0.57239, -0.0261636, 0.964672
0.078414, -0.530368, 0.97581
0.0482431, -0.554864, 0.976274
0.0488002, -0.500205, 0.974071
0.0384253, -0.530274, 0.975089
0.563908, -0.0521589, 0.965765
stamp: 19250000000
-0.0303376, 0.028902, 0.967382
0.532169, -0.0303973, 0.964961
0.572441, -0.0273151, 0.964432
0.0783566, -0.531034, 0.975793
0.0482141, -0.555669, 0.976217
0.0487401, -0.500951, 0.974006
0.0383638, -0.530999, 0.975073
0.563816, -0.0533384, 0.965515
stamp: 19259000000
-0.0294867, 0.027722, 0.967426
0.532124, -0.0313431, 0.964467
0.572415, -0.0283112, 0.964021
0.0783355, -0.531718, 0.975744
0.0480874, -0.556499, 0.976291
0.048781, -0.501748, 0.974046
0.0382979, -0.531692, 0.97515
0.56393, -0.0542996, 0.965106
stamp: 19270000000
-0.0284559, 0.0267504, 0.967388
0.532139, -0.0323418, 0.964068
0.572346, -0.0294207, 0.963654
0.0782477, -0.532534, 0.975628
0.0479541, -0.557079, 0.976128
0.0485814, -0.502255, 0.97353
0.0382206, -0.532331, 0.974819
0.563997, -0.0553339, 0.964793
stamp: 19279000000
-0.0274322, 0.0257612, 0.967428
0.532068, -0.0332785, 0.963768
0.572284, -0.0303231, 0.963287
0.0781279, -0.53304, 0.975547
0.0478649, -0.557614, 0.976065
0.0482619, -0.502918, 0.973357
0.0380593, -0.53285, 0.974709
0.563972, -0.0562325, 0.964543
stamp: 19290000000
-0.0265538, 0.0248573, 0.96739
0.531958, -0.0341265, 0.963456
0.572239, -0.0312184, 0.962896
0.0780476, -0.533652, 0.975462
0.0478291, -0.558293, 0.976019
0.0484136, -0.503571, 0.973499
0.0379471, -0.533513, 0.97478
0.56386, -0.0571588, 0.964109
stamp: 19299000000
-0.0255521, 0.023891, 0.967473
0.53189, -0.0349129, 0.962981
0.572083, -0.0321238, 0.962486
0.0778356, -0.534197, 0.97534
0.0476667, -0.558782, 0.976045
0.0482549, -0.503957, 0.973569
0.037912, -0.53406, 0.974546
0.563647, -0.0579388, 0.963739
stamp: 19310000000
-0.0245446, 0.0228235, 0.967564
0.531749, -0.0357695, 0.96267
0.571904, -0.0328997, 0.962008
0.0776585, -0.534614, 0.975219
0.0475312, -0.559221, 0.975866
0.0481267, -0.504442, 0.973635
0.0377093, -0.534508, 0.974461
0.563492, -0.0588227, 0.963176
stamp: 19320000000
-0.0237398, 0.0219915, 0.967474
0.531624, -0.036497, 0.962348
0.571746, -0.0336893, 0.961527
0.077512, -0.535075, 0.975121
0.0472741, -0.559652, 0.975771
0.0479145, -0.504965, 0.973595
0.0374829, -0.53498, 0.974559
0.563399, -0.0596671, 0.962665
stamp: 19329000000
-0.0227879, 0.0211845, 0.967543
0.531419, -0.0372452, 0.962036
0.571503, -0.0344041, 0.961083
0.0771264, -0.535402, 0.974898
0.0469406, -0.560044, 0.97565
0.0478009, -0.50553, 0.973634
0.0370479, -0.535322, 0.974233
0.563187, -0.0602816, 0.962178
stamp: 19340000000
-0.0218104, 0.020125, 0.967608
0.531081, -0.0379405, 0.96155
0.571244, -0.0350505, 0.960602
0.076897, -0.53585, 0.974752
0.0467086, -0.56041, 0.975493
0.0474262, -0.505893, 0.973248
0.0368213, -0.535868, 0.974152
0.56297, -0.0610904, 0.961691
stamp: 19350000000
-0.0209183, 0.0193913, 0.967581
0.53075, -0.038531, 0.960962
0.570965, -0.0356278, 0.960051
0.0766781, -0.536174, 0.974636
0.0464934, -0.560762, 0.975349
0.0468086, -0.50601, 0.972728
0.0366163, -0.536152, 0.974095
0.562751, -0.0616479, 0.961222
stamp: 19359000000
-0.0200989, 0.0185131, 0.967745
0.530464, -0.0391015, 0.960455
0.570701, -0.0362381, 0.959531
0.0765256, -0.536502, 0.974538
0.0460907, -0.560912, 0.975119
0.0466067, -0.506197, 0.972719
0.0363285, -0.536167, 0.973784
0.562449, -0.0622327, 0.960687
stamp: 19370000000
-0.0191872, 0.0176762, 0.967731
0.53021, -0.0396529, 0.960015
0.570352, -0.0367702, 0.959008
0.0762343, -0.536683, 0.97441
0.0458155, -0.561164, 0.97491
0.0462847, -0.506498, 0.972657
0.0361045, -0.536492, 0.973713
0.562101, -0.062681, 0.960105
stamp: 19379000000
-0.0183528, 0.0168823, 0.967728
0.529891, -0.0400691, 0.959468
0.569994, -0.0372499, 0.958493
0.0757712, -0.536799, 0.974253
0.0456445, -0.561418, 0.974813
0.045826, -0.506806, 0.972905
0.0358033, -0.536725, 0.973613
0.561758, -0.0631712, 0.959478
stamp: 19390000000
-0.0175446, 0.0161401, 0.967844
0.529471, -0.0404338, 0.958979
0.56958, -0.0377199, 0.958025
0.0754108, -0.537075, 0.974117
0.0452479, -0.561598, 0.974609
0.045637, -0.506955, 0.972862
0.0355036, -0.53688, 0.973543
0.561281, -0.0636617, 0.959
stamp: 19399000000
-0.0166779, 0.0152328, 0.967903
0.528899, -0.041018, 0.958692
0.56917, -0.0381003, 0.957498
0.0750112, -0.537171, 0.97393
0.0446798, -0.56166, 0.974519
0.0453467, -0.507029, 0.97283
0.0349452, -0.537049, 0.973336
0.560712, -0.0640141, 0.95856
stamp: 19410000000
-0.0158912, 0.0146097, 0.968029
0.528532, -0.0413268, 0.958348
0.568744, -0.0384041, 0.957016
0.0746315, -0.537237, 0.973758
0.0442498, -0.561777, 0.974343
0.0447874, -0.507061, 0.972724
0.0346942, -0.53722, 0.973323
0.560321, -0.0643605, 0.958005
stamp: 19419000000
-0.0150555, 0.0139367, 0.968131
0.528236, -0.0415936, 0.957899
0.568354, -0.0386685, 0.956597
0.0742827, -0.537285, 0.973661
0.0438754, -0.561852, 0.974346
0.0442608, -0.507068, 0.972561
0.0342955, -0.537184, 0.973244
0.560013, -0.0646932, 0.957524
stamp: 19429000000
-0.0143183, 0.0133359, 0.968126
0.527691, -0.0418642, 0.95739
0.567885, -0.0389472, 0.956122
0.0738541, -0.537331, 0.973666
0.0435344, -0.561876, 0.974273
0.0439734, -0.507088, 0.972559
0.0337088, -0.537405, 0.973522
0.559613, -0.0649135, 0.957143
stamp: 19440000000
-0.0134609, 0.0125964, 0.968281
0.527186, -0.0421538, 0.956958
0.567376, -0.0392023, 0.955717
0.073332, -0.537374, 0.973508
0.0431421, -0.561839, 0.974216
0.04366, -0.50709, 0.972564
0.0333378, -0.537386, 0.973482
0.558983, -0.0651326, 0.956692
stamp: 19449000000
-0.0127527, 0.0119539, 0.96834
0.526583, -0.0423623, 0.956819
0.566859, -0.0394567, 0.955336
0.0728801, -0.537336, 0.973325
0.0426078, -0.561864, 0.974114
0.0432835, -0.507062, 0.972633
0.0328065, -0.537343, 0.97327
0.55843, -0.0653414, 0.956147
stamp: 19460000000
-0.0120892, 0.011412, 0.968373
0.526125, -0.0424499, 0.95643
0.566361, -0.0396091, 0.955034
0.0724003, -0.537217, 0.97331
0.0420923, -0.561875, 0.973939
0.0427557, -0.507046, 0.972594
0.0324202, -0.537322, 0.973257
0.557937, -0.0655354, 0.955951
stamp: 19469000000
-0.0113938, 0.010818, 0.968397
0.52555, -0.0425787, 0.95608
0.56574, -0.0397444, 0.954817
0.0719899, -0.537118, 0.97334
0.0416434, -0.561783, 0.974
0.0420569, -0.507026, 0.972574
0.0319179, -0.537285, 0.973379
0.557465, -0.0657062, 0.955556
stamp: 19479000000
-0.0106879, 0.0101761, 0.96851
0.525112, -0.042671, 0.955796
0.565137, -0.0398787, 0.954507
0.0715699, -0.536999, 0.973326
0.0412814, -0.561711, 0.973979
0.041525, -0.50686, 0.972614
0.0314458, -0.537206, 0.973394
0.556787, -0.0658851, 0.955233
stamp: 19490000000
-0.00989484, 0.00971952, 0.968624
0.524454, -0.0427706, 0.955616
0.56462, -0.0399034, 0.954286
0.0710126, -0.536877, 0.97335
0.0407963, -0.561704, 0.974093
0.0410395, -0.506643, 0.972594
0.0307742, -0.536944, 0.973376
0.556145, -0.0659148, 0.955074
stamp: 19499000000
-0.00930348, 0.00914742, 0.968643
0.523817, -0.0426705, 0.955471
0.564059, -0.0399321, 0.954122
0.0705033, -0.536559, 0.973407
0.0401329, -0.561302, 0.973851
0.0406143, -0.506503, 0.972767
0.0303044, -0.536729, 0.973336
0.555654, -0.0659382, 0.954872
stamp: 19510000000
-0.00866178, 0.00855112, 0.968797
0.523242, -0.042703, 0.955232
0.56339, -0.0399399, 0.953984
0.06998, -0.536391, 0.973271
0.0395937, -0.56115, 0.973817
0.0402352, -0.506371, 0.972886
0.0298874, -0.536597, 0.973358
0.555104, -0.0659193, 0.95477
stamp: 19520000000
-0.00799097, 0.00800176, 0.968864
0.522616, -0.04274, 0.955242
0.562769, -0.0399006, 0.95391
0.0694868, -0.536272, 0.973298
0.0390944, -0.560913, 0.97394
0.0397015, -0.506304, 0.973097
0.0293988, -0.536382, 0.973453
0.554316, -0.0659492, 0.954751
stamp: 19530000000
-0.007536, 0.00756992, 0.968885
0.521918, -0.0427956, 0.955198
0.562188, -0.0398322, 0.953851
0.069039, -0.536098, 0.973325
0.0386368, -0.560784, 0.974042
0.0388904, -0.506041, 0.972905
0.0288693, -0.536226, 0.973581
0.553757, -0.065818, 0.9544
stamp: 19540000000
-0.00691216, 0.00710064, 0.968951
0.521321, -0.0426855, 0.955188
0.561484, -0.039753, 0.953904
0.0683928, -0.535906, 0.973464
0.0381609, -0.56058, 0.974174
0.0386484, -0.505799, 0.973135
0.0283533, -0.536034, 0.973591
0.553232, -0.065746, 0.954563
stamp: 19550000000
-0.0062307, 0.00672357, 0.969083
0.520538, -0.0425204, 0.955254
0.560844, -0.039609, 0.953913
0.0678875, -0.53573, 0.973584
0.037632, -0.560423, 0.974169
0.038003, -0.505293, 0.973463
0.0277616, -0.535819, 0.973767
0.552458, -0.0655639, 0.954723
stamp: 19560000000
-0.00570882, 0.00634955, 0.969089
0.519901, -0.0423926, 0.955386
0.560165, -0.0395146, 0.953986
0.0673266, -0.535301, 0.973548
0.0371099, -0.559973, 0.973986
0.0375231, -0.505144, 0.973674
0.0272216, -0.535497, 0.973688
0.551774, -0.0654119, 0.954645
stamp: 19569000000
-0.00511966, 0.00585366, 0.969181
0.51918, -0.0420385, 0.95564
0.55936, -0.0394155, 0.954107
0.0667884, -0.535002, 0.973593
0.036454, -0.559782, 0.974096
0.0368812, -0.50494, 0.973644
0.0268072, -0.535239, 0.973819
0.551048, -0.0652744, 0.954755
stamp: 19580000000
-0.00455656, 0.0054527, 0.969344
0.518512, -0.0419598, 0.955891
0.558703, -0.0392116, 0.954303
0.0663945, -0.53482, 0.973547
0.0360337, -0.559584, 0.974143
0.0365185, -0.504754, 0.97373
0.0262187, -0.535042, 0.974125
0.550273, -0.0651364, 0.954892
stamp: 19590000000
-0.0040106, 0.00517304, 0.969391
0.517809, -0.041753, 0.956027
0.55802, -0.0390424, 0.954555
0.0657569, -0.534664, 0.973747
0.0355459, -0.559296, 0.974291
0.0360437, -0.504488, 0.973745
0.0256582, -0.534827, 0.974191
0.549671, -0.0649672, 0.955123
stamp: 19600000000
-0.00362679, 0.00486142, 0.969403
0.517047, -0.0417258, 0.956487
0.557283, -0.0388315, 0.954841
0.0652509, -0.534504, 0.973816
0.0349252, -0.55908, 0.974285
0.0353237, -0.504154, 0.97396
0.0251421, -0.534509, 0.974172
0.548868, -0.064744, 0.955343
stamp: 19610000000
-0.003097, 0.00442719, 0.969418
0.516264, -0.0414082, 0.956806
0.556498, -0.038542, 0.955154
0.0647583, -0.534042, 0.973916
0.0343752, -0.558701, 0.97426
0.034872, -0.503884, 0.974045
0.024648, -0.534218, 0.974235
0.548203, -0.0644897, 0.955603
stamp: 19619000000
-0.00265538, 0.00392056, 0.969486
0.515546, -0.0409935, 0.957039
0.555771, -0.0382497, 0.95544
0.0641086, -0.533786, 0.973811
0.0337827, -0.558428, 0.97439
0.0342105, -0.503646, 0.973981
0.0240723, -0.53389, 0.974262
0.547265, -0.0641714, 0.956108
stamp: 19630000000
-0.00209146, 0.00360615, 0.96961
0.514838, -0.0406016, 0.957385
0.555049, -0.0379394, 0.955817
0.0636173, -0.53352, 0.973963
0.0333034, -0.558189, 0.974402
0.0337286, -0.503464, 0.97403
0.023587, -0.533631, 0.974255
0.546637, -0.0638911, 0.95639
stamp: 19640000000
-0.00152008, 0.00335161, 0.96954
0.514022, -0.0404764, 0.957786
0.554247, -0.0376696, 0.956186
0.0631641, -0.533208, 0.974044
0.0329547, -0.557905, 0.97446
0.0333023, -0.502928, 0.974478
0.023005, -0.533405, 0.974426
0.54587, -0.0636329, 0.956717
stamp: 19650000000
-0.00115173, 0.0031289, 0.96953
0.513285, -0.0400283, 0.958248
0.553514, -0.0373293, 0.956511
0.0626868, -0.532794, 0.974061
0.0324726, -0.557707, 0.974383
0.0327098, -0.502702, 0.974386
0.0224931, -0.533119, 0.974374
0.545087, -0.0632006, 0.957022
stamp: 19659000000
-0.000797439, 0.00275716, 0.969549
0.512511, -0.0399143, 0.958759
0.552691, -0.0369375, 0.956901
0.0622396, -0.532582, 0.974035
0.0320545, -0.55723, 0.974187
0.0320589, -0.502319, 0.97422
0.0220027, -0.532843, 0.974381
0.544218, -0.0629377, 0.957452
stamp: 19669000000
-0.000455862, 0.00244526, 0.969504
0.511751, -0.0393316, 0.959132
0.551912, -0.0366453, 0.957283
0.0615874, -0.532385, 0.973833
0.0313317, -0.557109, 0.974226
0.0316772, -0.502176, 0.97428
0.0214597, -0.532483, 0.974368
0.543481, -0.0625446, 0.957742
stamp: 19679000000
-6.40305e-05, 0.00213042, 0.969506
0.510924, -0.038973, 0.959632
0.55111, -0.0362815, 0.957726
0.0610939, -0.532105, 0.973815
0.0307344, -0.556832, 0.974202
0.031347, -0.501975, 0.974277
0.0209779, -0.532175, 0.974316
0.542668, -0.0622641, 0.958217
stamp: 19690000000
0.000303806, 0.00185434, 0.969429
0.510191, -0.0385453, 0.960007
0.550383, -0.0358693, 0.958185
0.0606441, -0.531856, 0.973753
0.030211, -0.556471, 0.974298
0.0309148, -0.501485, 0.974308
0.0204809, -0.531856, 0.974253
0.541957, -0.0618973, 0.958653
stamp: 19699000000
0.000751899, 0.0015884, 0.969508
0.509411, -0.0381927, 0.960513
0.549583, -0.0355218, 0.958666
0.0600729, -0.531621, 0.973777
0.0297785, -0.556214, 0.974302
0.0302642, -0.501242, 0.974194
0.0200194, -0.53161, 0.974265
0.541037, -0.0614428, 0.959099
stamp: 19710000000
0.00119133, 0.00142174, 0.969363
0.508583, -0.0377547, 0.960949
0.548783, -0.0351024, 0.959074
0.0596068, -0.53117, 0.973689
0.0293245, -0.555712, 0.974056
0.0295998, -0.50095, 0.974007
0.019543, -0.531372, 0.974173
0.54032, -0.0610074, 0.959404
stamp: 19720000000
0.0015079, 0.00108105, 0.969311
0.507788, -0.0373123, 0.961259
0.548016, -0.0346466, 0.959466
0.0590721, -0.530918, 0.973458
0.0288031, -0.555497, 0.973919
0.0292209, -0.500751, 0.973947
0.0189963, -0.530987, 0.973938
0.539405, -0.0605402, 0.960007
stamp: 19729000000
0.00180952, 0.000826829, 0.969183
0.507028, -0.0369184, 0.961721
0.547235, -0.0342964, 0.959832
0.0586744, -0.530659, 0.973282
0.0281867, -0.555272, 0.973815
0.0288738, -0.500561, 0.973868
0.0184382, -0.530747, 0.974012
0.538805, -0.0601279, 0.960108
stamp: 19740000000
0.00210372, 0.000582671, 0.969051
0.506262, -0.0366085, 0.962144
0.546399, -0.0338508, 0.960225
0.0580998, -0.530397, 0.973186
0.0278289, -0.555069, 0.973656
0.0282167, -0.500122, 0.97371
0.0180406, -0.530323, 0.973724
0.537788, -0.0598159, 0.960533
stamp: 19750000000
0.00233998, 0.000395558, 0.968931
0.505343, -0.0359844, 0.962581
0.545634, -0.0333667, 0.960498
0.0576883, -0.530204, 0.973074
0.0274454, -0.554727, 0.973378
0.0276032, -0.499859, 0.973479
0.0175962, -0.530102, 0.973542
0.537067, -0.059213, 0.960923
stamp: 19759000000
0.00260765, 0.000108748, 0.968815
0.50467, -0.0356096, 0.962889
0.544778, -0.0329534, 0.960805
0.0571106, -0.5298, 0.97288
0.0268912, -0.554343, 0.973104
0.0272033, -0.499521, 0.973337
0.0171002, -0.529865, 0.973453
0.536173, -0.0588898, 0.961287
stamp: 19769000000
0.00288296, -5.85537e-05, 0.968591
0.503865, -0.0351935, 0.963327
0.544033, -0.0324945, 0.961149
0.056688, -0.529588, 0.972736
0.0264596, -0.554155, 0.972924
0.0268346, -0.499374, 0.973294
0.0166435, -0.529645, 0.973239
0.535545, -0.0583639, 0.961409
stamp: 19780000000
0.00319605, -0.000271924, 0.968331
0.503049, -0.0345946, 0.963381
0.543227, -0.032028, 0.961435
0.0562069, -0.529256, 0.972497
0.0259215, -0.55409, 0.97283
0.0265128, -0.499202, 0.973171
0.0162045, -0.529452, 0.973021
0.534529, -0.0579172, 0.96187
stamp: 19789000000
0.00337688, -0.000597012, 0.968216
0.502189, -0.0342362, 0.963656
0.542485, -0.0315792, 0.961727
0.0558259, -0.52907, 0.972299
0.0255889, -0.553938, 0.972814
0.0260446, -0.499003, 0.972879
0.0156733, -0.529153, 0.972843
0.533862, -0.0574749, 0.962072
stamp: 19799000000
0.00376817, -0.000930595, 0.968006
0.501505, -0.0337219, 0.964153
0.541656, -0.0311323, 0.96205
0.0553078, -0.528881, 0.972002
0.0249947, -0.553353, 0.972471
0.0253436, -0.498625, 0.972565
0.0152981, -0.528842, 0.972679
0.533224, -0.0570723, 0.962174
stamp: 19810000000
0.00393898, -0.00115955, 0.967755
0.500617, -0.0331957, 0.964344
0.540916, -0.0306289, 0.962192
0.0549223, -0.528689, 0.971824
0.0244962, -0.553099, 0.972449
0.0249659, -0.498286, 0.972465
0.0147594, -0.528573, 0.972514
0.532323, -0.0565912, 0.962484
stamp: 19820000000
0.00418913, -0.00142014, 0.967708
0.499912, -0.0327098, 0.96451
0.540031, -0.0302117, 0.96237
0.0545096, -0.528499, 0.971688
0.0239978, -0.552889, 0.972249
0.0246759, -0.498118, 0.972348
0.014338, -0.528363, 0.972383
0.53159, -0.0560603, 0.96264
stamp: 19830000000
0.0044273, -0.00156251, 0.967458
0.499131, -0.0323743, 0.964938
0.53931, -0.0297364, 0.962528
0.0539761, -0.528224, 0.971554
0.0236448, -0.552802, 0.971998
0.0242035, -0.497936, 0.972042
0.013964, -0.528086, 0.97198
0.530643, -0.0556065, 0.962805
stamp: 19839000000
0.00459872, -0.00167885, 0.967194
0.498423, -0.0319097, 0.964853
0.538539, -0.0292386, 0.962716
0.0534688, -0.52778, 0.971287
0.0232925, -0.552639, 0.971757
0.0239029, -0.497777, 0.971927
0.0135666, -0.527973, 0.9719
0.530067, -0.0551904, 0.962909
stamp: 19850000000
0.00474483, -0.0018852, 0.967009
0.497645, -0.0313593, 0.964971
0.53781, -0.0288061, 0.962898
0.0531023, -0.527614, 0.971061
0.0230218, -0.55239, 0.971485
0.0232405, -0.497511, 0.971676
0.0132191, -0.527833, 0.971805
0.529284, -0.0547089, 0.96306
stamp: 19859000000
0.0050137, -0.00225834, 0.96685
0.496904, -0.0309135, 0.965135
0.537101, -0.0283258, 0.963035
0.0527923, -0.527495, 0.970973
0.0225047, -0.552151, 0.971392
0.0229249, -0.497239, 0.971639
0.0126627, -0.527535, 0.971681
0.528442, -0.0542842, 0.963244
stamp: 19869000000
0.00516625, -0.00249315, 0.966629
0.496169, -0.0304824, 0.965374
0.536257, -0.0278455, 0.963094
0.0524015, -0.527358, 0.970913
0.021953, -0.551884, 0.971364
0.0225356, -0.497119, 0.971523
0.0122289, -0.527294, 0.971553
0.527842, -0.0538131, 0.963278
stamp: 19879000000
0.00536433, -0.00281624, 0.96632
0.495378, -0.0299794, 0.965604
0.535572, -0.0274034, 0.963106
0.0519291, -0.527109, 0.970754
0.0217182, -0.551634, 0.971336
0.0220721, -0.496809, 0.971501
0.011825, -0.527102, 0.971408
0.5271, -0.0532341, 0.963314
stamp: 19890000000
0.00550161, -0.00310691, 0.966165
0.494707, -0.0294565, 0.965552
0.534822, -0.0269661, 0.963268
0.0514862, -0.526941, 0.970572
0.0213687, -0.551481, 0.971213
0.0217704, -0.496653, 0.971429
0.0114966, -0.526952, 0.971339
0.526307, -0.0527259, 0.963356
stamp: 19899000000
0.00571542, -0.00326867, 0.965936
0.494028, -0.0291294, 0.96558
0.534143, -0.0264268, 0.963322
0.0511277, -0.526798, 0.970526
0.0210435, -0.551361, 0.971127
0.021236, -0.496495, 0.971252
0.0111354, -0.526785, 0.971293
0.525693, -0.0522953, 0.963575
stamp: 19909000000
0.00574039, -0.00347429, 0.965751
0.493146, -0.0285502, 0.965668
0.533486, -0.0260044, 0.963356
0.0507904, -0.526401, 0.970515
0.0206384, -0.551258, 0.97112
0.0209026, -0.496422, 0.971249
0.0107957, -0.526646, 0.971322
0.524874, -0.0518881, 0.963523
stamp: 19920000000
0.00591039, -0.00367826, 0.965555
0.49258, -0.028124, 0.965691
0.532695, -0.0255773, 0.963435
0.0504308, -0.526247, 0.970483
0.0202266, -0.550955, 0.970952
0.0205968, -0.496189, 0.971135
0.0104522, -0.526522, 0.971243
0.524176, -0.0514317, 0.963388
stamp: 19930000000
0.00600629, -0.00384407, 0.965409
0.491783, -0.0278485, 0.965714
0.532005, -0.0251346, 0.963476
0.0501124, -0.526141, 0.970475
0.0197902, -0.550892, 0.970946
0.0201196, -0.496049, 0.9711
0.00996965, -0.526217, 0.971202
0.52344, -0.0508838, 0.963604
stamp: 19940000000
0.00615784, -0.00409607, 0.965247
0.491084, -0.0273118, 0.965749
0.531338, -0.0246822, 0.963417
0.0496925, -0.526035, 0.970535
0.0194683, -0.550641, 0.971014
0.0197574, -0.495899, 0.971027
0.00955836, -0.52599, 0.971111
0.522714, -0.0505306, 0.963586
stamp: 19950000000
0.00625514, -0.0042895, 0.965111
0.490454, -0.026875, 0.965762
0.530658, -0.0242694, 0.963501
0.049404, -0.525853, 0.970652
0.0191929, -0.550406, 0.971131
0.0196234, -0.495653, 0.971304
0.00922638, -0.525898, 0.971171
0.522084, -0.0502135, 0.963621
stamp: 19959000000
0.00636334, -0.00445878, 0.964982
0.48987, -0.0265799, 0.965772
0.530047, -0.0238346, 0.963584
0.0491389, -0.525678, 0.970699
0.018801, -0.550295, 0.97108
0.0191174, -0.49532, 0.971266
0.00896049, -0.525752, 0.971242
0.521424, -0.0497387, 0.96365
stamp: 19969000000
0.0064394, -0.00463395, 0.964878
0.489244, -0.0260982, 0.965781
0.529358, -0.0234361, 0.963487
0.0486696, -0.525507, 0.970609
0.0186141, -0.550189, 0.971223
0.0188055, -0.495209, 0.971395
0.00867394, -0.525627, 0.971323
0.520799, -0.0492336, 0.963672
stamp: 19980000000
0.00652467, -0.00485532, 0.964795
0.488468, -0.0256547, 0.965787
0.528634, -0.0230841, 0.963521
0.0484082, -0.525277, 0.970712
0.0182839, -0.550069, 0.971214
0.0185149, -0.495146, 0.971432
0.00831765, -0.525478, 0.971317
0.520123, -0.0489617, 0.963626
stamp: 19990000000
0.00656713, -0.00518135, 0.9647
0.487957, -0.0253595, 0.965949
0.52804, -0.0226827, 0.963542
0.0480692, -0.525026, 0.970771
0.0179045, -0.549961, 0.971349
0.0182771, -0.495042, 0.971453
0.0080182, -0.525356, 0.9714
0.519448, -0.0485181, 0.96367
stamp: 19999000000
0.00660722, -0.00536921, 0.964655
0.487257, -0.0249673, 0.966008
0.527425, -0.0222418, 0.963588
0.047792, -0.524906, 0.970862
0.0176445, -0.549716, 0.971299
0.017982, -0.494898, 0.971463
0.00776131, -0.525232, 0.971413
0.518943, -0.0481224, 0.963725
stamp: 20010000000
0.00667863, -0.00550167, 0.964547
0.486716, -0.024404, 0.966021
0.526794, -0.0218895, 0.963667
0.0475193, -0.524786, 0.970969
0.0172171, -0.549491, 0.971446
0.0176942, -0.49484, 0.971626
0.00737859, -0.525099, 0.971571
0.518206, -0.0477612, 0.963749
stamp: 20020000000
0.00670868, -0.0056845, 0.964508
0.486077, -0.0241159, 0.965989
0.526227, -0.0215052, 0.963658
0.0472548, -0.524686, 0.971031
0.0168238, -0.549353, 0.971425
0.017274, -0.494586, 0.971509
0.00702054, -0.524788, 0.971479
0.517674, -0.0474329, 0.963797
stamp: 20029000000
0.00674186, -0.00584409, 0.964481
0.48554, -0.0238063, 0.965973
0.525684, -0.0211347, 0.963695
0.0469365, -0.524695, 0.971112
0.0165513, -0.549249, 0.971623
0.0170433, -0.494476, 0.971584
0.0067765, -0.524657, 0.971505
0.517111, -0.0470114, 0.963815
stamp: 20040000000
0.00676492, -0.00611015, 0.964498
0.484955, -0.0234415, 0.966168
0.525043, -0.0207829, 0.963698
0.046693, -0.524489, 0.971185
0.0163862, -0.549085, 0.971623
0.0166509, -0.494292, 0.971585
0.00646629, -0.524574, 0.97158
0.516537, -0.0465833, 0.963783
stamp: 20050000000
0.00679064, -0.00629854, 0.964496
0.4843, -0.0229366, 0.966196
0.524442, -0.0204269, 0.963744
0.0464053, -0.524301, 0.971095
0.0161985, -0.549, 0.971625
0.0163271, -0.494053, 0.971539
0.00626577, -0.524467, 0.971686
0.515901, -0.0462727, 0.96384
stamp: 20059000000
0.00680366, -0.00644993, 0.9645
0.483802, -0.0227082, 0.966155
0.523926, -0.0201079, 0.9638
0.0461563, -0.524169, 0.971121
0.0157817, -0.548888, 0.971618
0.0160242, -0.494004, 0.971658
0.00590618, -0.524394, 0.971871
0.515303, -0.045967, 0.96401
stamp: 20069000000
0.00680324, -0.00665481, 0.96449
0.483175, -0.0224659, 0.966212
0.523369, -0.0197919, 0.963886
0.0457405, -0.524048, 0.971107
0.0155608, -0.548768, 0.971671
0.0158394, -0.493916, 0.971669
0.0056211, -0.524239, 0.971918
0.514876, -0.0456169, 0.963872
stamp: 20080000000
0.00682229, -0.00684764, 0.964527
0.482664, -0.0219724, 0.96613
0.522802, -0.0193566, 0.963983
0.0454444, -0.52378, 0.97117
0.0152572, -0.5487, 0.971738
0.0156402, -0.493735, 0.971766
0.00546754, -0.524024, 0.971726
0.514417, -0.0452555, 0.963872
stamp: 20090000000
0.00689104, -0.00710007, 0.964651
0.482051, -0.0215245, 0.966201
0.522298, -0.0190074, 0.963968
0.0452004, -0.523704, 0.971197
0.0149567, -0.548578, 0.971747
0.0154594, -0.493661, 0.971782
0.00526084, -0.523925, 0.971675
0.513731, -0.0448955, 0.964113
stamp: 20099000000
0.00691603, -0.00728161, 0.964703
0.481519, -0.0213883, 0.966276
0.521797, -0.0187519, 0.963976
0.0448721, -0.523589, 0.971191
0.0146929, -0.548436, 0.971823
0.0152493, -0.493562, 0.971778
0.00494141, -0.523903, 0.971871
0.513172, -0.0445961, 0.964202
stamp: 20109000000
0.00696699, -0.0074411, 0.96472
0.481085, -0.0210957, 0.966367
0.521267, -0.0184459, 0.964043
0.0446662, -0.523498, 0.971185
0.0143896, -0.548136, 0.971665
0.0149054, -0.493513, 0.971717
0.0047113, -0.523672, 0.971805
0.512794, -0.0442954, 0.964057
stamp: 20119000000
0.006956, -0.00760334, 0.964874
0.480652, -0.0207185, 0.966404
0.520741, -0.0180957, 0.964152
0.0444801, -0.523373, 0.971165
0.0141364, -0.548061, 0.971533
0.0145403, -0.493269, 0.971495
0.00448568, -0.523548, 0.971756
0.512393, -0.0439372, 0.964221
stamp: 20129000000
0.00687168, -0.00784954, 0.964815
0.480135, -0.0204725, 0.966469
0.520284, -0.0177932, 0.964257
0.0442629, -0.523274, 0.971158
0.013974, -0.54801, 0.971462
0.0141212, -0.493128, 0.971351
0.00418649, -0.523358, 0.97158
0.511648, -0.043688, 0.96445
stamp: 20140000000
0.00676815, -0.0081126, 0.964989
0.479592, -0.0201897, 0.966763
0.51985, -0.0175084, 0.964291
0.0440344, -0.523214, 0.971057
0.0138327, -0.547863, 0.971447
0.013994, -0.492989, 0.971393
0.00392705, -0.52326, 0.971482
0.511177, -0.0434441, 0.964414
stamp: 20149000000
0.00677129, -0.00841828, 0.96502
0.479148, -0.0198538, 0.966804
0.519372, -0.0172306, 0.964398
0.0438513, -0.523139, 0.970981
0.0136352, -0.547788, 0.971375
0.0138759, -0.492889, 0.971465
0.00375043, -0.523139, 0.971447
0.510818, -0.0430791, 0.96434
stamp: 20159000000
0.00674335, -0.00862911, 0.965158
0.478731, -0.019613, 0.966825
0.518781, -0.0168839, 0.964392
0.0435086, -0.522976, 0.970794
0.0133284, -0.547714, 0.971232
0.0136245, -0.492686, 0.971377
0.00349619, -0.52304, 0.971328
0.510466, -0.0427594, 0.964502
stamp: 20169000000
0.00673073, -0.00874668, 0.965107
0.478331, -0.0193178, 0.967004
0.518459, -0.0166527, 0.964517
0.043318, -0.522901, 0.970739
0.0131368, -0.547491, 0.971319
0.0134983, -0.492628, 0.971337
0.00331135, -0.522948, 0.971266
0.509923, -0.0426839, 0.964686
stamp: 20179000000
0.00670391, -0.00890138, 0.965135
0.477946, -0.0190432, 0.967077
0.518047, -0.0164132, 0.964554
0.0431416, -0.522784, 0.97071
0.0128582, -0.547373, 0.971431
0.0133555, -0.492543, 0.97128
0.00308441, -0.522795, 0.971179
0.509396, -0.0423411, 0.964713
stamp: 20190000000
0.00660039, -0.0091735, 0.965344
0.477342, -0.0187681, 0.966955
0.517628, -0.0161782, 0.964602
0.0429961, -0.522668, 0.970728
0.0126592, -0.547284, 0.971438
0.0132242, -0.492461, 0.97121
0.00289501, -0.522704, 0.971117
0.508985, -0.042089, 0.964719
stamp: 20200000000
0.0065596, -0.0093109, 0.965374
0.477037, -0.0184683, 0.96692
0.517135, -0.0159674, 0.964676
0.0426603, -0.52256, 0.970737
0.0124993, -0.547208, 0.971365
0.012974, -0.492385, 0.971183
0.00269563, -0.522628, 0.971037
0.508636, -0.0418569, 0.964756
stamp: 20209000000
0.00652549, -0.00944958, 0.965403
0.476706, -0.0182336, 0.966973
0.516764, -0.0157058, 0.964725
0.0424203, -0.5223, 0.970656
0.0123583, -0.547011, 0.971107
0.0126463, -0.492115, 0.970871
0.00252684, -0.522546, 0.97099
0.50834, -0.0415341, 0.964759
stamp: 20219000000
0.00656772, -0.00951943, 0.965278
0.476298, -0.0181991, 0.967131
0.516406, -0.015478, 0.964768
0.0422518, -0.522196, 0.970594
0.0121846, -0.546977, 0.970981
0.0125081, -0.492023, 0.970807
0.00230905, -0.52239, 0.971071
0.507733, -0.0413145, 0.964884
stamp: 20230000000
0.00653989, -0.00963466, 0.965296
0.47586, -0.0178812, 0.967173
0.516015, -0.0152051, 0.964711
0.0420872, -0.522112, 0.970579
0.0118064, -0.546901, 0.970898
0.0121455, -0.491899, 0.970654
0.001956, -0.522213, 0.971005
0.507368, -0.0411304, 0.964874
stamp: 20240000000
0.00636331, -0.00984196, 0.965329
0.475378, -0.017519, 0.967143
0.515699, -0.0149318, 0.964752
0.0418872, -0.522037, 0.970456
0.0116202, -0.546776, 0.97086
0.0120009, -0.491722, 0.970637
0.00175257, -0.52207, 0.970923
0.506983, -0.0408847, 0.964867
stamp: 20249000000
0.00628198, -0.00997395, 0.965354
0.475042, -0.0173471, 0.966976
0.515275, -0.0147463, 0.964803
0.0417303, -0.521959, 0.9704
0.0114657, -0.546536, 0.970912
0.0117793, -0.491677, 0.970525
0.00157958, -0.52195, 0.970859
0.506687, -0.0406946, 0.964842
stamp: 20260000000
0.00628222, -0.010165, 0.965449
0.474699, -0.0170903, 0.966858
0.514866, -0.0145679, 0.964738
0.0414449, -0.521853, 0.970221
0.0112194, -0.546374, 0.970882
0.0116565, -0.49159, 0.970491
0.00138857, -0.521832, 0.970781
0.506373, -0.040492, 0.964844
stamp: 20269000000
0.00613842, -0.0102819, 0.965396
0.474409, -0.0168914, 0.966784
0.514529, -0.0143555, 0.964679
0.0413171, -0.521742, 0.970139
0.0109546, -0.546263, 0.970823
0.0114591, -0.491518, 0.970518
0.00122735, -0.521714, 0.970745
0.506082, -0.0401922, 0.964908
stamp: 20279000000
0.0060785, -0.0104439, 0.965331
0.473994, -0.0167923, 0.966753
0.514208, -0.0141516, 0.964637
0.0411534, -0.521575, 0.97017
0.0108166, -0.546186, 0.970754
0.0113353, -0.49142, 0.970472
0.0010801, -0.521564, 0.97075
0.505641, -0.0399305, 0.964761
stamp: 20290000000
0.00601704, -0.0105632, 0.965315
0.473696, -0.0164756, 0.966806
0.513861, -0.0138917, 0.964553
0.0410105, -0.521485, 0.970166
0.0107035, -0.546124, 0.970702
0.0112537, -0.491255, 0.970362
0.000939682, -0.521468, 0.970729
0.505246, -0.0397805, 0.964757
stamp: 20299000000
0.00581457, -0.0105696, 0.965364
0.473414, -0.0160941, 0.966691
0.513566, -0.0136543, 0.964496
0.0408768, -0.521391, 0.970133
0.0106198, -0.545986, 0.970696
0.0112361, -0.490971, 0.970373
0.000797207, -0.521381, 0.970701
0.504909, -0.0395133, 0.964784
stamp: 20309000000
0.00565748, -0.0107427, 0.965272
0.473015, -0.0159142, 0.96666
0.513298, -0.0134335, 0.964484
0.0407182, -0.52121, 0.970162
0.0104835, -0.545902, 0.970664
0.0110741, -0.490887, 0.970436
0.000653147, -0.521295, 0.97068
0.504647, -0.0393457, 0.964694
stamp: 20320000000
0.00557752, -0.0108421, 0.965221
0.472681, -0.0158054, 0.966698
0.512928, -0.0132625, 0.964464
0.0405878, -0.521083, 0.970187
0.0103579, -0.545747, 0.970703
0.0108683, -0.490721, 0.970422
0.000470933, -0.521213, 0.970603
0.504381, -0.0392048, 0.964536
stamp: 20329000000
0.00549596, -0.0109498, 0.965203
0.47241, -0.015635, 0.966596
0.512626, -0.0130551, 0.964372
0.0404337, -0.52099, 0.970163
0.010068, -0.545482, 0.970509
0.0105762, -0.490601, 0.97024
0.000270746, -0.52112, 0.97059
0.504108, -0.0388975, 0.964409
stamp: 20340000000
0.0053873, -0.0110852, 0.965223
0.472163, -0.0155032, 0.96651
0.512305, -0.0128862, 0.964245
0.0402369, -0.520691, 0.970169
0.00973227, -0.545309, 0.97059
0.0103333, -0.490459, 0.97028
0.000114895, -0.520914, 0.970588
0.503848, -0.0386868, 0.964406
stamp: 20350000000
0.00530762, -0.0111665, 0.965214
0.471932, -0.0153221, 0.966323
0.512005, -0.0126402, 0.964091
0.0400817, -0.52057, 0.970158
0.00962517, -0.545196, 0.970608
0.0100809, -0.490361, 0.970361
-7.82723e-05, -0.520657, 0.970452
0.503611, -0.0385456, 0.964264
stamp: 20360000000
0.00523013, -0.0112471, 0.965172
0.471658, -0.0151667, 0.966262
0.511754, -0.0124213, 0.963946
0.0399483, -0.520457, 0.970158
0.00952818, -0.545067, 0.970642
0.00991721, -0.490202, 0.970435
-0.00040381, -0.520503, 0.970524
0.503156, -0.0381926, 0.96425
stamp: 20369000000
0.00519466, -0.0113997, 0.965044
0.471296, -0.0148123, 0.966124
0.511511, -0.0122107, 0.963818
0.0396884, -0.520318, 0.970158
0.00931253, -0.544903, 0.970673
0.00982806, -0.490098, 0.970445
-0.000508079, -0.520384, 0.970556
0.502894, -0.0380014, 0.964156
stamp: 20380000000
0.00509329, -0.0114678, 0.965014
0.471065, -0.014578, 0.96599
0.511271, -0.0120424, 0.963726
0.0395873, -0.520196, 0.970102
0.00921742, -0.544825, 0.970608
0.00971508, -0.489983, 0.970432
-0.000617826, -0.520265, 0.970539
0.502587, -0.0379466, 0.964038
stamp: 20390000000
0.00499708, -0.0116494, 0.96504
0.470835, -0.0143718, 0.965893
0.511054, -0.0118466, 0.963648
0.0394493, -0.520048, 0.970088
0.00906909, -0.544616, 0.970419
0.00961929, -0.48986, 0.970423
-0.00079544, -0.520145, 0.970506
0.502357, -0.0376976, 0.963837
stamp: 20399000000
0.00489286, -0.011725, 0.965031
0.47055, -0.0141628, 0.965767
0.510802, -0.0116837, 0.963573
0.0393347, -0.51995, 0.970091
0.00894693, -0.544508, 0.970366
0.00950077, -0.489468, 0.970417
-0.000871113, -0.519925, 0.970568
0.502128, -0.0375164, 0.963731
stamp: 20409000000
0.00480883, -0.0117625, 0.965042
0.470341, -0.014033, 0.965672
0.510538, -0.0114653, 0.963499
0.039105, -0.519839, 0.96997
0.0086525, -0.544485, 0.970444
0.00941502, -0.489364, 0.970409
-0.000927143, -0.519696, 0.970374
0.501907, -0.0374255, 0.963544
stamp: 20420000000
0.00470791, -0.0117917, 0.965039
0.470093, -0.0138505, 0.965516
0.510224, -0.0112345, 0.963421
0.0389702, -0.519656, 0.96993
0.00859986, -0.544284, 0.970562
0.00932291, -0.489263, 0.970381
-0.0010258, -0.519569, 0.970335
0.501589, -0.0371805, 0.963486
stamp: 20430000000
0.00460742, -0.0118328, 0.96505
0.469825, -0.0135898, 0.965386
0.509991, -0.0110503, 0.9633
0.0388545, -0.519538, 0.969898
0.00848719, -0.54414, 0.970606
0.0092073, -0.489238, 0.970402
-0.00115849, -0.519435, 0.970371
0.501387, -0.0369042, 0.963478
stamp: 20440000000
0.0045284, -0.011867, 0.965081
0.469519, -0.01346, 0.965418
0.509784, -0.0108983, 0.963218
0.0387609, -0.519408, 0.969847
0.0082648, -0.543698, 0.970465
0.00899876, -0.489017, 0.970274
-0.00124985, -0.5193, 0.970333
0.501215, -0.0367457, 0.963433
stamp: 20450000000
0.00438893, -0.0119338, 0.965185
0.4694, -0.0132228, 0.965279
0.509578, -0.0107309, 0.963121
0.0386382, -0.519096, 0.969852
0.00814752, -0.543533, 0.970418
0.00884676, -0.488941, 0.970148
-0.00148196, -0.51901, 0.970353
0.501031, -0.0366165, 0.9633
stamp: 20460000000
0.00418783, -0.01192, 0.965327
0.4692, -0.0131329, 0.965197
0.509368, -0.0105862, 0.96305
0.0385237, -0.518948, 0.969789
0.00806108, -0.543412, 0.970384
0.00894114, -0.488763, 0.970196
-0.00161584, -0.518852, 0.970301
0.500846, -0.0364422, 0.9633
stamp: 20469000000
0.00407319, -0.0119258, 0.965407
0.468906, -0.0130236, 0.965158
0.509021, -0.0103415, 0.962858
0.0384398, -0.518815, 0.969755
0.00800042, -0.543317, 0.970308
0.00885699, -0.488526, 0.970191
-0.00169396, -0.518721, 0.970279
0.500623, -0.0362626, 0.963226
stamp: 20480000000
0.00397113, -0.011949, 0.965505
0.468698, -0.0129767, 0.965231
0.508927, -0.0102729, 0.962956
0.0383564, -0.51867, 0.96972
0.00795742, -0.543222, 0.970231
0.00869027, -0.488426, 0.970284
-0.00170927, -0.518506, 0.970321
0.500362, -0.0360817, 0.963096
stamp: 20490000000
0.0037966, -0.0118802, 0.965625
0.468543, -0.0128265, 0.965235
0.508756, -0.0100486, 0.962932
0.0383008, -0.518443, 0.969709
0.00784634, -0.54315, 0.970115
0.0084187, -0.488263, 0.970094
-0.00180501, -0.518367, 0.97029
0.500184, -0.0359219, 0.963065
stamp: 20499000000
0.00363171, -0.0119324, 0.96571
0.468371, -0.0126699, 0.965197
0.508577, -0.0098619, 0.962921
0.0381341, -0.51821, 0.969636
0.00780507, -0.542968, 0.970155
0.00832454, -0.488153, 0.970049
-0.00191411, -0.518231, 0.970246
0.499964, -0.0357012, 0.963115
stamp: 20510000000
0.00350765, -0.011967, 0.965851
0.468159, -0.0123969, 0.965225
0.508397, -0.00969676, 0.962912
0.0380381, -0.518077, 0.96961
0.00772647, -0.542826, 0.970164
0.00812949, -0.487836, 0.970064
-0.00200953, -0.518091, 0.970219
0.499792, -0.035594, 0.962986
stamp: 20520000000
0.00332419, -0.0119577, 0.965969
0.467922, -0.0122143, 0.965282
0.508246, -0.00948549, 0.962956
0.0379472, -0.517905, 0.969611
0.00764334, -0.542678, 0.970221
0.00799222, -0.487505, 0.969892
-0.00214253, -0.517916, 0.970161
0.499618, -0.0353307, 0.963052
stamp: 20530000000
0.00318511, -0.0119424, 0.966096
0.467668, -0.0120205, 0.965133
0.508098, -0.00930957, 0.963
0.037807, -0.517775, 0.969605
0.00753956, -0.542511, 0.970263
0.00794467, -0.4874, 0.969885
-0.00221986, -0.517766, 0.970137
0.499474, -0.0351449, 0.963124
stamp: 20540000000
0.00307772, -0.0119818, 0.966295
0.467552, -0.0118416, 0.965085
0.507874, -0.00919206, 0.963061
0.0377275, -0.517641, 0.96961
0.00745098, -0.542242, 0.970307
0.00778355, -0.487198, 0.969868
-0.00229639, -0.517521, 0.970129
0.49928, -0.035003, 0.963049
stamp: 20550000000
0.00290866, -0.0120217, 0.966354
0.467445, -0.0115579, 0.96517
0.507685, -0.00904166, 0.963071
0.0376319, -0.517488, 0.969658
0.00727645, -0.541872, 0.970141
0.00772442, -0.487068, 0.969846
-0.00237295, -0.517358, 0.970114
0.499116, -0.0348472, 0.963078
stamp: 20559000000
0.00279057, -0.011976, 0.966594
0.467328, -0.0113848, 0.965191
0.507539, -0.00889377, 0.963119
0.0375576, -0.517122, 0.969669
0.00719773, -0.541717, 0.970062
0.00766795, -0.486933, 0.969833
-0.00253336, -0.51708, 0.96992
0.498956, -0.0347516, 0.963322
stamp: 20570000000
0.00264644, -0.0120316, 0.966648
0.467199, -0.011308, 0.965235
0.507279, -0.00867032, 0.963039
0.0374994, -0.516948, 0.969641
0.00718849, -0.541528, 0.970046
0.00760741, -0.486686, 0.969811
-0.00258954, -0.516938, 0.9699
0.498844, -0.0346626, 0.963348
stamp: 20579000000
0.00256752, -0.0119371, 0.966805
0.467137, -0.0111344, 0.965426
0.50715, -0.0085112, 0.96312
0.0374477, -0.51682, 0.969615
0.0070802, -0.541391, 0.969914
0.00756146, -0.486552, 0.969793
-0.00268652, -0.516741, 0.969864
0.498697, -0.0345198, 0.963281
stamp: 20590000000
0.00239401, -0.0120439, 0.966961
0.466965, -0.0109682, 0.965617
0.507102, -0.00836359, 0.963337
0.0374018, -0.516685, 0.969588
0.00704049, -0.54128, 0.96985
0.00752294, -0.48642, 0.969789
-0.00274055, -0.516546, 0.969926
0.498414, -0.0342891, 0.963458
stamp: 20600000000
0.00232399, -0.0119487, 0.967356
0.466769, -0.0108174, 0.96567
0.506993, -0.00821112, 0.963437
0.0373873, -0.516414, 0.96958
0.00703206, -0.541045, 0.969787
0.00751977, -0.486197, 0.969721
-0.00278368, -0.516411, 0.969924
0.498269, -0.0339968, 0.963608
stamp: 20610000000
0.00207744, -0.0118696, 0.967425
0.466621, -0.0106779, 0.96573
0.506838, -0.00809002, 0.963553
0.0372308, -0.516181, 0.969416
0.00696295, -0.540855, 0.969774
0.00754324, -0.486001, 0.969807
-0.00283316, -0.516256, 0.969907
0.498165, -0.0339148, 0.963617
stamp: 20619000000
0.00192732, -0.0118405, 0.967505
0.466501, -0.0105087, 0.965877
0.506726, -0.00786814, 0.963667
0.0371672, -0.516043, 0.96935
0.00686348, -0.540681, 0.969867
0.00746424, -0.485918, 0.969714
-0.00285761, -0.516054, 0.969916
0.49804, -0.0337013, 0.963816
stamp: 20629000000
0.0016612, -0.0117638, 0.96752
0.466298, -0.0104033, 0.966012
0.506617, -0.00773184, 0.963768
0.0371291, -0.515884, 0.969381
0.00680879, -0.540428, 0.970005
0.00729982, -0.485578, 0.96995
-0.00291261, -0.515883, 0.969889
0.497965, -0.0335971, 0.963942
stamp: 20640000000
0.00151359, -0.0117316, 0.96758
0.466116, -0.0102276, 0.966104
0.506418, -0.00764973, 0.963943
0.037119, -0.515711, 0.969364
0.00682232, -0.540193, 0.969966
0.00743535, -0.485411, 0.969963
-0.00292258, -0.515589, 0.969877
0.497868, -0.0335304, 0.963987
stamp: 20649000000
0.00122451, -0.0116646, 0.967628
0.466063, -0.00999744, 0.966183
0.506301, -0.00751802, 0.964068
0.0370729, -0.515482, 0.969401
0.00673051, -0.539876, 0.969793
0.00734558, -0.485161, 0.969812
-0.00296818, -0.515443, 0.969865
0.497752, -0.0333917, 0.964108
stamp: 20660000000
0.00107814, -0.0116319, 0.967691
0.46598, -0.00985139, 0.966255
0.506202, -0.00737527, 0.964186
0.0370544, -0.515224, 0.969459
0.00672877, -0.539645, 0.969666
0.00732256, -0.484857, 0.969903
-0.00301299, -0.515309, 0.969879
0.497554, -0.0332666, 0.96439
stamp: 20669000000
0.000934234, -0.0115996, 0.967746
0.465891, -0.00979018, 0.966342
0.506092, -0.00726135, 0.964322
0.0369713, -0.514927, 0.969443
0.00671374, -0.539513, 0.969646
0.00729341, -0.4847, 0.969913
-0.00307761, -0.515024, 0.969754
0.497516, -0.0331336, 0.964437
stamp: 20679000000
0.000754402, -0.0114646, 0.967779
0.465819, -0.00969099, 0.966436
0.505988, -0.00712608, 0.964453
0.0369466, -0.514765, 0.969387
0.00669691, -0.53938, 0.969667
0.00725922, -0.484554, 0.969886
-0.00314273, -0.514814, 0.969735
0.497314, -0.0329237, 0.964535
stamp: 20690000000
0.000612035, -0.0113986, 0.967826
0.465702, -0.00959355, 0.966593
0.505887, -0.00697456, 0.964598
0.0369064, -0.514625, 0.969418
0.00660533, -0.539215, 0.969661
0.00728071, -0.484326, 0.969838
-0.00324316, -0.51469, 0.969737
0.497115, -0.03277, 0.964797
stamp: 20699000000
0.000555085, -0.0113901, 0.967763
0.465611, -0.00951513, 0.966674
0.505798, -0.00687921, 0.964713
0.0368634, -0.514366, 0.969384
0.00642516, -0.539055, 0.969774
0.00726495, -0.484193, 0.96986
-0.00328671, -0.514514, 0.969735
0.497065, -0.0326828, 0.964907
stamp: 20710000000
0.000230559, -0.0111624, 0.968011
0.465519, -0.00944709, 0.966828
0.505698, -0.00677289, 0.964835
0.0368256, -0.514222, 0.969393
0.00640187, -0.5389, 0.969848
0.00717125, -0.484097, 0.969949
-0.00331285, -0.51434, 0.969746
0.496998, -0.0326335, 0.964929
stamp: 20720000000
2.20991e-05, -0.0111674, 0.967962
0.465427, -0.0092093, 0.96696
0.505605, -0.0066132, 0.964987
0.0366767, -0.514046, 0.969482
0.00636162, -0.538699, 0.969995
0.00715107, -0.483973, 0.969992
-0.00336724, -0.514105, 0.969782
0.496889, -0.0324892, 0.965088
stamp: 20729000000
-0.00011606, -0.0111128, 0.967957
0.465186, -0.00901036, 0.967065
0.505432, -0.00649639, 0.965127
0.0366612, -0.513898, 0.969531
0.00635316, -0.538453, 0.97014
0.00709282, -0.483666, 0.970049
-0.00332396, -0.51384, 0.969971
0.496833, -0.0323814, 0.96521
stamp: 20740000000
-0.000263496, -0.0111052, 0.968122
0.465059, -0.00884515, 0.967341
0.505338, -0.00638371, 0.965215
0.0366515, -0.513759, 0.969544
0.00635361, -0.538309, 0.970132
0.00714356, -0.483492, 0.970048
-0.00331571, -0.513634, 0.970011
0.49676, -0.032304, 0.965241
stamp: 20750000000
-0.000428263, -0.0109757, 0.96802
0.464993, -0.00871056, 0.967438
0.505229, -0.00623061, 0.965332
0.036645, -0.513619, 0.969567
0.00636395, -0.538105, 0.970043
0.00709003, -0.483314, 0.970115
-0.00331972, -0.513499, 0.970067
0.496602, -0.032094, 0.965391
stamp: 20760000000
-0.000589673, -0.0110163, 0.968029
0.464863, -0.00853221, 0.967495
0.50515, -0.00611298, 0.965428
0.0366625, -0.513406, 0.969654
0.00638146, -0.53789, 0.969887
0.00703854, -0.483055, 0.970033
-0.00332834, -0.513365, 0.970128
0.49653, -0.0319492, 0.96555
stamp: 20769000000
-0.000755131, -0.0109603, 0.968005
0.464812, -0.00845549, 0.967598
0.505072, -0.0060205, 0.965509
0.0366198, -0.513058, 0.969675
0.00643381, -0.537702, 0.96989
0.00702399, -0.482931, 0.970079
-0.00333157, -0.513225, 0.970188
0.496461, -0.0318624, 0.965625
stamp: 20780000000
-0.001086, -0.0108735, 0.968133
0.464742, -0.0083556, 0.967635
0.505003, -0.00588722, 0.965591
0.0366916, -0.512902, 0.969755
0.00640142, -0.537478, 0.970061
0.00705054, -0.482728, 0.970081
-0.00336451, -0.51303, 0.970247
0.496399, -0.0316646, 0.965728
stamp: 20790000000
-0.0013392, -0.0108049, 0.968071
0.464661, -0.00825804, 0.967678
0.504932, -0.00577804, 0.965686
0.0366895, -0.512717, 0.969838
0.0063844, -0.537297, 0.97022
0.00693906, -0.482467, 0.970237
-0.00349201, -0.512801, 0.970316
0.496305, -0.0315753, 0.965835
stamp: 20799000000
-0.00149506, -0.010751, 0.968025
0.46463, -0.00809173, 0.967696
0.504841, -0.00567829, 0.965757
0.0366736, -0.512581, 0.96992
0.00634135, -0.537114, 0.970324
0.00693905, -0.482333, 0.970317
-0.00353103, -0.512631, 0.970375
0.496219, -0.0314963, 0.965876
stamp: 20810000000
-0.00175225, -0.0107236, 0.967913
0.464591, -0.0079458, 0.96778
0.504775, -0.00556929, 0.965819
0.036671, -0.512448, 0.970016
0.00630396, -0.537002, 0.970456
0.00710559, -0.48219, 0.970557
-0.00352383, -0.512443, 0.970482
0.495921, -0.0314369, 0.966027
stamp: 20819000000
-0.00180873, -0.0106754, 0.967686
0.464519, -0.00771128, 0.96782
0.504713, -0.00546253, 0.965887
0.0366755, -0.512287, 0.970145
0.00627032, -0.536867, 0.970543
0.00690745, -0.481938, 0.970566
-0.00352904, -0.512302, 0.97055
0.495825, -0.0313568, 0.966071
stamp: 20829000000
-0.00194599, -0.0105986, 0.967615
0.46442, -0.00767461, 0.967924
0.504625, -0.00537501, 0.965952
0.0367, -0.512156, 0.970239
0.00631627, -0.536672, 0.970726
0.00688783, -0.481837, 0.970623
-0.00353749, -0.512085, 0.970645
0.495749, -0.0311807, 0.966115
stamp: 20839000000
-0.00213411, -0.0105225, 0.967556
0.464367, -0.00758402, 0.967965
0.504533, -0.00526662, 0.965944
0.0368275, -0.512037, 0.970403
0.00626748, -0.536509, 0.970776
0.00704282, -0.481656, 0.970776
-0.00353615, -0.511948, 0.970718
0.495682, -0.0310837, 0.966128
stamp: 20849000000
-0.00223743, -0.010405, 0.967502
0.464299, -0.00748291, 0.96797
0.50449, -0.0051324, 0.966032
0.0367908, -0.511847, 0.970464
0.00629838, -0.536288, 0.970776
0.00700882, -0.481483, 0.970905
-0.00349739, -0.51174, 0.970836
0.495638, -0.0309962, 0.966167
stamp: 20860000000
-0.00240631, -0.0102359, 0.967485
0.464231, -0.00741155, 0.968001
0.504427, -0.00505068, 0.966069
0.0367357, -0.511701, 0.970512
0.00630237, -0.536173, 0.970815
0.00700528, -0.481355, 0.970938
-0.00343785, -0.51159, 0.970968
0.495587, -0.0308999, 0.966166
stamp: 20869000000
-0.00257905, -0.0101073, 0.967313
0.464178, -0.00731183, 0.968048
0.504338, -0.00494237, 0.966082
0.0366887, -0.511378, 0.970592
0.00630674, -0.536036, 0.970875
0.00690652, -0.481253, 0.971088
-0.00342897, -0.511449, 0.971019
0.495514, -0.0308021, 0.966188
stamp: 20880000000
-0.00288165, -0.00989345, 0.967334
0.46406, -0.00724006, 0.968104
0.504269, -0.0048225, 0.966093
0.0366845, -0.511253, 0.970624
0.00630491, -0.535899, 0.970932
0.00695065, -0.481053, 0.971084
-0.0034614, -0.511206, 0.971104
0.495455, -0.0307128, 0.96621
stamp: 20890000000
-0.00311788, -0.00982919, 0.967225
0.463963, -0.00720128, 0.968136
0.504188, -0.0047566, 0.966114
0.0367135, -0.511053, 0.970674
0.00630559, -0.535762, 0.970973
0.00685813, -0.480945, 0.970933
-0.00345247, -0.511075, 0.971108
0.495405, -0.0306554, 0.966173
stamp: 20900000000
-0.00329072, -0.00975513, 0.967187
0.46391, -0.00709373, 0.968152
0.504086, -0.00461398, 0.966042
0.0367106, -0.510847, 0.970658
0.00629193, -0.535636, 0.970999
0.00691943, -0.480738, 0.970962
-0.00343486, -0.510951, 0.97109
0.495258, -0.0303992, 0.966253
stamp: 20909000000
-0.00345754, -0.00967716, 0.967146
0.463836, -0.00682869, 0.968069
0.503985, -0.00451435, 0.966056
0.0367281, -0.510719, 0.970617
0.00626254, -0.535468, 0.970978
0.00699116, -0.480634, 0.970918
-0.0034138, -0.510823, 0.971052
0.49521, -0.030249, 0.966298
stamp: 20920000000
-0.0036985, -0.00959724, 0.967057
0.463781, -0.00676312, 0.967999
0.503934, -0.00443994, 0.966033
0.0367345, -0.510592, 0.970576
0.00616808, -0.535156, 0.970825
0.00715531, -0.480334, 0.971022
-0.00341659, -0.510684, 0.970982
0.49518, -0.0301881, 0.966283
stamp: 20929000000
-0.00387039, -0.0095259, 0.967015
0.463695, -0.00677626, 0.968113
0.503897, -0.00433071, 0.965975
0.0367439, -0.510474, 0.970504
0.00619232, -0.534952, 0.970742
0.00716049, -0.480209, 0.970971
-0.00346688, -0.510407, 0.970798
0.495132, -0.0301041, 0.966167
stamp: 20940000000
-0.00408961, -0.00942327, 0.967072
0.463573, -0.00667963, 0.968142
0.50384, -0.00422147, 0.96593
0.0367538, -0.51036, 0.970444
0.00618624, -0.534841, 0.970634
0.00684945, -0.479896, 0.970583
-0.0034705, -0.510223, 0.970753
0.495056, -0.0299535, 0.966203
stamp: 20950000000
-0.004293, -0.00936473, 0.967093
0.463511, -0.00651874, 0.968047
0.503781, -0.00413929, 0.965915
0.0367091, -0.510255, 0.970331
0.00622224, -0.534695, 0.970589
0.00686595, -0.479777, 0.970514
-0.00342619, -0.51003, 0.970638
0.495015, -0.0298979, 0.966137
stamp: 20960000000
-0.00453472, -0.00935914, 0.967089
0.463485, -0.00635054, 0.968107
0.503715, -0.00405129, 0.965882
0.0367166, -0.510145, 0.970266
0.0062363, -0.534581, 0.970509
0.00688683, -0.479676, 0.97043
-0.00341266, -0.509906, 0.970562
0.494945, -0.0298663, 0.966024
stamp: 20969000000
-0.00480613, -0.00924059, 0.967159
0.463452, -0.00624252, 0.968117
0.503578, -0.00396575, 0.965888
0.0366173, -0.509909, 0.970048
0.00625859, -0.534391, 0.970396
0.00685735, -0.479472, 0.970374
-0.00341132, -0.50978, 0.970487
0.494883, -0.0296864, 0.9659
stamp: 20980000000
-0.00493014, -0.00921873, 0.96729
0.463359, -0.00610933, 0.967937
0.503525, -0.00384521, 0.965849
0.03662, -0.509729, 0.969922
0.00623777, -0.534248, 0.97038
0.00686243, -0.479364, 0.9703
-0.00340728, -0.509665, 0.970408
0.494845, -0.0295648, 0.965915
stamp: 20990000000
-0.00509077, -0.00913286, 0.967311
0.463205, -0.00610259, 0.967832
0.503459, -0.00379569, 0.965803
0.0366253, -0.509618, 0.969815
0.00627609, -0.534167, 0.970297
0.0068622, -0.479259, 0.970239
-0.00340663, -0.509558, 0.970327
0.494809, -0.0295439, 0.965845
stamp: 20999000000
-0.00522994, -0.00906014, 0.967329
0.463156, -0.00603236, 0.967794
0.503396, -0.00370544, 0.965763
0.0366066, -0.509521, 0.969739
0.00632831, -0.53405, 0.97021
0.00687097, -0.479153, 0.970192
-0.00330068, -0.509276, 0.970119
0.494744, -0.0294817, 0.965807
stamp: 21010000000
-0.0053809, -0.00891641, 0.967178
0.463097, -0.00592083, 0.967715
0.503363, -0.00356999, 0.965706
0.036638, -0.509438, 0.969641
0.00632257, -0.533933, 0.970143
0.00687153, -0.479049, 0.970143
-0.00331359, -0.509179, 0.970048
0.494703, -0.0293344, 0.965859
stamp: 21019000000
-0.00549943, -0.00886804, 0.967298
0.463026, -0.00588141, 0.967637
0.503286, -0.0035168, 0.965644
0.0365938, -0.509148, 0.969598
0.00631732, -0.533809, 0.970128
0.00688382, -0.478941, 0.970086
-0.00331188, -0.509089, 0.969992
0.494678, -0.0293025, 0.965806
stamp: 21029000000
-0.00576271, -0.00862854, 0.967229
0.462958, -0.00585529, 0.967595
0.503221, -0.00346041, 0.965619
0.0365817, -0.509021, 0.969523
0.00634333, -0.533553, 0.969984
0.00692955, -0.47872, 0.969969
-0.00330696, -0.509002, 0.969953
0.494616, -0.0292539, 0.965648
stamp: 21040000000
-0.00594977, -0.00851905, 0.967173
0.462927, -0.00575819, 0.967579
0.503172, -0.00336431, 0.965574
0.0365782, -0.508832, 0.969452
0.00637414, -0.53338, 0.969872
0.00698443, -0.478606, 0.969881
-0.00330044, -0.508901, 0.969911
0.494545, -0.0291638, 0.96561
stamp: 21049000000
-0.00607576, -0.00843934, 0.967168
0.462911, -0.00562675, 0.967468
0.503116, -0.00329871, 0.965536
0.0365737, -0.508719, 0.969404
0.00629265, -0.533237, 0.969787
0.00691879, -0.478382, 0.969709
-0.00333891, -0.508742, 0.969871
0.494451, -0.0291437, 0.965702
stamp: 21059000000
-0.0062684, -0.00836807, 0.967125
0.462887, -0.00558328, 0.967466
0.503041, -0.00319127, 0.965459
0.0365685, -0.508635, 0.969366
0.00620908, -0.533187, 0.969685
0.00692104, -0.478295, 0.969666
-0.00345194, -0.508549, 0.969863
0.494437, -0.0290814, 0.965511
stamp: 21069000000
-0.00641855, -0.00831346, 0.967126
0.462836, -0.00551379, 0.967419
0.502973, -0.00310624, 0.965405
0.0365659, -0.508543, 0.969341
0.00620468, -0.533079, 0.969669
0.00690722, -0.478207, 0.969625
-0.00352312, -0.508433, 0.969804
0.494281, -0.0289453, 0.965472
stamp: 21079000000
-0.00656195, -0.00825621, 0.96711
0.462719, -0.00536226, 0.967358
0.502924, -0.00298543, 0.965405
0.0365899, -0.508368, 0.969324
0.00626447, -0.532923, 0.969668
0.0069058, -0.47813, 0.969614
-0.00351988, -0.508327, 0.969781
0.494222, -0.0288407, 0.96549
stamp: 21090000000
-0.00674715, -0.00825216, 0.967174
0.462663, -0.00533343, 0.967284
0.50288, -0.00293314, 0.965348
0.0366056, -0.508204, 0.969379
0.00617375, -0.532765, 0.969742
0.00688933, -0.478056, 0.96963
-0.00358126, -0.508178, 0.969822
0.494195, -0.0288094, 0.965449
stamp: 21099000000
-0.00690345, -0.00819632, 0.967156
0.46263, -0.00528682, 0.967232
0.502831, -0.00286941, 0.965291
0.036593, -0.508133, 0.969407
0.00614764, -0.532636, 0.969779
0.006888, -0.477991, 0.969651
-0.00358399, -0.508012, 0.969815
0.494143, -0.0287711, 0.965326
stamp: 21109000000
-0.0071298, -0.00807687, 0.967246
0.462564, -0.00520233, 0.967137
0.502806, -0.00279658, 0.965242
0.0365654, -0.508076, 0.969442
0.00613702, -0.53255, 0.969808
0.00689932, -0.477855, 0.969775
-0.00356933, -0.507887, 0.969879
0.494084, -0.0285992, 0.965338
stamp: 21119000000
-0.0073144, -0.00802257, 0.967267
0.462464, -0.00523847, 0.96717
0.502734, -0.00274885, 0.965183
0.0365421, -0.507985, 0.96953
0.00614961, -0.532376, 0.969786
0.00690266, -0.477787, 0.969811
-0.0035742, -0.507803, 0.969937
0.494024, -0.0285716, 0.96527
stamp: 21129000000
-0.00756169, -0.00792965, 0.967249
0.462457, -0.00511723, 0.967075
0.502676, -0.00268919, 0.965115
0.036537, -0.507903, 0.969608
0.00618723, -0.532253, 0.969893
0.00689516, -0.477421, 0.970158
-0.00359132, -0.50773, 0.969991
0.493954, -0.0285415, 0.965126
stamp: 21140000000
-0.00770493, -0.00785797, 0.967244
0.462404, -0.0050568, 0.96705
0.502616, -0.00262619, 0.965048
0.0365225, -0.507821, 0.969681
0.00618796, -0.532178, 0.969959
0.00687285, -0.477344, 0.970239
-0.00360368, -0.507663, 0.97007
0.493878, -0.0284915, 0.965045
stamp: 21149000000
-0.00783338, -0.00778382, 0.967242
0.462376, -0.0049854, 0.966947
0.502559, -0.00257448, 0.964988
0.0364851, -0.507698, 0.969758
0.00617058, -0.53213, 0.970007
0.00686156, -0.477264, 0.970302
-0.00362011, -0.507588, 0.970155
0.493819, -0.0284348, 0.965024
stamp: 21159000000
-0.0080223, -0.00770933, 0.967206
0.46233, -0.0049487, 0.9669
0.502506, -0.00253499, 0.964889
0.0364472, -0.50764, 0.969857
0.00613973, -0.532063, 0.970072
0.00684459, -0.477201, 0.970379
-0.00363651, -0.507511, 0.970236
0.493798, -0.0283874, 0.964943
stamp: 21169000000
-0.00820396, -0.007589, 0.967225
0.462283, -0.00489813, 0.966792
0.502433, -0.00247803, 0.964739
0.0364358, -0.50756, 0.969983
0.00603252, -0.531969, 0.970187
0.00684734, -0.477056, 0.970408
-0.00366972, -0.507444, 0.970331
0.493759, -0.0283413, 0.964877
stamp: 21179000000
-0.0083328, -0.0075177, 0.967209
0.462132, -0.00481207, 0.966649
0.502403, -0.00244012, 0.964663
0.0364338, -0.507412, 0.970152
0.00605195, -0.531971, 0.970385
0.00674139, -0.477063, 0.970594
-0.00368771, -0.50738, 0.970417
0.49373, -0.0282916, 0.964833
stamp: 21190000000
-0.00851913, -0.00742772, 0.967233
0.462068, -0.00480277, 0.966558
0.502341, -0.00241542, 0.964577
0.0363559, -0.507221, 0.970205
0.00600543, -0.531874, 0.970599
0.00664842, -0.477009, 0.970774
-0.00370011, -0.507309, 0.970515
0.493694, -0.028268, 0.964744
stamp: 21199000000
-0.008626, -0.00737304, 0.967213
0.462057, -0.00468302, 0.966394
0.5023, -0.00236133, 0.964465
0.0363027, -0.507084, 0.970276
0.00588463, -0.531804, 0.970733
0.00662445, -0.476952, 0.970866
-0.00369827, -0.507241, 0.970632
0.493636, -0.028229, 0.964606
stamp: 21209000000
-0.00879715, -0.00718305, 0.96693
0.462021, -0.00464176, 0.966287
0.502265, -0.00232351, 0.96437
0.0362805, -0.507035, 0.970367
0.00585419, -0.53175, 0.970817
0.00661895, -0.476901, 0.970967
-0.003746, -0.507031, 0.97086
0.493633, -0.028118, 0.964344
stamp: 21219000000
-0.00888378, -0.00717713, 0.966986
0.462002, -0.00462539, 0.966231
0.502208, -0.00229975, 0.964258
0.0362077, -0.507039, 0.970506
0.00582561, -0.531716, 0.9709
0.00660305, -0.476844, 0.971057
-0.00376764, -0.506962, 0.970972
0.493586, -0.0280945, 0.96424
stamp: 21229000000
-0.00904767, -0.00715567, 0.966848
0.461979, -0.00456174, 0.96616
0.502156, -0.00223792, 0.964117
0.0361756, -0.506991, 0.970597
0.00581278, -0.53166, 0.970985
0.0065817, -0.476794, 0.971138
-0.00380329, -0.506897, 0.971055
0.493541, -0.0280336, 0.964164
stamp: 21240000000
-0.00916566, -0.00711169, 0.966784
0.461933, -0.00451184, 0.966021
0.502133, -0.00212765, 0.96395
0.0361424, -0.506934, 0.970662
0.00575465, -0.531579, 0.971032
0.00654385, -0.47674, 0.9712
-0.00382803, -0.506836, 0.971121
0.493532, -0.0279791, 0.964087
stamp: 21249000000
-0.00931113, -0.00699472, 0.9666
0.4619, -0.00451987, 0.965884
0.502099, -0.00210549, 0.963777
0.0361052, -0.506883, 0.970722
0.00574825, -0.531461, 0.971218
0.00650578, -0.476699, 0.971247
-0.00391793, -0.506738, 0.971257
0.493525, -0.0279524, 0.963939
stamp: 21260000000
-0.0094291, -0.00693376, 0.96651
0.461869, -0.00446618, 0.965762
0.502069, -0.00206048, 0.963585
0.0361538, -0.50683, 0.970904
0.0057066, -0.531399, 0.971275
0.00646839, -0.476654, 0.971261
-0.00391305, -0.506577, 0.971274
0.493476, -0.0278978, 0.963813
stamp: 21269000000
-0.00952058, -0.00695537, 0.966524
0.46186, -0.00436621, 0.965503
0.502081, -0.00203203, 0.963388
0.0359982, -0.506771, 0.970825
0.0056613, -0.531347, 0.971299
0.00644205, -0.476615, 0.971271
-0.00395631, -0.506518, 0.971276
0.493349, -0.0277772, 0.963715
stamp: 21279000000
-0.00964765, -0.00684811, 0.966316
0.461884, -0.00442897, 0.965246
0.502057, -0.00202492, 0.963238
0.0359522, -0.50672, 0.970806
0.00560546, -0.531285, 0.971278
0.00641517, -0.476571, 0.971248
-0.00399269, -0.50646, 0.971249
0.493301, -0.0278028, 0.963415
stamp: 21290000000
-0.00973541, -0.00677734, 0.966179
0.461843, -0.00434497, 0.964973
0.502066, -0.0019589, 0.962989
0.0359069, -0.506672, 0.970755
0.00555096, -0.531235, 0.971201
0.00627296, -0.476582, 0.971086
-0.00403977, -0.506403, 0.971191
0.493229, -0.0277721, 0.963157
stamp: 21299000000
-0.00980511, -0.00661123, 0.966009
0.461793, -0.00427148, 0.964685
0.502053, -0.0018911, 0.962762
0.0358692, -0.506631, 0.97067
0.00551815, -0.531094, 0.971077
0.00622771, -0.476538, 0.970988
-0.00408602, -0.50635, 0.971096
0.493267, -0.0276621, 0.962906
stamp: 21309000000
-0.00991764, -0.00655585, 0.965795
0.461652, -0.00422453, 0.964318
0.502025, -0.00185998, 0.962472
0.0358342, -0.506567, 0.970515
0.00533646, -0.530888, 0.970687
0.00614453, -0.476348, 0.970741
-0.004133, -0.506299, 0.970942
0.493222, -0.0276347, 0.962676
stamp: 21320000000
-0.0100947, -0.00651563, 0.965505
0.461623, -0.00417395, 0.964
0.501972, -0.00183228, 0.962054
0.0357314, -0.506499, 0.970261
0.00528488, -0.530827, 0.970453
0.00609436, -0.476302, 0.970547
-0.00424758, -0.506105, 0.970608
0.493201, -0.0275731, 0.962323
stamp: 21329000000
-0.0101948, -0.00648432, 0.965237
0.461666, -0.00399464, 0.963588
0.501942, -0.00182382, 0.961699
0.0357156, -0.506385, 0.969906
0.00524928, -0.530792, 0.970175
0.00586317, -0.475954, 0.970079
-0.00435189, -0.506087, 0.970296
0.493152, -0.0276491, 0.961861
stamp: 21340000000
-0.0103525, -0.00640953, 0.964834
0.461718, -0.00399051, 0.963244
0.501903, -0.00178836, 0.961198
0.0357314, -0.506351, 0.969553
0.00523554, -0.530652, 0.969818
0.0059199, -0.476044, 0.969834
-0.00447492, -0.506102, 0.969805
0.493191, -0.0276712, 0.961413
stamp: 21350000000
-0.010402, -0.00639532, 0.964196
0.461755, -0.00395517, 0.962907
0.501874, -0.00175283, 0.960743
0.0356593, -0.506308, 0.969113
0.00503962, -0.530612, 0.969282
0.0061196, -0.475928, 0.969486
-0.00461124, -0.506043, 0.969326
0.493188, -0.0276186, 0.960946
stamp: 21360000000
-0.0105056, -0.00638651, 0.963841
0.461662, -0.00390099, 0.962286
0.501869, -0.00172, 0.960211
0.0354587, -0.506146, 0.968443
0.00503666, -0.53062, 0.968771
0.00608483, -0.475956, 0.968872
-0.00466212, -0.506107, 0.968803
0.49318, -0.0275324, 0.960336
stamp: 21369000000
-0.0106622, -0.00635596, 0.963099
0.461612, -0.00402852, 0.961505
0.501911, -0.00167708, 0.959525
0.0352903, -0.506098, 0.967652
0.00500737, -0.530712, 0.96814
0.00564707, -0.475969, 0.9679
-0.00452931, -0.505929, 0.967954
0.493092, -0.0274603, 0.959716
stamp: 21380000000
-0.0107194, -0.00629141, 0.962464
0.461584, -0.0040261, 0.960849
0.501847, -0.00163761, 0.958766
0.0353353, -0.505943, 0.966892
0.00488847, -0.530515, 0.967044
0.00542851, -0.475666, 0.966989
-0.00460372, -0.505898, 0.967273
0.493028, -0.0274003, 0.959023
stamp: 21390000000
-0.0107901, -0.00618294, 0.961759
0.461635, -0.00392369, 0.960147
0.501813, -0.00159293, 0.958005
0.0352184, -0.505846, 0.965946
0.00481427, -0.530422, 0.966152
0.00550165, -0.475565, 0.966337
-0.0049099, -0.505829, 0.966244
0.492964, -0.0273815, 0.958275
stamp: 21399000000
-0.0109841, -0.00618714, 0.960798
0.461594, -0.00371622, 0.9591
0.501822, -0.00152774, 0.957146
0.0351887, -0.505939, 0.964924
0.00474857, -0.530445, 0.965181
0.00538455, -0.475659, 0.965047
-0.00488898, -0.505839, 0.965218
0.492966, -0.0273341, 0.957387
stamp: 21410000000
-0.0110648, -0.00617209, 0.959954
0.461567, -0.00380205, 0.958018
0.50182, -0.00157121, 0.956035
0.0351932, -0.505836, 0.963709
0.00472166, -0.530376, 0.96388
0.00533527, -0.475445, 0.96403
-0.00496461, -0.505746, 0.963958
0.493075, -0.0273255, 0.956135
stamp: 21419000000
-0.0110747, -0.00615511, 0.958875
0.461622, -0.0036716, 0.956975
0.50179, -0.00150257, 0.95491
0.0350393, -0.505782, 0.962333
0.00462416, -0.530187, 0.962724
0.00545849, -0.475492, 0.96251
-0.00488434, -0.50561, 0.962574
0.493, -0.0272552, 0.955147
stamp: 21429000000
-0.0112523, -0.00608943, 0.957348
0.461568, -0.00373653, 0.955705
0.501755, -0.00137902, 0.953648
0.0350006, -0.505681, 0.960893
0.00452082, -0.530177, 0.961142
0.0052881, -0.475302, 0.961189
-0.00512936, -0.505534, 0.961025
0.492911, -0.0271745, 0.953872
stamp: 21440000000
-0.0113457, -0.00596994, 0.95633
0.46149, -0.00356613, 0.954254
0.501781, -0.00131453, 0.952195
0.0349444, -0.505505, 0.95922
0.00450457, -0.530273, 0.959677
0.00489312, -0.475357, 0.959128
-0.00513271, -0.505496, 0.959621
0.492926, -0.0270704, 0.952522
stamp: 21450000000
-0.0114083, -0.00596044, 0.954762
0.461509, -0.00347719, 0.952764
0.501749, -0.00132727, 0.950734
0.0347521, -0.505705, 0.957295
0.00423536, -0.529938, 0.957781
0.00493814, -0.475069, 0.957681
-0.00525651, -0.505498, 0.957839
0.492938, -0.0271824, 0.950926
stamp: 21460000000
-0.0113431, -0.00585668, 0.953293
0.461462, -0.00347967, 0.951134
0.501733, -0.00130579, 0.949007
0.0347104, -0.505462, 0.955381
0.00414835, -0.529916, 0.95562
0.00503401, -0.475171, 0.955699
-0.00553459, -0.505342, 0.955792
0.492935, -0.0270983, 0.949333
stamp: 21470000000
-0.0115106, -0.00584251, 0.951429
0.461468, -0.00352095, 0.949235
0.501693, -0.00121266, 0.947131
0.0346503, -0.505317, 0.953403
0.00421786, -0.530152, 0.953728
0.00490625, -0.475116, 0.953478
-0.0054109, -0.505382, 0.953715
0.492894, -0.026963, 0.94743
stamp: 21479000000
-0.0115209, -0.00571843, 0.949618
0.461504, -0.00328829, 0.947234
0.501695, -0.00116059, 0.94516
0.0345246, -0.505452, 0.951097
0.00410468, -0.529919, 0.951569
0.00497599, -0.474946, 0.951491
-0.00550038, -0.505207, 0.951294
0.492795, -0.0268844, 0.945363
stamp: 21490000000
-0.011563, -0.00567866, 0.94753
0.461407, -0.0034507, 0.945077
0.50174, -0.00108997, 0.94295
0.034256, -0.505313, 0.948596
0.00396828, -0.5298, 0.948846
0.00474595, -0.475012, 0.948907
-0.00567836, -0.505202, 0.948924
0.492929, -0.0268501, 0.943277
stamp: 21499000000
-0.0115925, -0.00574579, 0.945348
0.461505, -0.00315518, 0.942749
0.50164, -0.00105281, 0.940617
0.0342377, -0.505226, 0.945969
0.00388265, -0.529688, 0.946297
0.00457817, -0.474936, 0.946246
-0.00585425, -0.505062, 0.946436
0.492831, -0.0268859, 0.941006
stamp: 21509000000
-0.01173, -0.00571074, 0.942868
0.461576, -0.00303365, 0.94023
0.501854, -0.000808698, 0.938169
0.0341147, -0.505183, 0.943169
0.00367849, -0.529617, 0.943536
0.00458991, -0.474934, 0.943619
-0.00594709, -0.505118, 0.943747
0.492797, -0.0266797, 0.938406
stamp: 21520000000
-0.0117384, -0.00549647, 0.94036
0.461533, -0.00289089, 0.937594
0.501863, -0.000803051, 0.935449
0.0340431, -0.505002, 0.940187
0.00376649, -0.529716, 0.940569
0.00443952, -0.474781, 0.940627
-0.00591845, -0.505, 0.940687
0.492759, -0.0266655, 0.935666
stamp: 21530000000
-0.0118319, -0.00561898, 0.937585
0.461579, -0.00284781, 0.934665
0.50189, -0.000709958, 0.932577
0.034057, -0.505059, 0.937009
0.0036142, -0.529446, 0.93744
0.00428055, -0.474729, 0.937277
-0.00608926, -0.504887, 0.937419
0.49279, -0.0265591, 0.932816
stamp: 21540000000
-0.0118395, -0.0054494, 0.934567
0.461496, -0.00272046, 0.93168
0.501891, -0.000595407, 0.929476
0.0339317, -0.504992, 0.933727
0.00344363, -0.52935, 0.934131
0.00435959, -0.474693, 0.934041
-0.006089, -0.504833, 0.934205
0.492779, -0.0264952, 0.929703
stamp: 21550000000
-0.0117604, -0.00542827, 0.931618
0.461548, -0.00266127, 0.928226
0.501873, -0.000611612, 0.926234
0.0339088, -0.504874, 0.930171
0.00347882, -0.529615, 0.93062
0.00429326, -0.474511, 0.93055
-0.00628668, -0.504816, 0.930612
0.492837, -0.0264975, 0.926379
stamp: 21559000000
-0.0118352, -0.0055168, 0.928333
0.461468, -0.00256936, 0.924865
0.501874, -0.000460732, 0.922715
0.0337586, -0.505015, 0.926577
0.00322694, -0.529351, 0.926814
0.00382947, -0.474427, 0.926495
-0.00648878, -0.50466, 0.926982
0.492781, -0.0262476, 0.922879
stamp: 21570000000
-0.0118882, -0.00552672, 0.924651
0.46146, -0.00266728, 0.921129
0.501809, -0.00036578, 0.919073
0.0335993, -0.504893, 0.922611
0.00305478, -0.529157, 0.922847
0.00399039, -0.474481, 0.922862
-0.00644106, -0.504678, 0.922975
0.492688, -0.0262676, 0.919248
stamp: 21580000000
-0.0121308, -0.00547848, 0.921118
0.461364, -0.00231261, 0.917228
0.501871, -0.000251755, 0.915229
0.0335482, -0.504786, 0.918421
0.00317381, -0.529164, 0.918693
0.00400387, -0.474272, 0.918815
-0.0065279, -0.504657, 0.918864
0.492719, -0.0261419, 0.915384
stamp: 21590000000
-0.011955, -0.00531309, 0.917143
0.46131, -0.00214796, 0.913231
0.501882, -0.00020368, 0.91121
0.0333986, -0.504751, 0.914026
0.00288999, -0.529202, 0.914514
0.00361578, -0.47424, 0.914298
-0.00656611, -0.504375, 0.914492
0.492738, -0.0261973, 0.911302
stamp: 21599000000
-0.0119306, -0.0053124, 0.913293
0.461332, -0.00231769, 0.909097
0.501878, -0.000132274, 0.906995
0.0333189, -0.504642, 0.909699
0.00295002, -0.529232, 0.910109
0.00377126, -0.474147, 0.910172
-0.00681226, -0.504547, 0.910252
0.492736, -0.0259627, 0.907037
stamp: 21610000000
-0.0120928, -0.00515524, 0.908584
0.461462, -0.00207182, 0.904542
0.501901, -4.21232e-05, 0.902567
0.033152, -0.504569, 0.904925
0.00278907, -0.529065, 0.905348
0.00357573, -0.474243, 0.905396
-0.00689019, -0.504256, 0.90542
0.492749, -0.0258749, 0.902702
stamp: 21619000000
-0.0119869, -0.005225, 0.90404
0.461497, -0.00194057, 0.90004
0.5019, 9.02237e-05, 0.897858
0.0331898, -0.504516, 0.90017
0.00269202, -0.529037, 0.900576
0.00326376, -0.474087, 0.900295
-0.00710666, -0.504382, 0.900718
0.492652, -0.0257558, 0.897967
stamp: 21629000000
-0.0120764, -0.00508609, 0.899349
0.461421, -0.00166109, 0.89494
0.501883, 0.000149079, 0.892979
0.0330459, -0.504379, 0.895095
0.00263955, -0.528926, 0.895484
0.00354338, -0.473955, 0.895553
-0.00712855, -0.504208, 0.895533
0.492707, -0.02558, 0.893109
stamp: 21640000000
-0.0120801, -0.00517801, 0.894351
0.461315, -0.00177967, 0.890052
0.501902, 0.000318854, 0.887923
0.0328729, -0.504336, 0.889815
0.00240551, -0.528852, 0.890226
0.00328112, -0.474042, 0.890396
-0.00713974, -0.504117, 0.890264
0.492562, -0.025529, 0.888105
stamp: 21650000000
-0.0121235, -0.00517393, 0.889175
0.46142, -0.00148336, 0.884699
0.501886, 0.00045185, 0.882552
0.0328318, -0.504245, 0.88436
0.00249506, -0.528863, 0.884925
0.00319446, -0.473949, 0.884822
-0.00723027, -0.503972, 0.885044
0.492733, -0.0254419, 0.8828
stamp: 21660000000
-0.0122889, -0.00506742, 0.883778
0.461322, -0.00146654, 0.879202
0.501886, 0.000520615, 0.877183
0.0327601, -0.504071, 0.878805
0.00223737, -0.528746, 0.879237
0.00312705, -0.473946, 0.879307
-0.00728623, -0.503953, 0.879291
0.492718, -0.0253562, 0.87738
stamp: 21669000000
-0.0120623, -0.00494014, 0.878244
0.461282, -0.00135348, 0.873552
0.50193, 0.00063945, 0.871589
0.0326363, -0.504015, 0.872999
0.00235318, -0.528629, 0.873501
0.00327716, -0.473672, 0.873831
-0.00741665, -0.503825, 0.87344
0.492578, -0.0253565, 0.871542
stamp: 21680000000
-0.0120507, -0.0048565, 0.87257
0.461353, -0.00118495, 0.86745
0.501976, 0.000808914, 0.865642
0.0326025, -0.504052, 0.867094
0.00218577, -0.528542, 0.867416
0.00296013, -0.473803, 0.867609
-0.007491, -0.503818, 0.867411
0.492795, -0.0251349, 0.865692
stamp: 21690000000
-0.0121537, -0.00501853, 0.866403
0.461426, -0.001063, 0.861166
0.501949, 0.000876, 0.859552
0.0323822, -0.503999, 0.860799
0.00204956, -0.528327, 0.861148
0.00289186, -0.473823, 0.861403
-0.00742959, -0.503852, 0.861435
0.492705, -0.0250275, 0.859611
stamp: 21699000000
-0.0122279, -0.00486285, 0.860096
0.461415, -0.000908253, 0.855087
0.501916, 0.000978188, 0.853231
0.0323673, -0.503976, 0.854449
0.0018485, -0.528382, 0.854755
0.00282703, -0.473651, 0.854958
-0.0074829, -0.50379, 0.85517
0.492735, -0.0249142, 0.853321
stamp: 21710000000
-0.0123373, -0.00466407, 0.853849
0.461221, -0.000932593, 0.848473
0.501896, 0.00115391, 0.846815
0.0322426, -0.503851, 0.847714
0.00172076, -0.528364, 0.848045
0.00280896, -0.473536, 0.848333
-0.00764697, -0.503741, 0.848613
0.492534, -0.0247766, 0.846795
stamp: 21720000000
-0.0121789, -0.00478349, 0.84722
0.46119, -0.000706004, 0.841742
0.501933, 0.00134135, 0.840128
0.0321203, -0.503812, 0.841241
0.00168667, -0.528073, 0.841245
0.00265484, -0.47347, 0.841569
-0.00771031, -0.503663, 0.841812
0.4925, -0.0246692, 0.84002
stamp: 21729000000
-0.0123629, -0.00473664, 0.840563
0.461149, -0.00067712, 0.834976
0.501936, 0.00143073, 0.833237
0.0321829, -0.5039, 0.834261
0.00172825, -0.52807, 0.834436
0.0026205, -0.473361, 0.834745
-0.00775947, -0.503502, 0.834733
0.492481, -0.0244603, 0.83312
stamp: 21740000000
-0.0120607, -0.00478888, 0.833421
0.461164, -0.000528497, 0.827851
0.501812, 0.00147465, 0.825942
0.0320472, -0.503673, 0.827071
0.00173741, -0.528237, 0.827445
0.00253951, -0.473244, 0.827337
-0.00788245, -0.503564, 0.827684
0.492525, -0.0243088, 0.826009
stamp: 21750000000
-0.0121648, -0.00460655, 0.826206
0.461262, -0.000411458, 0.820606
0.501779, 0.0015768, 0.818613
0.0319754, -0.503722, 0.819534
0.00166887, -0.52814, 0.81983
0.00245606, -0.473283, 0.820004
-0.0079923, -0.503474, 0.820155
0.492541, -0.024234, 0.818777
stamp: 21760000000
-0.0122242, -0.00471359, 0.819061
0.461233, -0.000240438, 0.812862
0.501834, 0.00179493, 0.811311
0.0319415, -0.503598, 0.811922
0.00139247, -0.52798, 0.812299
0.00246147, -0.473074, 0.812609
-0.00813106, -0.503245, 0.812362
0.492383, -0.0241185, 0.811109
stamp: 21770000000
-0.0121874, -0.00450345, 0.811286
0.461125, 0.000144364, 0.805203
0.501732, 0.00183752, 0.803382
0.0317554, -0.503458, 0.804155
0.00134416, -0.528065, 0.804582
0.00228293, -0.473176, 0.804612
-0.00828816, -0.503129, 0.804765
0.492422, -0.0239701, 0.803665
stamp: 21780000000
-0.0123506, -0.00448498, 0.80356
0.461134, 0.00024036, 0.797288
0.501723, 0.00199578, 0.795522
0.0318729, -0.503409, 0.796187
0.00116825, -0.527746, 0.796563
0.00231395, -0.472805, 0.796912
-0.00823705, -0.50316, 0.796859
0.492417, -0.0239085, 0.795657
stamp: 21789000000
-0.0123844, -0.00456668, 0.795657
0.461088, 0.000230445, 0.789291
0.501715, 0.0021792, 0.78743
0.0316848, -0.503382, 0.788015
0.00123152, -0.527743, 0.788459
0.00203408, -0.472943, 0.788459
-0.00828938, -0.503138, 0.78854
0.492437, -0.0236877, 0.787538
stamp: 21799000000
-0.0122857, -0.004428, 0.787814
0.461109, 0.000431159, 0.781024
0.50171, 0.00229288, 0.779133
0.0316523, -0.503307, 0.779762
0.00104062, -0.527675, 0.779944
0.00186, -0.472887, 0.779917
-0.00838287, -0.503054, 0.780164
0.49248, -0.0236634, 0.779325
stamp: 21810000000
-0.0123069, -0.00437167, 0.779458
0.461183, 0.000587187, 0.7728
0.501676, 0.00246676, 0.770756
0.0314709, -0.503153, 0.771077
0.00101421, -0.527723, 0.771504
0.0021016, -0.472773, 0.771779
-0.00842682, -0.503017, 0.771592
0.492425, -0.0234426, 0.770856
stamp: 21820000000
-0.0124134, -0.00437074, 0.770999
0.46106, 0.000628717, 0.764301
0.501758, 0.00257343, 0.762195
0.0313099, -0.503181, 0.762372
0.000910876, -0.527562, 0.762742
0.00188451, -0.472783, 0.762761
-0.00856558, -0.502828, 0.762806
0.492369, -0.0233054, 0.762347
stamp: 21830000000
-0.0125802, -0.00449692, 0.76236
0.460983, 0.00103363, 0.755537
0.501764, 0.00284004, 0.753474
0.0311562, -0.502998, 0.753239
0.000714883, -0.527563, 0.753848
0.00176753, -0.472606, 0.753737
-0.00869252, -0.50287, 0.753952
0.492411, -0.0231037, 0.753615
stamp: 21840000000
-0.0126077, -0.00451133, 0.753871
0.461093, 0.00103208, 0.746559
0.501676, 0.00291646, 0.744379
0.0312221, -0.502823, 0.744358
0.000762079, -0.527358, 0.744826
0.00173849, -0.472504, 0.744678
-0.00875427, -0.502677, 0.744867
0.492355, -0.0229402, 0.744653
stamp: 21850000000
-0.0125976, -0.00421018, 0.744884
0.461021, 0.00121085, 0.737407
0.501655, 0.00307547, 0.735538
0.0311138, -0.502921, 0.735018
0.000788466, -0.52719, 0.735434
0.00161394, -0.472518, 0.735381
-0.00898673, -0.502605, 0.735491
0.492357, -0.0229353, 0.735506
stamp: 21860000000
-0.0124933, -0.00430503, 0.735952
0.461, 0.00152316, 0.728049
0.501721, 0.00323134, 0.726256
0.0309682, -0.502715, 0.725528
0.000629259, -0.527333, 0.725975
0.00138889, -0.472283, 0.725781
-0.00891805, -0.502625, 0.726052
0.492391, -0.0225226, 0.726541
stamp: 21869000000
-0.012693, -0.00430885, 0.726738
0.460888, 0.00152241, 0.718972
0.501612, 0.00338766, 0.716899
0.0307684, -0.502589, 0.715775
0.000462065, -0.527056, 0.716238
0.00112429, -0.472412, 0.716041
-0.00899357, -0.502328, 0.716561
0.492467, -0.0225415, 0.716995
stamp: 21879000000
-0.0126791, -0.0041653, 0.717487
0.460956, 0.00165171, 0.709353
0.501538, 0.00341213, 0.70731
0.0307605, -0.502555, 0.706123
0.000312807, -0.527088, 0.706412
0.000999395, -0.472183, 0.706513
-0.00910169, -0.502436, 0.706789
0.492215, -0.0223533, 0.707361
stamp: 21890000000
-0.0126761, -0.00425258, 0.708181
0.460887, 0.00199721, 0.700054
0.501646, 0.00370014, 0.697821
0.0306137, -0.502499, 0.69613
0.00020653, -0.52691, 0.696521
0.000999456, -0.472195, 0.696432
-0.00930743, -0.502211, 0.696806
0.492306, -0.0221772, 0.697663
stamp: 21899000000
-0.0127249, -0.00406513, 0.698848
0.461013, 0.00220252, 0.69009
0.501655, 0.00385137, 0.688058
0.0304566, -0.502382, 0.686169
5.96799e-05, -0.52673, 0.686507
0.00104955, -0.472027, 0.686477
-0.00949604, -0.502016, 0.686664
0.492175, -0.0221891, 0.687953
stamp: 21909000000
-0.0127879, -0.00401812, 0.68911
0.460854, 0.00213663, 0.680292
0.501572, 0.00388168, 0.678063
0.0303555, -0.502364, 0.676033
9.32795e-05, -0.526752, 0.676285
0.000950805, -0.471989, 0.676464
-0.00947512, -0.502094, 0.676759
0.49229, -0.0218616, 0.67782
stamp: 21920000000
-0.0127463, -0.00399682, 0.679493
0.461047, 0.00244986, 0.670145
0.501611, 0.00428542, 0.667989
0.0303679, -0.502233, 0.665915
-5.125e-05, -0.526609, 0.666142
0.000685762, -0.47171, 0.666382
-0.00956223, -0.501948, 0.666324
0.492191, -0.0218028, 0.667823
stamp: 21929000000
-0.0129578, -0.00392707, 0.669759
0.460949, 0.00255573, 0.660183
0.501623, 0.00433997, 0.657745
0.0302979, -0.502171, 0.655647
-0.000230214, -0.526636, 0.655905
0.00060989, -0.471545, 0.655719
-0.00971877, -0.501717, 0.656005
0.492394, -0.0217707, 0.657728
stamp: 21940000000
-0.0129752, -0.00389182, 0.6599
0.461022, 0.00261441, 0.649877
0.501588, 0.00443301, 0.647455
0.0301134, -0.501996, 0.645227
-0.0001614, -0.526344, 0.645515
0.000564312, -0.471429, 0.645495
-0.0100144, -0.501627, 0.645663
0.492327, -0.0213966, 0.647453
stamp: 21950000000
-0.0130078, -0.00395636, 0.649898
0.461113, 0.00279158, 0.639492
0.501599, 0.00465488, 0.637076
0.0299043, -0.502004, 0.634827
-0.000475645, -0.526405, 0.635138
0.000391845, -0.471363, 0.634972
-0.0100591, -0.501465, 0.635275
0.492378, -0.0213711, 0.637103
stamp: 21960000000
-0.0131891, -0.00385478, 0.639686
0.461012, 0.00293886, 0.628843
0.501636, 0.00473775, 0.626474
0.0296951, -0.501802, 0.624049
-0.00042221, -0.526131, 0.624534
0.000300782, -0.471195, 0.624723
-0.0101444, -0.501394, 0.624738
0.492579, -0.0211379, 0.626357
stamp: 21969000000
-0.0130866, -0.00397449, 0.629541
0.461143, 0.00288071, 0.618357
0.501604, 0.0048347, 0.615865
0.0297204, -0.501674, 0.613611
-0.000640525, -0.526057, 0.61416
6.63076e-05, -0.47111, 0.614298
-0.0102389, -0.501425, 0.614424
0.492452, -0.0210658, 0.616062
stamp: 21980000000
-0.0131087, -0.00383512, 0.619138
0.461053, 0.0030215, 0.607674
0.501636, 0.0051349, 0.605306
0.0297321, -0.501539, 0.602989
-0.000746123, -0.525853, 0.603533
-3.60552e-05, -0.470935, 0.603571
-0.0101659, -0.501185, 0.603897
0.492599, -0.020796, 0.605106
stamp: 21990000000
-0.0133137, -0.00381471, 0.608789
0.461088, 0.00331095, 0.5968
0.501675, 0.00526638, 0.594492
0.0294766, -0.501507, 0.592725
-0.000817405, -0.525813, 0.593357
0.000102161, -0.470931, 0.593254
-0.0103196, -0.501116, 0.593266
0.492518, -0.0206987, 0.594695
stamp: 21999000000
-0.0133363, -0.00369348, 0.59853
0.461208, 0.0033753, 0.585723
0.501745, 0.00545312, 0.583621
0.0295511, -0.501421, 0.582142
-0.000894095, -0.525816, 0.582738
-0.000138012, -0.470802, 0.582821
-0.0105382, -0.500932, 0.582719
0.492751, -0.0205448, 0.583718
stamp: 22010000000
-0.0133074, -0.00382321, 0.588029
0.461311, 0.00335116, 0.575026
0.501846, 0.00559258, 0.572698
0.0293357, -0.501201, 0.571448
-0.000808784, -0.5255, 0.57193
-0.000191723, -0.470557, 0.572067
-0.0106444, -0.500998, 0.572164
0.492842, -0.0203575, 0.572507
stamp: 22019000000
-0.0134924, -0.00370014, 0.577709
0.461232, 0.0035479, 0.563991
0.502015, 0.00564999, 0.561831
0.029311, -0.500852, 0.561009
-0.00084853, -0.525683, 0.561575
-0.00033084, -0.470399, 0.561505
-0.0106916, -0.50067, 0.561489
0.492738, -0.0204313, 0.561628
stamp: 22029000000
-0.0136838, -0.00362861, 0.56708
0.461387, 0.00367317, 0.552879
0.502102, 0.00577374, 0.550779
0.0293117, -0.500887, 0.55037
-0.00116528, -0.525332, 0.551072
-0.00053219, -0.47031, 0.550898
-0.0108065, -0.500596, 0.551145
0.492947, -0.0200854, 0.55046
stamp: 22040000000
-0.0135393, -0.00359876, 0.556582
0.461644, 0.00386742, 0.541787
0.502156, 0.00588972, 0.53967
0.0290975, -0.500836, 0.539846
-0.00128728, -0.525161, 0.540433
-0.000418261, -0.470226, 0.540476
-0.0107931, -0.50058, 0.540548
0.493014, -0.0199979, 0.53936
stamp: 22049000000
-0.0137545, -0.00346373, 0.545825
0.46167, 0.00395531, 0.530755
0.502274, 0.00609175, 0.528464
0.0289789, -0.500604, 0.529246
-0.00120095, -0.525268, 0.529983
-0.00052498, -0.470081, 0.529709
-0.0109438, -0.500252, 0.529911
0.493126, -0.0198582, 0.528078
stamp: 22059000000
-0.0137087, -0.0033047, 0.535132
0.461804, 0.00395647, 0.519495
0.502475, 0.00620647, 0.517389
0.0289276, -0.500454, 0.518877
-0.00120636, -0.525018, 0.519358
-0.000633283, -0.470069, 0.519223
-0.0109355, -0.500235, 0.519444
0.493391, -0.0198188, 0.516809
stamp: 22069000000
-0.0136949, -0.00320109, 0.524546
0.461802, 0.0041672, 0.508034
0.502605, 0.00619038, 0.506086
0.0290478, -0.500376, 0.508172
-0.00143898, -0.524835, 0.508406
-0.000659698, -0.469771, 0.508616
-0.0109756, -0.500113, 0.50906
0.493495, -0.0198135, 0.505793
stamp: 22079000000
-0.0138586, -0.00304188, 0.514024
0.462176, 0.00421213, 0.496776
0.50281, 0.00638301, 0.494919
0.0287959, -0.500226, 0.49765
-0.0012343, -0.524817, 0.498087
-0.000494101, -0.469719, 0.498194
-0.0110577, -0.500066, 0.498474
0.493685, -0.0196585, 0.494328
stamp: 22090000000
-0.0140154, -0.00301629, 0.503299
0.462243, 0.00411563, 0.485567
0.502806, 0.00645807, 0.48354
0.0289579, -0.500105, 0.486964
-0.00139655, -0.524605, 0.487768
-0.000588848, -0.469532, 0.487771
-0.0110634, -0.499867, 0.487871
0.493782, -0.0195598, 0.483208
stamp: 22099000000
-0.0141493, -0.00295799, 0.49267
0.462327, 0.00423063, 0.474209
0.502986, 0.00641474, 0.472215
0.0290046, -0.500015, 0.476643
-0.00142611, -0.524588, 0.477029
-0.000917721, -0.469467, 0.476939
-0.0110919, -0.49965, 0.477414
0.494159, -0.0196105, 0.471761
stamp: 22110000000
-0.0142186, -0.00287259, 0.481739
0.462572, 0.00432719, 0.462954
0.503211, 0.00646597, 0.460939
0.0287835, -0.499874, 0.465895
-0.00134973, -0.524452, 0.466943
-0.000689425, -0.469395, 0.466677
-0.011131, -0.499592, 0.466714
0.494516, -0.0196858, 0.460636
stamp: 22119000000
-0.0145214, -0.00282319, 0.471509
0.462773, 0.00403071, 0.451712
0.503378, 0.00661699, 0.449574
0.0289364, -0.499898, 0.45551
-0.00136439, -0.524231, 0.455946
-0.00101052, -0.469173, 0.456156
-0.0112523, -0.499438, 0.456243
0.494541, -0.0194999, 0.449427
stamp: 22129000000
-0.0145575, -0.00284061, 0.460762
0.462889, 0.00404028, 0.440543
0.50361, 0.00656551, 0.438231
0.0288323, -0.499608, 0.445035
-0.00167611, -0.524006, 0.445376
-0.000804645, -0.469163, 0.445486
-0.0111927, -0.499345, 0.445789
0.494897, -0.0195646, 0.437861
stamp: 22140000000
-0.0144935, -0.00264415, 0.450114
0.463352, 0.00387371, 0.429059
0.50392, 0.0065196, 0.426972
0.0288173, -0.499435, 0.434421
-0.00170814, -0.523983, 0.435028
-0.000786153, -0.468931, 0.43513
-0.0113107, -0.499348, 0.435324
0.495058, -0.0196549, 0.426618
stamp: 22149000000
-0.014739, -0.00267464, 0.439437
0.463667, 0.00363926, 0.418023
0.504264, 0.0064184, 0.415654
0.0287123, -0.499485, 0.424042
-0.00167687, -0.52385, 0.424304
-0.000964882, -0.468939, 0.424075
-0.0111725, -0.499248, 0.424802
0.495333, -0.0195237, 0.415005
stamp: 22159000000
-0.0145897, -0.00245953, 0.428956
0.463923, 0.00371564, 0.407032
0.504544, 0.00638135, 0.404464
0.0289206, -0.499353, 0.413391
-0.00166664, -0.523833, 0.413808
-0.0008232, -0.468819, 0.414017
-0.011189, -0.498956, 0.414073
0.495753, -0.0195166, 0.403847
stamp: 22169000000
-0.0148669, -0.00243771, 0.41845
0.464273, 0.00379899, 0.395747
0.504834, 0.00629565, 0.393168
0.0287841, -0.499254, 0.402954
-0.00148832, -0.523888, 0.403128
-0.000754767, -0.468722, 0.403478
-0.0110846, -0.499186, 0.403629
0.496343, -0.0197702, 0.392518
stamp: 22179000000
-0.0148868, -0.00232039, 0.408123
0.464732, 0.00340425, 0.385068
0.505403, 0.00609973, 0.382249
0.0287921, -0.499438, 0.392077
-0.00146857, -0.523725, 0.392586
-0.000801703, -0.468834, 0.393071
-0.0111876, -0.498946, 0.392819
0.496638, -0.0199749, 0.381298
stamp: 22190000000
-0.0149866, -0.00224501, 0.397488
0.465142, 0.00351556, 0.373739
0.505833, 0.00594848, 0.371084
0.028986, -0.499058, 0.381883
-0.00170011, -0.523637, 0.382056
-0.000683318, -0.468569, 0.382358
-0.0111856, -0.498924, 0.382573
0.497192, -0.0200329, 0.370665
stamp: 22199000000
-0.0149694, -0.00225718, 0.38714
0.465843, 0.00315411, 0.362931
0.50624, 0.00595442, 0.359966
0.0289592, -0.499068, 0.371288
-0.00148341, -0.523583, 0.371541
-0.000818491, -0.468707, 0.37192
-0.0111052, -0.498772, 0.371752
0.497586, -0.020163, 0.359393
stamp: 22209000000
-0.0151136, -0.00218626, 0.376896
0.466156, 0.00319849, 0.351919
0.506912, 0.0056901, 0.349267
0.0289177, -0.499175, 0.3607
-0.0015934, -0.523551, 0.360935
-0.000763346, -0.468522, 0.361216
-0.0110581, -0.498802, 0.361461
0.498131, -0.0202909, 0.348358
stamp: 22219000000
-0.0150207, -0.00199683, 0.366503
0.466802, 0.00293619, 0.340782
0.507284, 0.00554627, 0.338296
0.0287749, -0.499178, 0.350495
-0.00161073, -0.523428, 0.350349
-0.000561676, -0.468448, 0.351164
-0.0111937, -0.498754, 0.350897
0.498648, -0.0205967, 0.337619
stamp: 22229000000
-0.0150244, -0.00195561, 0.356647
0.467213, 0.00280727, 0.329841
0.507991, 0.00535663, 0.327712
0.0289764, -0.498965, 0.340202
-0.00133651, -0.523425, 0.340066
-0.000222096, -0.468316, 0.340835
-0.0110107, -0.498587, 0.340573
0.499294, -0.0207581, 0.326784
stamp: 22240000000
-0.0152111, -0.00202874, 0.346344
0.467782, 0.00249807, 0.318592
0.508402, 0.00509705, 0.316932
0.028936, -0.499013, 0.329669
-0.00120641, -0.523564, 0.329948
-0.000487553, -0.468351, 0.330277
-0.0108844, -0.498762, 0.330545
0.499577, -0.0209904, 0.316121
stamp: 22249000000
-0.0152694, -0.00187531, 0.336573
0.468192, 0.00219003, 0.308303
0.508931, 0.00474312, 0.306367
0.0289913, -0.498833, 0.319359
-0.00118957, -0.523304, 0.319666
-0.000593103, -0.468318, 0.320052
-0.0108813, -0.498552, 0.319779
0.500072, -0.021352, 0.305298
stamp: 22260000000
-0.0152359, -0.00171984, 0.326738
0.468829, 0.0022709, 0.29738
0.509577, 0.00449141, 0.295766
0.0292742, -0.498865, 0.309319
-0.00129189, -0.523238, 0.309215
-0.000639927, -0.468097, 0.309311
-0.0106144, -0.498495, 0.309861
0.500698, -0.0216331, 0.294815
stamp: 22269000000
-0.0152331, -0.00188223, 0.317088
0.469576, 0.00188644, 0.286604
0.510107, 0.0041393, 0.285257
0.0293415, -0.498618, 0.299204
-0.001243, -0.523498, 0.299162
-0.000428158, -0.468163, 0.299226
-0.0105896, -0.498782, 0.299853
0.501203, -0.021907, 0.284647
stamp: 22279000000
-0.0151341, -0.0015561, 0.307313
0.470039, 0.0017015, 0.276635
0.510897, 0.00378744, 0.274929
0.0292316, -0.498546, 0.288948
-0.000967357, -0.523217, 0.289077
-0.00050505, -0.468263, 0.289262
-0.0105874, -0.498562, 0.28948
0.501886, -0.0222564, 0.274433
stamp: 22290000000
-0.015252, -0.00170233, 0.297636
0.470745, 0.00135742, 0.266651
0.511551, 0.00353069, 0.264672
0.0292158, -0.498874, 0.278972
-0.0012023, -0.523286, 0.279048
-0.000215637, -0.468263, 0.27956
-0.0106174, -0.498482, 0.279491
0.502532, -0.0223652, 0.26454
stamp: 22299000000
-0.0154646, -0.00165829, 0.288156
0.471503, 0.00148365, 0.256637
0.512197, 0.00322746, 0.254876
0.0295043, -0.498642, 0.268978
-0.000952976, -0.523412, 0.269232
-0.000280985, -0.468031, 0.269553
-0.0106121, -0.498521, 0.269877
0.503092, -0.0225623, 0.254458
stamp: 22309000000
-0.0153237, -0.00129315, 0.278924
0.472368, 0.00113466, 0.24708
0.513115, 0.00306047, 0.245038
0.0295521, -0.498608, 0.259009
-0.00101749, -0.523209, 0.259564
-0.000277348, -0.468033, 0.259806
-0.0104881, -0.498325, 0.259802
0.503832, -0.0227475, 0.244832
stamp: 22320000000
-0.0155071, -0.00147173, 0.269502
0.473051, 0.00115207, 0.237387
0.513852, 0.00280942, 0.235309
0.0295573, -0.498598, 0.249418
-0.000818935, -0.523075, 0.249412
-0.000319618, -0.468448, 0.249985
-0.0103664, -0.498549, 0.250197
0.50446, -0.023175, 0.235818
stamp: 22329000000
-0.0151616, -0.00124662, 0.2607
0.473639, 0.000973036, 0.227889
0.514566, 0.0027006, 0.225905
0.0296025, -0.4988, 0.239693
-0.00080452, -0.523167, 0.239808
-0.000116279, -0.468262, 0.240193
-0.0101655, -0.4985, 0.240506
0.505388, -0.0232249, 0.227037
stamp: 22340000000
-0.0149852, -0.00145668, 0.251894
0.47423, 0.000879256, 0.218404
0.515169, 0.00266629, 0.216794
0.0295475, -0.498307, 0.230009
-0.000661517, -0.523118, 0.230705
2.39197e-06, -0.468086, 0.230534
-0.0100491, -0.498438, 0.231044
0.505984, -0.02319, 0.21766
stamp: 22350000000
-0.015057, -0.00152761, 0.242611
0.474774, 0.000545606, 0.208881
0.515731, 0.00238673, 0.207821
0.0297687, -0.498235, 0.220518
-0.000795197, -0.5231, 0.221285
-1.51596e-05, -0.468039, 0.221087
-0.0100291, -0.49829, 0.221622
0.506421, -0.0235916, 0.20857
stamp: 22359000000
-0.0150637, -0.00149467, 0.234149
0.475341, 0.000204631, 0.199526
0.51608, 0.00222239, 0.199019
0.0297449, -0.498564, 0.211125
-0.000462758, -0.522966, 0.211385
4.10134e-05, -0.468084, 0.211718
-0.00975946, -0.49816, 0.21213
0.507118, -0.0237712, 0.199637
stamp: 22369000000
-0.0151133, -0.0016867, 0.225589
0.475773, -9.062e-05, 0.190551
0.516704, 0.00204645, 0.190442
0.0298433, -0.498545, 0.201988
-0.000562412, -0.522777, 0.20237
0.000319427, -0.467886, 0.202372
-0.00967337, -0.498233, 0.202966
0.507711, -0.0241493, 0.190921
stamp: 22380000000
-0.0150865, -0.00167883, 0.217162
0.476334, -0.000617882, 0.181591
0.517222, 0.00186165, 0.181855
0.0297843, -0.498433, 0.192787
-0.000435466, -0.522678, 0.193237
0.00028625, -0.46772, 0.192775
-0.00972572, -0.498217, 0.193702
0.50837, -0.0242222, 0.182161
stamp: 22390000000
-0.0151541, -0.00176377, 0.208797
0.476596, -0.000909649, 0.173113
0.517741, 0.00169706, 0.173544
0.0299461, -0.497991, 0.183277
-0.000312868, -0.522747, 0.184181
0.000263504, -0.467625, 0.183693
-0.00974017, -0.497896, 0.184553
0.508995, -0.0243804, 0.172852
stamp: 22399000000
-0.0149336, -0.00187543, 0.20042
0.477224, -0.0010329, 0.164631
0.51822, 0.00152056, 0.165124
0.030134, -0.497878, 0.174281
-0.000358227, -0.522455, 0.175206
0.000530316, -0.46774, 0.174523
-0.00948253, -0.497908, 0.175837
0.509615, -0.024551, 0.164754
stamp: 22410000000
-0.0149257, -0.00193202, 0.192229
0.47782, -0.00135823, 0.156796
0.518662, 0.00153354, 0.156781
0.0304972, -0.497728, 0.165471
-0.000181138, -0.522198, 0.166213
0.000514716, -0.467365, 0.165783
-0.0095854, -0.497425, 0.1663
0.510048, -0.0248182, 0.156258
stamp: 22420000000
-0.014819, -0.00207212, 0.184267
0.478439, -0.00143217, 0.14904
0.51903, 0.00159461, 0.148565
0.0304401, -0.497551, 0.156389
0.000306628, -0.522074, 0.157256
0.000613778, -0.467321, 0.156962
-0.0096682, -0.497136, 0.157201
0.51076, -0.0245941, 0.148337
stamp: 22430000000
-0.0144977, -0.00212672, 0.176454
0.478952, -0.00167254, 0.141552
0.519637, 0.0016089, 0.140756
0.0303614, -0.49735, 0.147542
0.000295835, -0.522027, 0.148358
0.000724595, -0.466983, 0.14827
-0.0096352, -0.496857, 0.148287
0.511345, -0.0248523, 0.140544
stamp: 22440000000
-0.014496, -0.00228963, 0.168822
0.479308, -0.00199592, 0.13429
0.520059, 0.00151258, 0.132913
0.0306016, -0.497146, 0.138921
0.000316157, -0.521847, 0.139789
0.000846865, -0.466715, 0.139397
-0.00926012, -0.496981, 0.139964
0.511911, -0.024799, 0.132578
stamp: 22449000000
-0.0141286, -0.00235001, 0.161179
0.479739, -0.0020142, 0.127172
0.520452, 0.00156122, 0.125402
0.0305445, -0.496832, 0.130627
0.000216224, -0.521606, 0.131081
0.000878797, -0.466344, 0.130884
-0.00906248, -0.4968, 0.131487
0.512289, -0.0247667, 0.125139
stamp: 22460000000
-0.0140099, -0.00286822, 0.153673
0.479947, -0.00228791, 0.120056
0.520859, 0.00151711, 0.117928
0.031001, -0.496467, 0.122046
0.000731521, -0.521246, 0.122939
0.00117816, -0.466224, 0.122631
-0.00911183, -0.496453, 0.123032
0.512689, -0.0250918, 0.117983
stamp: 22469000000
-0.0139536, -0.00315542, 0.146407
0.480341, -0.00252614, 0.113075
0.521008, 0.0014296, 0.110874
0.0309421, -0.496091, 0.113668
0.000685852, -0.521089, 0.114616
0.00100568, -0.46595, 0.114325
-0.00862943, -0.496091, 0.114869
0.512835, -0.0251247, 0.111072
stamp: 22480000000
-0.0135611, -0.00311487, 0.139383
0.480446, -0.00276356, 0.106127
0.521132, 0.00126515, 0.104047
0.0308186, -0.495897, 0.105623
0.000272114, -0.520444, 0.105986
0.00119088, -0.465658, 0.105952
-0.00890907, -0.495859, 0.10651
0.513301, -0.0252448, 0.103827
stamp: 22490000000
-0.0131871, -0.00338206, 0.132474
0.48059, -0.00336606, 0.0994954
0.5214, 0.000962537, 0.0976777
0.0308364, -0.495642, 0.0977157
0.000615292, -0.520058, 0.0979236
0.0011346, -0.465267, 0.0978725
-0.0088907, -0.495552, 0.0986171
0.513659, -0.025351, 0.0970352
stamp: 22499000000
-0.0128136, -0.00396837, 0.125665
0.48064, -0.00323623, 0.0924287
0.521285, 0.000863145, 0.0912346
0.031151, -0.495035, 0.0900148
0.000634666, -0.519697, 0.0899878
0.00123153, -0.465173, 0.0904541
-0.00897094, -0.495144, 0.0901978
0.513339, -0.0256485, 0.0901552
stamp: 22509000000
-0.0125265, -0.00424326, 0.119156
0.48065, -0.00380478, 0.0859855
0.521512, 0.000477032, 0.0852162
0.0311229, -0.494697, 0.0823722
0.000946401, -0.519362, 0.0828175
0.00104997, -0.464574, 0.0823572
-0.00871788, -0.494687, 0.0831312
0.513543, -0.0259802, 0.0841412
stamp: 22520000000
-0.0121139, -0.00456044, 0.113067
0.480711, -0.00402257, 0.0795127
0.521464, 0.000445662, 0.0793124
0.0309331, -0.494229, 0.0745225
0.000849339, -0.519019, 0.0751441
0.00105393, -0.464148, 0.0748908
-0.00843142, -0.494357, 0.075555
0.513707, -0.0262065, 0.078288
stamp: 22529000000
-0.0115928, -0.00485947, 0.107082
0.480527, -0.00414591, 0.0738636
0.521443, 0.000221489, 0.0737339
0.0314173, -0.493707, 0.0677198
0.000895529, -0.518359, 0.0679075
0.000984401, -0.463507, 0.0672702
-0.00872556, -0.494034, 0.0679927
0.513603, -0.0261621, 0.07258
stamp: 22540000000
-0.0112569, -0.00498717, 0.101294
0.480557, -0.00443514, 0.0684069
0.521444, -6.53881e-05, 0.0682296
0.0311846, -0.493192, 0.0604318
0.00112646, -0.517876, 0.0609364
0.00107554, -0.463058, 0.0602796
-0.00855653, -0.493316, 0.0609376
0.513641, -0.0265513, 0.0669989
stamp: 22550000000
-0.0108386, -0.00539021, 0.0959178
0.480642, -0.00442237, 0.0629468
0.521382, -0.000144848, 0.062985
0.0312781, -0.492672, 0.0536005
0.00100721, -0.517274, 0.0539394
0.00133294, -0.462597, 0.0533664
-0.00862804, -0.49287, 0.0538001
0.513549, -0.0266312, 0.0621123
stamp: 22559000000
-0.0103255, -0.00574533, 0.0904833
0.480616, -0.0047015, 0.0581657
0.521197, -0.000282291, 0.0582904
0.0312242, -0.492038, 0.0469794
0.000875979, -0.516855, 0.0469297
0.00133296, -0.462273, 0.0469139
-0.00857666, -0.49236, 0.0474389
0.513391, -0.0270407, 0.0575534
stamp: 22570000000
-0.00996312, -0.00600614, 0.0853763
0.480379, -0.00464092, 0.0536829
0.520963, -0.000395595, 0.05393
0.0311754, -0.491425, 0.040434
0.00102777, -0.51634, 0.0408723
0.00135254, -0.461476, 0.0408157
-0.00860523, -0.491776, 0.0409274
0.513339, -0.0270073, 0.0536114
stamp: 22580000000
-0.00953888, -0.00649406, 0.080711
0.480036, -0.00482116, 0.0496377
0.520937, -0.000483071, 0.0497243
0.0313216, -0.491088, 0.0345199
0.00101911, -0.515765, 0.0351465
0.00150287, -0.460915, 0.0347962
-0.00840771, -0.49121, 0.0351988
0.512981, -0.0269979, 0.0499705
stamp: 22590000000
-0.00920622, -0.00703316, 0.0764599
0.479954, -0.00486611, 0.0461543
0.520583, -0.000698632, 0.0460403
0.0320792, -0.490824, 0.0309274
0.00162205, -0.515617, 0.0315522
0.0017815, -0.460662, 0.0318105
-0.00822167, -0.491065, 0.0316313
0.512618, -0.0273525, 0.0462161
stamp: 22599000000
-0.0087388, -0.00749519, 0.0725252
0.479448, -0.0053359, 0.0430543
0.520352, -0.00102402, 0.042726
0.0319963, -0.490939, 0.032808
0.00166032, -0.515794, 0.0334958
0.00203243, -0.460944, 0.0338424
-0.00804065, -0.4912, 0.0340642
0.512483, -0.0275299, 0.0432691
stamp: 22610000000
-0.00854184, -0.00798637, 0.0687778
0.479093, -0.00521439, 0.0400587
0.519829, -0.00104268, 0.0399243
0.0321582, -0.491185, 0.0357611
0.00195442, -0.516163, 0.0365744
0.00214485, -0.461195, 0.0367592
-0.0077193, -0.491511, 0.0370188
0.512046, -0.0277833, 0.040477
stamp: 22619000000
-0.00822217, -0.00825214, 0.0656159
0.478735, -0.00551039, 0.0379159
0.519492, -0.00138491, 0.0374627
0.0322317, -0.491468, 0.0389925
0.00197619, -0.516322, 0.0397231
0.00224608, -0.461535, 0.0398072
-0.0077736, -0.491806, 0.0399286
0.511485, -0.0281309, 0.0374303
stamp: 22629000000
-0.00776786, -0.00896134, 0.0625915
0.478541, -0.00566744, 0.0362235
0.519196, -0.00167948, 0.0353443
0.032407, -0.491728, 0.0419128
0.00206394, -0.516649, 0.042346
0.00233043, -0.46165, 0.0426996
-0.00755944, -0.492022, 0.0426967
0.51127, -0.0280106, 0.0356126
stamp: 22640000000
-0.00758109, -0.00927847, 0.0598109
0.478621, -0.00605598, 0.0358193
0.519294, -0.0021249, 0.0340258
0.0325026, -0.49195, 0.0452888
0.00220357, -0.516845, 0.0455231
0.00260368, -0.461839, 0.0458718
-0.00755333, -0.491986, 0.0459093
0.511332, -0.0285007, 0.0337859
stamp: 22649000000
-0.00733903, -0.00989163, 0.0571565
0.478916, -0.00628186, 0.0360625
0.519506, -0.00238944, 0.0339788
0.0325344, -0.492019, 0.0483616
0.00222928, -0.517156, 0.0486717
0.00274039, -0.462127, 0.0490931
-0.00744378, -0.492427, 0.0488185
0.511467, -0.0288358, 0.0339584
stamp: 22660000000
-0.0069441, -0.0101449, 0.0553265
0.479068, -0.00646, 0.0365191
0.519797, -0.00254804, 0.0349449
0.0325061, -0.49258, 0.0513613
0.00240871, -0.517328, 0.0512409
0.00268391, -0.46252, 0.05205
-0.00731714, -0.49269, 0.0518497
0.511746, -0.0290086, 0.0350492
stamp: 22670000000
-0.00682793, -0.0105707, 0.0531324
0.47919, -0.00680127, 0.0376581
0.520036, -0.00278553, 0.0361679
0.0327719, -0.49285, 0.0545988
0.00216204, -0.517532, 0.0539632
0.00278266, -0.46275, 0.055015
-0.00731338, -0.493094, 0.0546333
0.511899, -0.0291948, 0.0359544
stamp: 22680000000
-0.0064437, -0.0111355, 0.0514842
0.479461, -0.00684073, 0.0386477
0.520124, -0.00290353, 0.0373764
0.0328209, -0.493264, 0.0569469
0.00231483, -0.518101, 0.0564557
0.00267639, -0.462928, 0.0578813
-0.00732048, -0.493465, 0.0570035
0.511909, -0.0293444, 0.0373277
stamp: 22690000000
-0.00642013, -0.0116459, 0.0501763
0.479683, -0.00693055, 0.039748
0.520333, -0.00316443, 0.0387727
0.0328775, -0.493469, 0.0598325
0.00235833, -0.518368, 0.0581827
0.00291806, -0.463494, 0.060368
-0.00725093, -0.493571, 0.0591792
0.512156, -0.0294941, 0.0387157
stamp: 22699000000
-0.00586996, -0.0118915, 0.0488247
0.479883, -0.0069838, 0.0413857
0.52069, -0.00353762, 0.0402267
0.032784, -0.493885, 0.0615419
0.00251663, -0.518645, 0.060339
0.00293915, -0.46374, 0.0627053
-0.00737374, -0.49404, 0.0612151
0.512501, -0.0299196, 0.0396983
stamp: 22709000000
-0.00550668, -0.0122743, 0.0475467
0.480052, -0.00715486, 0.0423888
0.520821, -0.00369654, 0.0416302
0.0328194, -0.494321, 0.0634365
0.00249167, -0.519147, 0.0616581
0.00316249, -0.464043, 0.0645115
-0.0073304, -0.494448, 0.0628667
0.512532, -0.0299791, 0.0412073
stamp: 22720000000
-0.0053246, -0.0127532, 0.0469188
0.480289, -0.00706451, 0.0435537
0.520963, -0.00386584, 0.0427913
0.0327727, -0.49454, 0.0650478
0.00251658, -0.519373, 0.0625117
0.00298333, -0.464475, 0.0658604
-0.00729808, -0.494725, 0.0638367
0.51247, -0.0300513, 0.0424542
stamp: 22729000000
-0.0052462, -0.0130458, 0.0465041
0.480358, -0.00734943, 0.0451306
0.521178, -0.00413526, 0.044122
0.03282, -0.49482, 0.0658412
0.00253208, -0.519778, 0.0635517
0.00265118, -0.464646, 0.0665316
-0.00735379, -0.495069, 0.0649913
0.512591, -0.0304782, 0.0435321
stamp: 22740000000
-0.00515072, -0.0134693, 0.0460012
0.480499, -0.00742151, 0.0461361
0.521314, -0.00432116, 0.0451375
0.032843, -0.495178, 0.0663629
0.00237647, -0.520132, 0.0642154
0.00282088, -0.465135, 0.0671412
-0.00733427, -0.495384, 0.0655528
0.512569, -0.030583, 0.044729
stamp: 22750000000
-0.00511122, -0.0137974, 0.0457053
0.480636, -0.00725174, 0.0469553
0.521558, -0.00463779, 0.0462776
0.0328875, -0.495392, 0.0664202
0.00269353, -0.520494, 0.0647617
0.00280342, -0.465372, 0.0672485
-0.00738725, -0.495735, 0.0655729
0.512591, -0.0309023, 0.0457681
stamp: 22759000000
-0.0051884, -0.0144099, 0.0453422
0.480771, -0.0071817, 0.0478056
0.521591, -0.00457317, 0.0473516
0.0329061, -0.495797, 0.0662454
0.00259003, -0.520759, 0.0643671
0.00273881, -0.465719, 0.0668842
-0.0073929, -0.496017, 0.0652884
0.512794, -0.0308578, 0.0469574
stamp: 22769000000
-0.00525206, -0.0149185, 0.0451566
0.480959, -0.00718739, 0.0486995
0.521655, -0.00474746, 0.0480105
0.0329022, -0.496212, 0.0652733
0.00267563, -0.520929, 0.0638394
0.00296319, -0.465936, 0.0660361
-0.00732831, -0.496349, 0.0647003
0.512955, -0.0308883, 0.0479221
stamp: 22780000000
-0.00518819, -0.0153726, 0.0451387
0.480991, -0.00728863, 0.049812
0.521742, -0.00482109, 0.0484257
0.0327697, -0.496402, 0.0641707
0.0026985, -0.521222, 0.0631716
0.0028512, -0.466283, 0.0649682
-0.00709277, -0.496605, 0.0638063
0.512751, -0.030834, 0.0487103
stamp: 22789000000
-0.00508572, -0.0158509, 0.0452972
0.481015, -0.00723847, 0.0502698
0.521927, -0.00492689, 0.0486692
0.0327229, -0.496519, 0.0627429
0.002694, -0.521655, 0.0617164
0.0028494, -0.4664, 0.0631401
-0.00700785, -0.496857, 0.0628358
0.512814, -0.0309075, 0.0490162
stamp: 22799000000
-0.00498823, -0.0163311, 0.0455046
0.481055, -0.00701475, 0.0505804
0.521986, -0.00498921, 0.0488414
0.0327448, -0.496811, 0.0609573
0.00254936, -0.521681, 0.0604634
0.00277396, -0.466831, 0.0614644
-0.00717981, -0.497166, 0.0611731
0.512834, -0.0309824, 0.0494599
stamp: 22810000000
-0.00485076, -0.0169671, 0.0458951
0.481157, -0.00713754, 0.0506277
0.522005, -0.00508634, 0.0488052
0.0327738, -0.49717, 0.0590817
0.00216816, -0.52198, 0.0588702
0.00279948, -0.467145, 0.0593923
-0.00690481, -0.497561, 0.0593407
0.512785, -0.0311065, 0.049488
stamp: 22819000000
-0.00482088, -0.017547, 0.0458284
0.481026, -0.00702514, 0.0504582
0.52202, -0.00509839, 0.0486489
0.0327302, -0.497688, 0.0568327
0.00242004, -0.522474, 0.0568248
0.00274877, -0.467499, 0.0569735
-0.00679318, -0.497905, 0.0574997
0.51274, -0.0310968, 0.0494659
stamp: 22830000000
-0.00487659, -0.0180225, 0.045777
0.481015, -0.00716362, 0.0501125
0.521955, -0.00523921, 0.048194
0.0326863, -0.497982, 0.0543876
0.0023554, -0.522926, 0.0544703
0.00260897, -0.468032, 0.0547784
-0.00699691, -0.498483, 0.0549352
0.512636, -0.0311919, 0.0490949
stamp: 22840000000
-0.00477172, -0.0182246, 0.0458164
0.480982, -0.00722805, 0.049605
0.521855, -0.00533725, 0.0476495
0.032445, -0.498604, 0.0517494
0.00227747, -0.523127, 0.0517592
0.00253172, -0.468426, 0.0522934
-0.00729636, -0.498629, 0.052324
0.512485, -0.0311863, 0.0488102
stamp: 22849000000
-0.00473908, -0.0184185, 0.0460494
0.48103, -0.00715273, 0.0485804
0.521915, -0.00545066, 0.0471416
0.0323398, -0.498929, 0.0491238
0.00202955, -0.523867, 0.0494031
0.00232476, -0.468596, 0.0492434
-0.00746078, -0.498998, 0.0496952
0.512616, -0.0313152, 0.0475646
stamp: 22859000000
-0.00485196, -0.0186133, 0.0464715
0.480867, -0.00718724, 0.0476901
0.521816, -0.00547314, 0.0463138
0.0322022, -0.499463, 0.0466767
0.00194138, -0.52423, 0.0465071
0.00229716, -0.469219, 0.0473202
-0.00774316, -0.499594, 0.0470205
0.512644, -0.0314428, 0.0466005
stamp: 22869000000
-0.00498373, -0.0189492, 0.0467362
0.48075, -0.00719887, 0.0468515
0.521772, -0.00552484, 0.0455854
0.0320412, -0.499709, 0.0438969
0.00169708, -0.52452, 0.0439264
0.00204792, -0.469605, 0.0444822
-0.0078722, -0.499976, 0.0442856
0.512288, -0.0313975, 0.0456762
stamp: 22879000000
-0.00510772, -0.0191435, 0.0470088
0.480612, -0.00740756, 0.0460901
0.521484, -0.00550327, 0.0445412
0.0319522, -0.500239, 0.0412098
0.00145276, -0.524779, 0.0408118
0.00203937, -0.469936, 0.0417779
-0.00804543, -0.500329, 0.0413549
0.512246, -0.0315681, 0.0444238
stamp: 22890000000
-0.0051944, -0.0193625, 0.0472987
0.480543, -0.00750709, 0.0450763
0.521438, -0.00535223, 0.0436088
0.0318252, -0.500606, 0.0386278
0.00134378, -0.525337, 0.0385995
0.00194772, -0.470478, 0.0393701
-0.00812482, -0.500641, 0.0390288
0.512155, -0.031479, 0.0436406
stamp: 22899000000
-0.00520487, -0.0196249, 0.0477139
0.480508, -0.0072637, 0.0437127
0.521317, -0.00543475, 0.042355
0.0316878, -0.501045, 0.0364104
0.00126786, -0.525655, 0.036061
0.0017362, -0.470678, 0.0365222
-0.00835658, -0.501069, 0.036496
0.511846, -0.0313358, 0.0424373
stamp: 22909000000
-0.00526934, -0.0197707, 0.0479262
0.480325, -0.00743179, 0.0425079
0.521141, -0.00547254, 0.0411467
0.0316238, -0.501386, 0.0337333
0.0011737, -0.525993, 0.0344384
0.00175411, -0.471115, 0.0344817
-0.00841327, -0.501183, 0.0345149
0.511674, -0.0312824, 0.0410367
stamp: 22920000000
-0.00521378, -0.0198995, 0.0482755
0.480222, -0.00752704, 0.0415881
0.520948, -0.00525566, 0.0400502
0.0316873, -0.501521, 0.0335066
0.00119343, -0.526223, 0.0341466
0.00190949, -0.471362, 0.0344907
-0.0083909, -0.501454, 0.0344175
0.511624, -0.0312807, 0.040162
stamp: 22929000000
-0.00541404, -0.0199811, 0.0483172
0.480054, -0.00724542, 0.0402832
0.520827, -0.00522738, 0.0388591
0.0317504, -0.501523, 0.0346742
0.00125911, -0.526119, 0.0350781
0.00207677, -0.471187, 0.0358224
-0.00835221, -0.501481, 0.0353786
0.511695, -0.0313237, 0.0388519
stamp: 22940000000
-0.0053918, -0.0201621, 0.0485357
0.47981, -0.00714135, 0.0391961
0.520795, -0.00513634, 0.0377292
0.0321628, -0.501522, 0.0361797
0.00135645, -0.525923, 0.0366493
0.00220102, -0.470896, 0.0368226
-0.00812204, -0.501451, 0.0367963
0.511547, -0.031351, 0.037674
stamp: 22950000000
-0.00547149, -0.0202832, 0.0486811
0.479673, -0.00714078, 0.0382706
0.520482, -0.00505936, 0.0366635
0.032078, -0.501291, 0.0375236
0.00149803, -0.525921, 0.0381828
0.00222515, -0.470863, 0.0378757
-0.00796634, -0.50133, 0.038493
0.511231, -0.0312395, 0.0369006
stamp: 22959000000
-0.00552247, -0.0203691, 0.0486951
0.47939, -0.00713993, 0.0374518
0.520368, -0.00498537, 0.0357008
0.0320416, -0.501183, 0.0389294
0.00155201, -0.525784, 0.0395382
0.00231027, -0.470909, 0.03953
-0.0077362, -0.501089, 0.0398065
0.511185, -0.0310877, 0.0361158
stamp: 22969000000
-0.00575068, -0.0204581, 0.0488079
0.479252, -0.00700946, 0.0367235
0.520124, -0.00476795, 0.0351326
0.0322939, -0.501098, 0.0406597
0.00178227, -0.525698, 0.0412313
0.00239338, -0.470837, 0.0408718
-0.00793715, -0.50066, 0.0412887
0.511107, -0.0309356, 0.0355282
stamp: 22980000000
-0.00589546, -0.0204528, 0.048937
0.479081, -0.0068325, 0.0362204
0.519908, -0.00466008, 0.0347956
0.0321633, -0.500969, 0.0421396
0.00185749, -0.525726, 0.043071
0.00237364, -0.470729, 0.0422497
-0.00813564, -0.500604, 0.0421313
0.510782, -0.030888, 0.0350235
stamp: 22990000000
-0.00618701, -0.0205143, 0.0491271
0.479099, -0.00673193, 0.036416
0.519802, -0.00462013, 0.0348853
0.0322147, -0.50077, 0.0436619
0.00183574, -0.525575, 0.0442809
0.00240951, -0.470583, 0.0440638
-0.00806177, -0.500563, 0.0435193
0.510631, -0.0306835, 0.0349331
stamp: 22999000000
-0.00640621, -0.0204947, 0.0491562
0.478904, -0.00676438, 0.0370022
0.519835, -0.00464935, 0.035141
0.0324546, -0.500633, 0.0455553
0.00202751, -0.525252, 0.0457607
0.00241505, -0.4704, 0.0450995
-0.00752394, -0.50058, 0.0460249
0.510728, -0.0306029, 0.03543
stamp: 23010000000
-0.0064074, -0.0202129, 0.0490468
0.478827, -0.00678657, 0.0376261
0.519851, -0.0046578, 0.0358642
0.03253, -0.500539, 0.0468219
0.00237566, -0.525218, 0.047494
0.00252365, -0.470393, 0.0468567
-0.00722524, -0.500696, 0.0476937
0.510777, -0.0306404, 0.0360974
stamp: 23020000000
-0.00640646, -0.0199092, 0.0488473
0.478837, -0.00662811, 0.0382333
0.519731, -0.00462709, 0.036717
0.0325543, -0.500084, 0.0481231
0.00233682, -0.524838, 0.0489174
0.00258438, -0.470082, 0.0480964
-0.00723348, -0.500584, 0.0488166
0.510763, -0.0306018, 0.037044
stamp: 23029000000
-0.00649188, -0.0196657, 0.0486605
0.478847, -0.00660152, 0.0388649
0.519687, -0.00466101, 0.0375362
0.0326878, -0.499765, 0.0491874
0.00245367, -0.524527, 0.0501197
0.00260887, -0.469847, 0.0490859
-0.00708348, -0.500353, 0.0503031
0.510537, -0.0307065, 0.0375574
stamp: 23040000000
-0.00667059, -0.0194984, 0.0485282
0.478689, -0.00653109, 0.039655
0.519489, -0.00444158, 0.0387022
0.0328563, -0.499672, 0.0507381
0.00246755, -0.524344, 0.0510859
0.0027203, -0.469618, 0.0500649
-0.00734616, -0.499767, 0.0511308
0.510369, -0.030605, 0.0383747
stamp: 23049000000
-0.00673242, -0.0192059, 0.0483218
0.478566, -0.00672414, 0.0408011
0.519437, -0.00437638, 0.0397725
0.0329855, -0.49956, 0.0519395
0.00294416, -0.524155, 0.0530325
0.00301387, -0.469447, 0.0512681
-0.00724881, -0.499421, 0.0519064
0.510223, -0.0307654, 0.0394462
stamp: 23059000000
-0.00692409, -0.0188717, 0.0479481
0.47844, -0.00672894, 0.0421088
0.519408, -0.00449355, 0.0410865
0.0330628, -0.499266, 0.0527273
0.00313823, -0.523914, 0.0539329
0.0033288, -0.469591, 0.0523471
-0.0071356, -0.499088, 0.0531049
0.510275, -0.0305552, 0.0408303
stamp: 23070000000
-0.00725023, -0.0184558, 0.0474191
0.478384, -0.00668139, 0.0432941
0.519123, -0.00438567, 0.0425529
0.0331371, -0.49883, 0.0534129
0.00319621, -0.523523, 0.0547867
0.00324099, -0.469175, 0.0530908
-0.0068069, -0.499083, 0.0538075
0.510112, -0.0304639, 0.0420415
stamp: 23079000000
-0.00737862, -0.0181639, 0.0472414
0.478405, -0.00665476, 0.0445196
0.518932, -0.00443915, 0.0436553
0.0332709, -0.498633, 0.0538889
0.00322979, -0.52331, 0.0552109
0.00333706, -0.468785, 0.053638
-0.00665198, -0.498897, 0.0545167
0.509912, -0.0305722, 0.043141
stamp: 23090000000
-0.00758428, -0.017924, 0.0470055
0.478041, -0.00688376, 0.0461794
0.518936, -0.00447561, 0.0451306
0.0334225, -0.498228, 0.0543683
0.00333649, -0.522879, 0.055471
0.00351745, -0.468413, 0.0541815
-0.00649369, -0.498429, 0.0550914
0.509742, -0.0305302, 0.0445978
stamp: 23100000000
-0.00785482, -0.0174518, 0.046789
0.47794, -0.00691698, 0.0474886
0.518669, -0.00447701, 0.0465673
0.0335893, -0.497821, 0.054751
0.00339716, -0.522622, 0.0556523
0.00360564, -0.468062, 0.054551
-0.00625333, -0.498049, 0.0556354
0.509693, -0.0305429, 0.0458868
stamp: 23109000000
-0.00811327, -0.0171773, 0.0465267
0.477696, -0.00679877, 0.0487303
0.518426, -0.0045305, 0.0479066
0.0336536, -0.497503, 0.0549606
0.00342963, -0.522407, 0.0556818
0.00356175, -0.467451, 0.0547626
-0.00598512, -0.497865, 0.0559487
0.509471, -0.0304872, 0.0474485
stamp: 23119000000
-0.00825296, -0.0168784, 0.0463224
0.477459, -0.00698866, 0.0503096
0.518225, -0.00463242, 0.0488688
0.0337957, -0.497287, 0.0550103
0.00363047, -0.522, 0.055734
0.00376584, -0.467023, 0.0548206
-0.00587856, -0.497484, 0.0558729
0.509167, -0.0307221, 0.0486797
stamp: 23129000000
-0.00842833, -0.0163313, 0.0458815
0.477192, -0.00699354, 0.051484
0.518144, -0.00467443, 0.0501595
0.0339364, -0.496968, 0.0549192
0.00364686, -0.521706, 0.0555748
0.00386643, -0.467033, 0.0549437
-0.00589067, -0.497041, 0.0555293
0.509103, -0.0310526, 0.0495627
stamp: 23140000000
-0.00859224, -0.0156754, 0.0455621
0.476965, -0.00694034, 0.052429
0.517794, -0.00467135, 0.0511807
0.0338875, -0.496551, 0.0546936
0.0037954, -0.521374, 0.0553217
0.00397048, -0.466331, 0.0549829
-0.00564857, -0.496752, 0.055575
0.508697, -0.0308011, 0.050986
stamp: 23149000000
-0.00881783, -0.015217, 0.0453862
0.476874, -0.00705968, 0.0535118
0.51766, -0.00478521, 0.0520326
0.0339462, -0.496022, 0.0542483
0.00401804, -0.521015, 0.0549059
0.00403447, -0.465993, 0.0547316
-0.00570933, -0.496325, 0.0549156
0.508605, -0.0306951, 0.0520468
stamp: 23159000000
-0.00900964, -0.01464, 0.0451479
0.476609, -0.0072411, 0.0546545
0.517453, -0.00468481, 0.0528461
0.0340446, -0.495643, 0.0537905
0.00404546, -0.520491, 0.0543654
0.00412506, -0.465678, 0.0543934
-0.0057239, -0.495972, 0.0544755
0.508401, -0.0308131, 0.0530191
stamp: 23169000000
-0.00918451, -0.0140569, 0.0447407
0.476419, -0.0072189, 0.0552855
0.517391, -0.00470216, 0.0533173
0.0340766, -0.495315, 0.053345
0.00387235, -0.51999, 0.0532317
0.0042878, -0.465234, 0.0536074
-0.0057012, -0.495491, 0.0536867
0.508448, -0.0310085, 0.0535703
stamp: 23179000000
-0.00938882, -0.0135309, 0.0442782
0.476279, -0.00734001, 0.0556208
0.51715, -0.0048324, 0.0535045
0.0341345, -0.494952, 0.0522608
0.00381688, -0.519659, 0.0524318
0.00435749, -0.464934, 0.0526447
-0.00561304, -0.494879, 0.0528616
0.50838, -0.0310281, 0.053831
stamp: 23190000000
-0.0097726, -0.0128062, 0.0432902
0.476156, -0.00745928, 0.0557224
0.516917, -0.00487599, 0.0533012
0.0342357, -0.494397, 0.0509168
0.00378507, -0.519465, 0.0512355
0.00432267, -0.464433, 0.0512237
-0.00512442, -0.494666, 0.0517172
0.508276, -0.0310755, 0.0537508
stamp: 23200000000
-0.00992396, -0.0120391, 0.0422602
0.476027, -0.0076686, 0.0553641
0.516735, -0.00473131, 0.0526009
0.0342546, -0.494082, 0.0491721
0.00391126, -0.518761, 0.0490186
0.00421864, -0.463912, 0.0494278
-0.00537133, -0.494163, 0.0496326
0.508234, -0.0311116, 0.05346
stamp: 23209000000
-0.0100882, -0.0112947, 0.0408232
0.475867, -0.00793235, 0.0546892
0.516532, -0.00483972, 0.0513296
0.0343973, -0.493693, 0.04709
0.00403156, -0.518344, 0.0474506
0.00452344, -0.463514, 0.0472511
-0.00544576, -0.493539, 0.0475503
0.508078, -0.0310656, 0.0524095
stamp: 23219000000
-0.0103432, -0.0108458, 0.0393632
0.475833, -0.00825927, 0.0536591
0.516463, -0.00486246, 0.0501176
0.0344036, -0.493001, 0.044375
0.00401571, -0.517694, 0.044506
0.00438591, -0.462939, 0.044985
-0.00502903, -0.493298, 0.0452968
0.508082, -0.0311135, 0.0509131
stamp: 23229000000
-0.0106239, -0.0108427, 0.0379602
0.475767, -0.00826687, 0.0518978
0.516296, -0.00472906, 0.0483892
0.0344313, -0.492608, 0.0417553
0.00398666, -0.517201, 0.0416664
0.00461608, -0.462296, 0.0418271
-0.00522887, -0.492548, 0.042141
0.508137, -0.0310798, 0.0494833
stamp: 23240000000
-0.0105595, -0.0109901, 0.0374563
0.47577, -0.00845437, 0.0498468
0.516126, -0.00467574, 0.0459494
0.0344071, -0.49211, 0.038333
0.00431297, -0.516826, 0.0387271
0.0046884, -0.462201, 0.0383438
-0.00545045, -0.492204, 0.0388081
0.508201, -0.0311869, 0.0470234
stamp: 23249000000
-0.0104244, -0.0112025, 0.0378348
0.475763, -0.00874814, 0.0473975
0.515945, -0.00455809, 0.0430495
0.0346583, -0.491381, 0.0343489
0.00434412, -0.5164, 0.0350242
0.00481543, -0.46156, 0.0347774
-0.00539686, -0.491575, 0.0349907
0.508328, -0.0309779, 0.0445491
stamp: 23259000000
-0.0104255, -0.0114012, 0.0381469
0.475505, -0.0090901, 0.0443902
0.515891, -0.00463755, 0.0397071
0.0349593, -0.491, 0.0321815
0.0043865, -0.515744, 0.0326972
0.00485473, -0.461003, 0.03269
-0.00509852, -0.49119, 0.0331131
0.508343, -0.031203, 0.0409952
stamp: 23269000000
-0.0103464, -0.011565, 0.0382976
0.475501, -0.00936931, 0.0405804
0.515803, -0.00451017, 0.035772
0.035005, -0.491241, 0.0338951
0.00476625, -0.516222, 0.034636
0.00499931, -0.46103, 0.0343348
-0.00511825, -0.491231, 0.0345716
0.508506, -0.0312915, 0.0371589
stamp: 23279000000
-0.010389, -0.0116332, 0.0380718
0.474795, -0.00993339, 0.0356601
0.515282, -0.0048538, 0.0325227
0.0350435, -0.491519, 0.0355922
0.00467821, -0.516266, 0.0362371
0.00496652, -0.461553, 0.0359598
-0.00504489, -0.491267, 0.036103
0.507888, -0.0314248, 0.0331356
stamp: 23290000000
-0.0103812, -0.0116571, 0.0379213
0.473547, -0.00982056, 0.032676
0.514033, -0.00505867, 0.0309785
0.0349645, -0.491764, 0.0364633
0.00447339, -0.516213, 0.0371007
0.00496426, -0.461786, 0.0366842
-0.00503881, -0.491439, 0.0369723
0.50677, -0.0316653, 0.0317712
stamp: 23300000000
-0.0103806, -0.0116059, 0.0379094
0.472934, -0.00956423, 0.0337859
0.513647, -0.00477858, 0.0319338
0.0347312, -0.491965, 0.0370324
0.00444389, -0.51642, 0.0375267
0.00486402, -0.461659, 0.0366844
-0.00510124, -0.491775, 0.037187
0.506224, -0.0314148, 0.0326131
stamp: 23310000000
-0.0103894, -0.0115629, 0.0379348
0.472713, -0.00906056, 0.0347798
0.513493, -0.0043416, 0.0334091
0.0346712, -0.492035, 0.036678
0.00439506, -0.516626, 0.0374611
0.00491145, -0.461976, 0.0362949
-0.00482647, -0.49174, 0.0374142
0.505855, -0.0311086, 0.0339154
stamp: 23320000000
-0.0103948, -0.0115751, 0.0379165
0.472625, -0.00867308, 0.0352412
0.513249, -0.00398733, 0.0340527
0.0345881, -0.492284, 0.0355676
0.00429132, -0.516827, 0.0366309
0.004918, -0.462425, 0.0356887
-0.00536252, -0.491849, 0.0359759
0.505733, -0.0305884, 0.0350264
stamp: 23330000000
-0.010385, -0.0115868, 0.0379305
0.472469, -0.00832196, 0.0352973
0.513291, -0.00383153, 0.0341064
0.0346037, -0.492771, 0.0339288
0.00418191, -0.517276, 0.0348421
0.00514014, -0.462297, 0.0349375
-0.00547512, -0.492182, 0.0345413
0.505738, -0.0305082, 0.0350131
stamp: 23340000000
-0.010394, -0.0115774, 0.0379058
0.472636, -0.00828311, 0.0350683
0.513262, -0.00377761, 0.0337447
0.0348336, -0.492806, 0.0332754
0.00443916, -0.517338, 0.0341918
0.00521216, -0.462316, 0.0341224
-0.0053265, -0.492554, 0.0341545
0.505848, -0.030259, 0.034675
stamp: 23349000000
-0.010386, -0.0115732, 0.0379162
0.472727, -0.00876705, 0.0346044
0.513572, -0.0040758, 0.0331113
0.0348262, -0.492701, 0.0335403
0.00446525, -0.517239, 0.034573
0.00529589, -0.462167, 0.0344608
-0.00529197, -0.492393, 0.0346236
0.506119, -0.030556, 0.0337151
stamp: 23359000000
-0.0103856, -0.0115614, 0.0378933
0.473227, -0.00913114, 0.0341991
0.513908, -0.0046216, 0.032451
0.0347, -0.492615, 0.0339648
0.00432289, -0.517195, 0.0349342
0.0051906, -0.462227, 0.0349914
-0.00535419, -0.4922, 0.0348097
0.506346, -0.0311763, 0.0330605
stamp: 23369000000
-0.0103787, -0.0115809, 0.0379195
0.473504, -0.00941933, 0.0342547
0.514086, -0.00484753, 0.0323238
0.0346228, -0.492572, 0.0340127
0.00425279, -0.517179, 0.0348954
0.00510365, -0.462236, 0.0349309
-0.00540032, -0.492162, 0.0347168
0.506575, -0.031481, 0.0328514
stamp: 23379000000
-0.0103874, -0.0115695, 0.0378726
0.47343, -0.00936296, 0.0343544
0.514076, -0.0048002, 0.0324079
0.0346958, -0.492581, 0.0337717
0.00433603, -0.517158, 0.0346488
0.00505216, -0.462107, 0.0345959
-0.00540322, -0.492178, 0.0345382
0.50658, -0.0313965, 0.0329888
stamp: 23390000000
-0.0103851, -0.0115717, 0.0378812
0.473223, -0.00936576, 0.0344855
0.513986, -0.00468376, 0.0324975
0.0347688, -0.492584, 0.033665
0.00439737, -0.517168, 0.0346687
0.00516548, -0.462108, 0.0345183
-0.00535794, -0.492198, 0.0345418
0.506379, -0.0312735, 0.0331549
stamp: 23399000000
-0.0103859, -0.0115719, 0.0378744
0.47325, -0.0092861, 0.0342944
0.513914, -0.00465713, 0.0324686
0.0347387, -0.492646, 0.0336848
0.00431307, -0.517164, 0.0347095
0.00522592, -0.462252, 0.0347618
-0.00535475, -0.492242, 0.0346075
0.506273, -0.0312516, 0.0331601
stamp: 23410000000
-0.010386, -0.011568, 0.03787
0.473304, -0.00922194, 0.0342561
0.513942, -0.0046736, 0.0324694
0.0347565, -0.492572, 0.0336983
0.00429936, -0.517159, 0.0346518
0.0051055, -0.462129, 0.0346222
-0.00537121, -0.492254, 0.0346171
0.506469, -0.0312895, 0.0330143
stamp: 23419000000
-0.0103706, -0.0115698, 0.0378763
0.473163, -0.00932563, 0.0343549
0.51396, -0.00467791, 0.0324485
0.0347742, -0.492607, 0.0336718
0.00437185, -0.517142, 0.0346504
0.00515749, -0.462087, 0.034625
-0.00535465, -0.492223, 0.0346019
0.506381, -0.0312795, 0.0331489
stamp: 23429000000
-0.0103812, -0.0115692, 0.0378976
0.473212, -0.00924669, 0.0342499
0.513955, -0.00467104, 0.0324787
0.0347294, -0.492559, 0.0337664
0.00432467, -0.517166, 0.034678
0.00507372, -0.462105, 0.0345869
-0.00537057, -0.492234, 0.0345876
0.506519, -0.0312808, 0.0330664
stamp: 23440000000
-0.0103742, -0.0115827, 0.0378881
0.473369, -0.00937187, 0.0342659
0.513945, -0.00468341, 0.0324431
0.0347575, -0.492653, 0.0336578
0.00434839, -0.517141, 0.0346443
0.00522787, -0.462141, 0.0345443
-0.0053699, -0.49224, 0.034587
0.506555, -0.0312675, 0.033049
stamp: 23449000000
-0.0103807, -0.0115712, 0.0378579
0.473279, -0.00922723, 0.0342526
0.513948, -0.00468524, 0.0324521
0.034763, -0.492546, 0.0337252
0.00423949, -0.517207, 0.0347313
0.00504826, -0.462092, 0.034587
-0.00535124, -0.492233, 0.0345923
0.506483, -0.0312878, 0.0330158
stamp: 23459000000
-0.0103674, -0.011581, 0.0378869
0.473228, -0.00930389, 0.0344213
0.513957, -0.00468336, 0.0324574
0.0347172, -0.492622, 0.0337001
0.00435241, -0.517156, 0.0346395
0.00519647, -0.462166, 0.0345534
-0.00536728, -0.492231, 0.0345984
0.506565, -0.0312824, 0.0330377
stamp: 23470000000
-0.0103721, -0.0115708, 0.0378914
0.473278, -0.00924591, 0.0342723
0.513971, -0.00468741, 0.0324381
0.0347929, -0.492633, 0.0337052
0.00431689, -0.517156, 0.0346781
0.00516045, -0.462096, 0.0346381
-0.00536666, -0.492242, 0.0345628
0.506349, -0.0312942, 0.0331735
stamp: 23479000000
-0.0103699, -0.0115699, 0.0378694
0.473314, -0.00930601, 0.0342429
0.513945, -0.00468912, 0.0324284
0.0347611, -0.492585, 0.0337005
0.00437247, -0.517153, 0.0346413
0.00510605, -0.462142, 0.0345377
-0.00535673, -0.492226, 0.0345818
0.506338, -0.0312814, 0.0331579
stamp: 23490000000
-0.0103744, -0.0115782, 0.0378837
0.473247, -0.00931127, 0.0343863
0.513948, -0.00468914, 0.0324327
0.0347372, -0.49255, 0.0337598
0.00432534, -0.517165, 0.0346683
0.00504741, -0.462214, 0.0347469
-0.0053739, -0.492244, 0.03459
0.50654, -0.0312841, 0.0330081
stamp: 23500000000
-0.0103636, -0.0115767, 0.0378846
0.473263, -0.00926492, 0.0342363
0.513975, -0.0046774, 0.03245
0.0347308, -0.492611, 0.0336495
0.00428915, -0.517168, 0.0346687
0.00521649, -0.46219, 0.0345822
-0.00535685, -0.492237, 0.0345686
0.506533, -0.0313038, 0.033064
stamp: 23510000000
-0.0103735, -0.0115794, 0.0378557
0.473325, -0.00918378, 0.034272
0.513974, -0.00468936, 0.0324384
0.0347143, -0.492644, 0.0336863
0.00436634, -0.517169, 0.0346481
0.0051831, -0.462098, 0.0346284
-0.00535378, -0.492233, 0.0345769
0.50649, -0.0312971, 0.0330013
stamp: 23520000000
-0.010372, -0.0115809, 0.0378797
0.473335, -0.00934114, 0.0342702
0.513967, -0.00469048, 0.0324523
0.0347357, -0.492645, 0.033712
0.00441487, -0.517141, 0.0346418
0.00515465, -0.462091, 0.0346286
-0.00535478, -0.492247, 0.0345926
0.506401, -0.0312769, 0.0331602
stamp: 23530000000
-0.0103673, -0.0115653, 0.0378498
0.473435, -0.00933515, 0.0343103
0.513965, -0.00468435, 0.0324279
0.0347852, -0.492643, 0.0336252
0.00433319, -0.517149, 0.0346641
0.00521321, -0.462233, 0.0347454
-0.00536468, -0.492252, 0.0345843
0.506564, -0.0312813, 0.0329802
stamp: 23540000000
-0.0103788, -0.0115786, 0.0378471
0.473397, -0.00936647, 0.0342836
0.513969, -0.00469168, 0.0324474
0.0347808, -0.492644, 0.0336194
0.00429373, -0.517157, 0.0346752
0.00524054, -0.462164, 0.0345903
-0.00537609, -0.492241, 0.0345832
0.506501, -0.0313042, 0.0329666
stamp: 23550000000
-0.0103796, -0.0115831, 0.037889
0.47329, -0.00925815, 0.034193
0.513972, -0.00469129, 0.0324416
0.0347608, -0.492652, 0.033646
0.00430002, -0.51716, 0.0346588
0.00518165, -0.462091, 0.0345919
-0.00536651, -0.492229, 0.0345766
0.506331, -0.0313011, 0.0331437
stamp: 23559000000
-0.0103725, -0.0115801, 0.0378826
0.473384, -0.00922216, 0.0342745
0.513967, -0.00469649, 0.0324418
0.0347314, -0.492656, 0.0336869
0.00436576, -0.517174, 0.0346771
0.00515847, -0.462085, 0.0346144
-0.00535308, -0.492228, 0.0345834
0.506534, -0.0313043, 0.03304
stamp: 23570000000
-0.0103556, -0.0115719, 0.037862
0.473345, -0.00923748, 0.0342611
0.513968, -0.00468812, 0.0324438
0.034698, -0.492639, 0.0337254
0.00432948, -0.517164, 0.0346671
0.00516057, -0.4621, 0.0346399
-0.00534801, -0.492228, 0.0345645
0.506546, -0.0313098, 0.0330722
stamp: 23580000000
-0.0103646, -0.0115839, 0.0378494
0.473286, -0.00926709, 0.0341987
0.513968, -0.00469106, 0.0324321
0.0346991, -0.492608, 0.0337454
0.00431161, -0.517169, 0.0346527
0.00516587, -0.462109, 0.0346362
-0.00534988, -0.492233, 0.0345639
0.506372, -0.0313074, 0.0331786
stamp: 23590000000
-0.0103783, -0.0115747, 0.0378533
0.473336, -0.00924158, 0.0342713
0.513957, -0.00469182, 0.0324019
0.0347225, -0.492562, 0.0337668
0.0043086, -0.517165, 0.0346401
0.00511257, -0.462119, 0.0345862
-0.00534203, -0.492241, 0.0345585
0.506499, -0.0312965, 0.0330088
stamp: 23599000000
-0.0103729, -0.0115763, 0.03785
0.473353, -0.00921946, 0.0342025
0.513961, -0.00468718, 0.0324095
0.0347453, -0.492544, 0.0337649
0.00432181, -0.517165, 0.0346643
0.00501972, -0.462083, 0.0345443
-0.00535249, -0.492237, 0.0345594
0.506507, -0.0313013, 0.0330052
stamp: 23610000000
-0.0103655, -0.0115757, 0.0378558
0.473422, -0.00925839, 0.0342588
0.513976, -0.00469051, 0.0324302
0.0347512, -0.492555, 0.0337231
0.00431232, -0.517155, 0.0346561
0.00509345, -0.462069, 0.0346197
-0.00535224, -0.492235, 0.0345794
0.506508, -0.0313049, 0.0329859
stamp: 23619000000
-0.0103707, -0.0115702, 0.0378515
0.473268, -0.00932979, 0.0344009
0.513964, -0.00469238, 0.0324244
0.0347351, -0.49262, 0.033704
0.00431008, -0.517166, 0.0346588
0.00516125, -0.462095, 0.0346187
-0.00537191, -0.492256, 0.0345811
0.506532, -0.0313046, 0.0329811
stamp: 23629000000
-0.0103661, -0.0115783, 0.0378682
0.473425, -0.0093465, 0.0343938
0.51396, -0.00468816, 0.032394
0.034688, -0.492601, 0.0337282
0.00432057, -0.517155, 0.0346419
0.00516253, -0.46211, 0.0346316
-0.00537392, -0.492241, 0.0345897
0.506577, -0.0312875, 0.0329835
stamp: 23640000000
-0.0103644, -0.011578, 0.0378559
0.473398, -0.00931961, 0.0343145
0.513963, -0.00469418, 0.032397
0.0347274, -0.492585, 0.0337166
0.0043934, -0.517136, 0.0346017
0.00501758, -0.462098, 0.0345802
-0.00537683, -0.492235, 0.0345716
0.506555, -0.0312896, 0.0330265
stamp: 23649000000
-0.0103686, -0.0115756, 0.0378648
0.473357, -0.00925876, 0.0343509
0.513975, -0.00470734, 0.0324156
0.034777, -0.492626, 0.0336159
0.0043909, -0.517148, 0.0346172
0.00516427, -0.462089, 0.0346074
-0.00535088, -0.492224, 0.0345645
0.506539, -0.0313029, 0.0330408
stamp: 23659000000
-0.0103686, -0.0115844, 0.0378646
0.473349, -0.00921634, 0.0342882
0.513969, -0.0046936, 0.03243
0.0347362, -0.49263, 0.0336181
0.00430885, -0.517164, 0.0346516
0.00524838, -0.462152, 0.03454
-0.00534386, -0.492224, 0.034545
0.506546, -0.0313083, 0.0330546
stamp: 23670000000
-0.010368, -0.0115787, 0.0378808
0.473496, -0.00935629, 0.0344087
0.513966, -0.00470967, 0.0323938
0.0347821, -0.492561, 0.0336798
0.0043009, -0.517174, 0.0346553
0.00508687, -0.462068, 0.0345524
-0.00535958, -0.492245, 0.034563
0.50636, -0.0312943, 0.0331501
stamp: 23679000000
-0.0103619, -0.0115699, 0.0378516
0.473453, -0.00931593, 0.0343563
0.513983, -0.00470339, 0.0324218
0.0347567, -0.492607, 0.0336898
0.00436164, -0.517149, 0.0346262
0.00515897, -0.46208, 0.034612
-0.00535881, -0.492263, 0.0345725
0.506525, -0.031278, 0.0329291
stamp: 23690000000
-0.0103711, -0.0115818, 0.0378455
0.473426, -0.00928179, 0.0343303
0.513957, -0.00469972, 0.0323931
0.0347326, -0.492576, 0.0337151
0.00439463, -0.517154, 0.0346313
0.00509059, -0.46212, 0.034564
-0.00535775, -0.492242, 0.034578
0.506326, -0.031299, 0.0330863
stamp: 23699000000
-0.0103864, -0.0115779, 0.0378288
0.473372, -0.0092358, 0.0342419
0.513969, -0.00470046, 0.0324116
0.0347866, -0.492599, 0.0335852
0.00430926, -0.517153, 0.0346547
0.00519323, -0.462148, 0.0345379
-0.0053665, -0.492234, 0.0345693
0.506522, -0.0313118, 0.0330133
stamp: 23709000000
-0.0103791, -0.0115718, 0.037839
0.47321, -0.00934985, 0.034382
0.513969, -0.00468602, 0.0324147
0.0347494, -0.492567, 0.0337029
0.00432969, -0.517159, 0.0346317
0.00520471, -0.462162, 0.0345139
-0.00538128, -0.492236, 0.0345571
0.506603, -0.0312911, 0.0329897
stamp: 23720000000
-0.0103724, -0.0115715, 0.0378433
0.473288, -0.00934208, 0.0342989
0.51398, -0.00469985, 0.0324039
0.0347492, -0.492604, 0.0336584
0.00437748, -0.517163, 0.034632
0.00514457, -0.462079, 0.0346201
-0.00535616, -0.492218, 0.0345475
0.506493, -0.0312954, 0.0329881
stamp: 23729000000
-0.0103713, -0.0115668, 0.0378457
0.473302, -0.00927218, 0.03415
0.513969, -0.00468347, 0.0324018
0.0347446, -0.492584, 0.033632
0.00430705, -0.517161, 0.0346544
0.00512434, -0.462216, 0.0343799
-0.00536858, -0.492236, 0.0345698
0.506523, -0.0313237, 0.0329915
stamp: 23740000000
-0.0103707, -0.0115887, 0.0378436
0.473476, -0.00932181, 0.0343628
0.513968, -0.00469813, 0.0324076
0.0347745, -0.492569, 0.0336693
0.00441806, -0.517139, 0.0346115
0.00517842, -0.462166, 0.0347886
-0.00536176, -0.492241, 0.0345526
0.506586, -0.0312964, 0.0330101
stamp: 23750000000
-0.0103746, -0.011581, 0.0378467
0.473346, -0.00920422, 0.0342544
0.513967, -0.004707, 0.0324349
0.0347504, -0.492573, 0.0336973
0.00434204, -0.517167, 0.0346386
0.00508746, -0.462139, 0.0345802
-0.00534724, -0.492245, 0.034559
0.50649, -0.0313169, 0.032977
stamp: 23759000000
-0.0103772, -0.011582, 0.0378458
0.47337, -0.00939412, 0.0343109
0.513972, -0.00469523, 0.0324129
0.0348145, -0.492651, 0.0336355
0.00434836, -0.517152, 0.0346043
0.00524998, -0.462139, 0.0344978
-0.00536414, -0.492233, 0.034554
0.506572, -0.0312889, 0.0329765
stamp: 23769000000
-0.0103732, -0.0115751, 0.0378295
0.473278, -0.00924033, 0.034247
0.513946, -0.0047076, 0.0323585
0.0347501, -0.492572, 0.0337163
0.00431995, -0.517174, 0.0346349
0.00501584, -0.462073, 0.0345474
-0.00535127, -0.492222, 0.03453
0.50638, -0.0312941, 0.0331367
stamp: 23780000000
-0.0103809, -0.0115747, 0.0378441
0.4735, -0.00934357, 0.0343869
0.513968, -0.00469562, 0.032394
0.034743, -0.492631, 0.0336092
0.0043179, -0.517153, 0.0346209
0.00521733, -0.462162, 0.0345377
-0.00537095, -0.492227, 0.0345497
0.506525, -0.0313007, 0.0329427
stamp: 23789000000
-0.0103747, -0.0115607, 0.0378101
0.473255, -0.00923496, 0.0342168
0.513964, -0.00471143, 0.0323863
0.0347577, -0.492596, 0.0336382
0.00433259, -0.517159, 0.0346392
0.00515696, -0.462193, 0.0347996
-0.0053421, -0.492246, 0.0345231
0.506532, -0.0313099, 0.033012
stamp: 23799000000
-0.0103661, -0.0115792, 0.0378562
0.473224, -0.0093498, 0.034429
0.513971, -0.00469694, 0.0324129
0.0347919, -0.492545, 0.0336357
0.0043593, -0.517146, 0.034607
0.00504738, -0.462141, 0.0345401
-0.00537453, -0.492233, 0.0345601
0.506518, -0.0313005, 0.0329197
stamp: 23810000000
-0.0103814, -0.011579, 0.0378251
0.473302, -0.009211, 0.034263
0.513954, -0.00469961, 0.0323944
0.0346984, -0.492629, 0.0336508
0.00431273, -0.517161, 0.0346274
0.00516211, -0.462091, 0.0345932
-0.00535207, -0.49223, 0.0345298
0.506528, -0.0312966, 0.0330025
stamp: 23820000000
-0.0103703, -0.0115681, 0.0378549
0.473368, -0.00939784, 0.0342551
0.513964, -0.00470395, 0.0323706
0.0347958, -0.492612, 0.0335813
0.00441259, -0.517142, 0.0345894
0.00522834, -0.462156, 0.0345227
-0.00535306, -0.492224, 0.0345509
0.506375, -0.0312767, 0.0330592
stamp: 23829000000
-0.0103806, -0.0115834, 0.0378395
0.473414, -0.00921353, 0.0342854
0.513965, -0.00468781, 0.0324042
0.0347716, -0.492561, 0.0336624
0.00433274, -0.517163, 0.0346379
0.00501147, -0.462076, 0.0345746
-0.00537404, -0.492249, 0.0345524
0.506528, -0.0313162, 0.0330198
stamp: 23840000000
-0.0103582, -0.0115768, 0.0378592
0.473309, -0.00932253, 0.0341953
0.513961, -0.00469244, 0.0323867
0.0347277, -0.492551, 0.0337199
0.0043547, -0.517177, 0.0346215
0.00522075, -0.462167, 0.0345031
-0.00536651, -0.492216, 0.0345352
0.506534, -0.0313073, 0.032951
stamp: 23849000000
-0.0103808, -0.0115806, 0.0378225
0.473359, -0.00924179, 0.0342315
0.51396, -0.00470128, 0.0323894
0.0347484, -0.492667, 0.033614
0.00432819, -0.517152, 0.0346343
0.00516908, -0.462096, 0.0346026
-0.00537641, -0.492226, 0.0345413
0.506517, -0.0313063, 0.0329907
stamp: 23859000000
-0.0103657, -0.0115688, 0.0378424
0.473245, -0.00922765, 0.0342066
0.513961, -0.00470026, 0.0323683
0.0347577, -0.492595, 0.0336392
0.00436787, -0.517187, 0.0346267
0.00515904, -0.462075, 0.0346058
-0.00536068, -0.492249, 0.0345333
0.506537, -0.0312984, 0.033013
stamp: 23870000000
-0.0103791, -0.0115704, 0.0378219
0.473448, -0.00935618, 0.034376
0.513964, -0.00469873, 0.0324031
0.0348098, -0.492572, 0.0337
0.00439998, -0.51716, 0.0345975
0.00507004, -0.46207, 0.0345559
-0.00536497, -0.492228, 0.0345414
0.506547, -0.0312981, 0.032924
stamp: 23879000000
-0.0103721, -0.0115737, 0.0378524
0.473312, -0.00929164, 0.0342038
0.513969, -0.00470019, 0.0323967
0.0347592, -0.492568, 0.0336585
0.0043649, -0.517164, 0.0346323
0.00505745, -0.462115, 0.0344952
-0.0053701, -0.492229, 0.0345471
0.506526, -0.0313222, 0.0330146
stamp: 23889000000
-0.0103694, -0.0115756, 0.0378094
0.473422, -0.00924011, 0.0343644
0.513953, -0.00469501, 0.032367
0.0346941, -0.492597, 0.0336779
0.00436654, -0.517176, 0.03463
0.00522733, -0.462139, 0.0345229
-0.00536286, -0.492242, 0.0345449
0.50651, -0.0313108, 0.0329624
stamp: 23900000000
-0.0103747, -0.0115915, 0.0378619
0.473126, -0.00938494, 0.0342965
0.513961, -0.00471851, 0.0323677
0.0347562, -0.492665, 0.0336989
0.00435513, -0.517175, 0.0346273
0.00518395, -0.462097, 0.0345836
-0.00536366, -0.492227, 0.0345472
0.506555, -0.0312919, 0.0329279
stamp: 23910000000
-0.0103662, -0.011572, 0.0378263
0.473393, -0.00928815, 0.0342862
0.513968, -0.00469566, 0.0323939
0.0347942, -0.492635, 0.0335448
0.00437387, -0.517133, 0.0345873
0.00516206, -0.462096, 0.0345962
-0.00536916, -0.492231, 0.0345389
0.506543, -0.0313223, 0.0330254
stamp: 23919000000
-0.0103711, -0.0115781, 0.0378179
0.473304, -0.00925059, 0.0341827
0.513968, -0.00470352, 0.032374
0.0347838, -0.492586, 0.0335778
0.00436441, -0.51717, 0.0346345
0.00516258, -0.462069, 0.0345937
-0.00537144, -0.492251, 0.0345424
0.506528, -0.0313121, 0.0329855
stamp: 23929000000
-0.0103754, -0.0115773, 0.0378278
0.473325, -0.00930725, 0.0342426
0.513972, -0.00470726, 0.0324042
0.0347189, -0.492544, 0.033699
0.00431665, -0.517163, 0.0346383
0.00513967, -0.46212, 0.0345135
-0.00536637, -0.492225, 0.03453
0.506462, -0.0313168, 0.0329539
stamp: 23940000000
-0.0103634, -0.0115718, 0.0378142
0.473457, -0.00933954, 0.0343251
0.513962, -0.00470411, 0.0324068
0.0348005, -0.492575, 0.033722
0.00434366, -0.517178, 0.0346156
0.00500749, -0.46208, 0.0345368
-0.00535018, -0.492219, 0.0345223
0.506577, -0.0312899, 0.0329279
stamp: 23949000000
-0.010366, -0.0115742, 0.0378299
0.473285, -0.00931716, 0.0341042
0.513968, -0.00470139, 0.0323954
0.0347756, -0.49255, 0.0336131
0.00441202, -0.517129, 0.0345728
0.00499752, -0.462111, 0.0345066
-0.00536579, -0.492225, 0.0345124
0.506546, -0.0313162, 0.0330415
stamp: 23959000000
-0.010379, -0.0115808, 0.0378423
0.473328, -0.00921712, 0.0342137
0.513953, -0.00470784, 0.0323477
0.0347557, -0.492557, 0.033647
0.00433245, -0.517147, 0.0346142
0.0050861, -0.462158, 0.034426
-0.00538278, -0.492231, 0.0345203
0.506513, -0.0313128, 0.0329729
stamp: 23969000000
-0.0103706, -0.0115867, 0.0378252
0.473382, -0.00924311, 0.0343172
0.513963, -0.00471374, 0.0323669
0.0347408, -0.492582, 0.0336959
0.00429815, -0.517162, 0.034622
0.00522013, -0.462154, 0.034447
-0.00537214, -0.492235, 0.0345339
0.506464, -0.0313108, 0.0329476
stamp: 23979000000
-0.010374, -0.0115767, 0.0378199
0.473297, -0.0093631, 0.0341763
0.513964, -0.00469643, 0.0323904
0.0346925, -0.492562, 0.0337267
0.00432428, -0.517167, 0.0346339
0.00516332, -0.462103, 0.0345433
-0.0053756, -0.492222, 0.0345133
0.506543, -0.0312968, 0.0329491
stamp: 23990000000
-0.0103708, -0.0115624, 0.0378351
0.47316, -0.00937567, 0.034335
0.513958, -0.00469292, 0.0323992
0.0347277, -0.492568, 0.0337075
0.00432353, -0.517167, 0.0346163
0.00515641, -0.462102, 0.0345937
-0.0053459, -0.492206, 0.0345091
0.506597, -0.0313022, 0.0329875
stamp: 23999000000
-0.0103761, -0.0115754, 0.0378201
0.473382, -0.00926337, 0.0342539
0.51397, -0.00468781, 0.0323985
0.0347779, -0.492608, 0.0336642
0.00437797, -0.517171, 0.0345945
0.00515834, -0.462102, 0.03461
-0.00535765, -0.492226, 0.0345245
0.506549, -0.031316, 0.0330389
stamp: 24009000000
-0.0103703, -0.0115871, 0.0377974
0.473371, -0.00922139, 0.034175
0.513956, -0.00469614, 0.0323729
0.0347573, -0.492579, 0.0335859
0.00442248, -0.517129, 0.0345798
0.00516635, -0.462115, 0.0345992
-0.00536792, -0.492222, 0.0345189
0.506344, -0.031329, 0.0331056
stamp: 24019000000
-0.010375, -0.0115812, 0.0378143
0.473273, -0.00926311, 0.0341425
0.513972, -0.00469212, 0.0323859
0.0347411, -0.492575, 0.0335984
0.0043837, -0.517126, 0.0345843
0.00521196, -0.462152, 0.0345147
-0.00537856, -0.492221, 0.0345175
0.506471, -0.0313147, 0.0329211
stamp: 24029000000
-0.0103732, -0.0115772, 0.0378356
0.473246, -0.00923582, 0.03421
0.513969, -0.00471229, 0.0323869
0.0347292, -0.492579, 0.0336335
0.00432301, -0.517152, 0.0346199
0.00519042, -0.462192, 0.0343452
-0.00538273, -0.492209, 0.0345258
0.506468, -0.0313238, 0.0329421
stamp: 24040000000
-0.0103721, -0.0115751, 0.037825
0.473359, -0.00926766, 0.0342854
0.51397, -0.00470671, 0.0323826
0.0347406, -0.492574, 0.0336584
0.00429627, -0.517165, 0.0346197
0.00523015, -0.462151, 0.034457
-0.0053689, -0.492239, 0.0345393
0.506328, -0.0313101, 0.0330762
stamp: 24049000000
-0.0103665, -0.0115703, 0.0378297
0.473418, -0.00929271, 0.0342861
0.513971, -0.00470435, 0.0323698
0.0347383, -0.492578, 0.0336909
0.00429262, -0.517165, 0.0346209
0.00509358, -0.462174, 0.0343749
-0.00538771, -0.492231, 0.0345487
0.50653, -0.0313023, 0.0329626
stamp: 24060000000
-0.0103613, -0.0115718, 0.0378068
0.473384, -0.00935794, 0.0342941
0.513972, -0.0046954, 0.0324093
0.0347405, -0.492578, 0.0336941
0.00431892, -0.517171, 0.0346165
0.00504359, -0.462115, 0.0344532
-0.00537087, -0.492239, 0.0345441
0.506581, -0.0312977, 0.0329884
stamp: 24069000000
-0.0103718, -0.0115637, 0.0377815
0.473117, -0.00941321, 0.034281
0.513972, -0.0047124, 0.0323804
0.0347256, -0.492572, 0.033703
0.00431242, -0.51716, 0.0346216
0.00498672, -0.462092, 0.0344995
-0.00537612, -0.492234, 0.0345504
0.506619, -0.0312895, 0.0329691
stamp: 24079000000
-0.0103693, -0.0115763, 0.0378164
0.473318, -0.00938064, 0.0342783
0.513965, -0.00470687, 0.0324029
0.0347313, -0.492574, 0.0336895
0.00432101, -0.517163, 0.0346147
0.00500586, -0.46206, 0.0345634
-0.00535688, -0.492237, 0.0345331
0.506592, -0.0312804, 0.0330004
stamp: 24090000000
-0.0103762, -0.0115888, 0.0378297
0.473408, -0.00938162, 0.0342575
0.513976, -0.00469798, 0.0323956
0.0347332, -0.492571, 0.0336762
0.00431503, -0.517158, 0.0346208
0.00507172, -0.462073, 0.03461
-0.00537434, -0.492222, 0.0345124
0.506585, -0.0313096, 0.0329962
stamp: 24099000000
-0.0103818, -0.0115813, 0.03783
0.473469, -0.00936764, 0.0343272
0.513972, -0.00469469, 0.0324077
0.0347469, -0.492592, 0.0336167
0.00432097, -0.517162, 0.0346116
0.00515302, -0.462089, 0.034594
-0.00535499, -0.492227, 0.0345182
0.506566, -0.031304, 0.0330145
stamp: 24109000000
-0.0103638, -0.0115791, 0.0378354
0.473489, -0.00935854, 0.0342856
0.51397, -0.00469689, 0.0323898
0.0347491, -0.492628, 0.033623
0.00431923, -0.517156, 0.0346398
0.00515558, -0.46209, 0.0345931
-0.0053736, -0.492224, 0.034526
0.506562, -0.0313202, 0.033012
stamp: 24120000000
-0.0103729, -0.0115839, 0.0378303
0.473511, -0.00933264, 0.0343466
0.51396, -0.00469838, 0.0323763
0.0347189, -0.492673, 0.0336418
0.0043651, -0.517176, 0.0346049
0.00516855, -0.462097, 0.0345957
-0.00535327, -0.492232, 0.0345265
0.506542, -0.031308, 0.0330137
stamp: 24129000000
-0.010351, -0.0115877, 0.0378296
0.473467, -0.00936705, 0.0343374
0.51395, -0.00471383, 0.0323379
0.0346917, -0.492629, 0.0336573
0.00432633, -0.517158, 0.0346188
0.00516505, -0.462105, 0.0346105
-0.00537009, -0.492223, 0.03452
0.506553, -0.0313134, 0.0330062
stamp: 24140000000
-0.0103718, -0.0115804, 0.0378217
0.473451, -0.00935649, 0.0343586
0.51395, -0.00470105, 0.0323387
0.0347401, -0.492587, 0.0336826
0.00432524, -0.517162, 0.0346074
0.00510632, -0.462116, 0.0345397
-0.00536113, -0.492233, 0.0345369
0.506548, -0.0313026, 0.033019
stamp: 24150000000
-0.0103568, -0.011581, 0.0378139
0.473391, -0.00939694, 0.0342785
0.513965, -0.0047175, 0.0323639
0.0347519, -0.492574, 0.033662
0.00431592, -0.517162, 0.0346152
0.00499033, -0.462082, 0.0345149
-0.00537505, -0.492241, 0.0345447
0.506553, -0.0313117, 0.0330034
stamp: 24159000000
-0.0103617, -0.0115743, 0.0378209
0.473358, -0.0093907, 0.0342419
0.51397, -0.0046916, 0.032394
0.0347724, -0.492577, 0.0336048
0.00431288, -0.517158, 0.034624
0.00509297, -0.462051, 0.0345959
-0.00536199, -0.492242, 0.0345594
0.506564, -0.0312985, 0.0329859
stamp: 24169000000
-0.0103545, -0.0115734, 0.0378059
0.473337, -0.00942551, 0.0342117
0.513982, -0.0047097, 0.0323796
0.0347865, -0.492617, 0.0335437
0.00430049, -0.517157, 0.034656
0.00515524, -0.462084, 0.0345917
-0.00538885, -0.492236, 0.0345519
0.506593, -0.031295, 0.0329828
stamp: 24180000000
-0.0103546, -0.011575, 0.0378042
0.473107, -0.00940533, 0.0342597
0.51397, -0.00470007, 0.0323927
0.0347493, -0.492659, 0.0335771
0.00429505, -0.517161, 0.0346323
0.0051812, -0.462097, 0.03457
-0.00537446, -0.49224, 0.0345368
0.506442, -0.0312737, 0.0330902
stamp: 24190000000
-0.0103532, -0.0115744, 0.0378165
0.473066, -0.00942532, 0.0343019
0.513975, -0.00469436, 0.0323956
0.034774, -0.492556, 0.0336009
0.00429219, -0.517174, 0.0346084
0.00513228, -0.462206, 0.0343544
-0.00538587, -0.49222, 0.0345406
0.506604, -0.0312909, 0.0329908
stamp: 24199000000
-0.0103587, -0.0115696, 0.0378013
0.473252, -0.00937297, 0.0341808
0.513959, -0.00469924, 0.0323915
0.0348276, -0.492564, 0.0336825
0.00436862, -0.517157, 0.0345852
0.00510032, -0.462138, 0.0344053
-0.00536802, -0.492233, 0.0345159
0.506568, -0.0313075, 0.0330116
stamp: 24209000000
-0.010365, -0.0115864, 0.037805
0.473263, -0.00933251, 0.0341189
0.513956, -0.00471769, 0.0323363
0.0347673, -0.492547, 0.0336574
0.00442362, -0.517117, 0.0345526
0.00522041, -0.462117, 0.0344844
-0.00537238, -0.492212, 0.0345167
0.506536, -0.0312933, 0.0330112
stamp: 24220000000
-0.0103641, -0.0115923, 0.0378083
0.473292, -0.00933571, 0.034202
0.513977, -0.00470137, 0.032384
0.0347309, -0.492625, 0.0336582
0.00446719, -0.51713, 0.0345849
0.00520005, -0.462071, 0.0345679
-0.00536044, -0.492213, 0.0345046
0.506355, -0.0313, 0.0331056
stamp: 24229000000
-0.010369, -0.0115915, 0.0378067
0.473249, -0.0092587, 0.0341811
0.513977, -0.00470322, 0.0323822
0.0347104, -0.492609, 0.033669
0.00436253, -0.517164, 0.0345964
0.00510366, -0.462154, 0.0344514
-0.00535119, -0.492224, 0.0344974
0.506484, -0.0313075, 0.0329279
stamp: 24240000000
-0.0103718, -0.0115812, 0.0378014
0.473299, -0.0092546, 0.0341773
0.513974, -0.00470039, 0.0323815
0.0347498, -0.492571, 0.0336575
0.00431501, -0.51717, 0.0346157
0.00500106, -0.462097, 0.0344899
-0.00533022, -0.492221, 0.0344939
0.506471, -0.0313274, 0.0329609
stamp: 24249000000
-0.0103782, -0.0115855, 0.037795
0.473349, -0.00928126, 0.0342118
0.513966, -0.00468918, 0.032387
0.0347781, -0.492578, 0.0335266
0.00429565, -0.517155, 0.0346213
0.00514145, -0.46208, 0.0346117
-0.00537231, -0.492232, 0.0345178
0.50648, -0.0313195, 0.0329306
stamp: 24259000000
-0.010367, -0.0115698, 0.0378049
0.473281, -0.00932834, 0.0344192
0.513948, -0.00470326, 0.0323308
0.0347888, -0.492654, 0.0335822
0.00430123, -0.517165, 0.034611
0.00516444, -0.462093, 0.0345995
-0.0053829, -0.492228, 0.0345429
0.506522, -0.0313197, 0.032987
stamp: 24269000000
-0.0103605, -0.0115818, 0.0378211
0.473439, -0.00935927, 0.0343597
0.513982, -0.00470361, 0.0323893
0.034754, -0.492548, 0.0337212
0.00433211, -0.517164, 0.0346103
0.00518855, -0.462164, 0.0344515
-0.00537166, -0.492236, 0.0345234
0.506593, -0.0312845, 0.0329729
stamp: 24280000000
-0.0103611, -0.0115733, 0.0378355
0.473452, -0.00930515, 0.0342763
0.513972, -0.00470711, 0.0323831
0.0347155, -0.492563, 0.0336815
0.0044179, -0.51712, 0.0345491
0.00514361, -0.462093, 0.0344826
-0.00537313, -0.492223, 0.0345197
0.506585, -0.0313104, 0.0329963
stamp: 24290000000
-0.0103626, -0.0115793, 0.0378311
0.473382, -0.0092323, 0.0342774
0.513965, -0.004704, 0.0323875
0.0347803, -0.492651, 0.0335933
0.00440465, -0.517163, 0.0345932
0.00518394, -0.462129, 0.0344846
-0.0053597, -0.49223, 0.0345028
0.506377, -0.0313198, 0.0331164
stamp: 24299000000
-0.0103717, -0.0115782, 0.0378208
0.473318, -0.00919638, 0.0342452
0.513964, -0.00472356, 0.0323504
0.0347436, -0.492583, 0.0335856
0.00430317, -0.51716, 0.034631
0.00517234, -0.462104, 0.0345895
-0.00534539, -0.492217, 0.0344844
0.506478, -0.0313002, 0.0329436
stamp: 24310000000
-0.0103784, -0.0115835, 0.0378204
0.47336, -0.00922628, 0.0341671
0.513978, -0.00470208, 0.0323988
0.0348066, -0.492564, 0.0336631
0.00430292, -0.517171, 0.0346058
0.00501313, -0.462058, 0.0345593
-0.00537605, -0.492226, 0.0345333
0.506302, -0.031321, 0.0330705
stamp: 24320000000
-0.0103824, -0.0115776, 0.0377937
0.473391, -0.00938149, 0.034252
0.513972, -0.00470011, 0.0323698
0.0347433, -0.492597, 0.0336328
0.00432533, -0.517163, 0.0346207
0.00519911, -0.462138, 0.0345061
-0.00537442, -0.492232, 0.0345277
0.50652, -0.031327, 0.0329628
stamp: 24329000000
-0.0103658, -0.0115737, 0.037777
0.473317, -0.00940687, 0.0341957
0.513973, -0.0046993, 0.0323933
0.0347235, -0.492595, 0.0336345
0.00441064, -0.517119, 0.0345493
0.00527464, -0.462143, 0.0344967
-0.0053673, -0.492216, 0.0345135
0.506623, -0.0313007, 0.0329818
stamp: 24340000000
-0.0103566, -0.0115801, 0.0378085
0.473344, -0.00931084, 0.0342819
0.513968, -0.00470722, 0.0323743
0.0347669, -0.492563, 0.0336017
0.00434843, -0.517166, 0.034605
0.00505372, -0.462128, 0.0344948
-0.00535139, -0.492227, 0.0344867
0.506529, -0.0313014, 0.0330055
stamp: 24350000000
-0.0103528, -0.011577, 0.037829
0.473342, -0.00920301, 0.0343007
0.513977, -0.0047118, 0.0323767
0.0348157, -0.492648, 0.0336234
0.00432265, -0.51716, 0.0346254
0.00515196, -0.462094, 0.0345802
-0.00536237, -0.492224, 0.0345087
0.506478, -0.031316, 0.0329417
stamp: 24359000000
-0.0103698, -0.0115835, 0.0378227
0.473403, -0.00923572, 0.0342251
0.513969, -0.0046902, 0.0323913
0.0347233, -0.49257, 0.0337215
0.00431173, -0.517159, 0.0346185
0.00514977, -0.462107, 0.0345378
-0.00537278, -0.492233, 0.0345446
0.506489, -0.0313353, 0.0329314
stamp: 24370000000
-0.0103781, -0.0115722, 0.0378086
0.473448, -0.00934379, 0.034291
0.513963, -0.00471893, 0.0323464
0.0347589, -0.492604, 0.033621
0.00440298, -0.517122, 0.0345588
0.00520835, -0.462109, 0.0345007
-0.00536082, -0.49222, 0.0345222
0.506578, -0.0312906, 0.032986
stamp: 24380000000
-0.0103725, -0.0115709, 0.0377852
0.473323, -0.00933347, 0.0342257
0.513981, -0.00470111, 0.0324024
0.0347611, -0.492659, 0.0335716
0.00435272, -0.517168, 0.0346017
0.00516323, -0.462092, 0.0345851
-0.00534659, -0.492224, 0.0344939
0.50655, -0.0313084, 0.0329999
stamp: 24390000000
-0.0103521, -0.0115706, 0.0378017
0.473224, -0.00927141, 0.0341582
0.51397, -0.00469982, 0.0323896
0.0347277, -0.492523, 0.0337336
0.00432245, -0.517158, 0.0346201
0.00500541, -0.462115, 0.0344981
-0.00536288, -0.492222, 0.0345188
0.506504, -0.0313139, 0.0329528
stamp: 24399000000
-0.0103599, -0.0115814, 0.0378157
0.473368, -0.00928022, 0.034252
0.51396, -0.00470375, 0.0323379
0.0347799, -0.492638, 0.0335778
0.00431367, -0.51716, 0.0346214
0.00522152, -0.462147, 0.0345004
-0.00537128, -0.492233, 0.0345433
0.506487, -0.0313172, 0.0329471
stamp: 24410000000
-0.0103643, -0.0115816, 0.0378272
0.473475, -0.00933573, 0.0343023
0.51398, -0.00470474, 0.0323919
0.0347854, -0.49255, 0.0335915
0.00441247, -0.517131, 0.0345611
0.00514599, -0.462194, 0.0343595
-0.00536327, -0.49222, 0.0345177
0.506599, -0.0312797, 0.0329527
stamp: 24419000000
-0.0103692, -0.011573, 0.0377983
0.473334, -0.00928843, 0.0342278
0.513965, -0.00469572, 0.0323835
0.0347486, -0.492518, 0.0336745
0.00434002, -0.517153, 0.0346034
0.00510646, -0.462053, 0.0345844
-0.00533946, -0.492209, 0.0344947
0.506536, -0.0313026, 0.0329937
stamp: 24429000000
-0.0103582, -0.0115598, 0.0377944
0.473303, -0.00924156, 0.0341881
0.513971, -0.00471489, 0.0323722
0.034711, -0.49267, 0.0336292
0.00431517, -0.517156, 0.0346256
0.00519407, -0.4621, 0.0345763
-0.00537483, -0.492226, 0.0345256
0.506471, -0.0313216, 0.0329367
stamp: 24440000000
-0.0103614, -0.0115854, 0.0378169
0.473199, -0.00935781, 0.034321
0.513972, -0.00470274, 0.0323614
0.034797, -0.492554, 0.0335961
0.00438877, -0.517128, 0.0345399
0.0050959, -0.462108, 0.0344503
-0.00537131, -0.492224, 0.0345156
0.506538, -0.0313115, 0.0329868
stamp: 24450000000
-0.0103724, -0.0115818, 0.0378202
0.473454, -0.00931738, 0.0343446
0.513959, -0.00471456, 0.0323553
0.0347373, -0.49261, 0.0336599
0.004354, -0.517157, 0.0346232
0.00515898, -0.462078, 0.0345726
-0.00534767, -0.492216, 0.0344885
0.50657, -0.0313112, 0.033004
stamp: 24460000000
-0.0103679, -0.0115854, 0.0378536
0.473345, -0.00919845, 0.0342554
0.513983, -0.00471121, 0.0323819
0.0347561, -0.49258, 0.0336701
0.00435652, -0.517169, 0.0346376
0.00503974, -0.462102, 0.0344622
-0.00537712, -0.492237, 0.0345398
0.506482, -0.0313218, 0.0329563
stamp: 24469000000
-0.0103656, -0.0115718, 0.0378035
0.473381, -0.00938152, 0.0342489
0.513963, -0.00468718, 0.0323861
0.0348204, -0.492625, 0.0335763
0.00441351, -0.517127, 0.0345754
0.0052212, -0.462053, 0.034559
-0.00536789, -0.49223, 0.0345421
0.506534, -0.0313252, 0.032996
stamp: 24480000000
-0.0103619, -0.0115829, 0.0378099
0.473408, -0.00935413, 0.0343078
0.513966, -0.00470498, 0.0323629
0.03475, -0.492559, 0.0336816
0.00434533, -0.517161, 0.034597
0.00509728, -0.462109, 0.0345193
-0.00534073, -0.492213, 0.0345031
0.50659, -0.0313127, 0.0329906
stamp: 24490000000
-0.0103614, -0.0115755, 0.0378148
0.473358, -0.00919481, 0.0342581
0.513981, -0.00471722, 0.0323714
0.034799, -0.492609, 0.0335398
0.00429735, -0.51715, 0.0346349
0.0052071, -0.462144, 0.0345112
-0.00537141, -0.492235, 0.0345418
0.506481, -0.0313289, 0.0329556
stamp: 24499000000
-0.0103584, -0.0115752, 0.0378198
0.473337, -0.00926285, 0.0341787
0.513965, -0.00471716, 0.0323326
0.0347333, -0.492514, 0.0337137
0.00444954, -0.517134, 0.0345418
0.00517429, -0.462159, 0.034483
-0.00536599, -0.492239, 0.0345144
0.506531, -0.0313136, 0.033003
stamp: 24509000000
-0.0103551, -0.0115795, 0.0377946
0.473296, -0.00935844, 0.0341595
0.513973, -0.0047052, 0.0323876
0.0347747, -0.492606, 0.0335812
0.00435893, -0.517147, 0.0346331
0.00515835, -0.462083, 0.0345917
-0.00534012, -0.492214, 0.0345096
0.506548, -0.0313167, 0.0329768
stamp: 24520000000
-0.0103552, -0.0115722, 0.0378112
0.473406, -0.00919431, 0.0342796
0.513978, -0.00470442, 0.0323998
0.0348088, -0.492576, 0.0336908
0.00431071, -0.517168, 0.034628
0.00525593, -0.462169, 0.0344904
-0.00537861, -0.492226, 0.0345227
0.506477, -0.0313275, 0.0329463
stamp: 24529000000
-0.0103752, -0.0115744, 0.0378132
0.47321, -0.00934634, 0.0343273
0.513983, -0.00471213, 0.0323971
0.0347797, -0.492608, 0.0335952
0.00442228, -0.517161, 0.0346042
0.00516717, -0.462088, 0.0345972
-0.00535547, -0.492226, 0.0345172
0.50656, -0.0313145, 0.0330024
stamp: 24540000000
-0.0103657, -0.0115714, 0.0377814
0.473242, -0.00935559, 0.0341912
0.513979, -0.00470178, 0.0323866
0.034773, -0.492556, 0.0335903
0.00432085, -0.517157, 0.0346079
0.0051612, -0.462109, 0.0345724
-0.00536845, -0.492232, 0.0345207
0.506522, -0.0313054, 0.0329684
stamp: 24550000000
-0.0103586, -0.0115807, 0.0378137
0.47345, -0.00923867, 0.0342612
0.513976, -0.00469644, 0.0323634
0.0347458, -0.492576, 0.0336102
0.00438059, -0.517131, 0.0345828
0.00517138, -0.462082, 0.0345859
-0.00536631, -0.492228, 0.0345266
0.506326, -0.0313157, 0.0330812
stamp: 24560000000
-0.0103694, -0.0115731, 0.0378262
0.473455, -0.00935932, 0.0343167
0.513971, -0.00469746, 0.0323805
0.0347636, -0.492548, 0.0336121
0.0043111, -0.517157, 0.0346314
0.00511755, -0.462107, 0.0345407
-0.00533935, -0.492215, 0.0345199
0.506613, -0.031292, 0.0329379
stamp: 24569000000
-0.0103736, -0.011574, 0.0377682
0.473235, -0.00927555, 0.0341604
0.513959, -0.00472136, 0.0323603
0.0347553, -0.492572, 0.0336279
0.00432337, -0.517158, 0.0346489
0.00526891, -0.462131, 0.0344914
-0.00537089, -0.492223, 0.0345339
0.506492, -0.0313155, 0.0329806
stamp: 24580000000
-0.0103449, -0.0115752, 0.0378207
0.473283, -0.00935852, 0.0344151
0.513975, -0.00470533, 0.0323901
0.0347641, -0.49257, 0.0336423
0.004405, -0.517158, 0.0346093
0.00506636, -0.462111, 0.0344901
-0.00536317, -0.492221, 0.0345255
0.506536, -0.031323, 0.0330033
stamp: 24590000000
-0.010363, -0.0115756, 0.0378285
0.473317, -0.0093142, 0.0342872
0.513968, -0.00472219, 0.032342
0.0347594, -0.492602, 0.0336598
0.00434169, -0.517153, 0.0346356
0.00523535, -0.462141, 0.0344951
-0.00536612, -0.492227, 0.0345365
0.506506, -0.0312987, 0.032972
stamp: 24600000000
-0.0103633, -0.0115748, 0.0377811
0.473332, -0.00928205, 0.0342005
0.51397, -0.00469363, 0.0323577
0.0347631, -0.492565, 0.0336437
0.00441829, -0.517119, 0.0345722
0.00501113, -0.462099, 0.0345074
-0.00535526, -0.492233, 0.0345168
0.506515, -0.0313189, 0.032968
stamp: 24610000000
-0.0103557, -0.0115852, 0.0378373
0.47344, -0.00930299, 0.0342866
0.513956, -0.00471656, 0.0323319
0.0347279, -0.492625, 0.0336606
0.00435712, -0.51715, 0.0346298
0.00520476, -0.462092, 0.0345681
-0.00534257, -0.492213, 0.0345131
0.50659, -0.0313079, 0.0329811
stamp: 24619000000
-0.0103829, -0.0115768, 0.0377999
0.473306, -0.00923553, 0.0341928
0.513979, -0.00470479, 0.0323771
0.0347598, -0.492577, 0.0336337
0.00439362, -0.517159, 0.034603
0.00505078, -0.46206, 0.0345919
-0.00536557, -0.49223, 0.034507
0.506488, -0.0313288, 0.0329225
stamp: 24629000000
-0.0103595, -0.0115835, 0.0378197
0.473479, -0.00934889, 0.0343681
0.513963, -0.00471076, 0.0323551
0.0347085, -0.492581, 0.0336608
0.00433617, -0.517157, 0.0346346
0.00518203, -0.462093, 0.0345955
-0.00534445, -0.492213, 0.0345085
0.506607, -0.0312684, 0.0329616
stamp: 24640000000
-0.0103631, -0.0115692, 0.0378256
0.473311, -0.00922373, 0.0342585
0.513975, -0.00470591, 0.0323763
0.0347768, -0.492598, 0.0335835
0.00431217, -0.51716, 0.0346463
0.00516305, -0.462081, 0.0346032
-0.00537421, -0.492234, 0.0345184
0.506487, -0.0313169, 0.032942
stamp: 24649000000
-0.0103564, -0.0115727, 0.0377863
0.473154, -0.00937427, 0.0343121
0.513969, -0.00471289, 0.0323528
0.0347444, -0.492512, 0.0337138
0.00433612, -0.517177, 0.0346124
0.00511781, -0.462105, 0.0345321
-0.00535613, -0.492224, 0.0345196
0.506547, -0.0313152, 0.0330082
stamp: 24660000000
-0.0103616, -0.0115837, 0.0378313
0.473392, -0.00927652, 0.0343287
0.51397, -0.00470361, 0.032387
0.0347818, -0.492638, 0.0335681
0.00430845, -0.517144, 0.0346566
0.00518328, -0.462125, 0.0345065
-0.00537018, -0.492241, 0.0345436
0.506483, -0.0313238, 0.0329629
stamp: 24670000000
-0.0103667, -0.0115747, 0.0378118
0.473233, -0.00941098, 0.034319
0.513977, -0.0047073, 0.0323814
0.0347323, -0.492523, 0.0337246
0.00437309, -0.517167, 0.0346238
0.0050113, -0.462073, 0.0345192
-0.00535769, -0.492227, 0.0345344
0.506544, -0.0313139, 0.0330275
stamp: 24679000000
-0.0103581, -0.0115875, 0.0378195
0.473375, -0.00929086, 0.0342776
0.513976, -0.00469965, 0.0323924
0.0347178, -0.492647, 0.0335829
0.0043097, -0.517148, 0.0346528
0.00516615, -0.46209, 0.0345936
-0.00536448, -0.492249, 0.0345346
0.506337, -0.0313244, 0.0330912
stamp: 24690000000
-0.0103727, -0.011577, 0.0378146
0.473352, -0.00927779, 0.0341555
0.51398, -0.00471108, 0.0324051
0.0347285, -0.492578, 0.0336638
0.00439358, -0.517173, 0.0346119
0.00515286, -0.462081, 0.034612
-0.00536202, -0.492226, 0.0345386
0.506318, -0.0313142, 0.0331758
stamp: 24699000000
-0.0103592, -0.0115843, 0.0378122
0.47338, -0.00929924, 0.0342863
0.513969, -0.00470687, 0.0323926
0.0347846, -0.492544, 0.0335978
0.00430606, -0.517155, 0.0346235
0.00510795, -0.462113, 0.0345284
-0.00536896, -0.492246, 0.0345233
0.506479, -0.031306, 0.0329446
stamp: 24710000000
-0.0103699, -0.011573, 0.0378113
0.473329, -0.00929409, 0.0342168
0.513967, -0.00471019, 0.0323861
0.0347679, -0.492649, 0.0336141
0.00439169, -0.517169, 0.0346095
0.00518607, -0.462087, 0.0345636
-0.00535454, -0.49222, 0.0345291
0.506524, -0.0313186, 0.0330166
stamp: 24720000000
-0.0103617, -0.0115745, 0.0377999
0.473308, -0.00929959, 0.0342128
0.513964, -0.00472615, 0.0323479
0.0348192, -0.492582, 0.0336629
0.00432076, -0.517158, 0.0346288
0.00503957, -0.462052, 0.0345886
-0.00536836, -0.492244, 0.0345193
0.506329, -0.0313265, 0.0330905
stamp: 24729000000
-0.0103622, -0.0115769, 0.0378141
0.473365, -0.0092699, 0.0342476
0.513971, -0.004704, 0.0323889
0.0347419, -0.492605, 0.0336508
0.00438222, -0.517174, 0.0346186
0.0052229, -0.462155, 0.0345147
-0.00536017, -0.492227, 0.0345291
0.50653, -0.0313159, 0.033012
stamp: 24740000000
-0.0103634, -0.0115809, 0.0378047
0.473268, -0.00930917, 0.0341677
0.513969, -0.00471823, 0.0323598
0.0347697, -0.492585, 0.0336304
0.00433475, -0.517158, 0.0346475
0.00517019, -0.462082, 0.03459
-0.0053694, -0.492243, 0.0345414
0.506479, -0.0313129, 0.032984
stamp: 24750000000
-0.0103606, -0.0115726, 0.0377999
0.47337, -0.00930286, 0.0342294
0.513973, -0.00469543, 0.0323922
0.0347697, -0.492548, 0.0336078
0.00432028, -0.517163, 0.0346317
0.00510764, -0.462138, 0.0344452
-0.00534241, -0.492223, 0.0345236
0.506542, -0.0313248, 0.033023
stamp: 24759000000
-0.0103712, -0.0115691, 0.0378095
0.473294, -0.0093283, 0.0341879
0.513983, -0.00472025, 0.0323918
0.0346777, -0.492604, 0.0336595
0.00431618, -0.517156, 0.0346295
0.00517667, -0.462089, 0.0345907
-0.00537597, -0.492234, 0.0345448
0.506305, -0.0313186, 0.0330806
stamp: 24770000000
-0.0103612, -0.0115793, 0.0378186
0.473264, -0.00935874, 0.0343915
0.513957, -0.00471964, 0.0323591
0.0348097, -0.492609, 0.0335247
0.00431528, -0.517168, 0.0346106
0.00522459, -0.462125, 0.0345023
-0.00534369, -0.492222, 0.034504
0.506536, -0.0313177, 0.0330048
stamp: 24780000000
-0.010362, -0.0115809, 0.0378256
0.473293, -0.00936053, 0.0342639
0.513976, -0.00470796, 0.0323863
0.0347736, -0.492558, 0.0336501
0.00434239, -0.517156, 0.0346148
0.00501633, -0.462082, 0.0344891
-0.00537184, -0.492232, 0.0345312
0.506489, -0.0313131, 0.0329257
stamp: 24790000000
-0.0103607, -0.0115829, 0.0378211
0.473233, -0.00934301, 0.0343548
0.513969, -0.00470211, 0.0323678
0.0347034, -0.492596, 0.0336683
0.00433619, -0.517151, 0.0346247
0.00517574, -0.46209, 0.0346086
-0.00534561, -0.492213, 0.0344874
0.506557, -0.0313006, 0.0329683
stamp: 24800000000
-0.0103695, -0.0115791, 0.0378237
0.473249, -0.00925658, 0.0342091
0.513962, -0.00468688, 0.0323714
0.0347895, -0.492598, 0.0335322
0.00437671, -0.517118, 0.0345795
0.00522608, -0.462152, 0.0345053
-0.0053632, -0.492216, 0.0345233
0.506532, -0.0313202, 0.0329694
stamp: 24809000000
-0.010351, -0.0115752, 0.0378174
0.473447, -0.00936756, 0.0343182
0.513973, -0.00470408, 0.0323807
0.0347532, -0.492547, 0.0336611
0.00433104, -0.51715, 0.0346075
0.00500504, -0.46208, 0.0345216
-0.00535974, -0.492227, 0.0345339
0.50659, -0.0312894, 0.0328886
stamp: 24819000000
-0.0103758, -0.0115713, 0.0378015
0.473333, -0.00924414, 0.0341827
0.513957, -0.00472433, 0.0323189
0.0347724, -0.492609, 0.0336627
0.00444308, -0.517133, 0.0345744
0.00526354, -0.462133, 0.0345267
-0.0053544, -0.492218, 0.0345133
0.506539, -0.0313086, 0.0330263
stamp: 24830000000
-0.010362, -0.0115796, 0.0378239
0.473422, -0.00932467, 0.0342895
0.513973, -0.00470107, 0.0324002
0.0347853, -0.49264, 0.0335585
0.00436748, -0.517157, 0.0346455
0.00516531, -0.462085, 0.0345788
-0.00538027, -0.492223, 0.0345362
0.506514, -0.0313355, 0.0329479
stamp: 24839000000
-0.0103744, -0.0115665, 0.037795
0.473356, -0.00927408, 0.0342741
0.513985, -0.00469912, 0.0323933
0.034725, -0.492551, 0.0336847
0.00434611, -0.517173, 0.0346171
0.00502621, -0.462049, 0.0345793
-0.00534501, -0.492229, 0.0345052
0.506531, -0.0313248, 0.0330177
stamp: 24849000000
-0.0103598, -0.0115773, 0.0378204
0.47331, -0.00930103, 0.034239
0.51396, -0.00472445, 0.0323501
0.034784, -0.492564, 0.0336381
0.00432338, -0.517161, 0.0346096
0.0052172, -0.462161, 0.0344812
-0.00536358, -0.49223, 0.0345467
0.506323, -0.0313112, 0.0330624
stamp: 24859000000
-0.0103599, -0.011561, 0.0377973
0.473419, -0.00931417, 0.0343143
0.513963, -0.00470527, 0.032379
0.0347695, -0.492675, 0.0336125
0.00433206, -0.51715, 0.0346304
0.00516615, -0.462093, 0.0345873
-0.00535183, -0.492227, 0.0345094
0.506534, -0.0313175, 0.0329486
stamp: 24869000000
-0.0103651, -0.0115821, 0.0378339
0.473278, -0.00924702, 0.034202
0.513974, -0.00470035, 0.0323781
0.034731, -0.492569, 0.0336708
0.00443768, -0.517098, 0.0345481
0.00516508, -0.46213, 0.0345306
-0.00537241, -0.492228, 0.0345096
0.506537, -0.0313163, 0.0330004
stamp: 24879000000
-0.0103617, -0.0115706, 0.0378002
0.473302, -0.009342, 0.0344389
0.513961, -0.00472644, 0.0323532
0.0348048, -0.492554, 0.033629
0.00432094, -0.51716, 0.0346004
0.00504456, -0.46211, 0.0344446
-0.00537336, -0.492231, 0.0345337
0.506559, -0.0312987, 0.0329327
stamp: 24889000000
-0.0103625, -0.0115789, 0.0378138
0.473265, -0.00931649, 0.0341029
0.513968, -0.0047038, 0.032385
0.0347269, -0.492621, 0.0336017
0.00434765, -0.517172, 0.0346361
0.005177, -0.462092, 0.0345905
-0.00536175, -0.492221, 0.0345256
0.506547, -0.0313284, 0.0330313
stamp: 24899000000
-0.0103577, -0.0115817, 0.0378098
0.473379, -0.00926941, 0.0342559
0.513976, -0.00470859, 0.0323968
0.0347308, -0.492631, 0.0336363
0.00434677, -0.517157, 0.0346228
0.00520743, -0.462069, 0.0345795
-0.00536592, -0.492226, 0.0345323
0.506492, -0.0313205, 0.0329297
stamp: 24909000000
-0.0103683, -0.0115708, 0.0378213
0.473444, -0.00936495, 0.0343463
0.513959, -0.0047271, 0.0323409
0.0348113, -0.492578, 0.0336509
0.00432778, -0.517156, 0.0346228
0.00510333, -0.462054, 0.0345764
-0.00535878, -0.492222, 0.0345104
0.506537, -0.0313007, 0.0329537
stamp: 24920000000
-0.0103579, -0.0115752, 0.037829
0.47332, -0.00922131, 0.0342593
0.513975, -0.00470321, 0.0323939
0.0347663, -0.492561, 0.0336413
0.00443324, -0.517118, 0.0345754
0.00505602, -0.462116, 0.0344907
-0.00536266, -0.492221, 0.0345024
0.506547, -0.031316, 0.0330197
stamp: 24929000000
-0.0103653, -0.0115726, 0.0378103
0.473454, -0.0092992, 0.0342963
0.513979, -0.00471361, 0.0323901
0.0346918, -0.492633, 0.0336376
0.00433165, -0.517153, 0.0346217
0.00522446, -0.462072, 0.0345807
-0.0053731, -0.492236, 0.0345242
0.506515, -0.0313244, 0.032928
stamp: 24940000000
-0.0103661, -0.011571, 0.0378132
0.473311, -0.00934901, 0.0341612
0.513954, -0.00470738, 0.0323527
0.034787, -0.492612, 0.0336375
0.0043261, -0.517168, 0.0346195
0.00520105, -0.462087, 0.0345657
-0.00534439, -0.492197, 0.0344884
0.506526, -0.0313149, 0.0329993
stamp: 24950000000
-0.0103598, -0.0115823, 0.0377989
0.47332, -0.0092449, 0.0342403
0.513972, -0.00469866, 0.0323791
0.0347903, -0.49256, 0.03357
0.00439024, -0.517122, 0.0345563
0.00508945, -0.462066, 0.0346
-0.00537394, -0.492225, 0.0345168
0.506542, -0.0313118, 0.0330062
stamp: 24959000000
-0.0103653, -0.0115761, 0.0378272
0.473444, -0.00936475, 0.0343824
0.513983, -0.00471491, 0.0323945
0.0347722, -0.492564, 0.0336592
0.0043715, -0.517166, 0.0346253
0.00504824, -0.462164, 0.0343982
-0.00537452, -0.492251, 0.0345277
0.506546, -0.031306, 0.0328931
stamp: 24969000000
-0.0103627, -0.0115718, 0.0378104
0.47334, -0.00926945, 0.0341885
0.513978, -0.00470371, 0.0323819
0.0346744, -0.492583, 0.033683
0.00435038, -0.517166, 0.0346337
0.00524513, -0.462151, 0.0344902
-0.00534389, -0.492215, 0.0345077
0.506531, -0.0313254, 0.0330011
stamp: 24980000000
-0.0103716, -0.0115843, 0.0378119
0.47341, -0.00922578, 0.0343038
0.513954, -0.00471218, 0.0323306
0.0348135, -0.492668, 0.0336185
0.00440466, -0.517125, 0.0345641
0.00516052, -0.462093, 0.0345915
-0.00536911, -0.49222, 0.0345189
0.506361, -0.0313055, 0.0331488
stamp: 24990000000
-0.0103643, -0.0115724, 0.0378261
0.473341, -0.00940686, 0.0341881
0.51398, -0.00470092, 0.0323927
0.0347941, -0.492596, 0.0335484
0.00431506, -0.517142, 0.0346284
0.00514805, -0.462092, 0.0346014
-0.00536322, -0.492236, 0.0345288
0.506537, -0.0312945, 0.0328752
stamp: 24999000000
-0.010359, -0.011566, 0.0377778
0.473359, -0.00926187, 0.0341794
0.513966, -0.00469982, 0.0323796
0.0347708, -0.492564, 0.0336491
0.00431967, -0.517175, 0.0346108
0.00511831, -0.462117, 0.0344686
-0.00534373, -0.492215, 0.0345047
0.506527, -0.0313246, 0.0329811
stamp: 25010000000
-0.0103644, -0.0115843, 0.0378164
0.473401, -0.00921828, 0.034328
0.513972, -0.00470279, 0.0323716
0.0347105, -0.49252, 0.0337294
0.00439273, -0.51714, 0.0345763
0.00511817, -0.462105, 0.0345123
-0.00537418, -0.492209, 0.0345071
0.506537, -0.0312992, 0.0330075
stamp: 25020000000
-0.0103523, -0.0115738, 0.0378288
0.473335, -0.00940006, 0.0341893
0.513972, -0.00471003, 0.0323674
0.0347342, -0.492641, 0.0335948
0.00432163, -0.517156, 0.0346049
0.00518371, -0.462096, 0.0346021
-0.00538045, -0.492224, 0.0345202
0.506556, -0.0312897, 0.0328806
stamp: 25029000000
-0.0103703, -0.0115653, 0.0377864
0.473391, -0.00927069, 0.0342392
0.51396, -0.00470172, 0.0323766
0.0347857, -0.492639, 0.0335664
0.00431216, -0.517159, 0.0346364
0.00517109, -0.462079, 0.0345783
-0.00534553, -0.492218, 0.0344929
0.506374, -0.031332, 0.0331012
stamp: 25040000000
-0.010365, -0.0115829, 0.0378132
0.473461, -0.00928086, 0.0343915
0.513976, -0.00470947, 0.0324002
0.034778, -0.492598, 0.033583
0.00445963, -0.517135, 0.0345502
0.00524555, -0.462141, 0.0345008
-0.00536546, -0.492221, 0.0345149
0.506524, -0.0313068, 0.0329981
stamp: 25049000000
-0.0103558, -0.0115717, 0.0378108
0.473349, -0.00938412, 0.0342099
0.513982, -0.00469857, 0.0323773
0.0347119, -0.492537, 0.0336933
0.00434208, -0.517151, 0.0346204
0.00502981, -0.462051, 0.0345507
-0.00537981, -0.492235, 0.0345266
0.506577, -0.0312938, 0.0328851
stamp: 25059000000
-0.0103677, -0.0115777, 0.0377954
0.473365, -0.00927825, 0.0341844
0.513953, -0.00473067, 0.0323298
0.0347883, -0.492571, 0.0337267
0.0043133, -0.517175, 0.0346132
0.005046, -0.462113, 0.0344766
-0.00534367, -0.492219, 0.0344916
0.506494, -0.031322, 0.0329529
stamp: 25070000000
-0.0103724, -0.011575, 0.0378153
0.473395, -0.00920557, 0.0343068
0.513967, -0.00469166, 0.0323944
0.0347603, -0.492581, 0.0335768
0.00441819, -0.517134, 0.0345637
0.00519414, -0.462147, 0.0345107
-0.0053602, -0.492222, 0.0344993
0.506553, -0.0313231, 0.0330091
stamp: 25080000000
-0.0103569, -0.0115802, 0.0378276
0.473149, -0.00940979, 0.0343314
0.513966, -0.00470304, 0.0323681
0.0347443, -0.492669, 0.0335978
0.00433151, -0.517157, 0.034626
0.00528068, -0.462156, 0.0344979
-0.00537267, -0.492231, 0.0345219
0.506547, -0.0313156, 0.0329975
stamp: 25090000000
-0.0103604, -0.0115695, 0.0378044
0.473209, -0.00936587, 0.0343771
0.513981, -0.00471913, 0.0323992
0.0347725, -0.492647, 0.0336013
0.00431944, -0.517152, 0.0346213
0.00517458, -0.462081, 0.0345644
-0.00536001, -0.492224, 0.0345359
0.506481, -0.0313332, 0.0329499
stamp: 25100000000
-0.0103653, -0.0115791, 0.0378083
0.473448, -0.0092047, 0.0342668
0.513977, -0.00471247, 0.0323692
0.0347417, -0.492534, 0.0336486
0.00438439, -0.517172, 0.0346192
0.00514541, -0.462074, 0.0345939
-0.00535173, -0.492241, 0.0345301
0.50652, -0.0313052, 0.0329707
stamp: 25109000000
-0.0103552, -0.0115804, 0.0378201
0.473314, -0.00931361, 0.0341826
0.513961, -0.00472256, 0.0323678
0.0348058, -0.492566, 0.0336729
0.0043965, -0.517136, 0.0345575
0.00503026, -0.462056, 0.0345767
-0.00536314, -0.492243, 0.0345063
0.50654, -0.0313066, 0.0330229
stamp: 25119000000
-0.0103683, -0.011572, 0.0377977
0.47339, -0.00940868, 0.0343073
0.513963, -0.004689, 0.0323584
0.0347953, -0.492545, 0.0336019
0.00430179, -0.517156, 0.0346229
0.00508066, -0.462144, 0.0343797
-0.00537116, -0.492235, 0.0345211
0.50661, -0.0312872, 0.0329137
stamp: 25129000000
-0.0103563, -0.0115794, 0.0378221
0.473315, -0.0093248, 0.0343472
0.513972, -0.00472228, 0.0323878
0.0347535, -0.49256, 0.0336307
0.00429506, -0.517168, 0.0346072
0.00521216, -0.462156, 0.0344441
-0.00534997, -0.492209, 0.0344936
0.506311, -0.0313378, 0.0330915
stamp: 25140000000
-0.0103634, -0.0115764, 0.0378095
0.473337, -0.00921651, 0.0342926
0.513978, -0.00471014, 0.0323839
0.0347019, -0.492631, 0.0336186
0.00442753, -0.517165, 0.0345815
0.0051829, -0.462097, 0.034597
-0.00536891, -0.492218, 0.0345296
0.506513, -0.0313144, 0.0329456
stamp: 25149000000
-0.0103669, -0.0115698, 0.0377857
0.473303, -0.00933454, 0.0341925
0.513971, -0.00470848, 0.0323914
0.0346919, -0.492667, 0.0336745
0.00436827, -0.517142, 0.0345971
0.0051682, -0.462098, 0.0346122
-0.00537397, -0.492231, 0.0345223
0.506536, -0.0313086, 0.0330235
stamp: 25159000000
-0.0103674, -0.0115831, 0.0378245
0.473423, -0.00936629, 0.0342951
0.513953, -0.00472089, 0.0323083
0.0347583, -0.492608, 0.0336653
0.00432742, -0.517156, 0.0346218
0.00515628, -0.462091, 0.0345869
-0.00535606, -0.492245, 0.0345197
0.506597, -0.0312849, 0.0329305
stamp: 25169000000
-0.0103622, -0.0115806, 0.0378097
0.473469, -0.00928794, 0.0342853
0.513978, -0.00470103, 0.0323798
0.0348398, -0.492606, 0.0335779
0.00432587, -0.517172, 0.0346131
0.0051165, -0.462119, 0.0343964
-0.00533517, -0.492219, 0.0344796
0.506472, -0.0313312, 0.0329679
stamp: 25179000000
-0.0103532, -0.0115672, 0.0377907
0.473319, -0.00922681, 0.0342174
0.513969, -0.00470131, 0.0323752
0.0347965, -0.492561, 0.0335333
0.00442002, -0.51716, 0.0345806
0.00524168, -0.462119, 0.0344839
-0.00536308, -0.49221, 0.0344858
0.50652, -0.0313142, 0.0329525
stamp: 25190000000
-0.0103734, -0.0115764, 0.0378019
0.473291, -0.009323, 0.0342277
0.513967, -0.00469858, 0.0323815
0.0347724, -0.492554, 0.0335917
0.00439637, -0.517155, 0.0345932
0.00507689, -0.462052, 0.0345574
-0.00537098, -0.492217, 0.0345171
0.506388, -0.0313291, 0.0331305
stamp: 25200000000
-0.0103625, -0.0115858, 0.037819
0.473219, -0.00936885, 0.0343883
0.513975, -0.00471371, 0.0323772
0.0347642, -0.492569, 0.033658
0.00432033, -0.517159, 0.0346207
0.00498933, -0.462071, 0.0344955
-0.00537481, -0.492234, 0.034537
0.506608, -0.0312779, 0.0329367
stamp: 25209000000
-0.0103484, -0.0115744, 0.0378224
0.473307, -0.0093274, 0.0344036
0.513975, -0.00469706, 0.0323846
0.0347427, -0.492575, 0.0336853
0.0043147, -0.517173, 0.0345952
0.00502584, -0.462108, 0.0344757
-0.00534831, -0.492219, 0.0344984
0.506492, -0.0313338, 0.0329388
stamp: 25219000000
-0.0103552, -0.0115737, 0.0377814
0.473383, -0.00922053, 0.0342661
0.513974, -0.00471478, 0.0323615
0.0347085, -0.492551, 0.0337182
0.00437632, -0.517172, 0.0345923
0.00511661, -0.462114, 0.0345381
-0.00535885, -0.492223, 0.0344922
0.506471, -0.0313238, 0.0329593
stamp: 25229000000
-0.0103723, -0.011573, 0.0377912
0.47334, -0.00933469, 0.0342436
0.513963, -0.00471965, 0.0323413
0.0347165, -0.49255, 0.0337042
0.0044116, -0.517125, 0.0345451
0.00518878, -0.46209, 0.0345815
-0.00536482, -0.492227, 0.0345179
0.506353, -0.0313044, 0.0330958
stamp: 25240000000
-0.0103613, -0.011577, 0.0378199
0.473364, -0.00934796, 0.0342603
0.51397, -0.00469757, 0.0323847
0.0347486, -0.492635, 0.033656
0.00432516, -0.517153, 0.0346131
0.00528558, -0.462136, 0.0345122
-0.00537299, -0.49223, 0.0345283
0.50657, -0.0313199, 0.0330114
stamp: 25249000000
-0.0103521, -0.011585, 0.0378202
0.47346, -0.00935294, 0.0342875
0.513966, -0.00469408, 0.032387
0.0347669, -0.492662, 0.0335744
0.00430058, -0.51718, 0.0346159
0.00524511, -0.462153, 0.0344832
-0.00536996, -0.492227, 0.0345137
0.506595, -0.0313021, 0.0329942
stamp: 25259000000
-0.0103564, -0.011568, 0.0377869
0.473412, -0.00926706, 0.0343085
0.513979, -0.00469579, 0.0323674
0.034772, -0.492656, 0.0335672
0.00430606, -0.517176, 0.0346166
0.00518036, -0.462086, 0.0345632
-0.0053505, -0.492207, 0.0344816
0.506509, -0.0313431, 0.032945
stamp: 25269000000
-0.0103657, -0.0115806, 0.0377954
0.473282, -0.00926258, 0.0341462
0.51398, -0.00471636, 0.0323762
0.0347767, -0.492644, 0.0335681
0.00441501, -0.51715, 0.0345914
0.00515631, -0.462085, 0.0345782
-0.00536896, -0.492211, 0.0345116
0.506459, -0.0313346, 0.0329513
stamp: 25279000000
-0.0103688, -0.0115785, 0.0378068
0.473317, -0.00928803, 0.0342706
0.513976, -0.00471182, 0.032383
0.0347862, -0.492635, 0.0335644
0.00440579, -0.517128, 0.0345756
0.00515838, -0.462086, 0.0345882
-0.00537253, -0.492228, 0.0345229
0.506506, -0.0312972, 0.0329294
stamp: 25290000000
-0.0103598, -0.0115646, 0.0378182
0.473368, -0.00932923, 0.0342649
0.513982, -0.00470936, 0.032389
0.0347883, -0.49263, 0.0335598
0.0043699, -0.517176, 0.0346353
0.00517139, -0.462086, 0.0345893
-0.00537656, -0.492237, 0.0345254
0.506556, -0.031316, 0.0329867
stamp: 25299000000
-0.0103503, -0.0115774, 0.0377991
0.473492, -0.00933445, 0.0343224
0.513977, -0.00470783, 0.032387
0.0347828, -0.492614, 0.033564
0.00432737, -0.517163, 0.0346336
0.0051752, -0.462147, 0.0345097
-0.00535007, -0.49225, 0.034515
0.506619, -0.0312876, 0.0329711
stamp: 25309000000
-0.0103773, -0.0115884, 0.0377988
0.473508, -0.00935379, 0.0343728
0.513957, -0.0047097, 0.0323463
0.0347613, -0.492596, 0.0335909
0.00432371, -0.517164, 0.0346071
0.0051834, -0.462145, 0.0345082
-0.00533044, -0.492226, 0.034486
0.506541, -0.0313214, 0.0330334
stamp: 25319000000
-0.0103675, -0.0115806, 0.0378109
0.473317, -0.00929923, 0.0341387
0.513957, -0.00471954, 0.0323172
0.0347433, -0.492579, 0.0336294
0.00438712, -0.517178, 0.0346001
0.00521338, -0.462061, 0.03457
-0.00535736, -0.492229, 0.034502
0.506496, -0.0313284, 0.03294
stamp: 25329000000
-0.0103616, -0.0115918, 0.0378429
0.473277, -0.00925209, 0.0342095
0.513972, -0.00473036, 0.0323431
0.0347505, -0.492548, 0.0336345
0.00444108, -0.517113, 0.0345437
0.00525782, -0.462124, 0.0344941
-0.00535839, -0.492205, 0.0345005
0.506471, -0.0313167, 0.0329442
stamp: 25340000000
-0.0103508, -0.0115737, 0.0378153
0.473314, -0.00929903, 0.0342392
0.513974, -0.00471209, 0.0323713
0.034769, -0.492542, 0.0336263
0.00435683, -0.517155, 0.0346131
0.00525739, -0.462146, 0.0344952
-0.0053732, -0.492224, 0.0345209
0.506484, -0.0313104, 0.0329348
stamp: 25350000000
-0.0103544, -0.0115569, 0.0377687
0.473405, -0.00930961, 0.0342705
0.51397, -0.00470063, 0.0323713
0.0348174, -0.492588, 0.0336634
0.00431769, -0.517162, 0.0346329
0.00521697, -0.462144, 0.0344971
-0.00536821, -0.49224, 0.0345428
0.506563, -0.0313105, 0.0329659
stamp: 25359000000
-0.0103767, -0.0115777, 0.0377872
0.473497, -0.00934666, 0.0342904
0.513968, -0.00468718, 0.0323854
0.0348343, -0.492601, 0.0336214
0.00432382, -0.51716, 0.0346104
0.00517904, -0.462079, 0.0345718
-0.00535729, -0.492228, 0.0345329
0.50662, -0.0312922, 0.0329599
stamp: 25369000000
-0.010382, -0.0115966, 0.0378139
0.473495, -0.00939556, 0.0343789
0.513972, -0.00470272, 0.0323894
0.034842, -0.492598, 0.0335845
0.00432964, -0.517171, 0.0346062
0.00515711, -0.462084, 0.03458
-0.0053427, -0.492212, 0.0344946
0.506562, -0.0313274, 0.0330334
stamp: 25380000000
-0.010365, -0.0115861, 0.0378322
0.47334, -0.00933802, 0.034163
0.51397, -0.0047026, 0.0323879
0.0348308, -0.492588, 0.0335471
0.00437484, -0.517174, 0.0345929
0.00515462, -0.462084, 0.034587
-0.00536432, -0.492217, 0.034513
0.506534, -0.0313272, 0.0330102
stamp: 25390000000
-0.0103569, -0.0115828, 0.0378258
0.473279, -0.0092601, 0.0341502
0.513976, -0.00469928, 0.0323607
0.0348236, -0.492572, 0.033507
0.00444757, -0.517123, 0.0345345
0.00514841, -0.462078, 0.034592
-0.00536199, -0.492225, 0.034522
0.506523, -0.0313272, 0.0329743
stamp: 25400000000
-0.0103495, -0.0115717, 0.0378083
0.473263, -0.00923493, 0.0342234
0.513981, -0.00471053, 0.0323792
0.0348076, -0.49257, 0.0335139
0.00437155, -0.517137, 0.0345683
0.00515054, -0.462081, 0.0345995
-0.00537057, -0.492234, 0.0345342
0.506484, -0.0313224, 0.0329095
stamp: 25410000000
-0.0103527, -0.0115663, 0.0377931
0.473352, -0.00927309, 0.0342596
0.513977, -0.00471613, 0.0323832
0.0348071, -0.492572, 0.0335173
0.00429369, -0.517161, 0.0346041
0.00516063, -0.462086, 0.0345864
-0.00538248, -0.492237, 0.0345452
0.506453, -0.031318, 0.0329416
stamp: 25420000000
-0.0103655, -0.0115876, 0.0377919
0.473215, -0.00932984, 0.0343382
0.513978, -0.0047137, 0.0323845
0.0348026, -0.492575, 0.0335122
0.00429822, -0.517164, 0.0346248
0.00515229, -0.46209, 0.0345898
-0.00536292, -0.492243, 0.0345458
0.506507, -0.0313192, 0.0329354
stamp: 25430000000
-0.0103676, -0.011581, 0.0378055
0.473265, -0.00935441, 0.034424
0.513973, -0.00471411, 0.0323748
0.0347955, -0.492568, 0.0335135
0.00429494, -0.517157, 0.0346155
0.00515362, -0.462091, 0.0345927
-0.0053583, -0.492243, 0.0345149
0.506596, -0.0312915, 0.0328937
stamp: 25440000000
-0.0103738, -0.0115759, 0.0378
0.473466, -0.00937043, 0.0344009
0.513974, -0.00470853, 0.0323753
0.0347974, -0.492572, 0.033517
0.00430517, -0.517162, 0.0346216
0.00515648, -0.462088, 0.0345901
-0.00532427, -0.492212, 0.0344886
0.506571, -0.03131, 0.0329497
stamp: 25449000000
-0.0103582, -0.0115762, 0.0378067
0.473318, -0.00932139, 0.0341605
0.513969, -0.00470116, 0.0323826
0.0348003, -0.492569, 0.0335065
0.00431558, -0.517171, 0.0346112
0.00516188, -0.462085, 0.034594
-0.00533943, -0.492222, 0.0345042
0.506552, -0.0313429, 0.032992
stamp: 25460000000
-0.0103521, -0.0115805, 0.0378036
0.473272, -0.00933604, 0.034128
0.513981, -0.00470733, 0.0323988
0.0348038, -0.49258, 0.0335144
0.00440024, -0.517151, 0.0345787
0.00515656, -0.462089, 0.0345857
-0.0053591, -0.492236, 0.034517
0.506545, -0.0313313, 0.0330252
stamp: 25470000000
-0.0103486, -0.0115783, 0.0377949
0.473312, -0.0092929, 0.0341494
0.51398, -0.00472049, 0.0323876
0.0348041, -0.492579, 0.0335163
0.00441908, -0.517104, 0.0345452
0.00515741, -0.462087, 0.0345961
-0.00534861, -0.492241, 0.034518
0.506542, -0.0313268, 0.0330269
stamp: 25479000000
-0.010363, -0.0115803, 0.0378094
0.47331, -0.0092435, 0.0342008
0.513975, -0.00470676, 0.0323811
0.0348035, -0.492573, 0.0335241
0.00435537, -0.517141, 0.0345912
0.00515973, -0.462092, 0.034595
-0.00536014, -0.492238, 0.0345227
0.506541, -0.0313174, 0.0330154
stamp: 25490000000
-0.0103641, -0.0115866, 0.0378011
0.473312, -0.00925957, 0.0342429
0.513971, -0.00470264, 0.0323747
0.0347993, -0.492576, 0.0335165
0.00430139, -0.517165, 0.0346317
0.00515683, -0.462086, 0.03459
-0.00536678, -0.492239, 0.0345217
0.506539, -0.0313174, 0.0329831
stamp: 25499000000
-0.0103668, -0.0115923, 0.0378068
0.473376, -0.00929062, 0.0342893
0.513967, -0.0047005, 0.0323581
0.0348004, -0.492576, 0.0335235
0.00427992, -0.517168, 0.0346277
0.00516295, -0.462092, 0.0345917
-0.00536261, -0.492244, 0.0345283
0.506515, -0.0313214, 0.0329485
stamp: 25510000000
-0.0103755, -0.0115908, 0.0377966
0.473389, -0.00926846, 0.0342777
0.513972, -0.004702, 0.0323635
0.0348014, -0.492574, 0.0335101
0.00429044, -0.51717, 0.0346189
0.00516119, -0.462094, 0.0345927
-0.00534893, -0.492243, 0.0345363
0.506331, -0.0313248, 0.0330577
stamp: 25520000000
-0.0103677, -0.0115931, 0.0378152
0.473416, -0.00930132, 0.0342478
0.51399, -0.00470367, 0.0323913
0.0347973, -0.492575, 0.0335108
0.00429736, -0.517164, 0.0346217
0.00515374, -0.462092, 0.0345918
-0.00534748, -0.492243, 0.0345109
0.506471, -0.0313166, 0.0328826
stamp: 25529000000
-0.0103525, -0.0115798, 0.0378185
0.47347, -0.00932553, 0.0342969
0.513976, -0.00471359, 0.0323922
0.0347997, -0.49257, 0.0335097
0.00430546, -0.517162, 0.0346232
0.0051525, -0.462084, 0.034581
-0.00533855, -0.492217, 0.0344752
0.506503, -0.0313175, 0.0329077
stamp: 25540000000
-0.0103538, -0.0115718, 0.0378175
0.473244, -0.0093532, 0.0344026
0.513978, -0.00472754, 0.0323765
0.0348034, -0.492569, 0.0335116
0.00429859, -0.517166, 0.0346222
0.00515333, -0.462083, 0.0345883
-0.00532306, -0.492216, 0.0344819
0.506551, -0.0313044, 0.0328999
stamp: 25550000000
-0.0103564, -0.0115736, 0.0378028
0.473384, -0.00937, 0.0343597
0.513981, -0.0047142, 0.0323876
0.0347961, -0.492576, 0.0335126
0.00430957, -0.517179, 0.0346175
0.00515696, -0.462084, 0.0345815
-0.00533922, -0.492227, 0.0345033
0.506548, -0.0312873, 0.0328877
stamp: 25559000000
-0.0103449, -0.0115776, 0.0377974
0.473466, -0.00938948, 0.034381
0.513983, -0.0047207, 0.0323836
0.0348024, -0.492575, 0.0335185
0.00436884, -0.517175, 0.0346093
0.00515104, -0.462082, 0.0345875
-0.00535167, -0.492225, 0.0345105
0.506527, -0.0313097, 0.0329045
stamp: 25569000000
-0.0103592, -0.0115674, 0.0378013
0.473217, -0.00942435, 0.0343478
0.513985, -0.00471886, 0.0323719
0.0348058, -0.492579, 0.0335193
0.00444087, -0.517141, 0.0345812
0.00515061, -0.462084, 0.0345881
-0.00535126, -0.492218, 0.0345112
0.506547, -0.0312874, 0.0328226
stamp: 25580000000
-0.010362, -0.0115726, 0.0377972
0.473114, -0.00941351, 0.0342885
0.513982, -0.004719, 0.0323787
0.0348014, -0.492575, 0.0335069
0.00444604, -0.517113, 0.0345628
0.00515914, -0.462082, 0.0345901
-0.00535827, -0.492231, 0.0344986
0.506496, -0.0313352, 0.0329445
stamp: 25590000000
-0.010365, -0.0115755, 0.0378043
0.473317, -0.00942877, 0.0342155
0.513969, -0.00471541, 0.0323852
0.0347957, -0.492566, 0.0335136
0.00440667, -0.51712, 0.0345527
0.00515206, -0.46209, 0.0345889
-0.00534745, -0.49223, 0.0345106
0.506487, -0.0313321, 0.0329408
stamp: 25599000000
-0.010362, -0.0115793, 0.0378113
0.473274, -0.0093292, 0.0341041
0.513981, -0.00471713, 0.0323885
0.0347984, -0.492569, 0.0334985
0.00436255, -0.517141, 0.034581
0.00515364, -0.462092, 0.0345837
-0.00535173, -0.492232, 0.0345182
0.506488, -0.0313421, 0.0329568
stamp: 25610000000
-0.0103624, -0.0115865, 0.0378004
0.473397, -0.009425, 0.0342792
0.513975, -0.00471612, 0.03239
0.0347957, -0.492567, 0.0334996
0.00432136, -0.517153, 0.0346004
0.00515759, -0.462086, 0.0345888
-0.00534763, -0.49224, 0.0345275
0.506306, -0.0313406, 0.0330781
stamp: 25619000000
-0.0103647, -0.0115819, 0.0377945
0.473312, -0.00931699, 0.0341344
0.513973, -0.00471565, 0.0323879
0.0347974, -0.492572, 0.0335091
0.00431034, -0.517165, 0.0346246
0.00514811, -0.462091, 0.0345883
-0.00536036, -0.492242, 0.0345274
0.506461, -0.0313399, 0.0329422
stamp: 25629000000
-0.0103629, -0.0115888, 0.0378045
0.473312, -0.0092819, 0.0341003
0.513978, -0.00472038, 0.0323767
0.0347987, -0.492564, 0.0335074
0.00429412, -0.517164, 0.0346296
0.00515622, -0.462088, 0.0345958
-0.00536329, -0.492246, 0.0345309
0.506469, -0.031336, 0.0329519
stamp: 25640000000
-0.0103683, -0.0115882, 0.0378038
0.47334, -0.00930097, 0.034178
0.513977, -0.0047071, 0.032386
0.034796, -0.492563, 0.033501
0.00428967, -0.51716, 0.034624
0.00515414, -0.462088, 0.0345818
-0.00536914, -0.492243, 0.0345289
0.506306, -0.0313414, 0.0330728
stamp: 25650000000
-0.0103677, -0.011587, 0.0378015
0.473307, -0.0092801, 0.0341333
0.513969, -0.00471978, 0.0323811
0.0347953, -0.492575, 0.0335062
0.00428417, -0.51716, 0.0346241
0.00515627, -0.462083, 0.0345825
-0.00536509, -0.492244, 0.0345246
0.506462, -0.0313291, 0.0329294
stamp: 25659000000
-0.0103637, -0.0115856, 0.0377993
0.473333, -0.00927745, 0.0341258
0.513982, -0.00471801, 0.0323814
0.0347983, -0.492575, 0.0335105
0.00428321, -0.517162, 0.0346301
0.00515335, -0.462083, 0.0345879
-0.00536348, -0.492246, 0.0345358
0.506484, -0.03133, 0.032952
stamp: 25670000000
-0.0103594, -0.0115851, 0.0378115
0.473356, -0.00931068, 0.0341859
0.513981, -0.00472153, 0.0323913
0.0348021, -0.492571, 0.0335025
0.00429726, -0.517158, 0.0346301
0.00514984, -0.46209, 0.0345884
-0.005353, -0.492251, 0.0345348
0.506476, -0.0313246, 0.0329462
stamp: 25680000000
-0.0103598, -0.0115826, 0.0378129
0.47335, -0.00931295, 0.0342047
0.513978, -0.00472361, 0.0323873
0.0347994, -0.492568, 0.0335028
0.00429691, -0.517162, 0.0346188
0.0051417, -0.462086, 0.0345834
-0.00535186, -0.492246, 0.0345243
0.506293, -0.0313385, 0.0330706
stamp: 25690000000
-0.0103612, -0.0115802, 0.0378039
0.473357, -0.0093182, 0.0341955
0.513978, -0.00471296, 0.032375
0.0348023, -0.492569, 0.0335071
0.00429779, -0.517152, 0.034621
0.00516054, -0.462093, 0.0345906
-0.00535313, -0.492247, 0.0345248
0.506242, -0.0313416, 0.0330967
stamp: 25700000000
-0.0103594, -0.0115765, 0.0378083
0.473339, -0.00928761, 0.0341336
0.513981, -0.00471956, 0.0323755
0.0348005, -0.492581, 0.0335154
0.00429594, -0.517164, 0.0346251
0.00515195, -0.46209, 0.0345793
-0.00535611, -0.492247, 0.0345115
0.506466, -0.0313372, 0.0329295
stamp: 25710000000
-0.0103562, -0.011577, 0.0378077
0.473348, -0.00928256, 0.0341263
0.513982, -0.00470945, 0.0323756
0.0348021, -0.492581, 0.0335007
0.00429687, -0.51716, 0.0346171
0.00515513, -0.462089, 0.0345972
-0.00535525, -0.492246, 0.0345107
0.506323, -0.0313463, 0.0330727
stamp: 25720000000
-0.0103545, -0.0115799, 0.0378185
0.473334, -0.00929716, 0.0341862
0.513972, -0.00472366, 0.0323915
0.0347956, -0.49258, 0.0335138
0.00429741, -0.517159, 0.0346126
0.00515544, -0.462092, 0.0345895
-0.00535608, -0.492247, 0.0345277
0.506469, -0.0313317, 0.0329558
stamp: 25729000000
-0.0103608, -0.0115805, 0.0378037
0.47332, -0.00927714, 0.0341458
0.513982, -0.00470964, 0.0323897
0.0347954, -0.492575, 0.0335054
0.0043031, -0.51716, 0.0346245
0.00515322, -0.462086, 0.0345817
-0.00535373, -0.492255, 0.0345207
0.50631, -0.0313375, 0.0330734
stamp: 25740000000
-0.0103565, -0.0115793, 0.0378143
0.473323, -0.00926573, 0.0341389
0.513977, -0.00471285, 0.0323834
0.0348014, -0.492563, 0.0335122
0.00430047, -0.517161, 0.0346274
0.00515425, -0.462085, 0.0345853
-0.00534675, -0.492238, 0.0345319
0.50647, -0.031332, 0.032947
stamp: 25750000000
-0.0103583, -0.0115842, 0.0378161
0.473341, -0.00928077, 0.0341305
0.513972, -0.00470954, 0.0323759
0.0348002, -0.492584, 0.0335167
0.00428629, -0.517157, 0.0346249
0.00514328, -0.462092, 0.0345798
-0.00535176, -0.492242, 0.0345186
0.506482, -0.0313303, 0.0329551
stamp: 25760000000
-0.0103526, -0.0115815, 0.0378136
0.473338, -0.00929377, 0.0341945
0.513983, -0.00471327, 0.0323702
0.0347938, -0.492563, 0.0335024
0.00430222, -0.517166, 0.034619
0.00515623, -0.462085, 0.0345784
-0.00535067, -0.492247, 0.0345147
0.506484, -0.031326, 0.0329531
stamp: 25770000000
-0.0103583, -0.0115832, 0.0378094
0.473352, -0.00931692, 0.0341939
0.513972, -0.00471525, 0.0323931
0.034796, -0.492571, 0.0335006
0.00429811, -0.517153, 0.0346307
0.00515137, -0.462079, 0.034582
-0.00534894, -0.492253, 0.0345237
0.506485, -0.0313406, 0.0329532
stamp: 25780000000
-0.0103596, -0.0115814, 0.0378089
0.473352, -0.00931725, 0.0341889
0.513977, -0.00471775, 0.0323817
0.034792, -0.492573, 0.0335064
0.00429789, -0.517158, 0.0346201
0.0051481, -0.462089, 0.0345758
-0.00535638, -0.492254, 0.0345215
0.506306, -0.0313362, 0.0330848
stamp: 25789000000
-0.0103593, -0.011576, 0.0378115
0.473354, -0.00927689, 0.0341565
0.51398, -0.00471674, 0.0323866
0.034797, -0.492574, 0.0335015
0.00429984, -0.517165, 0.0346227
0.00515414, -0.462086, 0.0345883
-0.00535448, -0.492243, 0.0345247
0.506292, -0.0312856, 0.0329695
stamp: 25799000000
-0.0103584, -0.0115794, 0.0378149
0.47336, -0.00931213, 0.0341762
0.513976, -0.0047046, 0.0323862
0.0348043, -0.492579, 0.0335175
0.00430096, -0.51716, 0.0346296
0.005149, -0.462091, 0.0345929
-0.00536027, -0.492245, 0.0345166
0.506455, -0.0313289, 0.0329306
stamp: 25810000000
-0.0103574, -0.0115774, 0.0378006
0.47335, -0.00931666, 0.0341902
0.513975, -0.00472016, 0.0323788
0.0347998, -0.49258, 0.0335068
0.00430132, -0.517161, 0.0346206
0.0051552, -0.462085, 0.034586
-0.00535342, -0.49224, 0.0345137
0.506535, -0.0312869, 0.0328345
stamp: 25819000000
-0.0103605, -0.0115812, 0.0378063
0.473319, -0.00927504, 0.0341426
0.513987, -0.00471597, 0.0323909
0.0348065, -0.492573, 0.033507
0.00428857, -0.517154, 0.0346099
0.0051557, -0.462081, 0.034587
-0.00535148, -0.49224, 0.0345171
0.506476, -0.03133, 0.0329546
stamp: 25829000000
-0.0103601, -0.0115788, 0.037806
0.473335, -0.00929897, 0.0341892
0.513982, -0.00470993, 0.0323919
0.0348034, -0.492587, 0.0335173
0.0042922, -0.517162, 0.0346163
0.00515098, -0.462083, 0.0345816
-0.00534711, -0.492239, 0.0345262
0.506292, -0.0313368, 0.0330766
stamp: 25840000000
-0.0103642, -0.0115771, 0.0378142
0.473332, -0.00929402, 0.0341998
0.513982, -0.0047117, 0.032391
0.0347947, -0.492574, 0.0335028
0.00429752, -0.517162, 0.0346176
0.00515129, -0.462095, 0.0345819
-0.00535177, -0.492233, 0.0345136
0.506247, -0.0313332, 0.0330775
stamp: 25849000000
-0.010359, -0.0115807, 0.0378172
0.473332, -0.00928649, 0.0341349
0.513974, -0.00471085, 0.0323801
0.0347928, -0.492571, 0.0335046
0.00430237, -0.517159, 0.0346312
0.00515528, -0.46208, 0.0345927
-0.00535361, -0.492234, 0.0345159
0.506251, -0.0313382, 0.0330839
stamp: 25859000000
-0.0103558, -0.0115913, 0.037831
0.473354, -0.00931703, 0.0341878
0.513977, -0.00470965, 0.0323706
0.0347926, -0.492576, 0.0335026
0.00429853, -0.517158, 0.034627
0.00515208, -0.462093, 0.0345813
-0.00536023, -0.492242, 0.0345127
0.506465, -0.0313325, 0.0329337
stamp: 25870000000
-0.0103524, -0.0115765, 0.0378127
0.47332, -0.00930307, 0.0341984
0.513972, -0.00471529, 0.0323811
0.0347989, -0.492575, 0.03351
0.00430024, -0.517161, 0.034619
0.00515788, -0.462088, 0.0345824
-0.00535521, -0.492239, 0.0345148
0.50649, -0.031332, 0.0329652
stamp: 25879000000
-0.0103521, -0.0115741, 0.0378173
0.473337, -0.00928039, 0.0341331
0.513974, -0.00472181, 0.0323834
0.0348001, -0.492576, 0.0335082
0.00429742, -0.517156, 0.0346263
0.00515521, -0.462089, 0.0345866
-0.00535918, -0.492241, 0.0345103
0.506475, -0.0313374, 0.0329478
stamp: 25889000000
-0.0103625, -0.0115861, 0.0378093
0.473332, -0.00929243, 0.0341846
0.513982, -0.00471938, 0.0323796
0.0347998, -0.492572, 0.0335097
0.0042877, -0.517162, 0.0346134
0.00515568, -0.462088, 0.0345845
-0.00534254, -0.492243, 0.0345076
0.506485, -0.0313331, 0.0329505
stamp: 25900000000
-0.0103595, -0.0115791, 0.0378085
0.473318, -0.00927659, 0.0341397
0.513982, -0.00471512, 0.0323833
0.0347976, -0.492573, 0.0335046
0.00429654, -0.517159, 0.0346163
0.00515211, -0.462083, 0.0345904
-0.00535741, -0.492243, 0.034519
0.506487, -0.0313297, 0.032956
stamp: 25909000000
-0.0103614, -0.0115816, 0.0378151
0.47333, -0.00929908, 0.0341907
0.513981, -0.00471039, 0.0323921
0.0347945, -0.492571, 0.0334974
0.00429116, -0.517159, 0.0346125
0.00514483, -0.462085, 0.0345793
-0.00535278, -0.492243, 0.0345193
0.506306, -0.0313392, 0.0330694
stamp: 25919000000
-0.0103609, -0.0115835, 0.0378017
0.473346, -0.0093134, 0.0341959
0.513976, -0.00472481, 0.0323752
0.0347935, -0.49257, 0.0334967
0.00429762, -0.51716, 0.0346138
0.00515675, -0.462085, 0.0345793
-0.00534969, -0.49224, 0.0345104
0.506464, -0.0313389, 0.0329299
stamp: 25930000000
-0.0103626, -0.011586, 0.0378081
0.473346, -0.00927257, 0.0341689
0.513976, -0.00471265, 0.0323809
0.0347968, -0.492568, 0.0335012
0.00429974, -0.517156, 0.034608
0.00516038, -0.462085, 0.0345964
-0.00534936, -0.492245, 0.0345339
0.506482, -0.0313355, 0.0329531
stamp: 25940000000
-0.0103588, -0.011577, 0.037812
0.473322, -0.00926633, 0.0341231
0.513978, -0.00470896, 0.0323801
0.0348005, -0.492578, 0.0335082
0.00429831, -0.517161, 0.0346244
0.00515629, -0.462091, 0.034593
-0.00535038, -0.492249, 0.0345209
0.506486, -0.0313323, 0.0329428
stamp: 25949000000
-0.0103591, -0.0115799, 0.0378093
0.473333, -0.00929962, 0.0341985
0.513977, -0.00472139, 0.032379
0.0347984, -0.492576, 0.0335014
0.00429231, -0.517161, 0.0346225
0.00514957, -0.462096, 0.0345778
-0.00534856, -0.492242, 0.0345164
0.506476, -0.0313303, 0.032947
stamp: 25959000000
-0.0103495, -0.0115755, 0.0378091
0.473341, -0.00929092, 0.0341332
0.513974, -0.00470512, 0.0323861
0.0347988, -0.492579, 0.0335039
0.00429126, -0.517155, 0.0346149
0.00515686, -0.46208, 0.034594
-0.00534899, -0.492247, 0.0345218
0.5063, -0.0313315, 0.0330701
stamp: 25970000000
-0.010358, -0.0115852, 0.0378068
0.473349, -0.00927992, 0.0341152
0.51398, -0.00471003, 0.0323663
0.0347933, -0.492576, 0.0334931
0.00429004, -0.517162, 0.0346056
0.00514618, -0.462088, 0.0345704
-0.0053496, -0.492249, 0.0345003
0.506245, -0.0313445, 0.0330706
stamp: 25979000000
-0.0103594, -0.0115914, 0.0378067
0.473351, -0.00931847, 0.0341909
0.513981, -0.00471069, 0.0323757
0.0347971, -0.492571, 0.0335104
0.00429679, -0.517166, 0.0346167
0.00515088, -0.462082, 0.0345834
-0.00534863, -0.492245, 0.0345117
0.50646, -0.0313347, 0.0329248
stamp: 25990000000
-0.0103587, -0.0115831, 0.0378188
0.473354, -0.00931916, 0.0341792
0.513976, -0.00471641, 0.0323885
0.0347919, -0.492575, 0.0335116
0.00429262, -0.517151, 0.034619
0.00514707, -0.462089, 0.0345869
-0.00535577, -0.492243, 0.0345244
0.506482, -0.0313326, 0.0329555
stamp: 25999000000
-0.0103637, -0.0115757, 0.0378079
0.473322, -0.00930143, 0.0341829
0.513986, -0.00471402, 0.0323729
0.0348003, -0.492574, 0.0335044
0.00428875, -0.517164, 0.0345971
0.00514501, -0.462084, 0.0345636
-0.00536461, -0.492247, 0.0344999
0.506522, -0.0312905, 0.0328355
stamp: 26009000000
-0.0103592, -0.0115812, 0.0378105
0.47333, -0.00929639, 0.0342038
0.513979, -0.00471485, 0.0323849
0.0347938, -0.492573, 0.0335077
0.00429012, -0.517159, 0.0346184
0.00515749, -0.462086, 0.0345888
-0.00534739, -0.492238, 0.0345226
0.50631, -0.0313335, 0.0330874
stamp: 26019000000
-0.0103551, -0.0115733, 0.0378056
0.473317, -0.00926909, 0.034137
0.513982, -0.00471689, 0.0323833
0.0347934, -0.492568, 0.0335029
0.00429455, -0.517156, 0.0346142
0.005151, -0.462078, 0.0345897
-0.00534237, -0.492244, 0.0345261
0.506249, -0.0313343, 0.033081
stamp: 26029000000
-0.0103545, -0.0115852, 0.0378109
0.473363, -0.00930844, 0.0341802
0.513978, -0.00471603, 0.0323756
0.0347956, -0.49258, 0.0335077
0.00430057, -0.517161, 0.0346185
0.0051525, -0.46209, 0.0345808
-0.00535172, -0.492246, 0.0345177
0.50646, -0.0313424, 0.0329306
stamp: 26040000000
-0.0103587, -0.0115772, 0.0378094
0.473374, -0.00931263, 0.034222
0.513981, -0.00471138, 0.0323905
0.0347934, -0.492578, 0.0335049
0.00430414, -0.517154, 0.0346227
0.00514988, -0.462085, 0.0345896
-0.00535827, -0.492249, 0.0345151
0.506482, -0.0313295, 0.0329552
stamp: 26049000000
-0.0103564, -0.0115798, 0.037805
0.47333, -0.00930619, 0.0341915
0.513979, -0.00471294, 0.0323839
0.0347977, -0.492572, 0.0335029
0.0042931, -0.517163, 0.0346183
0.0051504, -0.462089, 0.0345692
-0.0053573, -0.492251, 0.0345155
0.506471, -0.0313354, 0.0329441
stamp: 26060000000
-0.0103551, -0.0115822, 0.0378066
0.473335, -0.0092921, 0.0341265
0.513981, -0.00471333, 0.0323818
0.0347957, -0.492579, 0.033506
0.00429137, -0.517161, 0.0345993
0.00514772, -0.462093, 0.0345722
-0.00535501, -0.492238, 0.0345164
0.506296, -0.0313318, 0.0330881
stamp: 26069000000
-0.0103639, -0.0115834, 0.0378175
0.473384, -0.00930804, 0.0342102
0.513976, -0.00471291, 0.0323822
0.0347908, -0.49257, 0.0335069
0.00429602, -0.517158, 0.0346215
0.00515213, -0.462085, 0.0345893
-0.00535129, -0.492239, 0.034515
0.506248, -0.0313379, 0.0330776
stamp: 26079000000
-0.0103621, -0.0115809, 0.0378008
0.473318, -0.0092812, 0.0341419
0.513987, -0.00471843, 0.0323656
0.0347929, -0.492579, 0.0335159
0.00429625, -0.517155, 0.0346072
0.00515253, -0.462093, 0.0345734
-0.00535544, -0.49225, 0.0345117
0.506477, -0.0313361, 0.0329413
stamp: 26090000000
-0.0103585, -0.0115745, 0.037809
0.473382, -0.00931358, 0.0342195
0.51398, -0.00471966, 0.0323745
0.0347985, -0.492566, 0.033508
0.00429825, -0.517165, 0.0346132
0.00515431, -0.462086, 0.0345784
-0.00535544, -0.492244, 0.0345142
0.506481, -0.0313327, 0.0329569
stamp: 26099000000
-0.0103572, -0.0115855, 0.0378064
0.473361, -0.00932358, 0.0341913
0.513977, -0.00471163, 0.0323783
0.0348042, -0.492571, 0.0335065
0.00429279, -0.517158, 0.034621
0.00515122, -0.462087, 0.0345807
-0.00535382, -0.492241, 0.0345156
0.506476, -0.0313349, 0.0329553
stamp: 26109000000
-0.0103647, -0.0115812, 0.0378052
0.473334, -0.00928802, 0.0341248
0.513976, -0.00471309, 0.0323753
0.0347935, -0.492576, 0.0335125
0.00430183, -0.517157, 0.0346199
0.00514765, -0.46208, 0.0345717
-0.00536046, -0.492243, 0.0345034
0.506477, -0.0313366, 0.0329357
stamp: 26120000000
-0.0103626, -0.0115785, 0.0378143
0.47332, -0.00926618, 0.0341209
0.513982, -0.00472085, 0.0323859
0.0347903, -0.492588, 0.0335176
0.00429857, -0.51716, 0.0346155
0.00515529, -0.462086, 0.034593
-0.00536066, -0.492246, 0.0345196
0.506482, -0.0313286, 0.032955
stamp: 26129000000
-0.0103649, -0.0115865, 0.0378036
0.47333, -0.00929519, 0.0341733
0.513976, -0.00472039, 0.0323569
0.0347969, -0.492569, 0.033493
0.00430167, -0.517158, 0.0346124
0.00515939, -0.46209, 0.034591
-0.00536092, -0.492251, 0.0345159
0.506479, -0.0313383, 0.0329435
stamp: 26140000000
-0.0103608, -0.0115814, 0.0378041
0.473335, -0.00929031, 0.0341271
0.51397, -0.0047216, 0.0323708
0.0348015, -0.492569, 0.0335017
0.00430719, -0.517162, 0.03462
0.00515608, -0.46209, 0.0345828
-0.00535433, -0.492243, 0.0345071
0.506482, -0.0313346, 0.0329479
stamp: 26150000000
-0.0103578, -0.0115771, 0.0378208
0.47334, -0.00926498, 0.0341632
0.513986, -0.00471794, 0.0323817
0.0347972, -0.492569, 0.0335046
0.00429595, -0.517162, 0.034621
0.00515616, -0.462086, 0.0345774
-0.00534789, -0.492238, 0.0345195
0.506483, -0.0313281, 0.0329562
stamp: 26159000000
-0.0103583, -0.0115846, 0.0378115
0.473358, -0.00931163, 0.034182
0.513983, -0.00472066, 0.0323667
0.0348011, -0.492574, 0.0335166
0.00429636, -0.517162, 0.0346164
0.00515363, -0.462096, 0.0345744
-0.0053545, -0.492245, 0.0345217
0.506482, -0.0313207, 0.0329548
stamp: 26169000000
-0.0103591, -0.0115776, 0.0378113
0.473377, -0.00932437, 0.0342189
0.513982, -0.0047133, 0.0323803
0.034792, -0.492575, 0.0335042
0.00429902, -0.517164, 0.0346231
0.00515569, -0.462082, 0.0345826
-0.00535717, -0.492246, 0.0345313
0.506473, -0.0313308, 0.0329385
stamp: 26180000000
-0.010357, -0.011582, 0.0378061
0.473345, -0.00929397, 0.0341294
0.513975, -0.004711, 0.0323679
0.0347951, -0.492583, 0.0335137
0.00430179, -0.517163, 0.0346104
0.00514398, -0.462084, 0.0345745
-0.0053527, -0.49225, 0.0345152
0.506481, -0.0313335, 0.03294
stamp: 26190000000
-0.0103618, -0.0115855, 0.0378065
0.47336, -0.00931289, 0.0341759
0.513967, -0.00472243, 0.032359
0.0347964, -0.492569, 0.0335071
0.00429839, -0.517161, 0.0346104
0.005151, -0.462092, 0.0345818
-0.00535453, -0.492243, 0.0345137
0.506478, -0.0313309, 0.0329539
stamp: 26199000000
-0.0103569, -0.0115781, 0.0378155
0.473378, -0.00931238, 0.034213
0.513974, -0.00471438, 0.0323779
0.034799, -0.492576, 0.0335169
0.00430142, -0.517156, 0.0346146
0.00515541, -0.462091, 0.0345925
-0.00534685, -0.492242, 0.0345214
0.506478, -0.0313356, 0.0329451
stamp: 26210000000
-0.0103532, -0.0115898, 0.0378121
0.473337, -0.00928672, 0.0341331
0.513974, -0.00472314, 0.0323763
0.0347998, -0.492581, 0.0335157
0.00430063, -0.517158, 0.0346189
0.00515035, -0.462083, 0.0345726
-0.00534754, -0.492246, 0.03452
0.506469, -0.0313255, 0.032939
stamp: 26219000000
-0.0103595, -0.0115802, 0.0378052
0.473325, -0.00929818, 0.0341855
0.513976, -0.00471736, 0.0323634
0.0347993, -0.492569, 0.033512
0.00429227, -0.517157, 0.0346064
0.0051574, -0.462081, 0.034579
-0.00535362, -0.492246, 0.0345183
0.506474, -0.0313281, 0.0329376
stamp: 26229000000
-0.0103612, -0.0115791, 0.0378111
0.47332, -0.0093012, 0.0341844
0.513984, -0.0047154, 0.0323794
0.0347913, -0.492567, 0.0334955
0.0042947, -0.517157, 0.0346114
0.00515424, -0.462077, 0.0345811
-0.00534877, -0.492244, 0.0345213
0.506472, -0.0313289, 0.0329542
stamp: 26240000000
-0.0103616, -0.0115856, 0.0378012
0.473353, -0.0092902, 0.0342289
0.513983, -0.00471157, 0.032379
0.0347966, -0.492571, 0.0335123
0.00430292, -0.517166, 0.0346217
0.00515261, -0.462088, 0.0345785
-0.00535083, -0.492246, 0.0345234
0.506479, -0.031332, 0.0329449
stamp: 26250000000
-0.0103634, -0.0115787, 0.0378075
0.473314, -0.00927711, 0.03413
0.513979, -0.00471637, 0.0323746
0.0347928, -0.492566, 0.0334985
0.00429662, -0.51716, 0.0346225
0.00514594, -0.462085, 0.0345869
-0.00535085, -0.492232, 0.0345221
0.506474, -0.0313332, 0.0329437
stamp: 26259000000
-0.0103628, -0.0115824, 0.0378097
0.473362, -0.00931465, 0.034187
0.513977, -0.0047157, 0.0323646
0.0347969, -0.492569, 0.0335038
0.00429663, -0.517163, 0.0346038
0.00514909, -0.46209, 0.0345823
-0.00535298, -0.492245, 0.0345135
0.506298, -0.031338, 0.0330745
stamp: 26270000000
-0.0103586, -0.011587, 0.0378083
0.473334, -0.00930324, 0.0341952
0.513978, -0.00472367, 0.0323635
0.0347988, -0.492576, 0.0335068
0.00428698, -0.517159, 0.0346028
0.00515236, -0.462087, 0.0345795
-0.00535102, -0.492242, 0.0345189
0.506458, -0.0313311, 0.0329354
stamp: 26279000000
-0.010362, -0.0115835, 0.0378147
0.473333, -0.00929731, 0.0341946
0.513981, -0.00471613, 0.0323875
0.0347975, -0.492572, 0.0335126
0.00429701, -0.517162, 0.0346213
0.00515635, -0.462093, 0.0345935
-0.00534627, -0.492245, 0.0345108
0.50648, -0.0313305, 0.0329536
stamp: 26290000000
-0.0103614, -0.0115808, 0.0378164
0.473378, -0.0093083, 0.0342277
0.513981, -0.00471416, 0.0323747
0.0347982, -0.492572, 0.0335042
0.00429657, -0.517158, 0.0346109
0.00515242, -0.462087, 0.0345776
-0.00535461, -0.492244, 0.0345079
0.506481, -0.0313342, 0.0329464
stamp: 26299000000
-0.0103539, -0.0115731, 0.0378147
0.473336, -0.00926563, 0.034173
0.513981, -0.00471541, 0.0323758
0.0347972, -0.492571, 0.0334999
0.00430329, -0.517159, 0.0346261
0.00515903, -0.462083, 0.0345811
-0.00535594, -0.492244, 0.0345108
0.506482, -0.0313415, 0.0329458
stamp: 26310000000
-0.010358, -0.0115749, 0.0378122
0.473358, -0.00931159, 0.0341878
0.513982, -0.00471359, 0.0323732
0.0347975, -0.49257, 0.0334936
0.00430207, -0.517167, 0.034627
0.00515874, -0.462083, 0.0345848
-0.00535364, -0.492237, 0.0345142
0.50648, -0.0313411, 0.0329449
stamp: 26320000000
-0.0103632, -0.0115778, 0.037811
0.47335, -0.00929437, 0.034216
0.513974, -0.00471738, 0.032374
0.0347982, -0.492577, 0.0335031
0.00429205, -0.517155, 0.0346042
0.00515503, -0.462091, 0.0345937
-0.00534944, -0.492242, 0.0345194
0.506306, -0.0313301, 0.0330723
stamp: 26329000000
-0.0103592, -0.0115759, 0.0378186
0.47333, -0.00930195, 0.0341869
0.513978, -0.00471089, 0.0323568
0.0347917, -0.492572, 0.0334968
0.00430162, -0.517157, 0.0346146
0.00515274, -0.462086, 0.0345811
-0.00534692, -0.492243, 0.034522
0.50625, -0.031345, 0.0330819
stamp: 26340000000
-0.0103512, -0.0115767, 0.0378098
0.473354, -0.00931688, 0.0341862
0.51398, -0.00471524, 0.0323858
0.0347928, -0.492574, 0.0335062
0.00430437, -0.517155, 0.034625
0.00515907, -0.462087, 0.0345914
-0.00534985, -0.49224, 0.0345175
0.506462, -0.0313337, 0.0329427
stamp: 26350000000
-0.0103594, -0.011588, 0.0378058
0.473338, -0.00928953, 0.0341348
0.513979, -0.00471044, 0.032383
0.0348, -0.492568, 0.0335115
0.00433406, -0.517173, 0.0346204
0.00514993, -0.462088, 0.0345908
-0.00535487, -0.492238, 0.0345102
0.506318, -0.03134, 0.0330728
stamp: 26359000000
-0.0103577, -0.0115817, 0.0378145
0.473332, -0.00929843, 0.034177
0.513975, -0.00471806, 0.0323741
0.0348054, -0.492573, 0.0335027
0.00429649, -0.517163, 0.0346095
0.0051541, -0.462085, 0.0345908
-0.00534461, -0.492243, 0.0345145
0.506464, -0.0313308, 0.0329286
stamp: 26369000000
-0.0103555, -0.0115888, 0.0378051
0.473355, -0.00930038, 0.0342189
0.513988, -0.00471956, 0.0323625
0.0347957, -0.492564, 0.0335133
0.00429723, -0.517152, 0.0346147
0.00515485, -0.462087, 0.0345816
-0.00535014, -0.492247, 0.0345229
0.506477, -0.0313389, 0.0329416
stamp: 26380000000
-0.0103582, -0.0115891, 0.0378082
0.473336, -0.00926617, 0.0341679
0.513982, -0.00472218, 0.0323757
0.0347967, -0.492575, 0.0335051
0.00430476, -0.517155, 0.0346128
0.0051573, -0.462088, 0.0345831
-0.00535813, -0.492252, 0.0345125
0.506479, -0.0313362, 0.0329407
stamp: 26390000000
-0.0103623, -0.0115837, 0.0378068
0.473331, -0.00930222, 0.0341856
0.513972, -0.00472138, 0.0323781
0.0347954, -0.492564, 0.0335044
0.0042991, -0.517155, 0.0346134
0.00515296, -0.462091, 0.0345807
-0.00535505, -0.492245, 0.0345167
0.506299, -0.0313437, 0.0330593
stamp: 26400000000
-0.0103567, -0.0115798, 0.0378239
0.473338, -0.00929472, 0.0341326
0.513981, -0.00471592, 0.0323726
0.0347986, -0.492575, 0.0334969
0.00429888, -0.517156, 0.0346115
0.00515462, -0.462078, 0.03458
-0.00535531, -0.492249, 0.0345199
0.506466, -0.0313312, 0.032937
stamp: 26410000000
-0.0103586, -0.0115841, 0.0378054
0.473362, -0.00929044, 0.0342116
0.513979, -0.00472951, 0.0323785
0.0347924, -0.492583, 0.0335022
0.00429369, -0.517165, 0.034609
0.0051605, -0.462084, 0.0345721
-0.00534965, -0.492249, 0.0345104
0.506483, -0.0313264, 0.0329579
stamp: 26419000000
-0.0103586, -0.0115778, 0.0378086
0.473362, -0.00932015, 0.0341923
0.513975, -0.00471694, 0.0323775
0.0347984, -0.492583, 0.0335218
0.00430364, -0.51716, 0.0346129
0.00515475, -0.462088, 0.0345928
-0.00535867, -0.492239, 0.0345019
0.506474, -0.0313358, 0.0329437
stamp: 26429000000
-0.0103634, -0.0115802, 0.0378093
0.473356, -0.00929297, 0.0341538
0.513974, -0.00471836, 0.0323801
0.0347951, -0.492574, 0.033511
0.00430256, -0.517157, 0.0346153
0.0051508, -0.462084, 0.0345789
-0.00536265, -0.492233, 0.034504
0.506473, -0.031331, 0.0329341
stamp: 26440000000
-0.0103634, -0.011578, 0.0378092
0.473344, -0.00928122, 0.0341227
0.513979, -0.00471952, 0.0323655
0.0347952, -0.492578, 0.0335053
0.00430003, -0.517153, 0.0346155
0.00516377, -0.462093, 0.034582
-0.00535998, -0.492244, 0.0345207
0.506473, -0.0313326, 0.0329471
stamp: 26450000000
-0.010361, -0.0115802, 0.0378078
0.473327, -0.00929747, 0.0341952
0.513982, -0.00471769, 0.0323751
0.0347919, -0.492567, 0.0334979
0.00429896, -0.517158, 0.0346231
0.0051573, -0.462095, 0.034588
-0.00535675, -0.492246, 0.0345094
0.506483, -0.0313282, 0.0329528
stamp: 26460000000
-0.0103561, -0.0115833, 0.0378132
0.473349, -0.00932016, 0.0341972
0.513975, -0.00471716, 0.0323742
0.0347988, -0.492575, 0.0335037
0.00430648, -0.517158, 0.0346132
0.00515828, -0.462084, 0.0345795
-0.00535672, -0.492247, 0.0345266
0.506304, -0.0313249, 0.0330697
stamp: 26469000000
-0.0103576, -0.0115815, 0.0378101
0.473369, -0.00928035, 0.0341536
0.513984, -0.00471782, 0.0323745
0.0348005, -0.492571, 0.0334977
0.00430293, -0.51716, 0.0346162
0.0051594, -0.46209, 0.0345869
-0.00535449, -0.492247, 0.0345231
0.506463, -0.0313276, 0.0329224
stamp: 26479000000
-0.0103528, -0.0115785, 0.0378101
0.473341, -0.0092949, 0.0341758
0.513981, -0.00471928, 0.0323734
0.0347934, -0.492567, 0.0335039
0.00429334, -0.517154, 0.0346108
0.00515254, -0.462085, 0.034579
-0.00534973, -0.492236, 0.0345115
0.506478, -0.031332, 0.0329381
stamp: 26490000000
-0.0103534, -0.0115755, 0.0378045
0.473376, -0.00932253, 0.0342243
0.513974, -0.00472056, 0.0323707
0.0348022, -0.492575, 0.0335022
0.00429988, -0.517167, 0.0346245
0.00515756, -0.462089, 0.0345764
-0.00535182, -0.49224, 0.0345122
0.506469, -0.0313374, 0.0329456
stamp: 26499000000
-0.0103677, -0.0115782, 0.0378049
0.473316, -0.00928236, 0.0341361
0.513983, -0.00471861, 0.0323625
0.0347915, -0.492574, 0.0335046
0.00429672, -0.51716, 0.0346209
0.00515497, -0.46208, 0.0345799
-0.0053526, -0.492239, 0.0345155
0.506481, -0.0313237, 0.0329424
stamp: 26510000000
-0.0103666, -0.01158, 0.0378051
0.473341, -0.0092628, 0.0341613
0.513973, -0.00472341, 0.0323734
0.034798, -0.492567, 0.0335093
0.00430155, -0.517159, 0.0346295
0.00515202, -0.462086, 0.0345744
-0.00535738, -0.492241, 0.0345181
0.506475, -0.0313379, 0.0329337
stamp: 26520000000
-0.010365, -0.0115808, 0.0378083
0.473384, -0.0093141, 0.034218
0.513982, -0.00472091, 0.0323648
0.0348039, -0.492572, 0.0335068
0.00429458, -0.517165, 0.0346047
0.00516235, -0.462083, 0.0345857
-0.00535482, -0.492248, 0.0345126
0.506473, -0.0313361, 0.0329425
stamp: 26529000000
-0.0103613, -0.0115831, 0.0378123
0.473383, -0.00932099, 0.0342247
0.513978, -0.00471176, 0.0323692
0.0348037, -0.492571, 0.0335125
0.00430288, -0.517161, 0.0346127
0.00515497, -0.462085, 0.0345762
-0.00534995, -0.492241, 0.0345055
0.506301, -0.0313294, 0.0330671
stamp: 26540000000
-0.0103591, -0.0115802, 0.0378139
0.473353, -0.00929208, 0.0342247
0.513978, -0.00471521, 0.0323772
0.0347972, -0.492571, 0.0334981
0.00429762, -0.517161, 0.0346013
0.0051544, -0.462081, 0.0345804
-0.00534337, -0.492246, 0.0345217
0.506471, -0.0313312, 0.0329215
stamp: 26550000000
-0.01036, -0.0115818, 0.0378094
0.473349, -0.00928692, 0.0342269
0.513985, -0.00471501, 0.0323733
0.0347942, -0.492577, 0.0334944
0.00429812, -0.517153, 0.0346079
0.00514922, -0.462089, 0.0345774
-0.00535805, -0.49224, 0.0345132
0.506472, -0.0313331, 0.0329392
stamp: 26559000000
-0.0103609, -0.0115834, 0.0378021
0.473376, -0.00931018, 0.0342194
0.513978, -0.00472334, 0.0323674
0.0347927, -0.492569, 0.0335093
0.00429509, -0.51716, 0.0346096
0.00515249, -0.462086, 0.0345776
-0.00535085, -0.492244, 0.03451
0.506482, -0.0313278, 0.032947
stamp: 26570000000
-0.0103591, -0.0115868, 0.0378132
0.473356, -0.00929075, 0.0342232
0.51398, -0.00471124, 0.0323778
0.0347944, -0.492574, 0.0335103
0.00429863, -0.517169, 0.0346209
0.00515629, -0.462094, 0.0345772
-0.00534848, -0.49224, 0.0345227
0.506476, -0.0313352, 0.0329492
stamp: 26580000000
-0.0103671, -0.0115803, 0.0378039
0.473334, -0.00927697, 0.0341243
0.513975, -0.00471985, 0.0323749
0.0347993, -0.492579, 0.0335005
0.00429421, -0.517164, 0.0346128
0.00515237, -0.462089, 0.034574
-0.00535161, -0.492242, 0.034513
0.506479, -0.03133, 0.0329537
stamp: 26590000000
-0.0103623, -0.0115827, 0.0378083
0.473347, -0.00928857, 0.0341128
0.513985, -0.00471962, 0.0323723
0.0348045, -0.492583, 0.0335165
0.00433476, -0.517175, 0.0346267
0.0051539, -0.462087, 0.0345699
-0.00535366, -0.492238, 0.0345196
0.5063, -0.0313363, 0.033078
stamp: 26600000000
-0.0103573, -0.0115847, 0.0378193
0.473314, -0.00927658, 0.0341214
0.513974, -0.00472274, 0.0323656
0.0348053, -0.492583, 0.0335157
0.00430651, -0.517153, 0.0346093
0.00515813, -0.462085, 0.0345847
-0.00535209, -0.492242, 0.0345115
0.506468, -0.0313379, 0.0329237
stamp: 26610000000
-0.0103662, -0.0115813, 0.0378104
0.473335, -0.0092971, 0.0341916
0.513987, -0.00471977, 0.0323753
0.0347986, -0.492574, 0.0335103
0.0043026, -0.51716, 0.0346208
0.00514968, -0.462083, 0.0345771
-0.00535429, -0.492232, 0.0345084
0.506478, -0.0313356, 0.0329567
stamp: 26620000000
-0.0103562, -0.0115881, 0.0378071
0.473359, -0.00932029, 0.0341919
0.513979, -0.00471785, 0.0323887
0.0347919, -0.492574, 0.0335
0.00429877, -0.51716, 0.034619
0.0051537, -0.462085, 0.0345839
-0.00535613, -0.492245, 0.0345023
0.506478, -0.0313288, 0.032952
stamp: 26629000000
-0.0103581, -0.0115814, 0.0378198
0.47334, -0.00929502, 0.0341288
0.513983, -0.00471461, 0.0323763
0.0347921, -0.49258, 0.0334966
0.00429799, -0.517163, 0.034612
0.00516139, -0.462087, 0.0345783
-0.0053528, -0.492242, 0.0345172
0.506478, -0.0313418, 0.0329383
stamp: 26640000000
-0.0103596, -0.0115797, 0.0378088
0.473382, -0.00930681, 0.0342049
0.513976, -0.00472518, 0.0323711
0.0347954, -0.492568, 0.0335006
0.00429469, -0.517157, 0.0346039
0.00516146, -0.462086, 0.0345823
-0.00535501, -0.492239, 0.034512
0.506473, -0.0313334, 0.0329451
stamp: 26650000000
-0.01036, -0.0115744, 0.0377977
0.473383, -0.00931738, 0.0342217
0.513978, -0.00471734, 0.0323835
0.034796, -0.492571, 0.0335041
0.00429912, -0.517156, 0.0346118
0.00515309, -0.462083, 0.0345812
-0.00535017, -0.492238, 0.0345095
0.506476, -0.031339, 0.032934
stamp: 26660000000
-0.0103632, -0.011576, 0.0378073
0.473375, -0.00931312, 0.034217
0.513973, -0.00472086, 0.0323679
0.0348002, -0.492579, 0.033508
0.00430012, -0.517163, 0.0346166
0.00515471, -0.462089, 0.034594
-0.00535006, -0.492243, 0.0345103
0.506473, -0.0313337, 0.0329429
stamp: 26669000000
-0.0103592, -0.0115808, 0.0378126
0.473357, -0.00927992, 0.0341571
0.513974, -0.0047179, 0.0323868
0.034798, -0.492575, 0.033508
0.00429976, -0.517157, 0.0346196
0.00515479, -0.46209, 0.0345835
-0.00535954, -0.492238, 0.034514
0.506475, -0.031332, 0.0329361
stamp: 26679000000
-0.0103586, -0.0115841, 0.0378147
0.473315, -0.00928136, 0.0341273
0.513974, -0.00471404, 0.0323727
0.0347938, -0.492571, 0.0334997
0.00430711, -0.517155, 0.0346206
0.00515662, -0.462084, 0.0345766
-0.00534915, -0.492242, 0.0345073
0.506475, -0.0313365, 0.0329352
stamp: 26690000000
-0.0103612, -0.0115822, 0.0378131
0.47334, -0.00927924, 0.0341223
0.513976, -0.004709, 0.0323712
0.0347974, -0.49257, 0.0335069
0.00430502, -0.517168, 0.0346175
0.00515709, -0.462084, 0.0345801
-0.00535464, -0.492243, 0.0345123
0.506474, -0.0313301, 0.0329393
stamp: 26699000000
-0.0103533, -0.0115808, 0.0378131
0.473346, -0.0092631, 0.0341566
0.513974, -0.00471656, 0.0323804
0.0347906, -0.492573, 0.0334847
0.00428678, -0.51715, 0.034618
0.00515982, -0.462088, 0.0345925
-0.0053525, -0.492245, 0.0345241
0.506478, -0.031331, 0.0329437
stamp: 26709000000
-0.0103565, -0.0115731, 0.037802
0.473353, -0.00929413, 0.034217
0.513983, -0.0047192, 0.0323768
0.0347978, -0.492569, 0.0335004
0.00429531, -0.517158, 0.0346163
0.00515324, -0.46209, 0.0345785
-0.00534808, -0.492239, 0.0345161
0.506482, -0.0313423, 0.0329372
stamp: 26720000000
-0.0103574, -0.0115767, 0.0378077
0.473376, -0.00931423, 0.0342249
0.513982, -0.00471633, 0.032378
0.0348, -0.492573, 0.0335071
0.00429833, -0.517157, 0.0346187
0.00516089, -0.462083, 0.0345836
-0.00536162, -0.492237, 0.0345169
0.506466, -0.031331, 0.0329444
stamp: 26730000000
-0.0103518, -0.0115799, 0.037805
0.473354, -0.00932125, 0.0341912
0.513984, -0.00471903, 0.0323732
0.0347957, -0.49257, 0.0335065
0.00429733, -0.51716, 0.0346203
0.0051525, -0.462082, 0.0345779
-0.00535468, -0.492244, 0.0345128
0.506299, -0.0313412, 0.0330777
stamp: 26740000000
-0.010356, -0.0115788, 0.0378026
0.473354, -0.00931511, 0.0341962
0.513977, -0.00471813, 0.0323608
0.0347967, -0.49257, 0.0335021
0.00429591, -0.517155, 0.0346128
0.00515305, -0.462084, 0.0345725
-0.00534328, -0.492246, 0.0345207
0.506467, -0.03134, 0.0329152
stamp: 26750000000
-0.0103551, -0.0115872, 0.0378058
0.473327, -0.00930341, 0.0341859
0.513983, -0.00471782, 0.0323826
0.0347952, -0.492577, 0.0335043
0.00431128, -0.517155, 0.0346167
0.00515364, -0.462082, 0.0345868
-0.00535108, -0.492242, 0.034523
0.506482, -0.0313363, 0.0329592
stamp: 26759000000
-0.0103622, -0.0115769, 0.0378073
0.473371, -0.00931368, 0.0342207
0.513975, -0.00472246, 0.0323721
0.034792, -0.49257, 0.0334971
0.00430233, -0.517161, 0.0346178
0.00515772, -0.462081, 0.0345793
-0.00535544, -0.492242, 0.0345222
0.506483, -0.0313296, 0.0329545
stamp: 26770000000
-0.0103557, -0.0115775, 0.037813
0.473359, -0.00931447, 0.0341939
0.513981, -0.00471869, 0.0323722
0.0348051, -0.492577, 0.0334981
0.00430613, -0.517156, 0.0346193
0.00515868, -0.462086, 0.0345905
-0.00534303, -0.492247, 0.0345194
0.506479, -0.0313361, 0.0329405
stamp: 26780000000
-0.0103548, -0.0115734, 0.0378133
0.473331, -0.00929606, 0.0341838
0.513983, -0.00472564, 0.0323797
0.0347999, -0.49257, 0.0334992
0.00429991, -0.517158, 0.0346253
0.00515414, -0.462085, 0.0345879
-0.00534602, -0.492244, 0.0345208
0.50647, -0.0313374, 0.0329458
stamp: 26789000000
-0.0103623, -0.011578, 0.0378061
0.47335, -0.00930516, 0.0342142
0.513979, -0.00471562, 0.0323762
0.0348025, -0.49257, 0.0335093
0.00429664, -0.517156, 0.0346108
0.00515507, -0.462092, 0.0345806
-0.00534101, -0.492241, 0.034521
0.506469, -0.0313267, 0.0329462
stamp: 26800000000
-0.0103621, -0.0115925, 0.0378378
0.473382, -0.00930691, 0.0342258
0.513975, -0.00471077, 0.0323754
0.0347948, -0.49257, 0.0335034
0.00429843, -0.517162, 0.0346053
0.00515652, -0.46209, 0.0345777
-0.00534979, -0.492247, 0.0345245
0.506476, -0.0313323, 0.0329391
stamp: 26810000000
-0.0103542, -0.0115791, 0.0378121
0.47335, -0.00929575, 0.0342138
0.513986, -0.0047263, 0.0323586
0.0348016, -0.492579, 0.0335097
0.00429539, -0.517152, 0.034612
0.00515811, -0.462084, 0.0345811
-0.00534905, -0.492243, 0.0345116
0.506476, -0.0313337, 0.0329396
stamp: 26819000000
-0.010355, -0.0115751, 0.0378166
0.473352, -0.00931142, 0.034195
0.513976, -0.00472166, 0.0323785
0.0348022, -0.492575, 0.0335073
0.00430137, -0.517158, 0.0346173
0.00515069, -0.462086, 0.0345658
-0.00535149, -0.492242, 0.034519
0.506475, -0.0313394, 0.0329441
stamp: 26830000000
-0.0103549, -0.011577, 0.0378139
0.473355, -0.00929404, 0.0342162
0.513984, -0.00472033, 0.0323758
0.0347972, -0.492577, 0.0335067
0.00430247, -0.517162, 0.0346149
0.00516193, -0.462087, 0.0345702
-0.00534576, -0.492237, 0.0345189
0.506473, -0.031338, 0.0329448
stamp: 26840000000
-0.0103501, -0.0115798, 0.0378101
0.473356, -0.0093185, 0.0341944
0.513975, -0.00471998, 0.0323646
0.034802, -0.492574, 0.0335008
0.00429027, -0.517157, 0.0346097
0.00515736, -0.462082, 0.0345761
-0.00535032, -0.492236, 0.0345092
0.506299, -0.031335, 0.033071
stamp: 26849000000
-0.0103528, -0.0115824, 0.0378093
0.473378, -0.00931507, 0.034216
0.513981, -0.00471511, 0.0323622
0.0348, -0.492574, 0.0335109
0.0042932, -0.517151, 0.0346137
0.00515492, -0.462085, 0.0345786
-0.00535601, -0.492244, 0.0345134
0.506456, -0.0313429, 0.0329238
stamp: 26860000000
-0.0103507, -0.0115807, 0.0378005
0.473359, -0.00931924, 0.0341932
0.513981, -0.00471521, 0.0323726
0.0348, -0.492576, 0.0335012
0.00429433, -0.517158, 0.0346065
0.00517156, -0.462151, 0.0345143
-0.00535235, -0.49224, 0.0345166
0.506471, -0.0313274, 0.0329415
stamp: 26869000000
-0.0103553, -0.0115812, 0.0378101
0.473322, -0.00929732, 0.0341854
0.513985, -0.0047136, 0.0323718
0.0347903, -0.492566, 0.0334955
0.00430028, -0.517156, 0.0346098
0.00515882, -0.462088, 0.0345809
-0.00535458, -0.492247, 0.0345114
0.506479, -0.0313383, 0.032941
stamp: 26879000000
-0.0103632, -0.0115866, 0.0378032
0.473382, -0.00931143, 0.0342208
0.513983, -0.00472058, 0.0323763
0.0347968, -0.492564, 0.0335011
0.00430432, -0.517151, 0.0346145
0.00515902, -0.462085, 0.0345907
-0.00535577, -0.492243, 0.0345233
0.506479, -0.0313413, 0.0329401
stamp: 26889000000
-0.0103561, -0.0115817, 0.037805
0.473383, -0.00932408, 0.0342215
0.513978, -0.00471829, 0.0323678
0.0348016, -0.492568, 0.033505
0.00429097, -0.517158, 0.0346063
0.00515458, -0.462087, 0.0345777
-0.00535685, -0.492241, 0.0345101
0.506483, -0.0313376, 0.0329419
stamp: 26900000000
-0.0103583, -0.0115861, 0.0378066
0.47338, -0.00931514, 0.034228
0.513982, -0.00472055, 0.0323636
0.0347996, -0.492566, 0.0335
0.00429378, -0.517159, 0.0346107
0.00515324, -0.462086, 0.0345785
-0.00534937, -0.492243, 0.0345057
0.50648, -0.0313336, 0.0329465
stamp: 26909000000
-0.0103621, -0.011583, 0.0378127
0.473385, -0.00931591, 0.0342204
0.513979, -0.00471116, 0.0323741
0.0347948, -0.492568, 0.0335049
0.00430091, -0.517159, 0.0346079
0.00514687, -0.462095, 0.034573
-0.00534931, -0.492247, 0.0345102
0.506477, -0.0313389, 0.0329353
stamp: 26920000000
-0.010363, -0.0115843, 0.0378167
0.473321, -0.00927246, 0.0341412
0.513978, -0.00471183, 0.0323774
0.0347966, -0.492572, 0.0334925
0.0043039, -0.517159, 0.0346116
0.00514697, -0.462088, 0.0345696
-0.00534866, -0.49224, 0.0345172
0.506475, -0.0313353, 0.0329423
stamp: 26930000000
-0.0103579, -0.0115821, 0.0378082
0.473351, -0.00929237, 0.0342121
0.513973, -0.00472624, 0.0323679
0.0348014, -0.492565, 0.0335006
0.00429566, -0.517156, 0.0346161
0.00516228, -0.462084, 0.034584
-0.0053514, -0.49224, 0.0345152
0.506302, -0.0313405, 0.0330731
stamp: 26940000000
-0.0103591, -0.0115774, 0.0378028
0.47335, -0.00929619, 0.0342282
0.513975, -0.00471957, 0.0323689
0.034795, -0.492564, 0.0334951
0.00430181, -0.517157, 0.034607
0.00516524, -0.462087, 0.0345889
-0.00535014, -0.492248, 0.0345224
0.506464, -0.0313296, 0.03293
stamp: 26950000000
-0.0103494, -0.0115852, 0.037802
0.47338, -0.0093081, 0.0342329
0.513977, -0.00471675, 0.0323685
0.0348, -0.492572, 0.0334981
0.00430114, -0.517164, 0.0346197
0.00514742, -0.462085, 0.0345783
-0.00535383, -0.492241, 0.0345242
0.50648, -0.0313352, 0.032954
stamp: 26960000000
-0.0103613, -0.0115826, 0.0377939
0.473328, -0.00930186, 0.0341935
0.513979, -0.00472657, 0.032379
0.034791, -0.492575, 0.0334964
0.00430039, -0.517159, 0.0346121
0.00515273, -0.462089, 0.0345804
-0.00535194, -0.492238, 0.0345071
0.506487, -0.0313323, 0.0329567
stamp: 26969000000
-0.0103552, -0.0115844, 0.0378124
0.473352, -0.0093193, 0.0341866
0.513974, -0.0047162, 0.0323744
0.0348003, -0.492576, 0.0335077
0.00430041, -0.517161, 0.0346187
0.00515063, -0.462077, 0.0345763
-0.00534861, -0.492242, 0.0345111
0.506481, -0.0313294, 0.0329527
stamp: 26980000000
-0.0103576, -0.0115815, 0.0378063
0.473347, -0.00929354, 0.03423
0.513981, -0.00472032, 0.0323619
0.0347956, -0.49257, 0.0335062
0.0043019, -0.517167, 0.0346306
0.00515533, -0.462081, 0.0345725
-0.00535992, -0.492244, 0.0345026
0.506305, -0.0313402, 0.0330852
stamp: 26990000000
-0.0103563, -0.0115793, 0.0378051
0.473377, -0.00931073, 0.0342136
0.513981, -0.00472699, 0.0323594
0.0348006, -0.492576, 0.0335008
0.00430045, -0.517162, 0.034619
0.00516797, -0.462085, 0.0345841
-0.00535757, -0.492242, 0.0345123
0.506459, -0.0313317, 0.0329229
stamp: 26999000000
-0.0103537, -0.0115806, 0.0378033
0.47336, -0.00932632, 0.0341765
0.513982, -0.00472429, 0.0323686
0.0347942, -0.49257, 0.0334947
0.00430251, -0.517159, 0.0346225
0.00515788, -0.462082, 0.0345736
-0.00535314, -0.492249, 0.0345112
0.506474, -0.0313397, 0.032937
stamp: 27010000000
-0.0103635, -0.0115801, 0.0378098
0.473379, -0.00931562, 0.0342191
0.513983, -0.00471954, 0.0323636
0.0348001, -0.492573, 0.033508
0.00429974, -0.517161, 0.03462
0.00515314, -0.462084, 0.0345692
-0.00534648, -0.492244, 0.0345262
0.506478, -0.0313434, 0.032945
stamp: 27020000000
-0.0103626, -0.0115823, 0.0378071
0.473362, -0.00931907, 0.0341832
0.513981, -0.00471601, 0.0323781
0.0348066, -0.49258, 0.0335082
0.00430031, -0.517163, 0.0346153
0.00515358, -0.462083, 0.0345858
-0.00534924, -0.49223, 0.0345041
0.506478, -0.0313319, 0.0329452
stamp: 27029000000
-0.0103568, -0.0115823, 0.0378116
0.47336, -0.00932328, 0.0341913
0.51398, -0.00471936, 0.0323843
0.0348011, -0.492569, 0.03351
0.0043412, -0.517171, 0.034626
0.0051525, -0.462084, 0.0345765
-0.00534839, -0.492242, 0.0345195
0.506475, -0.0313294, 0.0329495
stamp: 27040000000
-0.0103598, -0.0115836, 0.0377989
0.473327, -0.00930837, 0.0341973
0.513967, -0.00471549, 0.0323684
0.0348037, -0.492572, 0.0335054
0.00430301, -0.51716, 0.0346215
0.00515633, -0.462084, 0.0345883
-0.00535107, -0.492253, 0.0345237
0.506479, -0.0313366, 0.0329466
stamp: 27050000000
-0.0103624, -0.0115832, 0.0378122
0.473335, -0.0092781, 0.0341732
0.513989, -0.00472176, 0.0323749
0.0347967, -0.492576, 0.0334982
0.00430586, -0.517162, 0.0346214
0.00516218, -0.462083, 0.034584
-0.00534956, -0.49224, 0.0345162
0.506304, -0.0313387, 0.0330801
stamp: 27059000000
-0.0103545, -0.0115753, 0.0378089
0.473369, -0.00927345, 0.0341543
0.513982, -0.00472452, 0.0323811
0.0348033, -0.492575, 0.0335048
0.00429357, -0.517159, 0.034615
0.00516283, -0.462088, 0.0345873
-0.00535126, -0.492249, 0.0345125
0.50646, -0.0313315, 0.0329088
stamp: 27069000000
-0.0103497, -0.0115801, 0.0378033
0.473359, -0.00929494, 0.0342126
0.513973, -0.00472016, 0.0323805
0.0347923, -0.492572, 0.0334991
0.00429629, -0.517168, 0.0346187
0.00515431, -0.462094, 0.0345877
-0.00535847, -0.492245, 0.0345146
0.506476, -0.0313317, 0.0329306
stamp: 27079000000
-0.0103521, -0.0115835, 0.037808
0.473377, -0.00932127, 0.0342204
0.513987, -0.00472142, 0.0323786
0.0348, -0.49257, 0.0334953
0.00429791, -0.517155, 0.0346112
0.00515176, -0.462084, 0.0345847
-0.00534616, -0.492251, 0.0345191
0.5063, -0.0313459, 0.0330783
stamp: 27090000000
-0.0103633, -0.0115852, 0.0378129
0.47338, -0.00931976, 0.0342154
0.513979, -0.00472085, 0.0323609
0.0348027, -0.492572, 0.0335092
0.00434156, -0.517173, 0.0346136
0.00515226, -0.46209, 0.0345696
-0.00534528, -0.492254, 0.0345228
0.506468, -0.0313365, 0.0329289
stamp: 27099000000
-0.0103573, -0.0115821, 0.0378066
0.473355, -0.00928975, 0.0342176
0.51398, -0.00472157, 0.0323703
0.0347916, -0.492561, 0.0334948
0.00431139, -0.517157, 0.0346274
0.0051602, -0.462077, 0.0345801
-0.00534719, -0.49225, 0.0345178
0.506481, -0.0313263, 0.0329568
stamp: 27109000000
-0.0103644, -0.0115845, 0.0378046
0.47336, -0.00931365, 0.0341784
0.513984, -0.00471986, 0.0323829
0.0347965, -0.492564, 0.0334931
0.00429962, -0.517154, 0.0346077
0.00515763, -0.462093, 0.0345801
-0.00534897, -0.49223, 0.0345112
0.506474, -0.0313307, 0.0329419
stamp: 27119000000
-0.0103544, -0.0115802, 0.0378017
0.473347, -0.00929168, 0.0341327
0.513982, -0.00472054, 0.0323742
0.0347953, -0.49257, 0.0334994
0.00429992, -0.517153, 0.0346249
0.0051507, -0.462081, 0.0345735
-0.00535362, -0.492238, 0.0345181
0.506478, -0.0313297, 0.0329427
stamp: 27129000000
-0.010354, -0.0115786, 0.0378005
0.473361, -0.00928895, 0.0342109
0.513985, -0.00471755, 0.0323647
0.0347889, -0.492568, 0.0335056
0.00430252, -0.517161, 0.0346198
0.00515423, -0.462083, 0.0345807
-0.00534687, -0.492241, 0.0345311
0.506477, -0.0313365, 0.032949
stamp: 27140000000
-0.010358, -0.0115811, 0.037806
0.473337, -0.00926853, 0.0341693
0.513979, -0.00472156, 0.0323766
0.0347953, -0.492569, 0.0335031
0.00429744, -0.517152, 0.0346054
0.00515494, -0.46209, 0.0345761
-0.0053501, -0.492244, 0.0345218
0.506475, -0.0313363, 0.0329467
stamp: 27149000000
-0.0103558, -0.0115851, 0.0378016
0.473339, -0.00929805, 0.0341814
0.513986, -0.00471892, 0.0323743
0.0348071, -0.492569, 0.0335039
0.00429815, -0.517161, 0.0346227
0.00515941, -0.462074, 0.0345869
-0.00534163, -0.492248, 0.0345293
0.506481, -0.0313355, 0.0329412
stamp: 27159000000
-0.0103539, -0.0115786, 0.0378135
0.473349, -0.00929388, 0.0342197
0.513982, -0.00471811, 0.0323714
0.0348022, -0.492573, 0.0334958
0.00429975, -0.517162, 0.034627
0.00515783, -0.462083, 0.0345856
-0.00534848, -0.492245, 0.0345155
0.506489, -0.0313406, 0.0329396
stamp: 27169000000
-0.0103519, -0.0115735, 0.0378141
0.473375, -0.00930377, 0.0342287
0.513986, -0.00471829, 0.0323747
0.0348012, -0.492568, 0.0334979
0.00430589, -0.517155, 0.0346169
0.00515334, -0.462089, 0.034584
-0.00535277, -0.492244, 0.034523
0.506308, -0.031336, 0.0330744
stamp: 27179000000
-0.0103454, -0.011579, 0.0378183
0.473356, -0.00929896, 0.0342166
0.513987, -0.00471542, 0.0323758
0.0347851, -0.492569, 0.0334967
0.00429964, -0.517163, 0.0346184
0.00515747, -0.462082, 0.0345884
-0.00535747, -0.492236, 0.0345055
0.506456, -0.0313317, 0.0329244
stamp: 27190000000
-0.0103507, -0.0115768, 0.0378101
0.473354, -0.00929648, 0.0342184
0.513976, -0.00471591, 0.0323755
0.0348022, -0.492571, 0.0335123
0.00430097, -0.517166, 0.0346209
0.00515489, -0.46208, 0.0345746
-0.00536109, -0.492242, 0.0345128
0.506482, -0.0313302, 0.0329434
stamp: 27199000000
-0.010364, -0.0115756, 0.0378025
0.473358, -0.00931196, 0.0341814
0.513982, -0.00472037, 0.0323787
0.0347962, -0.492572, 0.0335101
0.00431069, -0.517155, 0.0346198
0.00515549, -0.46208, 0.0345695
-0.00534564, -0.492247, 0.0345112
0.506475, -0.031332, 0.0329471
stamp: 27209000000
-0.0103593, -0.0115793, 0.037812
0.473387, -0.0093211, 0.0342201
0.513978, -0.00472553, 0.0323636
0.0347954, -0.492569, 0.033503
0.00430359, -0.517161, 0.0346121
0.00515478, -0.462083, 0.0345769
-0.00534507, -0.492248, 0.034503
0.506305, -0.031336, 0.0330676
